id,time,status,R_MAE8,R_p99_8,G_MAE8,G_p99_8,B_MAE8,B_p99_8,A_MAE8,A_p99_8
fx-shake,0.3,FAIL,0.489453125,9,0.4898003472222222,4,0.5100694444444445,9,0,0
fx-shake,0.9,PASS,0.10173611111111111,8,0.10323350694444444,4,0.10141059027777778,8,0,0
fx-shake,1.5,FAIL,1.5448784722222222,9,1.5342447916666666,12,1.5650824652777777,16,0,0
fx-shake,2.1,FAIL,7.131380208333334,65,7.028472222222222,65,7.205577256944444,74,0,0
fx-blur,0.3,PASS,0.0623046875,0,0.052647569444444445,4,0.04431423611111111,0,0,0
fx-blur,0.9,PASS,0.05831163194444444,0,0.055989583333333336,4,0.04676649305555555,0,0,0
fx-blur,1.5,PASS,0.05353732638888889,0,0.051909722222222225,4,0.04722222222222222,0,0,0
fx-blur,2.1,PASS,0.06059027777777778,0,0.054774305555555555,4,0.04457465277777778,0,0,0
fx-ct-edge-glow,0.3,PASS,0.07213541666666666,0,0.08995225694444445,4,0.10377604166666667,8,0,0
fx-ct-edge-glow,0.9,PASS,0.07575954861111112,0,0.0968967013888889,4,0.09989149305555556,8,0,0
fx-ct-edge-glow,1.5,PASS,0.09950086805555555,8,0.09375,4,0.09722222222222222,8,0,0
fx-ct-edge-glow,2.1,PASS,0.07213541666666666,0,0.09153645833333333,4,0.09889322916666667,8,0,0
fx-cc-slash-reveal,0.3,FAIL,4.3953125,124,4.370334201388889,129,4.394162326388889,131,0,0
fx-cc-slash-reveal,0.9,FAIL,0.35985243055555555,9,0.36592881944444444,4,0.35638020833333334,9,0,0
fx-cc-slash-reveal,1.5,FAIL,0.45718315972222223,9,0.46380208333333334,4,0.4558376736111111,9,0,0
fx-cc-slash-reveal,2.1,FAIL,6.032877604166667,148,5.952105034722222,142,5.979774305555556,148,0,0
fx-cc-black-flash,0.3,PASS,0.1334201388888889,8,0.1220703125,4,0.11783854166666667,8,0,0
fx-cc-black-flash,0.9,PASS,0.1383029513888889,8,0.12751736111111112,4,0.11649305555555556,8,0,0
fx-cc-black-flash,1.5,PASS,0.1341796875,8,0.1333984375,4,0.10583767361111111,8,0,0
fx-cc-black-flash,2.1,PASS,0.12506510416666666,8,0.11759982638888888,4,0.10388454861111111,8,0,0
fx-cc-diamond-zoom,0.3,PASS,0.10010850694444444,8,0.11315104166666666,4,0.10833333333333334,8,0,0
fx-cc-diamond-zoom,0.9,PASS,0.09084201388888889,8,0.08689236111111111,4,0.08400607638888889,8,0,0
fx-cc-diamond-zoom,1.5,PASS,0.11291232638888889,8,0.09904513888888888,4,0.0884765625,8,0,0
fx-cc-diamond-zoom,2.1,PASS,0.10305989583333333,8,0.09932725694444444,4,0.09826388888888889,8,0,0
fx-ct-error-quake,0.3,FAIL,21.839453125,115,17.870160590277777,113,21.942122395833334,140,0,0
fx-ct-error-quake,0.9,PASS,0.27317708333333335,8,0.26883680555555556,4,0.27118055555555554,8,0,0
fx-ct-error-quake,1.5,PASS,0.2744140625,8,0.27157118055555557,4,0.28498263888888886,8,0,0
fx-ct-error-quake,2.1,FAIL,1.4333984375,25,2.710720486111111,65,2.9072265625,74,0,0
fx-ct-explosion,0.3,PASS,0.046375868055555554,0,0.05286458333333333,4,0.040928819444444445,0,0,0
fx-ct-explosion,0.9,PASS,0.11946614583333333,8,0.10084635416666667,4,0.08213975694444445,0,0,0
fx-ct-explosion,1.5,PASS,0.10015190972222222,8,0.12384982638888889,4,0.0851779513888889,8,0,0
fx-ct-explosion,2.1,PASS,0.022916666666666665,0,0.04520399305555556,4,0.05748697916666667,0,0,0
fx-ct-scene-cut,0.3,FAIL,40.987087673611114,140,41.66226128472222,142,44.729969618055556,148,0,0
fx-ct-scene-cut,0.9,FAIL,94.76000434027777,156,96.12358940972223,157,95.70670572916667,157,0,0
fx-ct-scene-cut,1.5,FAIL,93.99965277777778,156,95.42680121527778,158,94.91115451388889,156,0,0
fx-ct-scene-cut,2.1,FAIL,93.58049045138888,148,95.01957465277778,150,94.51888020833333,149,0,0
fx-ct-sharpen-edges,0.3,PASS,0.19264322916666668,8,0.18053385416666667,4,0.16631944444444444,8,0,0
fx-ct-sharpen-edges,0.9,PASS,0.1909722222222222,8,0.17580295138888888,4,0.18031684027777778,8,0,0
fx-ct-sharpen-edges,1.5,PASS,0.1902126736111111,8,0.1771918402777778,4,0.1754123263888889,8,0,0
fx-ct-sharpen-edges,2.1,PASS,0.1851779513888889,8,0.17280815972222222,4,0.16202256944444443,8,0,0
fx-ct-game-over,0.3,PASS,0.062174479166666664,0,0.06163194444444445,4,0.060546875,0,0,0
fx-ct-game-over,0.9,PASS,0.06059027777777778,0,0.060286458333333334,4,0.05896267361111111,0,0,0
fx-ct-game-over,1.5,PASS,0.06232638888888889,0,0.06310763888888889,4,0.060698784722222225,0,0,0
fx-ct-game-over,2.1,PASS,0.07033420138888889,0,0.064453125,4,0.06870659722222222,0,0,0
fx-cc-shiny-stack,0.3,FAIL,10.539626736111112,74,11.1494140625,81,11.762044270833334,82,0,0
fx-cc-shiny-stack,0.9,FAIL,17.401280381944446,148,18.31304253472222,150,18.392057291666667,156,0,0
fx-cc-shiny-stack,1.5,FAIL,17.42230902777778,140,18.036805555555556,146,17.91603732638889,149,0,0
fx-cc-shiny-stack,2.1,FAIL,4.551345486111111,49,4.844704861111111,49,5.1095703125,49,0,0
fx-cc-dance-flash,0.3,FAIL,0.5850477430555555,9,0.4452907986111111,8,0.49069010416666664,9,0,0
fx-cc-dance-flash,0.9,FAIL,0.5913845486111111,9,0.43311631944444445,8,0.475390625,9,0,0
fx-cc-dance-flash,1.5,FAIL,0.5648871527777778,9,0.4611328125,8,0.4698350694444444,9,0,0
fx-cc-dance-flash,2.1,FAIL,0.5712890625,9,0.4403211805555556,8,0.49463975694444445,9,0,0
fx-ct-glass-breaking,0.3,FAIL,7.578016493055555,107,7.209678819444444,97,7.549066840277778,99,0,0
fx-ct-glass-breaking,0.9,FAIL,7.578515625,107,7.109157986111111,98,7.435373263888889,99,0,0
fx-ct-glass-breaking,1.5,FAIL,8.292534722222221,107,7.9345703125,105,8.434505208333333,107,0,0
fx-ct-glass-breaking,2.1,FAIL,7.576171875,107,7.149240451388889,101,7.474131944444444,99,0,0
fx-ct-negative-panels,0.3,PASS,0.056901041666666666,0,0.04583333333333333,4,0.05837673611111111,0,0,0
fx-ct-negative-panels,0.9,PASS,0.056098090277777776,0,0.04967447916666667,4,0.06644965277777778,0,0,0
fx-ct-negative-panels,1.5,PASS,0.05447048611111111,0,0.05075954861111111,4,0.05991753472222222,0,0,0
fx-ct-negative-panels,2.1,FAIL,47.03671875,206,50.107769097222224,223,64.89071180555555,247,0,0
fx-ct-darken-flash,0.3,PASS,0.06673177083333333,0,0.08257378472222222,4,0.056141493055555554,0,0,0
fx-ct-darken-flash,0.9,PASS,0.11588541666666667,8,0.11072048611111111,4,0.11048177083333334,8,0,0
fx-ct-darken-flash,1.5,PASS,0.10855034722222222,8,0.10926649305555555,4,0.0998046875,8,0,0
fx-ct-darken-flash,2.1,PASS,0.11755642361111111,8,0.12947048611111112,4,0.11343315972222222,8,0,0
fx-horizontal-open,0.3,PASS,0.006944444444444444,0,0.0078125,0,0.006705729166666666,0,0,0
fx-horizontal-open,0.9,PASS,0.025347222222222222,0,0.026627604166666666,0,0.023177083333333334,0,0,0
fx-horizontal-open,1.5,PASS,0.049370659722222224,0,0.04754774305555556,4,0.0421875,0,0,0
fx-horizontal-open,2.1,PASS,0.07515190972222222,0,0.063671875,4,0.06460503472222222,0,0,0
fx-ct-fireplace,0.3,FAIL,1.6763237847222223,33,1.0752170138888888,20,0.3304253472222222,9,0,0
fx-ct-fireplace,0.9,FAIL,1.9559027777777778,41,1.2674913194444444,28,0.40143229166666666,9,0,0
fx-ct-fireplace,1.5,FAIL,1.8892578125,41,1.233572048611111,25,0.38018663194444446,9,0,0
fx-ct-fireplace,2.1,FAIL,1.762890625,41,1.1050564236111111,24,0.35301649305555555,9,0,0
fx-fade-in,0.3,PASS,0.0069010416666666664,0,0.01484375,0,0.005078125,0,0,0
fx-fade-in,0.9,PASS,0.06436631944444444,0,0.056206597222222224,4,0.05555555555555555,0,0,0
fx-fade-in,1.5,PASS,0.10230034722222223,8,0.08381076388888889,4,0.06684027777777778,0,0,0
fx-fade-in,2.1,PASS,0.06675347222222222,0,0.0576171875,4,0.053125,0,0,0
fx-ct-neon,0.3,PASS,0.08031684027777777,0,0.10631510416666666,4,0.10716145833333333,8,0,0
fx-ct-neon,0.9,PASS,0.09166666666666666,8,0.11119791666666666,4,0.10625,8,0,0
fx-ct-neon,1.5,PASS,0.088671875,8,0.11616753472222222,4,0.10499131944444444,8,0,0
fx-ct-neon,2.1,PASS,0.08131510416666667,0,0.11202256944444444,4,0.1047092013888889,8,0,0
fx-ct-vignette-noir,0.3,FAIL,3.9782118055555555,17,3.9918619791666665,12,3.9782118055555555,17,0,0
fx-ct-vignette-noir,0.9,FAIL,3.6669921875,17,3.695724826388889,12,3.6669921875,17,0,0
fx-ct-vignette-noir,1.5,FAIL,3.4736762152777776,17,3.4894097222222222,12,3.4736762152777776,17,0,0
fx-ct-vignette-noir,2.1,FAIL,3.195182291666667,17,3.195551215277778,12,3.195182291666667,17,0,0
fx-ct-dreamy-halo,0.3,PASS,0.11540798611111111,8,0.12983940972222222,4,0.15034722222222222,8,0,0
fx-ct-dreamy-halo,0.9,PASS,0.12571614583333332,8,0.12688802083333334,4,0.1459418402777778,8,0,0
fx-ct-dreamy-halo,1.5,PASS,0.11712239583333334,8,0.1316189236111111,4,0.1496310763888889,8,0,0
fx-ct-dreamy-halo,2.1,PASS,0.11842447916666667,8,0.12508680555555557,4,0.1511501736111111,8,0,0
fx-ct-lightning-crack,0.3,FAIL,11.741623263888888,148,12.413910590277778,154,13.119509548611111,156,0,0
fx-ct-lightning-crack,0.9,PASS,0.07109375,0,0.06299913194444444,4,0.06319444444444444,0,0,0
fx-ct-lightning-crack,1.5,FAIL,8.161154513888889,132,8.619921875,138,9.120703125,140,0,0
fx-ct-lightning-crack,2.1,PASS,0.08624131944444445,8,0.08663194444444444,4,0.08385416666666666,8,0,0
fx-ct-narrow-focus,0.3,PASS,0.01154513888888889,0,0.011653645833333334,0,0.01154513888888889,0,0,0
fx-ct-narrow-focus,0.9,PASS,0.027061631944444445,0,0.031640625,0,0.027061631944444445,0,0,0
fx-ct-narrow-focus,1.5,PASS,0.03224826388888889,0,0.030533854166666666,0,0.03224826388888889,0,0,0
fx-ct-narrow-focus,2.1,PASS,0.027756076388888887,0,0.03044704861111111,0,0.027756076388888887,0,0,0
fx-vignette,0.3,FAIL,9.321006944444445,25,9.384722222222223,29,9.297612847222222,25,0,0
fx-vignette,0.9,FAIL,8.862999131944445,25,8.958528645833333,29,8.869118923611111,25,0,0
fx-vignette,1.5,FAIL,8.351497395833333,25,8.43049045138889,28,8.370486111111111,25,0,0
fx-vignette,2.1,FAIL,8.052322048611112,25,8.109288194444444,28,8.0421875,25,0,0
fx-ct-offset-slice,0.3,PASS,0.10223524305555555,8,0.09175347222222222,4,0.0925564236111111,8,0,0
fx-ct-offset-slice,0.9,FAIL,7.985807291666666,148,6.7775390625,125,6.729578993055555,115,0,0
fx-ct-offset-slice,1.5,PASS,0.18680555555555556,8,0.1564453125,4,0.15401475694444444,8,0,0
fx-ct-offset-slice,2.1,PASS,0.098828125,8,0.08782552083333334,4,0.09338107638888889,8,0,0
fx-zoom-lens,0.3,PASS,0.08055555555555556,0,0.07847222222222222,4,0.07122395833333334,0,0,0
fx-zoom-lens,0.9,PASS,0.07133246527777778,0,0.06295572916666667,4,0.062000868055555554,0,0,0
fx-zoom-lens,1.5,PASS,0.0793185763888889,0,0.07745225694444445,4,0.08352864583333333,8,0,0
fx-zoom-lens,2.1,PASS,0.0773654513888889,0,0.07717013888888889,4,0.07180989583333333,0,0,0
fx-ct-picture-bumps,0.3,PASS,0.08880208333333334,8,0.09233940972222222,4,0.07608506944444444,0,0,0
fx-ct-picture-bumps,0.9,PASS,0.04865451388888889,0,0.04279513888888889,4,0.03804253472222222,0,0,0
fx-ct-picture-bumps,1.5,PASS,0.08185763888888889,0,0.10115017361111112,4,0.07621527777777778,0,0,0
fx-ct-picture-bumps,2.1,PASS,0.06349826388888889,0,0.06536458333333334,4,0.05954861111111111,0,0,0
fx-ct-background-fit,0.3,PASS,0.021527777777777778,0,0.019292534722222223,0,0.015733506944444444,0,0,0
fx-ct-background-fit,0.9,PASS,0.25186631944444443,8,0.2248263888888889,4,0.20230034722222223,8,0,0
fx-ct-background-fit,1.5,PASS,0.14602864583333333,8,0.1384982638888889,4,0.1300564236111111,8,0,0
fx-ct-background-fit,2.1,PASS,0.1528862847222222,8,0.14487847222222222,4,0.1390407986111111,8,0,0
fx-ct-astral,0.3,PASS,0.09418402777777778,8,0.09583333333333334,4,0.07625868055555556,0,0,0
fx-ct-astral,0.9,PASS,0.15108506944444444,8,0.14928385416666667,4,0.1314019097222222,8,0,0
fx-ct-astral,1.5,PASS,0.1037109375,8,0.08786892361111111,4,0.08927951388888888,8,0,0
fx-ct-astral,2.1,PASS,0.15219184027777777,8,0.15106336805555556,4,0.12964409722222223,8,0,0
fx-cc-wobbly-flash,0.3,PASS,0.07604166666666666,0,0.08355034722222222,4,0.07599826388888889,0,0,0
fx-cc-wobbly-flash,0.9,PASS,0.09798177083333333,8,0.07936197916666667,4,0.07838541666666667,0,0,0
fx-cc-wobbly-flash,1.5,PASS,0.08641493055555556,8,0.07250434027777777,4,0.07398003472222223,0,0,0
fx-cc-wobbly-flash,2.1,PASS,0.07645399305555556,0,0.0802951388888889,4,0.06547309027777778,0,0,0
fx-cc-feverish,0.3,PASS,0.08919270833333333,8,0.11664496527777778,4,0.09993489583333333,8,0,0
fx-cc-feverish,0.9,FAIL,6.5969835069444445,17,18.34470486111111,29,14.484678819444444,25,0,0
fx-cc-feverish,1.5,PASS,0.08763020833333333,8,0.11419270833333334,4,0.09236111111111112,8,0,0
fx-cc-feverish,2.1,PASS,0.08077256944444444,0,0.11653645833333333,4,0.09752604166666666,8,0,0
fx-ct-tension-zoom,0.3,PASS,0.08187934027777778,0,0.08478732638888889,4,0.08005642361111111,0,0,0
fx-ct-tension-zoom,0.9,PASS,0.0751953125,0,0.07649739583333333,4,0.07371961805555556,0,0,0
fx-ct-tension-zoom,1.5,PASS,0.07881944444444444,0,0.07239583333333334,4,0.0779296875,0,0,0
fx-ct-tension-zoom,2.1,PASS,0.09012586805555556,8,0.0826171875,4,0.07582465277777778,0,0,0
fx-ct-negative,0.3,PASS,0.11063368055555556,8,0.10709635416666667,4,0.1021484375,8,0,0
fx-ct-negative,0.9,PASS,0.11588541666666667,8,0.11072048611111111,4,0.11048177083333334,8,0,0
fx-ct-negative,1.5,PASS,0.10855034722222222,8,0.10926649305555555,4,0.0998046875,8,0,0
fx-ct-negative,2.1,PASS,0.11163194444444445,8,0.10577256944444445,4,0.10101996527777778,8,0,0
fx-ct-cut-shift,0.3,FAIL,6.970789930555555,91,7.5943793402777775,93,8.149457465277777,107,0,0
fx-ct-cut-shift,0.9,PASS,0.10078125,8,0.10564236111111111,4,0.10902777777777778,8,0,0
fx-ct-cut-shift,1.5,FAIL,7.170334201388889,75,7.344118923611111,77,7.6087890625,74,0,0
fx-ct-cut-shift,2.1,PASS,0.2570529513888889,8,0.2532552083333333,4,0.2626736111111111,8,0,0
fx-ct-effect-mashup,0.3,PASS,0.041102430555555555,0,0.03537326388888889,0,0.031510416666666666,0,0,0
fx-ct-effect-mashup,0.9,PASS,0.10707465277777778,8,0.09240451388888889,4,0.10288628472222222,8,0,0
fx-ct-effect-mashup,1.5,PASS,0.13062065972222223,8,0.123828125,4,0.11929253472222222,8,0,0
fx-ct-effect-mashup,2.1,PASS,0.1193576388888889,8,0.10434027777777778,4,0.1062282986111111,8,0,0
fx-ct-hexagonal-spot,0.3,PASS,0.09713541666666667,8,0.10071614583333334,4,0.0814453125,0,0,0
fx-ct-hexagonal-spot,0.9,PASS,0.0568359375,0,0.06968315972222222,4,0.06134982638888889,0,0,0
fx-ct-hexagonal-spot,1.5,PASS,0.05553385416666667,0,0.04841579861111111,4,0.05275607638888889,0,0,0
fx-ct-hexagonal-spot,2.1,PASS,0.0712890625,0,0.09073350694444444,4,0.07975260416666667,0,0,0
fx-ct-broken-shine,0.3,PASS,0.054600694444444445,0,0.060286458333333334,4,0.05594618055555556,0,0,0
fx-ct-broken-shine,0.9,PASS,0.04887152777777778,0,0.051844618055555555,4,0.04709201388888889,0,0,0
fx-ct-broken-shine,1.5,PASS,0.04663628472222222,0,0.040234375,0,0.04038628472222222,0,0,0
fx-ct-broken-shine,2.1,PASS,0.05203993055555556,0,0.04956597222222222,4,0.050455729166666664,0,0,0
fx-cc-move-cloud,0.3,PASS,0.06681857638888888,0,0.05651041666666667,4,0.06412760416666667,0,0,0
fx-cc-move-cloud,0.9,PASS,0.16373697916666666,8,0.1665581597222222,4,0.160546875,8,0,0
fx-cc-move-cloud,1.5,PASS,0.17332899305555555,8,0.17417534722222222,4,0.16106770833333334,8,0,0
fx-cc-move-cloud,2.1,PASS,0.06293402777777778,0,0.06927083333333334,4,0.07424045138888889,0,0,0
fx-ct-grim-neo,0.3,PASS,0.07669270833333333,0,0.07897135416666666,4,0.07779947916666667,0,0,0
fx-ct-grim-neo,0.9,PASS,0.08578559027777778,8,0.09283854166666666,4,0.08658854166666667,8,0,0
fx-ct-grim-neo,1.5,PASS,0.07799479166666666,0,0.09952256944444444,4,0.0796875,0,0,0
fx-ct-grim-neo,2.1,PASS,0.08602430555555556,8,0.09672309027777778,4,0.08843315972222222,8,0,0
fx-ct-chaotic-heat,0.3,FAIL,24.3107421875,99,25.77009548611111,138,15.292317708333334,83,0,0
fx-ct-chaotic-heat,0.9,FAIL,2.1991536458333334,17,2.774826388888889,25,1.309939236111111,17,0,0
fx-ct-chaotic-heat,1.5,FAIL,29.443684895833332,123,35.315234375,154,18.309743923611112,140,0,0
fx-ct-chaotic-heat,2.1,FAIL,8.990516493055555,131,8.745182291666667,121,4.744791666666667,107,0,0
fx-ct-delicate-rays,0.3,PASS,0.21629774305555555,8,0.19895833333333332,4,0.20340711805555556,8,0,0
fx-ct-delicate-rays,0.9,PASS,0.21875,8,0.19956597222222222,4,0.19236111111111112,8,0,0
fx-ct-delicate-rays,1.5,PASS,0.2248263888888889,8,0.20008680555555555,4,0.19754774305555556,8,0,0
fx-ct-delicate-rays,2.1,PASS,0.21243489583333333,8,0.20466579861111112,4,0.1995876736111111,8,0,0
fx-ct-shine-zoom,0.3,PASS,0.030989583333333334,0,0.030729166666666665,0,0.02673611111111111,0,0,0
fx-ct-shine-zoom,0.9,PASS,0.028385416666666666,0,0.026085069444444445,0,0.028624131944444443,0,0,0
fx-ct-shine-zoom,1.5,PASS,0.08687065972222222,8,0.08628472222222222,4,0.07947048611111111,0,0,0
fx-ct-shine-zoom,2.1,PASS,0.027430555555555555,0,0.03257378472222222,0,0.027560763888888888,0,0,0
fx-ct-magical-tome,0.3,PASS,0.10588107638888888,8,0.10546875,4,0.09090711805555556,8,0,0
fx-ct-magical-tome,0.9,PASS,0.11488715277777778,8,0.10212673611111112,4,0.09079861111111111,8,0,0
fx-ct-magical-tome,1.5,PASS,0.11351996527777777,8,0.10726996527777778,4,0.08943142361111112,8,0,0
fx-ct-magical-tome,2.1,PASS,0.104296875,8,0.1056640625,4,0.0998046875,8,0,0
fx-ct-phone-cube,0.3,PASS,0.05915798611111111,0,0.05314670138888889,4,0.057942708333333336,0,0,0
fx-ct-phone-cube,0.9,PASS,0.059071180555555554,0,0.05032552083333333,4,0.05358072916666667,0,0,0
fx-ct-phone-cube,1.5,PASS,0.04618055555555556,0,0.04609375,4,0.04943576388888889,0,0,0
fx-ct-phone-cube,2.1,PASS,0.05822482638888889,0,0.0494140625,4,0.052647569444444445,0,0,0
fx-ct-grim-reaper,0.3,PASS,0.04763454861111111,0,0.05601128472222222,4,0.054361979166666664,0,0,0
fx-ct-grim-reaper,0.9,PASS,0.044097222222222225,0,0.05078125,4,0.05431857638888889,0,0,0
fx-ct-grim-reaper,1.5,PASS,0.04273003472222222,0,0.04353298611111111,4,0.04670138888888889,0,0,0
fx-ct-grim-reaper,2.1,PASS,0.04095052083333333,0,0.04900173611111111,4,0.050629340277777775,0,0,0
fx-ct-phone-zoom,0.3,PASS,0.05286458333333333,0,0.05021701388888889,4,0.048741319444444445,0,0,0
fx-ct-phone-zoom,0.9,PASS,0.07194010416666667,0,0.0656467013888889,4,0.06399739583333333,0,0,0
fx-ct-phone-zoom,1.5,PASS,0.13385416666666666,8,0.13411458333333334,4,0.12456597222222222,8,0,0
fx-ct-phone-zoom,2.1,PASS,0.052191840277777776,0,0.052647569444444445,4,0.04993489583333333,0,0,0
fx-cc-chromatic,0.3,PASS,0.11942274305555556,8,0.12013888888888889,4,0.13624131944444445,8,0,0
fx-cc-chromatic,0.9,PASS,0.11920572916666666,8,0.11254340277777777,4,0.14733072916666667,8,0,0
fx-cc-chromatic,1.5,PASS,0.12608506944444445,8,0.10948350694444445,4,0.106640625,8,0,0
fx-cc-chromatic,2.1,PASS,0.13541666666666666,8,0.1275390625,4,0.4092881944444444,8,0,0
fx-cc-ripple,0.3,PASS,0.14207899305555555,8,0.13192274305555557,4,0.11516927083333334,8,0,0
fx-cc-ripple,0.9,PASS,0.1329861111111111,8,0.12860243055555556,4,0.12897135416666666,8,0,0
fx-cc-ripple,1.5,PASS,0.09440104166666667,8,0.09466145833333334,4,0.0861545138888889,8,0,0
fx-cc-ripple,2.1,PASS,0.13604600694444444,8,0.13517795138888888,4,0.1248046875,8,0,0
fx-cc-retro-flicker,0.3,FAIL,9.431944444444444,25,9.441384548611111,28,9.403038194444445,25,0,0
fx-cc-retro-flicker,0.9,FAIL,8.719422743055556,25,8.904709201388888,28,8.976193576388889,25,0,0
fx-cc-retro-flicker,1.5,FAIL,8.589583333333334,25,8.526888020833333,25,8.450716145833333,25,0,0
fx-cc-retro-flicker,2.1,FAIL,11.496202256944445,41,10.944401041666667,40,10.287196180555556,33,0,0
fx-cc-handheld,0.3,PASS,0.08140190972222222,0,0.08452690972222222,4,0.07556423611111111,0,0,0
fx-cc-handheld,0.9,PASS,0.101953125,8,0.09205729166666667,4,0.08363715277777778,8,0,0
fx-cc-handheld,1.5,PASS,0.085546875,8,0.09398871527777777,4,0.07821180555555556,0,0,0
fx-cc-handheld,2.1,PASS,0.08372395833333333,8,0.08532986111111111,4,0.07860243055555556,0,0,0
fx-cc-film-wave,0.3,PASS,0.1271484375,8,0.12102864583333334,4,0.12180989583333333,8,0,0
fx-cc-film-wave,0.9,PASS,0.12007378472222222,8,0.12356770833333333,4,0.11215277777777778,8,0,0
fx-cc-film-wave,1.5,PASS,0.12784288194444443,8,0.12649739583333333,4,0.11341145833333334,8,0,0
fx-cc-film-wave,2.1,PASS,0.13474392361111112,8,0.12233072916666667,4,0.11529947916666666,8,0,0
fx-cc-wiggle-flicker,0.3,FAIL,32.90629340277778,156,33.032443576388886,170,33.516362847222226,189,0,0
fx-cc-wiggle-flicker,0.9,FAIL,24.18943142361111,132,24.200694444444444,134,23.782465277777778,140,0,0
fx-cc-wiggle-flicker,1.5,FAIL,2.0431423611111112,25,1.7126953125,16,2.703146701388889,25,0,0
fx-cc-wiggle-flicker,2.1,FAIL,10.457009548611111,91,10.38828125,97,10.601888020833334,107,0,0
fx-cc-bw-slider,0.3,PASS,0.09852430555555555,8,0.0939453125,4,0.09166666666666666,8,0,0
fx-cc-bw-slider,0.9,PASS,0.10414496527777778,8,0.10985243055555556,4,0.1003689236111111,8,0,0
fx-cc-bw-slider,1.5,PASS,0.0896484375,8,0.08728298611111111,4,0.08187934027777778,0,0,0
fx-cc-bw-slider,2.1,PASS,0.10687934027777778,8,0.09989149305555556,4,0.1005859375,8,0,0
fx-cc-hex-split,0.3,FAIL,5.651171875,83,5.217795138888889,77,4.688997395833334,66,0,0
fx-cc-hex-split,0.9,FAIL,7.799631076388889,99,7.193337673611111,89,6.451627604166666,82,0,0
fx-cc-hex-split,1.5,FAIL,7.629600694444444,99,6.979947916666666,93,6.218012152777778,82,0,0
fx-cc-hex-split,2.1,FAIL,6.720920138888889,99,6.1676649305555555,89,5.485850694444444,75,0,0
fx-cc-shimmer-360,0.3,PASS,0.08923611111111111,8,0.08381076388888889,4,0.07078993055555556,0,0,0
fx-cc-shimmer-360,0.9,PASS,0.06762152777777777,0,0.05863715277777778,4,0.056141493055555554,0,0,0
fx-cc-shimmer-360,1.5,PASS,0.07042100694444445,0,0.056966145833333336,4,0.05049913194444444,0,0,0
fx-cc-shimmer-360,2.1,PASS,0.06356336805555556,0,0.0630859375,4,0.05475260416666667,0,0,0
fx-cc-dynamic-blur,0.3,PASS,0.05546875,0,0.058333333333333334,4,0.05944010416666667,0,0,0
fx-cc-dynamic-blur,0.9,PASS,0.06499565972222222,0,0.06549479166666666,4,0.06076388888888889,0,0,0
fx-cc-dynamic-blur,1.5,PASS,0.06998697916666667,0,0.07029079861111111,4,0.0736328125,0,0,0
fx-cc-dynamic-blur,2.1,PASS,0.057139756944444446,0,0.05407986111111111,4,0.0595703125,0,0,0
fx-cc-rebound-swing,0.3,PASS,0.11104600694444444,8,0.10657552083333334,4,0.09598524305555556,8,0,0
fx-cc-rebound-swing,0.9,PASS,0.11219618055555555,8,0.10208333333333333,4,0.09333767361111112,8,0,0
fx-cc-rebound-swing,1.5,PASS,0.11286892361111112,8,0.10611979166666667,4,0.09407552083333333,8,0,0
fx-cc-rebound-swing,2.1,PASS,0.10774739583333333,8,0.10021701388888889,4,0.09737413194444444,8,0,0
fx-cc-cut-twist,0.3,PASS,0.28424479166666666,8,0.27567274305555556,4,0.2731987847222222,8,0,0
fx-cc-cut-twist,0.9,FAIL,0.31082899305555556,9,0.2975043402777778,4,0.2969835069444444,8,0,0
fx-cc-cut-twist,1.5,PASS,0.2925998263888889,8,0.29168836805555554,4,0.29398871527777776,8,0,0
fx-cc-cut-twist,2.1,PASS,0.31436631944444443,8,0.2884548611111111,4,0.29934895833333336,8,0,0
fx-cc-bg-copies,0.3,PASS,0.22523871527777778,8,0.19715711805555555,4,0.1611328125,0,0,0
fx-cc-bg-copies,0.9,PASS,0.21451822916666666,8,0.17771267361111112,4,0.14845920138888888,0,0,0
fx-cc-bg-copies,1.5,PASS,0.1982421875,8,0.17094184027777778,4,0.14424913194444444,0,0,0
fx-cc-bg-copies,2.1,PASS,0.21328125,8,0.17938368055555556,4,0.15659722222222222,8,0,0
fx-cc-camera-punch,0.3,PASS,0.08283420138888889,0,0.08287760416666666,4,0.08198784722222222,0,0,0
fx-cc-camera-punch,0.9,PASS,0.08226996527777777,0,0.07769097222222222,4,0.07615017361111111,0,0,0
fx-cc-camera-punch,1.5,PASS,0.07243923611111111,0,0.07628038194444445,4,0.08131510416666667,0,0,0
fx-cc-camera-punch,2.1,PASS,0.07072482638888888,0,0.07398003472222223,4,0.06226128472222222,0,0,0
fx-cc-heart-ascent,0.3,FAIL,1.2161024305555554,9,0.7551649305555556,12,0.6937065972222223,9,0,0
fx-cc-heart-ascent,0.9,FAIL,1.7056423611111111,33,0.8262152777777778,37,0.9813585069444445,9,0,0
fx-cc-heart-ascent,1.5,FAIL,1.6978298611111111,41,0.8353081597222223,37,1.035546875,16,0,0
fx-cc-heart-ascent,2.1,FAIL,1.7922960069444445,41,1.0047309027777778,45,1.1364149305555555,25,0,0
fx-cc-butterfly,0.3,PASS,0.08046875,0,0.07575954861111112,4,0.07200520833333333,0,0,0
fx-cc-butterfly,0.9,PASS,0.07842881944444445,0,0.0715060763888889,4,0.07697482638888889,0,0,0
fx-cc-butterfly,1.5,PASS,0.10223524305555555,8,0.0796875,4,0.09266493055555555,8,0,0
fx-cc-butterfly,2.1,PASS,0.08719618055555556,0,0.08266059027777778,4,0.07784288194444444,0,0,0
fx-cc-butterfly-dream,0.3,PASS,0.11336805555555556,8,0.11145833333333334,4,0.1236328125,8,0,0
fx-cc-butterfly-dream,0.9,PASS,0.12686631944444443,8,0.11768663194444444,4,0.12996961805555557,8,0,0
fx-cc-butterfly-dream,1.5,PASS,0.11898871527777778,8,0.11903211805555555,4,0.12376302083333333,8,0,0
fx-cc-butterfly-dream,2.1,PASS,0.11924913194444445,8,0.11223958333333334,4,0.1171875,8,0,0
fx-cc-leak-warm,0.3,PASS,0.055403645833333334,0,0.07825520833333334,4,0.09216579861111111,8,0,0
fx-cc-leak-warm,0.9,PASS,0.05674913194444445,0,0.08205295138888889,4,0.0921875,8,0,0
fx-cc-leak-warm,1.5,PASS,0.05961371527777778,0,0.08003472222222222,4,0.09155815972222223,8,0,0
fx-cc-leak-warm,2.1,PASS,0.05670572916666667,0,0.07317708333333334,4,0.0873046875,8,0,0
fx-cc-leak-neon,0.3,PASS,0.11705729166666666,8,0.11336805555555556,4,0.11247829861111111,8,0,0
fx-cc-leak-neon,0.9,PASS,0.12209201388888889,8,0.11853298611111111,4,0.11551649305555556,8,0,0
fx-cc-leak-neon,1.5,PASS,0.1025390625,8,0.11440972222222222,4,0.09585503472222222,8,0,0
fx-cc-leak-neon,2.1,PASS,0.11981336805555555,8,0.10952690972222222,4,0.10203993055555556,8,0,0
fx-cc-vignette-rose,0.3,PASS,0.12220052083333334,8,0.11493055555555555,4,0.11202256944444444,8,0,0
fx-cc-vignette-rose,0.9,PASS,0.13181423611111112,8,0.11573350694444444,4,0.1228515625,8,0,0
fx-cc-vignette-rose,1.5,PASS,0.12118055555555556,8,0.12174479166666667,4,0.11510416666666666,8,0,0
fx-cc-vignette-rose,2.1,PASS,0.13233506944444445,8,0.11414930555555555,4,0.11770833333333333,8,0,0
fx-cc-falling-petals,0.3,PASS,0.080859375,0,0.06733940972222222,4,0.06447482638888889,0,0,0
fx-cc-falling-petals,0.9,PASS,0.067578125,0,0.07452256944444445,4,0.0646484375,0,0,0
fx-cc-falling-petals,1.5,PASS,0.08812934027777777,0,0.06694878472222222,4,0.06584201388888888,0,0,0
fx-cc-falling-petals,2.1,PASS,0.0896267361111111,0,0.06362847222222222,4,0.06026475694444444,0,0,0
fx-cc-smoky-focus,0.3,PASS,0.11375868055555556,8,0.10794270833333333,4,0.11002604166666667,8,0,0
fx-cc-smoky-focus,0.9,PASS,0.11996527777777778,8,0.11666666666666667,4,0.11820746527777778,8,0,0
fx-cc-smoky-focus,1.5,PASS,0.11165364583333333,8,0.11625434027777778,4,0.10809461805555555,8,0,0
fx-cc-smoky-focus,2.1,PASS,0.11827256944444445,8,0.11716579861111111,4,0.11143663194444445,8,0,0
fx-cc-vintage-film,0.3,FAIL,8.699826388888889,25,8.334982638888889,25,7.844444444444444,25,0,0
fx-cc-vintage-film,0.9,FAIL,9.784874131944445,33,9.191471354166667,28,8.369748263888889,25,0,0
fx-cc-vintage-film,1.5,FAIL,11.77419704861111,42,10.99040798611111,41,9.808289930555556,33,0,0
fx-cc-vintage-film,2.1,FAIL,5.468576388888889,17,5.451692708333334,20,5.450021701388889,17,0,0
fx-cc-stellar,0.3,PASS,0.10262586805555556,8,0.13374565972222222,4,0.09281684027777778,8,0,0
fx-cc-stellar,0.9,PASS,0.10193142361111111,8,0.13511284722222222,4,0.09819878472222222,8,0,0
fx-cc-stellar,1.5,PASS,0.10935329861111111,8,0.14607204861111112,4,0.10251736111111111,8,0,0
fx-cc-stellar,2.1,PASS,0.11924913194444445,8,0.14064670138888888,4,0.10499131944444444,8,0,0
fx-cc-border-current,0.3,PASS,0.062065972222222224,0,0.05544704861111111,4,0.05095486111111111,0,0,0
fx-cc-border-current,0.9,PASS,0.0599609375,0,0.05455729166666667,4,0.050347222222222224,0,0,0
fx-cc-border-current,1.5,PASS,0.049370659722222224,0,0.051909722222222225,4,0.05134548611111111,0,0,0
fx-cc-border-current,2.1,PASS,0.05831163194444444,0,0.04952256944444444,4,0.0474609375,0,0,0
fx-cc-ink-spill,0.3,PASS,0.05985243055555556,0,0.04583333333333333,4,0.05078125,0,0,0
fx-cc-ink-spill,0.9,PASS,0.015950520833333332,0,0.0134765625,0,0.012348090277777777,0,0,0
fx-cc-ink-spill,1.5,PASS,0.013302951388888888,0,0.012087673611111112,0,0.014973958333333334,0,0,0
fx-cc-ink-spill,2.1,PASS,0.07738715277777777,0,0.07769097222222222,4,0.07719184027777778,0,0,0
fx-cc-exploding-love,0.3,FAIL,8.568728298611111,140,4.209765625,69,3.935329861111111,58,0,0
fx-cc-exploding-love,0.9,FAIL,3.0426649305555555,66,1.8180772569444446,40,1.7048828125,33,0,0
fx-cc-exploding-love,1.5,PASS,0.21512586805555556,8,0.17447916666666666,4,0.16072048611111112,8,0,0
fx-cc-exploding-love,2.1,FAIL,6.379709201388889,115,3.598263888888889,65,3.331271701388889,57,0,0
fx-cc-damaged-vignette,0.3,PASS,0.08187934027777778,0,0.03875868055555556,0,0.030989583333333334,0,0,0
fx-cc-damaged-vignette,0.9,PASS,0.07293836805555555,0,0.04008246527777778,0,0.031401909722222225,0,0,0
fx-cc-damaged-vignette,1.5,PASS,0.07923177083333334,0,0.04027777777777778,0,0.03602430555555555,0,0,0
fx-cc-damaged-vignette,2.1,PASS,0.08791232638888889,8,0.04099392361111111,4,0.03528645833333333,0,0,0
fx-cc-firefly,0.3,FAIL,2.9352430555555555,50,2.660568576388889,52,1.3925564236111112,25,0,0
fx-cc-firefly,0.9,FAIL,6.8978081597222225,107,6.019444444444445,97,2.989019097222222,49,0,0
fx-cc-firefly,1.5,FAIL,6.43515625,99,5.675846354166667,89,2.871223958333333,49,0,0
fx-cc-firefly,2.1,FAIL,4.513563368055555,74,4.040473090277778,73,2.053363715277778,33,0,0
fx-cc-misty-tint,0.3,PASS,0.09392361111111111,8,0.08990885416666666,4,0.09611545138888888,8,0,0
fx-cc-misty-tint,0.9,PASS,0.08747829861111112,8,0.09227430555555556,4,0.08951822916666667,8,0,0
fx-cc-misty-tint,1.5,PASS,0.0910373263888889,8,0.09698350694444445,4,0.09463975694444444,8,0,0
fx-cc-misty-tint,2.1,PASS,0.09114583333333333,8,0.08912760416666667,4,0.08650173611111112,8,0,0
fx-cc-sepia-cool,0.3,FAIL,3.628493923611111,16,3.629644097222222,12,3.6498697916666667,16,0,0
fx-cc-sepia-cool,0.9,FAIL,3.362934027777778,9,3.364453125,12,3.348893229166667,16,0,0
fx-cc-sepia-cool,1.5,FAIL,3.1434027777777778,9,3.1381944444444443,12,3.1152777777777776,9,0,0
fx-cc-sepia-cool,2.1,FAIL,2.868402777777778,9,2.8656901041666667,12,2.8829861111111112,9,0,0
fx-cc-snow-night,0.3,PASS,0.08049045138888888,0,0.11128472222222222,4,0.1120876736111111,8,0,0
fx-cc-snow-night,0.9,PASS,0.08530815972222222,8,0.11651475694444445,4,0.11282552083333333,8,0,0
fx-cc-snow-night,1.5,PASS,0.08823784722222222,8,0.11786024305555555,4,0.113671875,8,0,0
fx-cc-snow-night,2.1,PASS,0.08361545138888889,8,0.11321614583333334,4,0.11180555555555556,8,0,0
fx-cc-rain,0.3,PASS,0.05134548611111111,0,0.05779079861111111,4,0.05162760416666667,0,0,0
fx-cc-rain,0.9,PASS,0.048980034722222225,0,0.054774305555555555,4,0.05687934027777778,0,0,0
fx-cc-rain,1.5,PASS,0.05238715277777778,0,0.056163194444444446,4,0.056640625,0,0,0
fx-cc-rain,2.1,PASS,0.04233940972222222,0,0.06451822916666666,4,0.04973958333333333,0,0,0
fx-cc-rose-bloom,0.3,FAIL,1.6940104166666667,66,1.3714409722222223,56,1.0149522569444445,32,0,0
fx-cc-rose-bloom,0.9,FAIL,1.4961154513888888,50,1.3958116319444445,57,0.9467447916666667,32,0,0
fx-cc-rose-bloom,1.5,FAIL,2.208615451388889,91,0.9990234375,37,0.7111328125,25,0,0
fx-cc-rose-bloom,2.1,FAIL,2.9421875,123,1.0458550347222222,33,0.9888454861111111,25,0,0
fx-cc-sparkle-shine,0.3,PASS,0.06532118055555555,0,0.05677083333333333,4,0.05503472222222222,0,0,0
fx-cc-sparkle-shine,0.9,PASS,0.06666666666666667,0,0.05531684027777778,4,0.05392795138888889,0,0,0
fx-cc-sparkle-shine,1.5,PASS,0.06547309027777778,0,0.0626953125,4,0.05744357638888889,0,0,0
fx-cc-sparkle-shine,2.1,PASS,0.07018229166666666,0,0.060807291666666666,4,0.054144965277777776,0,0,0
fx-cc-color-pixel,0.3,PASS,0.26419270833333336,0,0.1787109375,4,0.11848958333333333,0,0,0
fx-cc-color-pixel,0.9,PASS,0.2533420138888889,0,0.15434027777777778,4,0.06950954861111111,0,0,0
fx-cc-color-pixel,1.5,PASS,0.06117621527777778,0,0.13346354166666666,0,0.10056423611111111,0,0,0
fx-cc-color-pixel,2.1,PASS,0.059483506944444445,0,0.1378689236111111,0,0.11881510416666667,0,0,0
fx-cc-pixel-blocks,0.3,PASS,0.14976128472222222,8,0.14694010416666667,4,0.12404513888888889,8,0,0
fx-cc-pixel-blocks,0.9,PASS,0.15444878472222223,8,0.12628038194444444,4,0.1294487847222222,8,0,0
fx-cc-pixel-blocks,1.5,PASS,0.17191840277777778,8,0.17141927083333333,4,0.1546875,8,0,0
fx-cc-pixel-blocks,2.1,PASS,0.1650390625,8,0.13865017361111112,4,0.1281467013888889,8,0,0
fx-cc-pixel-mutant,0.3,PASS,0.0754123263888889,0,0.05963541666666667,4,0.038736979166666664,0,0,0
fx-cc-pixel-mutant,0.9,FAIL,3.700390625,107,3.765017361111111,117,3.812521701388889,107,0,0
fx-cc-pixel-mutant,1.5,PASS,0.06655815972222222,0,0.07291666666666667,4,0.08624131944444445,0,0,0
fx-cc-pixel-mutant,2.1,PASS,0.04904513888888889,0,0.06043836805555555,4,0.05405815972222222,0,0,0
fx-cc-pixel-art,0.3,PASS,0.08604600694444445,0,0.041666666666666664,0,0.0695529513888889,0,0,0
fx-cc-pixel-art,0.9,PASS,0.059027777777777776,0,0.07033420138888889,0,0.0271484375,0,0,0
fx-cc-pixel-art,1.5,PASS,0.04307725694444445,0,0.14069010416666666,0,0.05364583333333333,0,0,0
fx-cc-pixel-art,2.1,PASS,0.05952690972222222,0,0.08500434027777778,0,0.05848524305555555,0,0,0
fx-cc-pixel-universe,0.3,PASS,0.09711371527777778,8,0.07975260416666667,4,0.07914496527777778,0,0,0
fx-cc-pixel-universe,0.9,PASS,0.06746961805555556,0,0.0710720486111111,4,0.06306423611111112,0,0,0
fx-cc-pixel-universe,1.5,PASS,0.07999131944444444,0,0.08009982638888889,4,0.07189670138888889,0,0,0
fx-cc-pixel-universe,2.1,PASS,0.10648871527777778,8,0.1115451388888889,4,0.09984809027777777,8,0,0
fx-pb-pixel-scan,0.3,PASS,0.11063368055555556,8,0.10709635416666667,4,0.1023220486111111,8,0,0
fx-pb-pixel-scan,0.9,PASS,0.1234375,8,0.11486545138888889,4,0.11779513888888889,8,0,0
fx-pb-pixel-scan,1.5,PASS,0.10551215277777778,8,0.11095920138888889,4,0.09500868055555556,8,0,0
fx-pb-pixel-scan,2.1,PASS,0.11163194444444445,8,0.10577256944444445,4,0.10101996527777778,8,0,0
fx-pb-flip-phone,0.3,PASS,0.05859375,0,0.053515625,4,0.05529513888888889,0,0,0
fx-pb-flip-phone,0.9,PASS,0.06017795138888889,0,0.05562065972222222,4,0.05887586805555556,0,0,0
fx-pb-flip-phone,1.5,PASS,0.0654296875,0,0.0546875,4,0.05115017361111111,0,0,0
fx-pb-flip-phone,2.1,PASS,0.06417100694444444,0,0.052734375,4,0.05269097222222222,0,0,0
fx-pb-pixel-creation,0.3,PASS,0.09040798611111112,8,0.06922743055555555,4,0.039778645833333334,0,0,0
fx-pb-pixel-creation,0.9,PASS,0.06156684027777778,0,0.07615017361111111,4,0.06453993055555556,0,0,0
fx-pb-pixel-creation,1.5,FAIL,1.5478081597222222,49,1.4865885416666667,45,1.3789713541666666,41,0,0
fx-pb-pixel-creation,2.1,PASS,0.055989583333333336,0,0.015885416666666666,0,0.013302951388888888,0,0,0
fx-pb-pixel-breakdown,0.3,PASS,0.05032552083333333,0,0.04906684027777778,4,0.04201388888888889,0,0,0
fx-pb-pixel-breakdown,0.9,PASS,0.2536892361111111,0,0.25850694444444444,4,0.2557508680555556,0,0,0
fx-pb-pixel-breakdown,1.5,PASS,0.0326171875,0,0.034331597222222225,0,0.026128472222222223,0,0,0
fx-pb-pixel-breakdown,2.1,PASS,0.027734375,0,0.032486979166666666,0,0.025802951388888887,0,0,0
fx-pb-losing-hp,0.3,PASS,0.05021701388888889,0,0.04251302083333333,4,0.03884548611111111,0,0,0
fx-pb-losing-hp,0.9,PASS,0.09249131944444444,8,0.07918836805555556,4,0.0875,8,0,0
fx-pb-losing-hp,1.5,PASS,0.04854600694444444,0,0.07925347222222222,4,0.06163194444444445,0,0,0
fx-pb-losing-hp,2.1,PASS,0.05319010416666667,0,0.0486328125,4,0.04709201388888889,0,0,0
fx-pb-sweet-party,0.3,FAIL,4.688389756944445,164,3.070876736111111,137,2.582660590277778,107,0,0
fx-pb-sweet-party,0.9,FAIL,5.694162326388889,165,3.6398220486111112,121,3.569097222222222,124,0,0
fx-pb-sweet-party,1.5,FAIL,5.661067708333333,164,3.604861111111111,113,3.593402777777778,115,0,0
fx-pb-sweet-party,2.1,FAIL,5.266449652777778,164,3.3524956597222224,109,3.0200303819444443,115,0,0
fx-pb-popping-bow,0.3,PASS,0.1404296875,8,0.16571180555555556,4,0.10162760416666666,8,0,0
fx-pb-popping-bow,0.9,PASS,0.15440538194444445,8,0.16961805555555556,4,0.11030815972222222,8,0,0
fx-pb-popping-bow,1.5,PASS,0.15078125,8,0.17220052083333334,4,0.09950086805555555,8,0,0
fx-pb-popping-bow,2.1,PASS,0.14845920138888888,8,0.17105034722222223,4,0.10017361111111112,8,0,0
fx-pb-misty-tint,0.3,PASS,0.12222222222222222,8,0.12456597222222222,4,0.12740885416666667,8,0,0
fx-pb-misty-tint,0.9,PASS,0.12643229166666667,8,0.13424479166666667,4,0.12892795138888888,8,0,0
fx-pb-misty-tint,1.5,PASS,0.13012152777777777,8,0.128515625,4,0.12825520833333334,8,0,0
fx-pb-misty-tint,2.1,PASS,0.12345920138888888,8,0.1291015625,4,0.12845052083333333,8,0,0
fx-pb-game-boy,0.3,PASS,0.040364583333333336,0,0.03910590277777778,0,0.022786458333333332,0,0,0
fx-pb-game-boy,0.9,PASS,0.03493923611111111,0,0.03309461805555555,0,0.028059895833333334,0,0,0
fx-pb-game-boy,1.5,PASS,0.017339409722222223,0,0.017881944444444443,0,0.019010416666666665,0,0,0
fx-pb-game-boy,2.1,PASS,0.030837673611111113,0,0.027886284722222224,0,0.02163628472222222,0,0,0
fx-pb-pixel-dissolve,0.3,PASS,0.09476996527777778,8,0.07842881944444445,4,0.08315972222222222,8,0,0
fx-pb-pixel-dissolve,0.9,PASS,0.050933159722222225,0,0.05375434027777778,4,0.05384114583333333,0,0,0
fx-pb-pixel-dissolve,1.5,PASS,0.018598090277777778,0,0.019661458333333333,0,0.0166015625,0,0,0
fx-pb-pixel-dissolve,2.1,PASS,0.025868055555555554,0,0.02719184027777778,0,0.02183159722222222,0,0,0
fx-pb-bead-art,0.3,PASS,0.05789930555555556,0,0.06002604166666667,0,0.07489149305555555,0,0,0
fx-pb-bead-art,0.9,PASS,0.0947265625,0,0.093359375,4,0.04533420138888889,0,0,0
fx-pb-bead-art,1.5,PASS,0.08663194444444444,0,0.06584201388888888,4,0.055121527777777776,0,0,0
fx-pb-bead-art,2.1,PASS,0.06666666666666667,0,0.06154513888888889,0,0.08372395833333333,0,0,0
fx-pb-pixel-rain,0.3,PASS,0.09212239583333333,8,0.09047309027777778,4,0.09029947916666667,8,0,0
fx-pb-pixel-rain,0.9,PASS,0.09251302083333333,8,0.09131944444444444,4,0.08832465277777778,8,0,0
fx-pb-pixel-rain,1.5,PASS,0.09631076388888889,8,0.09900173611111111,4,0.09448784722222223,8,0,0
fx-pb-pixel-rain,2.1,PASS,0.11332465277777778,8,0.10772569444444445,4,0.10946180555555556,8,0,0
fx-st-phone-3d,0.3,PASS,0.04181857638888889,0,0.04171006944444444,4,0.04565972222222222,0,0,0
fx-st-phone-3d,0.9,PASS,0.048502604166666664,0,0.04884982638888889,4,0.04973958333333333,0,0,0
fx-st-phone-3d,1.5,PASS,0.051041666666666666,0,0.047265625,4,0.04884982638888889,0,0,0
fx-st-phone-3d,2.1,PASS,0.04780815972222222,0,0.04585503472222222,4,0.04680989583333333,0,0,0
fx-st-card-deck,0.3,PASS,0.08092447916666666,0,0.0818359375,4,0.06994357638888889,0,0,0
fx-st-card-deck,0.9,PASS,0.08717447916666667,8,0.08413628472222222,4,0.07254774305555556,0,0,0
fx-st-card-deck,1.5,PASS,0.06727430555555555,0,0.06820746527777778,4,0.06812065972222223,0,0,0
fx-st-card-deck,2.1,PASS,0.07667100694444444,0,0.08305121527777778,4,0.07356770833333333,0,0,0
fx-st-polaroid,0.3,PASS,0.056163194444444446,0,0.05490451388888889,4,0.04055989583333333,0,0,0
fx-st-polaroid,0.9,PASS,0.07315538194444444,0,0.06590711805555556,4,0.05896267361111111,0,0,0
fx-st-polaroid,1.5,PASS,0.07849392361111111,0,0.07113715277777778,4,0.06408420138888889,0,0,0
fx-st-polaroid,2.1,PASS,0.07432725694444445,0,0.07276475694444444,4,0.054947916666666666,0,0,0
fx-st-retro-tv,0.3,PASS,0.04440104166666667,0,0.04049479166666667,4,0.03982204861111111,0,0,0
fx-st-retro-tv,0.9,PASS,0.03459201388888889,0,0.03962673611111111,0,0.04210069444444445,0,0,0
fx-st-retro-tv,1.5,FAIL,0.3902560763888889,9,0.3601345486111111,4,0.3024956597222222,8,0,0
fx-st-retro-tv,2.1,PASS,0.3062934027777778,8,0.2779079861111111,4,0.23452690972222223,8,0,0
fx-st-billboard,0.3,PASS,0.025824652777777776,0,0.034830729166666664,0,0.029166666666666667,0,0,0
fx-st-billboard,0.9,PASS,0.03244357638888889,0,0.03153211805555556,0,0.026953125,0,0,0
fx-st-billboard,1.5,PASS,0.03480902777777778,0,0.03394097222222222,0,0.025065104166666668,0,0,0
fx-st-billboard,2.1,PASS,0.03263888888888889,0,0.030078125,0,0.028363715277777778,0,0,0
fx-st-film-strip,0.3,PASS,0.1459418402777778,8,0.13296440972222223,4,0.11072048611111111,8,0,0
fx-st-film-strip,0.9,FAIL,0.6252170138888888,16,0.5250434027777777,12,0.37105034722222224,9,0,0
fx-st-film-strip,1.5,FAIL,1.3606119791666667,17,1.17890625,12,0.8724392361111111,9,0,0
fx-st-film-strip,2.1,FAIL,1.3147135416666667,17,1.1432508680555555,12,0.8860677083333334,9,0,0
fx-st-fanned-cards,0.3,PASS,0.05744357638888889,0,0.055989583333333336,4,0.051605902777777775,0,0,0
fx-st-fanned-cards,0.9,PASS,0.062000868055555554,0,0.06197916666666667,4,0.04950086805555556,0,0,0
fx-st-fanned-cards,1.5,PASS,0.05861545138888889,0,0.05865885416666667,4,0.05212673611111111,0,0,0
fx-st-fanned-cards,2.1,PASS,0.049891493055555555,0,0.05946180555555555,4,0.04715711805555556,0,0,0
fx-st-glass-card,0.3,PASS,0.0656467013888889,0,0.06536458333333334,4,0.05611979166666667,0,0,0
fx-st-glass-card,0.9,PASS,0.07100694444444444,0,0.06148003472222222,4,0.055577256944444445,0,0,0
fx-st-glass-card,1.5,PASS,0.0671657986111111,0,0.0708984375,4,0.05405815972222222,0,0,0
fx-st-glass-card,2.1,PASS,0.06634114583333334,0,0.0669921875,4,0.05733506944444444,0,0,0
fx-ne-frame,0.3,PASS,0.057118055555555554,0,0.06399739583333333,4,0.06089409722222222,0,0,0
fx-ne-frame,0.9,FAIL,1.7111979166666667,17,1.8745876736111111,17,1.8819661458333334,24,0,0
fx-ne-frame,1.5,PASS,0.05353732638888889,0,0.05959201388888889,4,0.052083333333333336,0,0,0
fx-ne-frame,2.1,PASS,0.054144965277777776,0,0.06378038194444445,4,0.04676649305555555,0,0,0
fx-ne-ring,0.3,PASS,0.10705295138888889,8,0.10110677083333333,4,0.09136284722222222,8,0,0
fx-ne-ring,0.9,FAIL,2.238888888888889,25,0.6026692708333333,8,1.6581814236111112,24,0,0
fx-ne-ring,1.5,PASS,0.10648871527777778,8,0.10128038194444444,4,0.09273003472222222,8,0,0
fx-ne-ring,2.1,PASS,0.10377604166666667,8,0.09950086805555555,4,0.09025607638888888,8,0,0
fx-ne-heart,0.3,PASS,0.1158203125,8,0.11124131944444444,4,0.11369357638888888,8,0,0
fx-ne-heart,0.9,PASS,0.12100694444444444,8,0.1169704861111111,4,0.11473524305555556,8,0,0
fx-ne-heart,1.5,PASS,0.11861979166666667,8,0.11480034722222222,4,0.1154296875,8,0,0
fx-ne-heart,2.1,PASS,0.1203342013888889,8,0.11712239583333334,4,0.10965711805555556,8,0,0
fx-ne-edges,0.3,FAIL,0.3381076388888889,8,0.29268663194444444,4,0.43116319444444445,9,0,0
fx-ne-edges,0.9,FAIL,0.3434244791666667,8,0.24010416666666667,4,0.4040581597222222,9,0,0
fx-ne-edges,1.5,FAIL,0.33980034722222224,8,0.2545572916666667,4,0.4061414930555556,9,0,0
fx-ne-edges,2.1,FAIL,0.29225260416666665,8,0.27921006944444443,4,0.4217447916666667,9,0,0
fx-ne-cyberpunk,0.3,PASS,0.11375868055555556,8,0.060112847222222224,4,0.10492621527777778,8,0,0
fx-ne-cyberpunk,0.9,PASS,0.11440972222222222,8,0.05774739583333333,4,0.10703125,8,0,0
fx-ne-cyberpunk,1.5,PASS,0.11401909722222223,8,0.06373697916666667,4,0.10850694444444445,8,0,0
fx-ne-cyberpunk,2.1,PASS,0.12078993055555555,8,0.06228298611111111,4,0.10399305555555556,8,0,0
fx-ne-tunnel,0.3,PASS,0.05080295138888889,0,0.05709635416666667,4,0.04659288194444444,0,0,0
fx-ne-tunnel,0.9,PASS,0.04010416666666667,0,0.06473524305555556,4,0.03838975694444444,0,0,0
fx-ne-tunnel,1.5,PASS,0.046788194444444445,0,0.06458333333333334,4,0.04338107638888889,0,0,0
fx-ne-tunnel,2.1,PASS,0.0404296875,0,0.06328125,4,0.03161892361111111,0,0,0
fx-ne-lightning,0.3,PASS,0.06553819444444445,0,0.05629340277777778,4,0.05043402777777778,0,0,0
fx-ne-lightning,0.9,PASS,0.0671875,0,0.052408854166666664,4,0.0482421875,0,0,0
fx-ne-lightning,1.5,PASS,0.07159288194444445,0,0.05473090277777778,4,0.0505859375,0,0,0
fx-ne-lightning,2.1,PASS,0.0652126736111111,0,0.05709635416666667,4,0.05164930555555555,0,0,0
fx-ne-scan,0.3,PASS,0.07395833333333333,0,0.0787109375,4,0.07936197916666667,0,0,0
fx-ne-scan,0.9,PASS,0.08734809027777778,8,0.09485677083333334,4,0.09442274305555555,8,0,0
fx-ne-scan,1.5,PASS,0.10399305555555556,8,0.11263020833333333,4,0.0970703125,8,0,0
fx-ne-scan,2.1,PASS,0.07584635416666667,0,0.06968315972222222,4,0.07808159722222222,0,0,0
fx-ne-scribble,0.3,PASS,0.112890625,8,0.11108940972222223,4,0.105859375,8,0,0
fx-ne-scribble,0.9,PASS,0.12797309027777778,8,0.11829427083333334,4,0.119921875,8,0,0
fx-ne-scribble,1.5,PASS,0.11857638888888888,8,0.1208767361111111,4,0.10881076388888888,8,0,0
fx-ne-scribble,2.1,PASS,0.11918402777777778,8,0.11482204861111112,4,0.11558159722222222,8,0,0
fx-ne-synthwave,0.3,PASS,0.10985243055555556,8,0.08817274305555556,4,0.03689236111111111,0,0,0
fx-ne-synthwave,0.9,PASS,0.11401909722222223,8,0.08439670138888888,4,0.04105902777777778,0,0,0
fx-ne-synthwave,1.5,PASS,0.12352430555555556,8,0.09340277777777778,4,0.03244357638888889,0,0,0
fx-ne-synthwave,2.1,PASS,0.12356770833333333,8,0.087109375,4,0.03448350694444444,0,0,0
fx-ne-stars,0.3,FAIL,7.288888888888889,115,4.245659722222222,69,8.075043402777778,132,0,0
fx-ne-stars,0.9,FAIL,6.367621527777778,82,6.309895833333333,105,5.8460503472222225,90,0,0
fx-ne-stars,1.5,FAIL,6.153038194444444,91,4.173133680555556,65,7.027712673611111,123,0,0
fx-ne-stars,2.1,FAIL,6.742513020833333,83,7.304839409722222,109,5.789952256944445,90,0,0
fx-cr-sparkle-burst,0.3,FAIL,4.141471354166667,83,4.183441840277778,93,3.6732421875,83,0,0
fx-cr-sparkle-burst,0.9,FAIL,0.39717881944444444,9,0.38589409722222223,8,0.3439453125,9,0,0
fx-cr-sparkle-burst,1.5,FAIL,3.0323784722222222,66,2.9296223958333334,69,2.5441189236111112,58,0,0
fx-cr-sparkle-burst,2.1,FAIL,4.8101996527777775,99,4.898567708333333,110,4.380078125,107,0,0
fx-cr-glitter-rain,0.3,PASS,0.0703125,0,0.06180555555555556,4,0.05423177083333333,0,0,0
fx-cr-glitter-rain,0.9,PASS,0.07532552083333334,0,0.06302083333333333,4,0.056315104166666664,0,0,0
fx-cr-glitter-rain,1.5,PASS,0.07751736111111111,0,0.06881510416666667,4,0.057183159722222224,0,0,0
fx-cr-glitter-rain,2.1,PASS,0.08111979166666666,0,0.06916232638888889,4,0.056727430555555555,0,0,0
fx-cr-rainbow-prism,0.3,PASS,0.11137152777777778,8,0.10896267361111112,4,0.10305989583333333,8,0,0
fx-cr-rainbow-prism,0.9,PASS,0.12057291666666667,8,0.11215277777777778,4,0.11475694444444444,8,0,0
fx-cr-rainbow-prism,1.5,PASS,0.111328125,8,0.10759548611111111,4,0.09748263888888889,8,0,0
fx-cr-rainbow-prism,2.1,PASS,0.1111111111111111,8,0.10594618055555556,4,0.10182291666666667,8,0,0
fx-cr-anamorphic,0.3,PASS,0.06642795138888889,0,0.08151041666666667,4,0.07326388888888889,0,0,0
fx-cr-anamorphic,0.9,PASS,0.07760416666666667,0,0.06575520833333333,4,0.06703559027777778,0,0,0
fx-cr-anamorphic,1.5,PASS,0.0595703125,0,0.06775173611111111,4,0.07029079861111111,0,0,0
fx-cr-anamorphic,2.1,PASS,0.06332465277777778,0,0.06315104166666667,4,0.058333333333333334,0,0,0
fx-cr-matrix,0.3,PASS,0.2046875,8,0.24418402777777778,4,0.19268663194444444,8,0,0
fx-cr-matrix,0.9,PASS,0.20887586805555555,8,0.2573784722222222,4,0.2103949652777778,8,0,0
fx-cr-matrix,1.5,PASS,0.2029079861111111,8,0.25492621527777776,4,0.20414496527777778,8,0,0
fx-cr-matrix,2.1,PASS,0.219921875,8,0.2920138888888889,4,0.21134982638888888,8,0,0
fx-cr-signal-lost,0.3,FAIL,5.836024305555555,91,5.819878472222222,93,5.876215277777778,91,0,0
fx-cr-signal-lost,0.9,FAIL,5.819422743055555,91,5.792795138888889,89,5.787890625,91,0,0
fx-cr-signal-lost,1.5,FAIL,11.227560763888889,107,11.231315104166667,109,11.230447048611111,107,0,0
fx-cr-signal-lost,2.1,FAIL,35.77983940972222,132,41.252170138888886,134,45.392339409722226,148,0,0
fx-cr-slice-drift,0.3,PASS,0.11493055555555555,8,0.1025390625,4,0.12137586805555556,8,0,0
fx-cr-slice-drift,0.9,PASS,0.11351996527777777,8,0.1138671875,4,0.11493055555555555,8,0,0
fx-cr-slice-drift,1.5,PASS,0.11694878472222223,8,0.10620659722222223,4,0.12532552083333334,8,0,0
fx-cr-slice-drift,2.1,PASS,0.11167534722222222,8,0.10199652777777778,4,0.11106770833333333,8,0,0
fx-cr-camcorder,0.3,PASS,0.10601128472222222,8,0.09535590277777778,4,0.09470486111111111,8,0,0
fx-cr-camcorder,0.9,PASS,0.09991319444444445,8,0.098828125,4,0.09924045138888889,8,0,0
fx-cr-camcorder,1.5,PASS,0.09596354166666667,8,0.09767795138888889,4,0.098046875,8,0,0
fx-cr-camcorder,2.1,PASS,0.10217013888888889,8,0.09800347222222222,4,0.09090711805555556,8,0,0
fx-cr-projector,0.3,FAIL,3.112282986111111,9,2.5296223958333335,8,1.8849175347222222,9,0,0
fx-cr-projector,0.9,FAIL,2.4642578125,9,1.9812282986111112,8,1.5107638888888888,9,0,0
fx-cr-projector,1.5,FAIL,1.3245659722222223,9,1.162890625,8,0.9041449652777778,9,0,0
fx-cr-projector,2.1,FAIL,0.933203125,9,0.7598090277777778,5,0.6132595486111111,9,0,0
fx-cr-comic-pop,0.3,PASS,0.13059895833333332,8,0.1710720486111111,4,0.11608072916666666,8,0,0
fx-cr-comic-pop,0.9,PASS,0.18140190972222223,8,0.17983940972222223,4,0.11204427083333333,8,0,0
fx-cr-comic-pop,1.5,PASS,0.11510416666666666,8,0.1430121527777778,4,0.1320529513888889,8,0,0
fx-cr-comic-pop,2.1,PASS,0.1238064236111111,8,0.13956163194444443,4,0.11597222222222223,8,0,0
fx-cr-dreamy,0.3,PASS,0.12356770833333333,8,0.11898871527777778,4,0.12055121527777778,8,0,0
fx-cr-dreamy,0.9,PASS,0.12280815972222223,8,0.1259765625,4,0.12766927083333332,8,0,0
fx-cr-dreamy,1.5,PASS,0.11197916666666667,8,0.12042100694444445,4,0.1173828125,8,0,0
fx-cr-dreamy,2.1,PASS,0.1174045138888889,8,0.11922743055555556,4,0.12582465277777777,8,0,0
fx-cr-kaleido-bloom,0.3,PASS,0.11786024305555555,8,0.11627604166666666,4,0.12078993055555555,8,0,0
fx-cr-kaleido-bloom,0.9,PASS,0.12406684027777778,8,0.11809895833333334,4,0.108203125,8,0,0
fx-cr-kaleido-bloom,1.5,PASS,0.12209201388888889,8,0.12664930555555556,4,0.09822048611111112,8,0,0
fx-cr-kaleido-bloom,2.1,PASS,0.13246527777777778,8,0.11968315972222222,4,0.10368923611111111,8,0,0
fx-cr-zoom-burst,0.3,PASS,0.05835503472222222,0,0.06818576388888889,4,0.06111111111111111,0,0,0
fx-cr-zoom-burst,0.9,PASS,0.050282118055555554,0,0.039778645833333334,0,0.03904079861111111,0,0,0
fx-cr-zoom-burst,1.5,PASS,0.04663628472222222,0,0.040234375,0,0.04038628472222222,0,0,0
fx-cr-zoom-burst,2.1,PASS,0.06052517361111111,0,0.06647135416666666,4,0.06707899305555555,0,0,0
fx-cr-ring-reveal,0.3,PASS,0.06321614583333333,0,0.056488715277777775,4,0.055924479166666666,0,0,0
fx-cr-ring-reveal,0.9,PASS,0.06410590277777778,0,0.053125,4,0.05134548611111111,0,0,0
fx-cr-ring-reveal,1.5,PASS,0.06306423611111112,0,0.060698784722222225,4,0.05559895833333333,0,0,0
fx-cr-ring-reveal,2.1,PASS,0.05889756944444444,0,0.05774739583333333,4,0.05082465277777778,0,0,0
fx-cr-flash-cut,0.3,PASS,0.10319010416666667,8,0.06625434027777778,4,0.06475694444444445,0,0,0
fx-cr-flash-cut,0.9,PASS,0.19578993055555555,8,0.18422309027777778,4,0.19481336805555555,8,0,0
fx-cr-flash-cut,1.5,PASS,0.06825086805555555,0,0.05935329861111111,4,0.06794704861111112,0,0,0
fx-cr-flash-cut,2.1,PASS,0.049327256944444446,0,0.04262152777777778,4,0.04407552083333333,0,0,0
fx-cr-rgb-strobe,0.3,PASS,0.11063368055555556,8,0.10709635416666667,4,0.1023220486111111,8,0,0
fx-cr-rgb-strobe,0.9,PASS,0.04958767361111111,0,0.1291015625,4,0.06332465277777778,0,0,0
fx-cr-rgb-strobe,1.5,PASS,0.10855034722222222,8,0.10926649305555555,4,0.0998046875,8,0,0
fx-cr-rgb-strobe,2.1,PASS,0.04314236111111111,0,0.12493489583333334,4,0.056966145833333336,0,0,0
fx-cr-aurora,0.3,PASS,0.08739149305555556,8,0.08708767361111111,4,0.07823350694444445,0,0,0
fx-cr-aurora,0.9,PASS,0.08752170138888889,8,0.0880859375,4,0.08049045138888888,0,0,0
fx-cr-aurora,1.5,PASS,0.08639322916666667,8,0.08589409722222222,4,0.07936197916666667,0,0,0
fx-cr-aurora,2.1,PASS,0.08391927083333334,8,0.0888671875,4,0.07521701388888889,0,0,0
fx-cr-heart-pulse,0.3,PASS,0.14140625,8,0.13270399305555555,4,0.11701388888888889,8,0,0
fx-cr-heart-pulse,0.9,PASS,0.13305121527777777,8,0.12825520833333334,4,0.11221788194444444,8,0,0
fx-cr-heart-pulse,1.5,PASS,0.11108940972222223,8,0.11078559027777778,4,0.10119357638888889,8,0,0
fx-cr-heart-pulse,2.1,PASS,0.14173177083333333,8,0.14233940972222223,4,0.13096788194444445,8,0,0
fx-cr-twinkle-sky,0.3,PASS,0.094921875,8,0.08285590277777778,4,0.08435329861111111,8,0,0
fx-cr-twinkle-sky,0.9,PASS,0.092578125,8,0.08702256944444445,4,0.08014322916666666,0,0,0
fx-cr-twinkle-sky,1.5,PASS,0.09685329861111111,8,0.08806423611111111,4,0.08723958333333333,8,0,0
fx-cr-twinkle-sky,2.1,PASS,0.09624565972222222,8,0.09010416666666667,4,0.08368055555555555,0,0,0
fx-cr-tri-split,0.3,FAIL,8.458072916666667,58,8.089322916666667,61,7.854340277777778,74,0,0
fx-cr-tri-split,0.9,FAIL,4.887109375,57,4.6705078125,57,4.648654513888889,66,0,0
fx-cr-tri-split,1.5,FAIL,10.711046006944445,58,10.144769965277778,61,9.74142795138889,74,0,0
fx-cr-tri-split,2.1,FAIL,4.266471354166667,50,4.0133680555555555,53,3.810785590277778,58,0,0
fx-mt-velocity,0.3,PASS,0.08391927083333334,8,0.0775390625,4,0.07367621527777778,0,0,0
fx-mt-velocity,0.9,PASS,0.08337673611111111,8,0.07979600694444444,4,0.07549913194444445,0,0,0
fx-mt-velocity,1.5,PASS,0.0818359375,0,0.07868923611111112,4,0.07803819444444444,0,0,0
fx-mt-velocity,2.1,PASS,0.08059895833333333,0,0.07999131944444444,4,0.07293836805555555,0,0,0
fx-mt-beat-rotate,0.3,PASS,0.09552951388888889,8,0.08502604166666666,4,0.0859375,8,0,0
fx-mt-beat-rotate,0.9,PASS,0.08370225694444444,8,0.08072916666666667,4,0.07955729166666667,0,0,0
fx-mt-beat-rotate,1.5,PASS,0.08728298611111111,8,0.08025173611111111,4,0.08387586805555555,8,0,0
fx-mt-beat-rotate,2.1,PASS,0.08752170138888889,8,0.08114149305555556,4,0.08062065972222222,0,0,0
fx-mt-photo-snap,0.3,PASS,0.07727864583333334,0,0.07211371527777778,4,0.09262152777777778,8,0,0
fx-mt-photo-snap,0.9,FAIL,2.0668402777777777,17,2.0595269097222224,20,2.138042534722222,25,0,0
fx-mt-photo-snap,1.5,FAIL,22.245442708333332,164,22.323502604166666,166,23.0798828125,164,0,0
fx-mt-photo-snap,2.1,PASS,0.06729600694444444,0,0.07658420138888888,4,0.085546875,8,0,0
fx-mt-zoom-shake,0.3,FAIL,1.9158203125,9,1.8163194444444444,8,1.7465928819444445,9,0,0
fx-mt-zoom-shake,0.9,PASS,0.2502387152777778,8,0.24954427083333333,4,0.2277126736111111,8,0,0
fx-mt-zoom-shake,1.5,FAIL,15.22248263888889,74,14.424696180555555,65,13.640950520833334,66,0,0
fx-mt-zoom-shake,2.1,FAIL,9.548415798611112,50,9.195768229166667,49,8.721223958333333,49,0,0
fx-mt-split-swipe,0.3,PASS,0.158203125,8,0.16267361111111112,4,0.15865885416666667,8,0,0
fx-mt-split-swipe,0.9,PASS,0.16163194444444445,8,0.16519097222222223,4,0.15889756944444444,8,0,0
fx-mt-split-swipe,1.5,PASS,0.1720920138888889,8,0.17269965277777777,4,0.1597873263888889,8,0,0
fx-mt-split-swipe,2.1,PASS,0.18148871527777777,8,0.1763237847222222,4,0.16846788194444445,8,0,0
fx-mt-blur-punch,0.3,PASS,0.12727864583333334,8,0.12302517361111111,4,0.11015625,8,0,0
fx-mt-blur-punch,0.9,PASS,0.12241753472222222,8,0.12261284722222222,4,0.1044921875,8,0,0
fx-mt-blur-punch,1.5,PASS,0.10807291666666667,8,0.10980902777777778,4,0.09874131944444445,8,0,0
fx-mt-blur-punch,2.1,PASS,0.09796006944444445,8,0.10403645833333333,4,0.08426649305555556,8,0,0
fx-mt-mirror-beat,0.3,PASS,0.09596354166666667,8,0.11256510416666667,4,0.11638454861111111,8,0,0
fx-mt-mirror-beat,0.9,PASS,0.10010850694444444,8,0.1158203125,4,0.117578125,8,0,0
fx-mt-mirror-beat,1.5,PASS,0.1052734375,8,0.10201822916666667,4,0.11017795138888889,8,0,0
fx-mt-mirror-beat,2.1,PASS,0.11564670138888888,8,0.10766059027777777,4,0.11297743055555555,8,0,0
fx-mt-step-zoom,0.3,PASS,0.105078125,8,0.10379774305555556,4,0.09913194444444444,8,0,0
fx-mt-step-zoom,0.9,PASS,0.11456163194444445,8,0.10865885416666667,4,0.10151909722222222,8,0,0
fx-mt-step-zoom,1.5,PASS,0.11488715277777778,8,0.11206597222222223,4,0.10164930555555556,8,0,0
fx-mt-step-zoom,2.1,PASS,0.11879340277777778,8,0.10646701388888889,4,0.09715711805555556,8,0,0
fx-mt-rgb-punch,0.3,PASS,0.0808376736111111,0,0.06358506944444445,4,0.06391059027777778,0,0,0
fx-mt-rgb-punch,0.9,PASS,0.06985677083333333,0,0.06438802083333334,4,0.068359375,0,0,0
fx-mt-rgb-punch,1.5,PASS,0.07450086805555556,0,0.06623263888888889,4,0.07845052083333333,0,0,0
fx-mt-rgb-punch,2.1,PASS,0.08728298611111111,8,0.06901041666666667,4,0.06736111111111111,0,0,0
fx-mt-dutch-tilt,0.3,PASS,0.14069010416666666,8,0.12584635416666667,4,0.12003038194444444,8,0,0
fx-mt-dutch-tilt,0.9,PASS,0.12762586805555556,8,0.12328559027777777,4,0.12337239583333333,8,0,0
fx-mt-dutch-tilt,1.5,PASS,0.1424045138888889,8,0.13138020833333333,4,0.12096354166666666,8,0,0
fx-mt-dutch-tilt,2.1,PASS,0.13543836805555556,8,0.1274956597222222,4,0.1261935763888889,8,0,0
fx-mt-echo-zoom,0.3,PASS,0.10970052083333333,8,0.10555555555555556,4,0.1066623263888889,8,0,0
fx-mt-echo-zoom,0.9,PASS,0.11681857638888889,8,0.10640190972222222,4,0.1095920138888889,8,0,0
fx-mt-echo-zoom,1.5,PASS,0.1072265625,8,0.11108940972222223,4,0.10264756944444445,8,0,0
fx-mt-echo-zoom,2.1,PASS,0.11232638888888889,8,0.10518663194444444,4,0.09856770833333334,8,0,0
fx-mt-cinematic,0.3,PASS,0.11922743055555556,8,0.10407986111111112,4,0.09611545138888888,8,0,0
fx-mt-cinematic,0.9,PASS,0.11488715277777778,8,0.10069444444444445,4,0.09453125,8,0,0
fx-mt-cinematic,1.5,PASS,0.12161458333333333,8,0.11260850694444445,4,0.09871961805555556,8,0,0
fx-mt-cinematic,2.1,PASS,0.12404513888888889,8,0.10983072916666667,4,0.09739583333333333,8,0,0
fx-swing-card,0.3,PASS,0.08695746527777778,8,0.08617621527777777,4,0.08676215277777778,8,0,0
fx-swing-card,0.9,PASS,0.073046875,0,0.0828125,4,0.0701171875,0,0,0
fx-swing-card,1.5,PASS,0.10043402777777778,8,0.09704861111111111,4,0.09359809027777778,8,0,0
fx-swing-card,2.1,PASS,0.08068576388888889,0,0.08404947916666666,4,0.07764756944444444,0,0,0
fx-orbit-card,0.3,PASS,0.10084635416666667,8,0.095703125,4,0.08559027777777778,8,0,0
fx-orbit-card,0.9,PASS,0.09678819444444445,8,0.1047092013888889,4,0.08932291666666667,8,0,0
fx-orbit-card,1.5,PASS,0.1041015625,8,0.10349392361111111,4,0.09207899305555556,8,0,0
fx-orbit-card,2.1,PASS,0.10557725694444445,8,0.11260850694444445,4,0.0927734375,8,0,0
fx-flip-card,0.3,PASS,0.05677083333333333,0,0.06317274305555555,4,0.05238715277777778,0,0,0
fx-flip-card,0.9,PASS,0.023654513888888888,0,0.03263888888888889,0,0.03797743055555555,0,0,0
fx-flip-card,1.5,PASS,0.06953125,0,0.06790364583333333,4,0.06158854166666667,0,0,0
fx-flip-card,2.1,PASS,0.024739583333333332,0,0.03192274305555556,0,0.029600694444444443,0,0,0
fx-spin-card,0.3,PASS,0.08938802083333333,8,0.09249131944444444,4,0.0826171875,8,0,0
fx-spin-card,0.9,PASS,0.08882378472222222,8,0.08891059027777778,4,0.07823350694444445,0,0,0
fx-spin-card,1.5,PASS,0.0886501736111111,8,0.09029947916666667,4,0.0830078125,8,0,0
fx-spin-card,2.1,PASS,0.08680555555555555,8,0.088671875,4,0.08042534722222222,0,0,0
fx-phone-spin,0.3,PASS,0.32395833333333335,8,0.05926649305555556,4,0.31436631944444443,8,0,0
fx-phone-spin,0.9,PASS,0.029557291666666666,0,0.040755208333333334,4,0.031792534722222224,0,0,0
fx-phone-spin,1.5,PASS,0.013888888888888888,0,0.01918402777777778,0,0.012630208333333334,0,0,0
fx-phone-spin,2.1,PASS,0.03415798611111111,0,0.04181857638888889,4,0.032877604166666664,0,0,0
fx-cube-spin,0.3,PASS,0.02834201388888889,0,0.034613715277777776,0,0.04390190972222222,0,0,0
fx-cube-spin,0.9,PASS,0.027387152777777778,0,0.03608940972222222,0,0.03617621527777778,0,0,0
fx-cube-spin,1.5,PASS,0.0259765625,0,0.03665364583333333,0,0.04055989583333333,0,0,0
fx-cube-spin,2.1,PASS,0.03122829861111111,0,0.03585069444444444,0,0.042078993055555555,0,0,0
fx-cube-tumble,0.3,PASS,0.02634548611111111,0,0.032486979166666666,0,0.03717447916666667,0,0,0
fx-cube-tumble,0.9,PASS,0.021940104166666665,0,0.03109809027777778,0,0.032942708333333334,0,0,0
fx-cube-tumble,1.5,PASS,0.022504340277777778,0,0.029058159722222223,0,0.031510416666666666,0,0,0
fx-cube-tumble,2.1,PASS,0.022135416666666668,0,0.030078125,0,0.031401909722222225,0,0,0
fx-dice-roll,0.3,PASS,0.03268229166666667,0,0.03413628472222222,0,0.03943142361111111,0,0,0
fx-dice-roll,0.9,PASS,0.02654079861111111,0,0.03394097222222222,0,0.035069444444444445,0,0,0
fx-dice-roll,1.5,PASS,0.022352430555555556,0,0.03253038194444444,0,0.03589409722222222,0,0,0
fx-dice-roll,2.1,PASS,0.026931423611111113,0,0.033854166666666664,0,0.03934461805555556,0,0,0
fx-globe,0.3,PASS,0.06519097222222223,0,0.07476128472222222,4,0.06100260416666667,0,0,0
fx-globe,0.9,PASS,0.06807725694444444,0,0.07165798611111111,4,0.06169704861111111,0,0,0
fx-globe,1.5,PASS,0.06636284722222222,0,0.07018229166666666,4,0.06013454861111111,0,0,0
fx-globe,2.1,PASS,0.06896701388888889,0,0.07384982638888889,4,0.0611328125,0,0,0
fx-crystal-ball,0.3,PASS,0.12092013888888889,8,0.11612413194444444,4,0.10690104166666667,8,0,0
fx-crystal-ball,0.9,PASS,0.12237413194444445,8,0.12200520833333334,4,0.1140407986111111,8,0,0
fx-crystal-ball,1.5,PASS,0.11664496527777778,8,0.12137586805555556,4,0.11510416666666666,8,0,0
fx-crystal-ball,2.1,PASS,0.11803385416666666,8,0.11979166666666667,4,0.11540798611111111,8,0,0
fx-tunnel,0.3,PASS,0.10902777777777778,8,0.11829427083333334,4,0.10167100694444445,8,0,0
fx-tunnel,0.9,PASS,0.1078125,8,0.11647135416666667,4,0.10813802083333333,8,0,0
fx-tunnel,1.5,PASS,0.11193576388888889,8,0.11950954861111111,4,0.09711371527777778,8,0,0
fx-tunnel,2.1,PASS,0.11725260416666666,8,0.10082465277777777,4,0.08951822916666667,8,0,0
fx-mirror-room,0.3,PASS,0.051605902777777775,0,0.0681423611111111,4,0.051844618055555555,0,0,0
fx-mirror-room,0.9,PASS,0.06043836805555555,0,0.0666232638888889,4,0.05627170138888889,0,0,0
fx-mirror-room,1.5,PASS,0.06037326388888889,0,0.055164930555555554,4,0.05080295138888889,0,0,0
fx-mirror-room,2.1,PASS,0.07565104166666667,0,0.06922743055555555,4,0.06065538194444445,0,0,0
fx-spiral-tunnel,0.3,PASS,0.08218315972222222,0,0.07619357638888889,4,0.06664496527777777,0,0,0
fx-spiral-tunnel,0.9,PASS,0.07660590277777778,0,0.07235243055555556,4,0.06508246527777778,0,0,0
fx-spiral-tunnel,1.5,PASS,0.08530815972222222,8,0.08643663194444444,4,0.07667100694444444,0,0,0
fx-spiral-tunnel,2.1,PASS,0.08838975694444444,8,0.08472222222222223,4,0.07467447916666667,0,0,0
fx-hyperspace,0.3,FAIL,2.821050347222222,90,4.784939236111111,97,3.3032335069444443,107,0,0
fx-hyperspace,0.9,FAIL,3.1936848958333335,99,5.088151041666666,109,3.6272352430555554,124,0,0
fx-hyperspace,1.5,FAIL,3.5494791666666665,107,5.627170138888889,117,4.106575520833333,131,0,0
fx-hyperspace,2.1,FAIL,3.6762803819444443,107,5.966427951388889,117,4.183420138888889,132,0,0
fx-star-rush,0.3,FAIL,4.472243923611111,107,4.979340277777778,113,5.484309895833333,123,0,0
fx-star-rush,0.9,FAIL,6.737413194444445,148,7.453732638888889,166,8.16521267361111,181,0,0
fx-star-rush,1.5,FAIL,6.002170138888889,132,6.646701388888889,146,7.283485243055556,157,0,0
fx-star-rush,2.1,FAIL,5.981206597222222,132,6.588758680555555,150,7.191623263888889,165,0,0
fx-carousel,0.3,FAIL,0.7464409722222223,9,0.7569010416666667,12,0.7310329861111111,9,0,0
fx-carousel,0.9,FAIL,0.9615234375,9,0.9477864583333333,12,0.9264973958333333,9,0,0
fx-carousel,1.5,FAIL,0.7439453125,9,0.7456163194444444,8,0.7192057291666667,9,0,0
fx-carousel,2.1,FAIL,0.5244140625,9,0.5282986111111111,8,0.48723958333333334,9,0,0
fx-kaleido-drill,0.3,PASS,0.13209635416666668,8,0.12890625,4,0.12194010416666666,8,0,0
fx-kaleido-drill,0.9,PASS,0.12220052083333334,8,0.12105034722222222,4,0.1159939236111111,8,0,0
fx-kaleido-drill,1.5,PASS,0.12612847222222223,8,0.11668836805555556,4,0.11853298611111111,8,0,0
fx-kaleido-drill,2.1,PASS,0.11809895833333334,8,0.10290798611111111,4,0.11686197916666667,8,0,0
fx-tiny-planet,0.3,PASS,0.11903211805555555,8,0.11766493055555556,4,0.1072265625,8,0,0
fx-tiny-planet,0.9,PASS,0.11929253472222222,8,0.10911458333333333,4,0.10503472222222222,8,0,0
fx-tiny-planet,1.5,PASS,0.11907552083333334,8,0.11686197916666667,4,0.1158203125,8,0,0
fx-tiny-planet,2.1,PASS,0.13051215277777778,8,0.12013888888888889,4,0.10407986111111112,8,0,0
fx-infinite-zoom,0.3,PASS,0.080078125,0,0.06929253472222222,4,0.06625434027777778,0,0,0
fx-infinite-zoom,0.9,PASS,0.08198784722222222,0,0.07430555555555556,4,0.07026909722222222,0,0,0
fx-infinite-zoom,1.5,PASS,0.08396267361111111,8,0.0720703125,4,0.07526041666666666,0,0,0
fx-infinite-zoom,2.1,PASS,0.07517361111111111,0,0.07018229166666666,4,0.07489149305555555,0,0,0
fx-cylinder,0.3,PASS,0.09286024305555556,8,0.0865234375,4,0.08671875,8,0,0
fx-cylinder,0.9,PASS,0.08430989583333333,8,0.0876953125,4,0.0827907986111111,8,0,0
fx-cylinder,1.5,PASS,0.08211805555555556,0,0.08754340277777778,4,0.08023003472222222,0,0,0
fx-cylinder,2.1,PASS,0.07439236111111111,0,0.08546006944444444,4,0.08674045138888889,8,0,0
fx-neon-stage,0.3,PASS,0.03648003472222222,0,0.02927517361111111,0,0.02931857638888889,0,0,0
fx-neon-stage,0.9,PASS,0.02829861111111111,0,0.033116319444444445,0,0.02443576388888889,0,0,0
fx-neon-stage,1.5,PASS,0.028797743055555554,0,0.025520833333333333,0,0.025260416666666667,0,0,0
fx-neon-stage,2.1,PASS,0.033116319444444445,0,0.028580729166666666,0,0.028407118055555555,0,0,0
fx-fade-out,0.3,PASS,0.09520399305555556,8,0.1111328125,4,0.08858506944444444,8,0,0
fx-fade-out,0.9,PASS,0.04952256944444444,0,0.0451171875,4,0.039214409722222225,0,0,0
fx-fade-out,1.5,PASS,0.003884548611111111,0,0.004253472222222222,0,0.005512152777777778,0,0,0
fx-fade-out,2.1,PASS,0,0,0,0,0,0,0,0
fx-white-flash,0.3,PASS,0.11922743055555556,8,0.14136284722222223,4,0.10514322916666667,8,0,0
fx-white-flash,0.9,PASS,0.11588541666666667,8,0.11072048611111111,4,0.11048177083333334,8,0,0
fx-white-flash,1.5,PASS,0.10075954861111111,8,0.11783854166666667,4,0.08895399305555556,8,0,0
fx-white-flash,2.1,PASS,0.11163194444444445,8,0.10577256944444445,4,0.10101996527777778,8,0,0
fx-blink,0.3,PASS,0.05078125,0,0.04314236111111111,4,0.039388020833333336,0,0,0
fx-blink,0.9,PASS,0.02068142361111111,0,0.021788194444444443,0,0.02673611111111111,0,0,0
fx-blink,1.5,PASS,0.04663628472222222,0,0.040234375,0,0.04038628472222222,0,0,0
fx-blink,2.1,PASS,0.04650607638888889,0,0.03982204861111111,0,0.03904079861111111,0,0,0
fx-motion-blur,0.3,PASS,0.0744357638888889,0,0.07029079861111111,4,0.06812065972222223,0,0,0
fx-motion-blur,0.9,PASS,0.07573784722222222,0,0.07408854166666666,4,0.06981336805555556,0,0,0
fx-motion-blur,1.5,PASS,0.07196180555555555,0,0.07003038194444444,4,0.07048611111111111,0,0,0
fx-motion-blur,2.1,PASS,0.07152777777777777,0,0.07085503472222222,4,0.0642578125,0,0,0
fx-mini-zoom,0.3,PASS,0.13897569444444444,8,0.14069010416666666,4,0.11805555555555555,8,0,0
fx-mini-zoom,0.9,PASS,0.1398654513888889,8,0.13376736111111112,4,0.11961805555555556,8,0,0
fx-mini-zoom,1.5,PASS,0.13576388888888888,8,0.13036024305555555,4,0.12111545138888889,8,0,0
fx-mini-zoom,2.1,PASS,0.13621961805555555,8,0.13680555555555557,4,0.12124565972222222,8,0,0
fx-camera-shake,0.3,PASS,0.1336154513888889,8,0.13311631944444444,4,0.1236328125,8,0,0
fx-camera-shake,0.9,PASS,0.12916666666666668,8,0.1166015625,4,0.11506076388888889,8,0,0
fx-camera-shake,1.5,PASS,0.14654947916666666,8,0.14231770833333332,4,0.13578559027777778,8,0,0
fx-camera-shake,2.1,PASS,0.1373263888888889,8,0.12628038194444444,4,0.1208767361111111,8,0,0
fx-film-grain,0.3,FAIL,9.550412326388889,33,9.66720920138889,32,9.649370659722223,33,0,0
fx-film-grain,0.9,FAIL,9.704947916666667,33,9.770789930555555,32,9.770399305555555,33,0,0
fx-film-grain,1.5,FAIL,9.694683159722222,33,9.796549479166666,32,9.842274305555556,33,0,0
fx-film-grain,2.1,FAIL,9.679123263888888,33,9.755251736111111,32,9.767686631944445,33,0,0
fx-cinema,0.3,PASS,0.10826822916666666,8,0.05633680555555556,4,0.06968315972222222,0,0,0
fx-cinema,0.9,PASS,0.10104166666666667,8,0.05668402777777778,4,0.0673828125,0,0,0
fx-cinema,1.5,PASS,0.1047092013888889,8,0.05980902777777778,4,0.06332465277777778,0,0,0
fx-cinema,2.1,PASS,0.10496961805555556,8,0.055013020833333336,4,0.06579861111111111,0,0,0
fx-vertical-open,0.3,PASS,0.005729166666666666,0,0.006814236111111111,0,0.006098090277777778,0,0,0
fx-vertical-open,0.9,PASS,0.045182291666666666,0,0.0345703125,0,0.03463541666666667,0,0,0
fx-vertical-open,1.5,PASS,0.06306423611111112,0,0.060698784722222225,4,0.05559895833333333,0,0,0
fx-vertical-open,2.1,PASS,0.06675347222222222,0,0.0576171875,4,0.053125,0,0,0
fx-camera-focus,0.3,PASS,0.05661892361111111,0,0.0572265625,4,0.056901041666666666,0,0,0
fx-camera-focus,0.9,PASS,0.05457899305555555,0,0.05579427083333333,4,0.05887586805555556,0,0,0
fx-camera-focus,1.5,PASS,0.06818576388888889,0,0.062348090277777775,4,0.06056857638888889,0,0,0
fx-camera-focus,2.1,PASS,0.07575954861111112,0,0.0625,4,0.060004340277777776,0,0,0
fx-spin-blur,0.3,PASS,0.06848958333333334,0,0.06736111111111111,4,0.0646484375,0,0,0
fx-spin-blur,0.9,PASS,0.0615234375,0,0.06117621527777778,4,0.06599392361111112,0,0,0
fx-spin-blur,1.5,PASS,0.0715060763888889,0,0.07005208333333333,4,0.05774739583333333,0,0,0
fx-spin-blur,2.1,PASS,0.07682291666666667,0,0.06953125,4,0.06571180555555556,0,0,0
fx-swing,0.3,PASS,0.14053819444444443,8,0.12779947916666667,4,0.11482204861111112,8,0,0
fx-swing,0.9,PASS,0.14006076388888888,8,0.13359375,4,0.10759548611111111,8,0,0
fx-swing,1.5,PASS,0.13969184027777778,8,0.1286892361111111,4,0.12263454861111112,8,0,0
fx-swing,2.1,PASS,0.13036024305555555,8,0.12899305555555557,4,0.11790364583333333,8,0,0
fx-low-exposure,0.3,PASS,0.04212239583333333,0,0.06514756944444444,4,0.03498263888888889,0,0,0
fx-low-exposure,0.9,PASS,0.04114583333333333,0,0.06720920138888889,4,0.03240017361111111,0,0,0
fx-low-exposure,1.5,PASS,0.046549479166666664,0,0.06323784722222223,4,0.03253038194444444,0,0,0
fx-low-exposure,2.1,PASS,0.04016927083333333,0,0.06013454861111111,4,0.03828125,0,0,0
fx-hazy,0.3,PASS,0.07061631944444445,0,0.07337239583333334,4,0.0703125,0,0,0
fx-hazy,0.9,PASS,0.0744357638888889,0,0.07827690972222222,4,0.06482204861111111,0,0,0
fx-hazy,1.5,PASS,0.08248697916666667,8,0.08068576388888889,4,0.06649305555555556,0,0,0
fx-hazy,2.1,PASS,0.08161892361111112,0,0.07805989583333334,4,0.06293402777777778,0,0,0
fx-to-colour,0.3,PASS,0.10095486111111111,8,0.09943576388888889,4,0.1005859375,8,0,0
fx-to-colour,0.9,PASS,0.10069444444444445,8,0.1009765625,4,0.09526909722222222,8,0,0
fx-to-colour,1.5,PASS,0.10455729166666666,8,0.07428385416666666,4,0.09123263888888888,8,0,0
fx-to-colour,2.1,PASS,0.07808159722222222,0,0.06647135416666666,4,0.068359375,0,0,0
fx-colorize,0.3,PASS,0.15303819444444444,8,0.12960069444444444,4,0.08938802083333333,8,0,0
fx-colorize,0.9,PASS,0.1506076388888889,8,0.1271701388888889,4,0.08519965277777777,8,0,0
fx-colorize,1.5,PASS,0.1605251736111111,8,0.12860243055555556,4,0.09084201388888889,8,0,0
fx-colorize,2.1,PASS,0.14440104166666667,8,0.12211371527777778,4,0.09852430555555555,8,0,0
fx-tilt-shift,0.3,PASS,0.10060763888888889,8,0.08661024305555555,4,0.0866970486111111,8,0,0
fx-tilt-shift,0.9,PASS,0.09066840277777778,8,0.08878038194444444,4,0.08878038194444444,8,0,0
fx-tilt-shift,1.5,PASS,0.09921875,8,0.09474826388888889,4,0.07953559027777778,0,0,0
fx-tilt-shift,2.1,PASS,0.09468315972222222,8,0.08862847222222223,4,0.08372395833333333,8,0,0
fx-iris-open,0.3,PASS,0.06473524305555556,0,0.059657118055555555,4,0.06197916666666667,0,0,0
fx-iris-open,0.9,PASS,0.07016059027777778,0,0.0681423611111111,4,0.07536892361111111,0,0,0
fx-iris-open,1.5,PASS,0.07291666666666667,0,0.07376302083333333,4,0.06879340277777778,0,0,0
fx-iris-open,2.1,PASS,0.07808159722222222,0,0.06647135416666666,4,0.068359375,0,0,0
fx-iris-close,0.3,PASS,0.06059027777777778,0,0.05384114583333333,4,0.05277777777777778,0,0,0
fx-iris-close,0.9,PASS,0.06351996527777778,0,0.05249565972222222,4,0.051171875,0,0,0
fx-iris-close,1.5,PASS,0.004318576388888889,0,0.0030164930555555557,0,0.0025173611111111113,0,0,0
fx-iris-close,2.1,PASS,0,0,0,0,0,0,0,0
fx-slide-reveal,0.3,PASS,0.06714409722222223,0,0.05572916666666667,4,0.048567708333333334,0,0,0
fx-slide-reveal,0.9,PASS,0.21371527777777777,8,0.18326822916666666,4,0.15167100694444444,8,0,0
fx-slide-reveal,1.5,PASS,0.20607638888888888,8,0.19296875,4,0.1625,8,0,0
fx-slide-reveal,2.1,PASS,0.19772135416666667,8,0.18756510416666666,4,0.17606336805555556,8,0,0
fx-zoom-intro,0.3,PASS,0.06599392361111112,0,0.0654296875,4,0.06171875,0,0,0
fx-zoom-intro,0.9,PASS,0.13337673611111112,8,0.12458767361111112,4,0.11536458333333334,8,0,0
fx-zoom-intro,1.5,PASS,0.13294270833333333,8,0.13018663194444444,4,0.12430555555555556,8,0,0
fx-zoom-intro,2.1,PASS,0.07879774305555555,0,0.06692708333333333,4,0.06872829861111111,0,0,0
fx-blur-in,0.3,PASS,0.04097222222222222,0,0.030815972222222224,0,0.026041666666666668,0,0,0
fx-blur-in,0.9,PASS,0.08302951388888889,0,0.07315538194444444,4,0.06675347222222222,0,0,0
fx-blur-in,1.5,PASS,0.10052083333333334,8,0.09207899305555556,4,0.08046875,0,0,0
fx-blur-in,2.1,PASS,0.06675347222222222,0,0.0576171875,4,0.053125,0,0,0
fx-blur-out,0.3,PASS,0.08680555555555555,8,0.08157552083333333,4,0.07413194444444444,0,0,0
fx-blur-out,0.9,PASS,0.03350694444444444,0,0.03676215277777778,0,0.0271484375,0,0,0
fx-blur-out,1.5,PASS,0.017361111111111112,0,0.01796875,0,0.021158854166666668,0,0,0
fx-blur-out,2.1,PASS,0,0,0,0,0,0,0,0
fx-curtain,0.3,PASS,0.07549913194444445,0,0.09138454861111112,4,0.11393229166666667,8,0,0
fx-curtain,0.9,PASS,0.13873697916666666,8,0.13576388888888888,4,0.14283854166666668,8,0,0
fx-curtain,1.5,PASS,0.16668836805555556,8,0.14652777777777778,4,0.1540798611111111,8,0,0
fx-curtain,2.1,PASS,0.15238715277777778,8,0.15305989583333332,4,0.1585720486111111,8,0,0
fx-the-end,0.3,PASS,0.05677083333333333,0,0.04997829861111111,4,0.048567708333333334,0,0,0
fx-the-end,0.9,PASS,0.034895833333333334,0,0.02964409722222222,0,0.028428819444444444,0,0,0
fx-the-end,1.5,PASS,0.005230034722222222,0,0.007161458333333333,0,0.004969618055555555,0,0,0
fx-the-end,2.1,PASS,0,0,0,0,0,0,0,0
fx-flash-in,0.3,PASS,0.05412326388888889,0,0.05572916666666667,4,0.051280381944444446,0,0,0
fx-flash-in,0.9,PASS,0.11879340277777778,8,0.1331814236111111,4,0.09921875,8,0,0
fx-flash-in,1.5,PASS,0.10855034722222222,8,0.10926649305555555,4,0.0998046875,8,0,0
fx-flash-in,2.1,PASS,0.11163194444444445,8,0.10577256944444445,4,0.10101996527777778,8,0,0
fx-glitch-in,0.3,PASS,0.0607421875,0,0.05334201388888889,4,0.05091145833333333,0,0,0
fx-glitch-in,0.9,PASS,0.1458984375,8,0.11332465277777778,4,0.13229166666666667,8,0,0
fx-glitch-in,1.5,PASS,0.13023003472222222,8,0.09364149305555555,4,0.11868489583333333,8,0,0
fx-glitch-in,2.1,PASS,0.09722222222222222,8,0.08734809027777778,4,0.09095052083333334,8,0,0
fx-film-burn,0.3,PASS,0.0740234375,0,0.06948784722222222,4,0.07209201388888889,0,0,0
fx-film-burn,0.9,PASS,0.056380208333333334,0,0.0685546875,4,0.054839409722222225,0,0,0
fx-film-burn,1.5,PASS,0,0,0.01675347222222222,0,0.015104166666666667,0,0,0
fx-film-burn,2.1,PASS,0,0,0,0,0.00017361111111111112,0,0,0
fx-shutter,0.3,PASS,0.06059027777777778,0,0.05384114583333333,4,0.05277777777777778,0,0,0
fx-shutter,0.9,PASS,0.013628472222222222,0,0.0125,0,0.011501736111111112,0,0,0
fx-shutter,1.5,PASS,0.06306423611111112,0,0.060698784722222225,4,0.05559895833333333,0,0,0
fx-shutter,2.1,PASS,0.06675347222222222,0,0.0576171875,4,0.053125,0,0,0
fx-heart-reveal,0.3,PASS,0.032074652777777775,0,0.028754340277777776,0,0.028211805555555556,0,0,0
fx-heart-reveal,0.9,PASS,0.09446614583333333,8,0.08984375,4,0.0886501736111111,8,0,0
fx-heart-reveal,1.5,PASS,0.09576822916666666,8,0.0970703125,4,0.0886501736111111,8,0,0
fx-heart-reveal,2.1,PASS,0.10088975694444445,8,0.09240451388888889,4,0.09351128472222223,8,0,0
fx-torn-reveal,0.3,PASS,0.039952256944444445,0,0.03478732638888889,0,0.031141493055555556,0,0,0
fx-torn-reveal,0.9,PASS,0.06499565972222222,0,0.06197916666666667,4,0.06710069444444444,0,0,0
fx-torn-reveal,1.5,PASS,0.07291666666666667,0,0.07376302083333333,4,0.06879340277777778,0,0,0
fx-torn-reveal,2.1,PASS,0.07808159722222222,0,0.06647135416666666,4,0.068359375,0,0,0
fx-disco,0.3,PASS,0.046375868055555554,0,0.048046875,4,0.04939236111111111,0,0,0
fx-disco,0.9,PASS,0.050629340277777775,0,0.047938368055555555,4,0.0470703125,0,0,0
fx-disco,1.5,PASS,0.05381944444444445,0,0.050130208333333336,4,0.05017361111111111,0,0,0
fx-disco,2.1,PASS,0.048177083333333336,0,0.04683159722222222,4,0.04934895833333333,0,0,0
fx-laser-show,0.3,PASS,0.048285590277777776,0,0.046332465277777776,4,0.044835069444444445,0,0,0
fx-laser-show,0.9,PASS,0.05164930555555555,0,0.050868055555555555,4,0.04613715277777778,0,0,0
fx-laser-show,1.5,PASS,0.047938368055555555,0,0.03951822916666667,0,0.045399305555555554,0,0,0
fx-laser-show,2.1,PASS,0.041102430555555555,0,0.04118923611111111,4,0.05101996527777778,0,0,0
fx-club-lights,0.3,PASS,0.10442708333333334,8,0.11792534722222223,4,0.10290798611111111,8,0,0
fx-club-lights,0.9,PASS,0.11139322916666666,8,0.12662760416666666,4,0.11631944444444445,8,0,0
fx-club-lights,1.5,PASS,0.13179253472222222,8,0.1359592013888889,4,0.13424479166666667,8,0,0
fx-club-lights,2.1,PASS,0.10772569444444445,8,0.11970486111111112,4,0.12317708333333334,8,0,0
fx-beat-zoom,0.3,PASS,0.05078125,0,0.043229166666666666,4,0.039561631944444446,0,0,0
fx-beat-zoom,0.9,PASS,0.048502604166666664,0,0.03830295138888889,0,0.03741319444444444,0,0,0
fx-beat-zoom,1.5,PASS,0.04663628472222222,0,0.040234375,0,0.04038628472222222,0,0,0
fx-beat-zoom,2.1,PASS,0.07102864583333333,0,0.06707899305555555,4,0.06901041666666667,0,0,0
fx-mirror-ball,0.3,FAIL,0.2802517361111111,9,0.3356987847222222,4,0.37215711805555557,9,0,0
fx-mirror-ball,0.9,FAIL,0.3203342013888889,9,0.3121527777777778,4,0.37278645833333335,9,0,0
fx-mirror-ball,1.5,PASS,0.2758029513888889,8,0.23411458333333332,4,0.3108940972222222,8,0,0
fx-mirror-ball,2.1,PASS,0.2752604166666667,8,0.2557508680555556,4,0.3118706597222222,8,0,0
fx-confetti,0.3,PASS,0.0521484375,0,0.04826388888888889,4,0.04715711805555556,0,0,0
fx-confetti,0.9,PASS,0.049544270833333334,0,0.04513888888888889,4,0.04455295138888889,0,0,0
fx-confetti,1.5,PASS,0.05310329861111111,0,0.047374131944444446,4,0.04869791666666667,0,0,0
fx-confetti,2.1,PASS,0.04911024305555556,0,0.04796006944444445,4,0.04411892361111111,0,0,0
fx-colour-cycle,0.3,PASS,0.09724392361111112,8,0.10483940972222222,4,0.13235677083333333,8,0,0
fx-colour-cycle,0.9,PASS,0.1316189236111111,8,0.07502170138888889,4,0.1271701388888889,8,0,0
fx-colour-cycle,1.5,PASS,0.1439236111111111,8,0.10358072916666666,4,0.10766059027777777,8,0,0
fx-colour-cycle,2.1,PASS,0.1349392361111111,8,0.12510850694444445,4,0.08608940972222222,8,0,0
fx-balloons,0.3,PASS,0.10805121527777778,8,0.10381944444444445,4,0.10633680555555555,8,0,0
fx-balloons,0.9,PASS,0.11102430555555555,8,0.10724826388888889,4,0.1228515625,8,0,0
fx-balloons,1.5,PASS,0.09976128472222222,8,0.09717881944444444,4,0.0900390625,8,0,0
fx-balloons,2.1,PASS,0.10475260416666667,8,0.09615885416666667,4,0.09066840277777778,8,0,0
fx-earthquake,0.3,PASS,0.12345920138888888,8,0.12725694444444444,4,0.1169921875,8,0,0
fx-earthquake,0.9,PASS,0.1306423611111111,8,0.12018229166666666,4,0.12493489583333334,8,0,0
fx-earthquake,1.5,PASS,0.12975260416666667,8,0.12669270833333332,4,0.12296006944444444,8,0,0
fx-earthquake,2.1,PASS,0.13383246527777778,8,0.1238064236111111,4,0.12074652777777778,8,0,0
fx-swirl,0.3,PASS,0.13348524305555556,8,0.11979166666666667,4,0.12335069444444445,8,0,0
fx-swirl,0.9,PASS,0.1286892361111111,8,0.1287326388888889,4,0.12693142361111112,8,0,0
fx-swirl,1.5,PASS,0.121875,8,0.1351345486111111,4,0.12113715277777778,8,0,0
fx-swirl,2.1,PASS,0.13101128472222223,8,0.12747395833333333,4,0.12248263888888888,8,0,0
fx-spin,0.3,PASS,0.13472222222222222,8,0.12647569444444445,4,0.11592881944444444,8,0,0
fx-spin,0.9,PASS,0.15729166666666666,8,0.14633246527777777,4,0.1285373263888889,8,0,0
fx-spin,1.5,PASS,0.1365234375,8,0.1359592013888889,4,0.1247829861111111,8,0,0
fx-spin,2.1,PASS,0.15494791666666666,8,0.1505859375,4,0.13372395833333334,8,0,0
fx-bounce,0.3,PASS,0.083203125,8,0.08155381944444444,4,0.08661024305555555,8,0,0
fx-bounce,0.9,PASS,0.08161892361111112,0,0.08148871527777778,4,0.07482638888888889,0,0,0
fx-bounce,1.5,PASS,0.08702256944444445,8,0.07634548611111111,4,0.0794921875,0,0,0
fx-bounce,2.1,PASS,0.08038194444444445,0,0.08248697916666667,4,0.07486979166666667,0,0,0
fx-zoom-pulse,0.3,PASS,0.12777777777777777,8,0.12348090277777778,4,0.12411024305555556,8,0,0
fx-zoom-pulse,0.9,PASS,0.1275390625,8,0.12654079861111112,4,0.11529947916666666,8,0,0
fx-zoom-pulse,1.5,PASS,0.13871527777777778,8,0.13072916666666667,4,0.12573784722222223,8,0,0
fx-zoom-pulse,2.1,PASS,0.12901475694444445,8,0.1345920138888889,4,0.12265625,8,0,0
fx-heartbeat,0.3,PASS,0.08513454861111111,8,0.07951388888888888,4,0.0779079861111111,0,0,0
fx-heartbeat,0.9,PASS,0.05119357638888889,0,0.041276041666666666,4,0.040473090277777776,0,0,0
fx-heartbeat,1.5,PASS,0.07504340277777778,0,0.06401909722222222,4,0.0640625,0,0,0
fx-heartbeat,2.1,PASS,0.08684895833333334,8,0.07493489583333333,4,0.07404513888888889,0,0,0
fx-light-leak,0.3,PASS,0.1130859375,8,0.10618489583333333,4,0.105859375,8,0,0
fx-light-leak,0.9,PASS,0.11519097222222222,8,0.11414930555555555,4,0.11189236111111112,8,0,0
fx-light-leak,1.5,PASS,0.10668402777777777,8,0.11278211805555556,4,0.10243055555555555,8,0,0
fx-light-leak,2.1,PASS,0.11302083333333333,8,0.11141493055555556,4,0.10961371527777777,8,0,0
fx-lens-flare,0.3,PASS,0.09194878472222222,8,0.09635416666666667,4,0.1008029513888889,8,0,0
fx-lens-flare,0.9,PASS,0.09991319444444445,8,0.09665798611111111,4,0.09754774305555555,8,0,0
fx-lens-flare,1.5,PASS,0.09565972222222222,8,0.09535590277777778,4,0.0935546875,8,0,0
fx-lens-flare,2.1,PASS,0.09288194444444445,8,0.10266927083333334,4,0.09427083333333333,8,0,0
fx-bokeh,0.3,PASS,0.08634982638888888,8,0.08335503472222222,4,0.0841796875,8,0,0
fx-bokeh,0.9,PASS,0.08845486111111112,8,0.08155381944444444,4,0.0915798611111111,8,0,0
fx-bokeh,1.5,PASS,0.08500434027777778,8,0.08793402777777778,4,0.07690972222222223,0,0,0
fx-bokeh,2.1,PASS,0.08938802083333333,8,0.08441840277777778,4,0.07706163194444444,0,0,0
fx-sunbeam,0.3,PASS,0.059309895833333334,0,0.05438368055555556,4,0.06141493055555555,0,0,0
fx-sunbeam,0.9,PASS,0.05008680555555556,0,0.043858506944444445,4,0.0451171875,0,0,0
fx-sunbeam,1.5,PASS,0.054600694444444445,0,0.04401041666666667,4,0.0470703125,0,0,0
fx-sunbeam,2.1,PASS,0.05130208333333333,0,0.0455078125,4,0.04388020833333333,0,0,0
fx-rainbow-leak,0.3,PASS,0.11484375,8,0.11219618055555555,4,0.10661892361111111,8,0,0
fx-rainbow-leak,0.9,PASS,0.11673177083333333,8,0.11141493055555556,4,0.11163194444444445,8,0,0
fx-rainbow-leak,1.5,PASS,0.11241319444444445,8,0.11508246527777778,4,0.10436197916666666,8,0,0
fx-rainbow-leak,2.1,PASS,0.11165364583333333,8,0.11006944444444444,4,0.1119140625,8,0,0
fx-bloom,0.3,PASS,0.09924045138888889,8,0.11458333333333333,4,0.10796440972222222,8,0,0
fx-bloom,0.9,PASS,0.09934895833333333,8,0.11812065972222222,4,0.10601128472222222,8,0,0
fx-bloom,1.5,PASS,0.1008029513888889,8,0.11773003472222222,4,0.09900173611111111,8,0,0
fx-bloom,2.1,PASS,0.09800347222222222,8,0.11976996527777778,4,0.098046875,8,0,0
fx-neon-edges,0.3,PASS,0.3287543402777778,8,0.17669270833333334,4,0.2056206597222222,8,0,0
fx-neon-edges,0.9,PASS,0.33578559027777777,8,0.23921440972222222,4,0.14058159722222222,8,0,0
fx-neon-edges,1.5,PASS,0.3285590277777778,8,0.30961371527777776,4,0.1310763888888889,8,0,0
fx-neon-edges,2.1,PASS,0.2608723958333333,8,0.3360677083333333,4,0.12384982638888889,8,0,0
fx-starburst,0.3,PASS,0.13159722222222223,8,0.12725694444444444,4,0.12486979166666666,8,0,0
fx-starburst,0.9,PASS,0.1287109375,8,0.1329861111111111,4,0.12337239583333333,8,0,0
fx-starburst,1.5,PASS,0.13051215277777778,8,0.134375,4,0.1232638888888889,8,0,0
fx-starburst,2.1,PASS,0.1375217013888889,8,0.1277560763888889,4,0.125,8,0,0
fx-split-2,0.3,PASS,0.28901909722222224,8,0.26805555555555555,4,0.2930989583333333,8,0,0
fx-split-2,0.9,PASS,0.29739583333333336,8,0.28433159722222223,4,0.27805989583333335,8,0,0
fx-split-2,1.5,PASS,0.2880859375,8,0.2816840277777778,4,0.3044704861111111,8,0,0
fx-split-2,2.1,PASS,0.29314236111111114,8,0.2723524305555556,4,0.27109375,8,0,0
fx-stack-2,0.3,PASS,0.07719184027777778,0,0.07881944444444444,4,0.073046875,0,0,0
fx-stack-2,0.9,PASS,0.07808159722222222,0,0.0783420138888889,4,0.07799479166666666,0,0,0
fx-stack-2,1.5,PASS,0.08292100694444444,0,0.08042534722222222,4,0.06768663194444445,0,0,0
fx-stack-2,2.1,PASS,0.087109375,8,0.07261284722222222,4,0.07026909722222222,0,0,0
fx-split-3,0.3,FAIL,0.4207682291666667,9,0.43235677083333335,4,0.44092881944444445,9,0,0
fx-split-3,0.9,FAIL,0.4328125,9,0.4466145833333333,4,0.41595052083333334,9,0,0
fx-split-3,1.5,FAIL,0.4620442708333333,9,0.4713324652777778,4,0.459375,9,0,0
fx-split-3,2.1,FAIL,0.4659505208333333,9,0.463671875,4,0.46197916666666666,9,0,0
fx-grid-4,0.3,PASS,0.1003689236111111,8,0.0881076388888889,4,0.1003689236111111,8,0,0
fx-grid-4,0.9,PASS,0.08435329861111111,8,0.0705078125,4,0.08435329861111111,8,0,0
fx-grid-4,1.5,PASS,0.10106336805555556,8,0.09296875,4,0.10106336805555556,8,0,0
fx-grid-4,2.1,PASS,0.09724392361111112,8,0.09038628472222222,4,0.09724392361111112,8,0,0
fx-grid-9,0.3,PASS,0.062413194444444445,0,0.044596354166666664,4,0.05629340277777778,0,0,0
fx-grid-9,0.9,PASS,0.05946180555555555,0,0.05431857638888889,4,0.0388671875,0,0,0
fx-grid-9,1.5,PASS,0.0333984375,0,0.05279947916666667,4,0.05705295138888889,0,0,0
fx-grid-9,2.1,PASS,0.05950520833333333,0,0.060633680555555555,4,0.05646701388888889,0,0,0
fx-mirror-lr,0.3,PASS,0.06414930555555555,0,0.05967881944444445,4,0.0681423611111111,0,0,0
fx-mirror-lr,0.9,PASS,0.06666666666666667,0,0.06805555555555555,4,0.07083333333333333,0,0,0
fx-mirror-lr,1.5,PASS,0.06996527777777778,0,0.05607638888888889,4,0.06037326388888889,0,0,0
fx-mirror-lr,2.1,PASS,0.06870659722222222,0,0.06245659722222222,4,0.066015625,0,0,0
fx-mirror-tb,0.3,PASS,0.07254774305555556,0,0.06284722222222222,4,0.05078125,0,0,0
fx-mirror-tb,0.9,PASS,0.07380642361111112,0,0.06128472222222222,4,0.05529513888888889,0,0,0
fx-mirror-tb,1.5,PASS,0.06885850694444444,0,0.06545138888888889,4,0.055338541666666664,0,0,0
fx-mirror-tb,2.1,PASS,0.0708984375,0,0.06631944444444444,4,0.059895833333333336,0,0,0
fx-kaleido-4,0.3,PASS,0.0892578125,8,0.07269965277777778,4,0.06851128472222222,0,0,0
fx-kaleido-4,0.9,PASS,0.09019097222222222,8,0.07473958333333333,4,0.07873263888888889,0,0,0
fx-kaleido-4,1.5,PASS,0.07795138888888889,0,0.07864583333333333,4,0.07506510416666666,0,0,0
fx-kaleido-4,2.1,PASS,0.09279513888888889,8,0.0700954861111111,4,0.06636284722222222,0,0,0
fx-rgb-panes,0.3,PASS,0.12699652777777778,8,0.14427083333333332,4,0.13912760416666667,8,0,0
fx-rgb-panes,0.9,PASS,0.10935329861111111,8,0.14016927083333333,4,0.14717881944444444,8,0,0
fx-rgb-panes,1.5,PASS,0.11675347222222222,8,0.15950520833333334,4,0.1545138888888889,8,0,0
fx-rgb-panes,2.1,PASS,0.12074652777777778,8,0.15690104166666666,4,0.14136284722222223,8,0,0
fx-grid-flash,0.3,PASS,0.1,8,0.08402777777777778,4,0.08333333333333333,8,0,0
fx-grid-flash,0.9,PASS,0.13678385416666666,8,0.08736979166666667,4,0.09390190972222222,8,0,0
fx-grid-flash,1.5,PASS,0.09216579861111111,8,0.094921875,4,0.10277777777777777,8,0,0
fx-grid-flash,2.1,PASS,0.09392361111111111,8,0.10245225694444444,4,0.07430555555555556,0,0,0
fx-pencil-sketch,0.3,PASS,0.19535590277777778,8,0.194140625,4,0.19032118055555555,8,0,0
fx-pencil-sketch,0.9,PASS,0.25093315972222224,8,0.24131944444444445,4,0.258984375,8,0,0
fx-pencil-sketch,1.5,PASS,0.24815538194444445,8,0.24733072916666668,4,0.2509765625,8,0,0
fx-pencil-sketch,2.1,PASS,0.2799045138888889,8,0.2759548611111111,4,0.2886935763888889,8,0,0
fx-marker-lines,0.3,PASS,0.2302734375,8,0.2871310763888889,5,0.29596354166666666,8,0,0
fx-marker-lines,0.9,FAIL,0.26796875,8,0.3429036458333333,8,0.34479166666666666,9,0,0
fx-marker-lines,1.5,FAIL,0.2730251736111111,8,0.3208550347222222,5,0.3310546875,9,0,0
fx-marker-lines,2.1,FAIL,0.25859375,8,0.31558159722222223,5,0.3336154513888889,9,0,0
fx-spray-neon,0.3,PASS,0.2259548611111111,8,0.1652560763888889,4,0.08511284722222222,8,0,0
fx-spray-neon,0.9,PASS,0.2435980902777778,8,0.1789279513888889,4,0.09118923611111111,8,0,0
fx-spray-neon,1.5,PASS,0.24624565972222223,8,0.1619140625,4,0.09637586805555555,8,0,0
fx-spray-neon,2.1,PASS,0.24071180555555555,8,0.16671006944444444,4,0.09312065972222222,8,0,0
fx-comic-print,0.3,PASS,0.11655815972222222,0,0.11614583333333334,4,0.11443142361111111,0,0,0
fx-comic-print,0.9,PASS,0.12400173611111111,0,0.11291232638888889,4,0.10247395833333334,0,0,0
fx-comic-print,1.5,PASS,0.11059027777777777,0,0.10277777777777777,4,0.10421006944444444,0,0,0
fx-comic-print,2.1,PASS,0.09503038194444445,0,0.11223958333333334,4,0.10286458333333333,0,0,0
fx-chalkboard,0.3,PASS,0.17092013888888888,8,0.16740451388888888,4,0.1691623263888889,8,0,0
fx-chalkboard,0.9,PASS,0.23298611111111112,8,0.22805989583333333,4,0.2310763888888889,8,0,0
fx-chalkboard,1.5,PASS,0.22641059027777777,8,0.23020833333333332,4,0.23098958333333333,8,0,0
fx-chalkboard,2.1,PASS,0.2608723958333333,8,0.2546657986111111,4,0.2615885416666667,8,0,0
fx-scribble-frame,0.3,PASS,0.06866319444444445,0,0.06378038194444445,4,0.06540798611111111,0,0,0
fx-scribble-frame,0.9,PASS,0.06755642361111111,0,0.06614583333333333,4,0.06712239583333333,0,0,0
fx-scribble-frame,1.5,PASS,0.07085503472222222,0,0.0724826388888889,4,0.06558159722222222,0,0,0
fx-scribble-frame,2.1,PASS,0.07606336805555555,0,0.06477864583333333,4,0.0675998263888889,0,0,0
fx-confetti-burst,0.3,FAIL,2.744552951388889,107,2.508550347222222,77,2.4298828125,83,0,0
fx-confetti-burst,0.9,FAIL,1.4086805555555555,58,1.556640625,57,1.7385633680555554,74,0,0
fx-confetti-burst,1.5,FAIL,1.102712673611111,49,1.2180555555555554,53,1.1783203125,41,0,0
fx-confetti-burst,2.1,FAIL,1.0103515625,33,0.9453125,33,1.17578125,33,0,0
fx-gold-glitter,0.3,PASS,0.06239149305555555,0,0.055577256944444445,4,0.04958767361111111,0,0,0
fx-gold-glitter,0.9,PASS,0.06970486111111111,0,0.05911458333333333,4,0.05115017361111111,0,0,0
fx-gold-glitter,1.5,PASS,0.06714409722222223,0,0.05863715277777778,4,0.055403645833333334,0,0,0
fx-gold-glitter,2.1,PASS,0.07016059027777778,0,0.05865885416666667,4,0.05503472222222222,0,0,0
fx-heart-rain,0.3,PASS,0.11178385416666667,8,0.105078125,4,0.09791666666666667,8,0,0
fx-heart-rain,0.9,PASS,0.12176649305555555,8,0.11015625,4,0.10716145833333333,8,0,0
fx-heart-rain,1.5,PASS,0.12180989583333333,8,0.10598958333333333,4,0.10028211805555555,8,0,0
fx-heart-rain,2.1,PASS,0.12916666666666668,8,0.1048828125,4,0.10182291666666667,8,0,0
fx-bubbles,0.3,PASS,0.06436631944444444,0,0.05985243055555556,4,0.05835503472222222,0,0,0
fx-bubbles,0.9,PASS,0.06877170138888888,0,0.06180555555555556,4,0.060394965277777775,0,0,0
fx-bubbles,1.5,PASS,0.06799045138888889,0,0.06812065972222223,4,0.0642361111111111,0,0,0
fx-bubbles,2.1,PASS,0.07315538194444444,0,0.06263020833333334,4,0.0646701388888889,0,0,0
fx-star-pop,0.3,PASS,0.05967881944444445,0,0.05325520833333333,4,0.04424913194444444,0,0,0
fx-star-pop,0.9,PASS,0.05269097222222222,0,0.044270833333333336,4,0.047026909722222225,0,0,0
fx-star-pop,1.5,PASS,0.059027777777777776,0,0.050694444444444445,4,0.04286024305555555,0,0,0
fx-star-pop,2.1,PASS,0.08014322916666666,0,0.07033420138888889,4,0.055013020833333336,0,0,0
fx-petals,0.3,PASS,0.10989583333333333,8,0.10366753472222222,4,0.1027560763888889,8,0,0
fx-petals,0.9,PASS,0.12261284722222222,8,0.10766059027777777,4,0.11026475694444444,8,0,0
fx-petals,1.5,PASS,0.11662326388888888,8,0.10733506944444444,4,0.10210503472222222,8,0,0
fx-petals,2.1,PASS,0.1222873263888889,8,0.10874565972222222,4,0.10677083333333333,8,0,0
fx-snowfall,0.3,FAIL,1.654470486111111,49,1.8068359375,56,2.0176649305555556,65,0,0
fx-snowfall,0.9,FAIL,1.7221137152777777,50,1.8595920138888888,57,2.0498480902777776,65,0,0
fx-snowfall,1.5,FAIL,1.6973958333333334,50,1.8631293402777778,56,2.0631510416666665,65,0,0
fx-snowfall,2.1,FAIL,1.7098958333333334,50,1.8568359375,53,2.062868923611111,58,0,0
fx-sparkler,0.3,PASS,0.09958767361111111,8,0.1029296875,4,0.11195746527777778,8,0,0
fx-sparkler,0.9,PASS,0.10171440972222222,8,0.10316840277777778,4,0.11540798611111111,8,0,0
fx-sparkler,1.5,PASS,0.10902777777777778,8,0.106640625,4,0.09945746527777778,8,0,0
fx-sparkler,2.1,PASS,0.09709201388888888,8,0.10151909722222222,4,0.11436631944444445,8,0,0
fx-pixelate,0.3,PASS,0.08062065972222222,0,0.08763020833333333,4,0.08116319444444445,0,0,0
fx-pixelate,0.9,PASS,0.06968315972222222,0,0.08333333333333333,4,0.06475694444444445,0,0,0
fx-pixelate,1.5,PASS,0.080078125,0,0.08697916666666666,4,0.07020399305555555,0,0,0
fx-pixelate,2.1,PASS,0.08133680555555556,0,0.08111979166666666,4,0.07157118055555556,0,0,0
fx-pixel-scan,0.3,PASS,0.07797309027777778,0,0.08009982638888889,4,0.08404947916666666,8,0,0
fx-pixel-scan,0.9,PASS,0.07764756944444444,0,0.07621527777777778,4,0.0837890625,8,0,0
fx-pixel-scan,1.5,PASS,0.07934027777777777,0,0.08233506944444445,4,0.07762586805555556,0,0,0
fx-pixel-scan,2.1,PASS,0.08676215277777778,8,0.07415364583333334,4,0.07326388888888889,0,0,0
fx-mosaic-pulse,0.3,PASS,0.13044704861111112,8,0.12901475694444445,4,0.11482204861111112,8,0,0
fx-mosaic-pulse,0.9,PASS,0.11729600694444445,8,0.11666666666666667,4,0.09748263888888889,8,0,0
fx-mosaic-pulse,1.5,PASS,0.11957465277777778,8,0.16755642361111112,4,0.11586371527777778,8,0,0
fx-mosaic-pulse,2.1,FAIL,1.7505425347222223,49,1.5693142361111112,40,1.4055989583333333,33,0,0
fx-eight-bit,0.3,FAIL,9.520073784722221,50,8.46017795138889,49,8.970811631944445,50,0,0
fx-eight-bit,0.9,FAIL,9.554622395833333,50,8.830620659722221,49,8.6943359375,50,0,0
fx-eight-bit,1.5,FAIL,9.526519097222222,50,8.982986111111112,49,8.528450520833333,50,0,0
fx-eight-bit,2.1,FAIL,9.474262152777778,50,8.5228515625,49,8.45236545138889,50,0,0
fx-pixel-sort,0.3,PASS,0.17146267361111112,8,0.1662109375,4,0.17174479166666667,8,0,0
fx-pixel-sort,0.9,PASS,0.1865234375,8,0.17569444444444443,4,0.19696180555555556,8,0,0
fx-pixel-sort,1.5,PASS,0.17180989583333334,8,0.15813802083333334,4,0.17842881944444444,8,0,0
fx-pixel-sort,2.1,PASS,0.1783420138888889,8,0.15930989583333333,4,0.17610677083333334,8,0,0
fx-pixel-breakdown,0.3,PASS,0.08893229166666666,8,0.07604166666666666,4,0.08357204861111112,0,0,0
fx-pixel-breakdown,0.9,PASS,0.1681423611111111,8,0.1818576388888889,4,0.18203125,8,0,0
fx-pixel-breakdown,1.5,PASS,0.14817708333333332,8,0.1902560763888889,4,0.16842447916666667,8,0,0
fx-pixel-breakdown,2.1,PASS,0.09737413194444444,0,0.09401041666666667,4,0.08984375,0,0,0
fx-beads,0.3,PASS,0.07717013888888889,0,0.072265625,4,0.07599826388888889,0,0,0
fx-beads,0.9,PASS,0.08153211805555556,0,0.07361111111111111,4,0.06990017361111112,0,0,0
fx-beads,1.5,PASS,0.07853732638888888,0,0.07469618055555556,4,0.06740451388888889,0,0,0
fx-beads,2.1,PASS,0.08213975694444445,0,0.07393663194444444,4,0.07734375,0,0,0
fx-led-wall,0.3,PASS,0.07239583333333334,0,0.07782118055555555,4,0.08368055555555555,8,0,0
fx-led-wall,0.9,PASS,0.07437065972222222,0,0.08728298611111111,4,0.08606770833333334,8,0,0
fx-led-wall,1.5,PASS,0.07593315972222223,0,0.08550347222222222,4,0.08452690972222222,8,0,0
fx-led-wall,2.1,PASS,0.08448350694444444,8,0.08168402777777778,4,0.08413628472222222,8,0,0
fx-cross-stitch,0.3,PASS,0.08381076388888889,8,0.07667100694444444,4,0.10885416666666667,8,0,0
fx-cross-stitch,0.9,PASS,0.084765625,8,0.07612847222222222,4,0.11315104166666666,8,0,0
fx-cross-stitch,1.5,PASS,0.08263888888888889,0,0.07899305555555555,4,0.11011284722222223,8,0,0
fx-cross-stitch,2.1,PASS,0.090234375,8,0.0798611111111111,4,0.11419270833333334,8,0,0
fx-toy-bricks,0.3,PASS,0.09965277777777778,8,0.08795572916666666,4,0.06875,0,0,0
fx-toy-bricks,0.9,PASS,0.0904296875,8,0.088671875,4,0.08077256944444444,0,0,0
fx-toy-bricks,1.5,PASS,0.08359375,8,0.08585069444444444,4,0.08075086805555555,0,0,0
fx-toy-bricks,2.1,PASS,0.08819444444444445,8,0.09142795138888889,4,0.07749565972222222,0,0,0
fx-pixel-glitch,0.3,PASS,0.0638671875,0,0.0693359375,4,0.0603515625,0,0,0
fx-pixel-glitch,0.9,PASS,0.07176649305555556,0,0.06549479166666666,4,0.06169704861111111,0,0,0
fx-pixel-glitch,1.5,PASS,0.07124565972222222,0,0.07454427083333333,4,0.06959635416666667,0,0,0
fx-pixel-glitch,2.1,PASS,0.07508680555555555,0,0.06365017361111111,4,0.06681857638888888,0,0,0
fx-rgb-split,0.3,PASS,0.2340060763888889,8,0.1911892361111111,4,0.1693359375,8,0,0
fx-rgb-split,0.9,PASS,0.24713541666666666,8,0.194140625,4,0.19019097222222223,8,0,0
fx-rgb-split,1.5,PASS,0.22510850694444445,8,0.19691840277777778,4,0.2103515625,8,0,0
fx-rgb-split,2.1,PASS,0.20696614583333334,8,0.18756510416666666,4,0.17191840277777778,8,0,0
fx-digital-blocks,0.3,PASS,0.15651041666666668,8,0.14674479166666668,4,0.15071614583333334,8,0,0
fx-digital-blocks,0.9,PASS,0.15442708333333333,8,0.1531467013888889,4,0.16744791666666667,8,0,0
fx-digital-blocks,1.5,PASS,0.17760416666666667,8,0.1513671875,4,0.15824652777777778,8,0,0
fx-digital-blocks,2.1,PASS,0.15553385416666668,8,0.15690104166666666,4,0.16453993055555555,8,0,0
fx-vhs,0.3,FAIL,4.576909722222222,17,4.599327256944444,13,4.6008897569444445,17,0,0
fx-vhs,0.9,FAIL,4.532421875,17,4.543532986111111,13,4.569466145833333,17,0,0
fx-vhs,1.5,FAIL,4.546766493055555,17,4.550651041666667,13,4.542599826388889,17,0,0
fx-vhs,2.1,FAIL,4.584874131944445,17,4.5862847222222225,13,4.5958984375,17,0,0
fx-scanline-jitter,0.3,PASS,0.12215711805555556,8,0.118359375,4,0.12341579861111111,8,0,0
fx-scanline-jitter,0.9,PASS,0.11423611111111111,8,0.11733940972222222,4,0.13428819444444445,8,0,0
fx-scanline-jitter,1.5,PASS,0.12256944444444444,8,0.11666666666666667,4,0.1369140625,8,0,0
fx-scanline-jitter,2.1,PASS,0.10694444444444444,8,0.11438802083333334,4,0.13834635416666666,8,0,0
fx-datamosh,0.3,PASS,0.2950303819444444,8,0.2849609375,4,0.2855685763888889,8,0,0
fx-datamosh,0.9,FAIL,0.34618055555555555,9,0.337890625,4,0.3550564236111111,9,0,0
fx-datamosh,1.5,PASS,0.26859809027777776,8,0.26482204861111114,4,0.27684461805555555,8,0,0
fx-datamosh,2.1,FAIL,0.32734375,9,0.30716145833333336,4,0.31050347222222224,8,0,0
fx-signal-loss,0.3,PASS,0.0740234375,0,0.06948784722222222,4,0.07209201388888889,0,0,0
fx-signal-loss,0.9,FAIL,14.635698784722223,148,14.599934895833334,150,14.629535590277778,148,0,0
fx-signal-loss,1.5,PASS,0.07291666666666667,0,0.07376302083333333,4,0.06879340277777778,0,0,0
fx-signal-loss,2.1,FAIL,7.284418402777778,132,7.255360243055556,134,7.2765625,132,0,0
fx-chroma-wave,0.3,FAIL,0.4308810763888889,9,0.4448784722222222,4,0.43083767361111114,9,0,0
fx-chroma-wave,0.9,FAIL,0.4127604166666667,9,0.44383680555555555,4,0.42332899305555555,9,0,0
fx-chroma-wave,1.5,FAIL,0.44774305555555555,9,0.4631076388888889,4,0.44429253472222224,9,0,0
fx-chroma-wave,2.1,FAIL,0.4353081597222222,9,0.45164930555555555,4,0.4459635416666667,9,0,0
fx-bad-tv,0.3,FAIL,7.223090277777778,25,7.262131076388889,21,7.262326388888889,25,0,0
fx-bad-tv,0.9,FAIL,7.166427951388889,25,7.189865451388889,21,7.175651041666667,25,0,0
fx-bad-tv,1.5,FAIL,7.186957465277778,25,7.221158854166666,21,7.213324652777778,25,0,0
fx-bad-tv,2.1,FAIL,7.2327256944444445,25,7.260373263888889,21,7.2685546875,25,0,0
fx-glitch-flash,0.3,PASS,0.1033203125,8,0.09993489583333333,4,0.1033203125,8,0,0
fx-glitch-flash,0.9,PASS,0.13125,8,0.11655815972222222,4,0.12196180555555555,8,0,0
fx-glitch-flash,1.5,PASS,0.09578993055555556,8,0.09639756944444444,4,0.09578993055555556,8,0,0
fx-glitch-flash,2.1,PASS,0.09197048611111111,8,0.09659288194444444,4,0.09197048611111111,8,0,0
fx-vhs-rewind,0.3,FAIL,6.2427734375,17,6.282356770833333,17,6.296723090277778,17,0,0
fx-vhs-rewind,0.9,FAIL,6.350325520833334,17,6.387934027777778,17,6.367426215277778,17,0,0
fx-vhs-rewind,1.5,FAIL,6.371354166666666,17,6.414322916666666,17,6.4126953125,17,0,0
fx-vhs-rewind,2.1,PASS,0.14194878472222222,8,0.1312282986111111,4,0.13370225694444443,8,0,0
fx-film-8mm,0.3,FAIL,10.420290798611111,33,10.486762152777779,29,10.477039930555556,33,0,0
fx-film-8mm,0.9,FAIL,11.295377604166667,33,11.377842881944444,32,11.3751953125,33,0,0
fx-film-8mm,1.5,FAIL,11.179253472222221,33,11.264908854166666,32,11.170572916666666,33,0,0
fx-film-8mm,2.1,PASS,0.11312934027777778,8,0.10755208333333334,4,0.08485243055555555,0,0,0
fx-old-tv,0.3,FAIL,6.330859375,24,6.410373263888889,20,6.385373263888889,24,0,0
fx-old-tv,0.9,FAIL,6.407313368055555,25,6.492947048611111,21,6.45390625,25,0,0
fx-old-tv,1.5,FAIL,6.459874131944445,25,6.5090928819444445,20,6.518641493055555,25,0,0
fx-old-tv,2.1,PASS,0.0611328125,0,0.06299913194444444,4,0.06284722222222222,0,0,0
fx-film-burn-leak,0.3,PASS,0.11351996527777777,8,0.11106770833333333,4,0.10392795138888888,8,0,0
fx-film-burn-leak,0.9,PASS,0.12126736111111111,8,0.11427951388888889,4,0.11427951388888889,8,0,0
fx-film-burn-leak,1.5,PASS,0.10950520833333334,8,0.11881510416666667,4,0.10609809027777778,8,0,0
fx-film-burn-leak,2.1,PASS,0.10640190972222222,8,0.11193576388888889,4,0.11119791666666666,8,0,0
fx-faded-print,0.3,PASS,0.07628038194444445,0,0.0921875,4,0.0966796875,8,0,0
fx-faded-print,0.9,PASS,0.07163628472222222,0,0.09481336805555556,4,0.09837239583333333,8,0,0
fx-faded-print,1.5,PASS,0.07825520833333334,0,0.0962890625,4,0.10271267361111111,8,0,0
fx-faded-print,2.1,PASS,0.07721354166666666,0,0.09305555555555556,4,0.10171440972222222,8,0,0
fx-seventies,0.3,FAIL,4.779253472222222,17,5.038671875,16,5.100564236111111,17,0,0
fx-seventies,0.9,FAIL,4.787608506944444,17,5.119835069444444,16,5.146571180555555,17,0,0
fx-seventies,1.5,FAIL,4.866493055555556,17,5.147612847222222,16,5.211805555555555,17,0,0
fx-seventies,2.1,PASS,0.13713107638888888,8,0.13669704861111112,4,0.10625,8,0,0
fx-dust-scratches,0.3,PASS,0.09231770833333333,0,0.08752170138888889,4,0.09168836805555555,0,0,0
fx-dust-scratches,0.9,PASS,0.07717013888888889,0,0.07495659722222223,4,0.081640625,0,0,0
fx-dust-scratches,1.5,PASS,0.14401041666666667,0,0.14809027777777778,4,0.14429253472222223,0,0,0
fx-dust-scratches,2.1,PASS,0.115234375,0,0.10538194444444444,4,0.10748697916666666,0,0,0
fx-cmyk-print,0.3,FAIL,0.5034722222222222,9,2.1127821180555557,45,2.107986111111111,49,0,0
fx-cmyk-print,0.9,FAIL,0.4972005208333333,9,2.0960286458333335,45,2.103515625,49,0,0
fx-cmyk-print,1.5,FAIL,0.4850043402777778,9,2.041276041666667,45,2.094596354166667,42,0,0
fx-cmyk-print,2.1,FAIL,0.49919704861111114,9,2.078537326388889,45,2.069704861111111,42,0,0
fx-sepia-flicker,0.3,PASS,0.07996961805555555,0,0.07517361111111111,4,0.058051215277777776,0,0,0
fx-sepia-flicker,0.9,PASS,0.07621527777777778,0,0.07751736111111111,4,0.06319444444444444,0,0,0
fx-sepia-flicker,1.5,PASS,0.09578993055555556,8,0.08480902777777778,4,0.07092013888888889,0,0,0
fx-sepia-flicker,2.1,PASS,0.09162326388888889,8,0.08923611111111111,4,0.07016059027777778,0,0,0
fx-tr-vertical-blur,0.3,PASS,0.07352430555555556,0,0.05720486111111111,4,0.06681857638888888,0,0,0
fx-tr-vertical-blur,0.9,PASS,0.056640625,0,0.059657118055555555,4,0.050303819444444446,0,0,0
fx-tr-vertical-blur,1.5,PASS,0.05952690972222222,0,0.061046006944444446,4,0.07669270833333333,0,0,0
fx-tr-vertical-blur,2.1,PASS,0.06959635416666667,0,0.06599392361111112,4,0.07259114583333333,0,0,0
fx-tr-slam-merge,0.3,PASS,0.24171006944444445,8,0.22198350694444444,4,0.21061197916666666,8,0,0
fx-tr-slam-merge,0.9,PASS,0.20227864583333333,8,0.222265625,4,0.19140625,8,0,0
fx-tr-slam-merge,1.5,PASS,0.28509114583333334,8,0.2659939236111111,4,0.27491319444444445,8,0,0
fx-tr-slam-merge,2.1,PASS,0.29984809027777776,8,0.2845269097222222,4,0.2794270833333333,8,0,0
fx-tr-heat-flicks,0.3,PASS,0.09142795138888889,8,0.08643663194444444,4,0.08526475694444445,8,0,0
fx-tr-heat-flicks,0.9,PASS,0.104296875,8,0.10138888888888889,4,0.08953993055555555,8,0,0
fx-tr-heat-flicks,1.5,PASS,0.20625,8,0.16280381944444444,4,0.14750434027777778,8,0,0
fx-tr-heat-flicks,2.1,PASS,0.152734375,8,0.15305989583333332,4,0.1587456597222222,8,0,0
fx-tr-glare,0.3,PASS,0.0708984375,0,0.06647135416666666,4,0.07335069444444445,0,0,0
fx-tr-glare,0.9,PASS,0.05694444444444444,0,0.05546875,4,0.06427951388888889,0,0,0
fx-tr-glare,1.5,PASS,0.08090277777777778,0,0.0935546875,4,0.08487413194444444,8,0,0
fx-tr-glare,2.1,PASS,0.17432725694444445,8,0.16892361111111112,4,0.16538628472222222,8,0,0
fx-tr-cutout-scan,0.3,PASS,0.26864149305555557,8,0.2543402777777778,4,0.27786458333333336,8,0,0
fx-tr-cutout-scan,0.9,PASS,0.24837239583333334,8,0.25049913194444445,4,0.2504340277777778,8,0,0
fx-tr-cutout-scan,1.5,PASS,0.17105034722222223,8,0.16516927083333333,4,0.17332899305555555,8,0,0
fx-tr-cutout-scan,2.1,FAIL,0.4466362847222222,9,0.4451822916666667,4,0.44635416666666666,9,0,0
fx-tr-fake-zoom,0.3,PASS,0.18947482638888888,8,0.176953125,4,0.18726128472222223,8,0,0
fx-tr-fake-zoom,0.9,PASS,0.18524305555555556,8,0.16510416666666666,4,0.17588975694444445,8,0,0
fx-tr-fake-zoom,1.5,PASS,0.15243055555555557,8,0.14845920138888888,4,0.16015625,8,0,0
fx-tr-fake-zoom,2.1,PASS,0.14331597222222223,8,0.13444010416666666,4,0.1472439236111111,8,0,0
fx-tr-zoom-swipe,0.3,PASS,0.17007378472222223,8,0.16343315972222222,4,0.16111111111111112,8,0,0
fx-tr-zoom-swipe,0.9,PASS,0.11744791666666667,8,0.11438802083333334,4,0.09281684027777778,8,0,0
fx-tr-zoom-swipe,1.5,PASS,0.10705295138888889,8,0.10546875,4,0.10705295138888889,8,0,0
fx-tr-zoom-swipe,2.1,PASS,0.1064453125,8,0.11495225694444444,4,0.1064453125,8,0,0
fx-tr-panel-clasp,0.3,FAIL,0.44353298611111114,9,0.4444661458333333,4,0.44505208333333335,9,0,0
fx-tr-panel-clasp,0.9,PASS,0.2462673611111111,8,0.24991319444444443,4,0.24522569444444445,8,0,0
fx-tr-panel-clasp,1.5,PASS,0.03884548611111111,0,0.03504774305555555,0,0.037651909722222224,0,0,0
fx-tr-panel-clasp,2.1,PASS,0.056098090277777776,0,0.05082465277777778,4,0.053168402777777776,0,0,0
fx-tr-heatwave-flash,0.3,PASS,0.09789496527777777,8,0.11525607638888889,4,0.11981336805555555,8,0,0
fx-tr-heatwave-flash,0.9,PASS,0.13858506944444443,8,0.1498480902777778,4,0.15336371527777778,8,0,0
fx-tr-heatwave-flash,1.5,PASS,0.2419704861111111,8,0.2254123263888889,4,0.18977864583333334,8,0,0
fx-tr-heatwave-flash,2.1,PASS,0.20598958333333334,8,0.20115017361111112,4,0.18302951388888888,8,0,0
fx-tr-mix,0.3,PASS,0.06727430555555555,0,0.06336805555555555,4,0.07057291666666667,0,0,0
fx-tr-mix,0.9,PASS,0.07983940972222223,0,0.08179253472222223,4,0.08830295138888888,8,0,0
fx-tr-mix,1.5,PASS,0.16187065972222223,8,0.14602864583333333,4,0.1409939236111111,8,0,0
fx-tr-mix,2.1,PASS,0.171875,8,0.16404079861111112,4,0.1623263888888889,8,0,0
fx-tr-black-fade,0.3,FAIL,0.32180989583333336,9,0.3092013888888889,4,0.3238932291666667,9,0,0
fx-tr-black-fade,0.9,PASS,0.2760416666666667,8,0.19227430555555555,4,0.27816840277777777,8,0,0
fx-tr-black-fade,1.5,PASS,0.42803819444444446,8,0.3201822916666667,4,0.41684027777777777,8,0,0
fx-tr-black-fade,2.1,FAIL,0.5071831597222223,9,0.5185329861111111,4,0.5361762152777778,9,0,0
fx-tr-white-flash,0.3,FAIL,0.2671440972222222,9,0.1636284722222222,4,0.1556640625,8,0,0
fx-tr-white-flash,0.9,PASS,0.10286458333333333,8,0.10672743055555556,4,0.10729166666666666,8,0,0
fx-tr-white-flash,1.5,PASS,0.07879774305555555,0,0.06946614583333334,4,0.08174913194444444,0,0,0
fx-tr-white-flash,2.1,PASS,0.11432291666666666,8,0.1066623263888889,4,0.11195746527777778,8,0,0
fx-tr-blur,0.3,PASS,0.16950954861111112,8,0.1681640625,4,0.16234809027777777,8,0,0
fx-tr-blur,0.9,PASS,0.10533854166666666,8,0.09058159722222223,4,0.0754123263888889,0,0,0
fx-tr-blur,1.5,PASS,0.07981770833333333,0,0.0697265625,4,0.07981770833333333,0,0,0
fx-tr-blur,2.1,PASS,0.0978732638888889,8,0.09724392361111112,4,0.0978732638888889,8,0,0
fx-tr-blink,0.3,FAIL,0.4485894097222222,9,0.44765625,4,0.44893663194444444,9,0,0
fx-tr-blink,0.9,PASS,0.2406684027777778,8,0.23843315972222223,4,0.24407552083333334,8,0,0
fx-tr-blink,1.5,PASS,0.04782986111111111,0,0.042317708333333336,4,0.04854600694444444,0,0,0
fx-tr-blink,2.1,PASS,0.057530381944444445,0,0.051280381944444446,4,0.05407986111111111,0,0,0
fx-tr-pull-in,0.3,PASS,0.14418402777777778,8,0.14680989583333334,4,0.1634548611111111,8,0,0
fx-tr-pull-in,0.9,PASS,0.13246527777777778,8,0.12849392361111112,4,0.1294921875,8,0,0
fx-tr-pull-in,1.5,PASS,0.1515842013888889,8,0.12782118055555555,4,0.12606336805555557,8,0,0
fx-tr-pull-in,2.1,PASS,0.24231770833333333,8,0.21746961805555556,4,0.19542100694444445,8,0,0
fx-tr-pull-out,0.3,PASS,0.11573350694444444,8,0.11080729166666667,4,0.11573350694444444,8,0,0
fx-tr-pull-out,0.9,PASS,0.0871310763888889,8,0.09251302083333333,4,0.0871310763888889,8,0,0
fx-tr-pull-out,1.5,PASS,0.11759982638888888,8,0.08695746527777778,4,0.08122829861111111,0,0,0
fx-tr-pull-out,2.1,PASS,0.09989149305555556,8,0.09672309027777778,4,0.09835069444444444,8,0,0
fx-tr-zoom-spin,0.3,PASS,0.08576388888888889,8,0.0906032986111111,4,0.08287760416666666,8,0,0
fx-tr-zoom-spin,0.9,PASS,0.051497395833333334,0,0.057465277777777775,4,0.0568359375,0,0,0
fx-tr-zoom-spin,1.5,PASS,0.08873697916666666,8,0.07756076388888888,4,0.086328125,8,0,0
fx-tr-zoom-spin,2.1,PASS,0.09440104166666667,8,0.09134114583333333,4,0.10041232638888889,8,0,0
fx-tr-rotate-cw,0.3,PASS,0.2230251736111111,8,0.21684027777777778,4,0.1947265625,8,0,0
fx-tr-rotate-cw,0.9,PASS,0.14457465277777778,8,0.13313802083333334,4,0.1208984375,8,0,0
fx-tr-rotate-cw,1.5,PASS,0.1340060763888889,8,0.1325954861111111,4,0.14184027777777777,8,0,0
fx-tr-rotate-cw,2.1,PASS,0.2673828125,8,0.2593532986111111,4,0.2664713541666667,8,0,0
fx-tr-rotate-ccw,0.3,PASS,0.11095920138888889,8,0.1001953125,4,0.08608940972222222,8,0,0
fx-tr-rotate-ccw,0.9,PASS,0.13079427083333334,8,0.08333333333333333,4,0.08077256944444444,0,0,0
fx-tr-rotate-ccw,1.5,PASS,0.09375,8,0.08951822916666667,4,0.08658854166666667,8,0,0
fx-tr-rotate-ccw,2.1,PASS,0.17250434027777778,8,0.16006944444444443,4,0.16803385416666666,8,0,0
fx-tr-shake,0.3,PASS,0.07445746527777777,0,0.06796875,4,0.07610677083333334,0,0,0
fx-tr-shake,0.9,PASS,0.09192708333333334,8,0.11443142361111111,4,0.11775173611111112,8,0,0
fx-tr-shake,1.5,PASS,0.1947699652777778,8,0.16041666666666668,4,0.15160590277777777,8,0,0
fx-tr-shake,2.1,PASS,0.17703993055555556,8,0.1730251736111111,4,0.17200520833333333,8,0,0
fx-tr-whip-left,0.3,FAIL,0.30418836805555555,9,0.27708333333333335,4,0.2954861111111111,8,0,0
fx-tr-whip-left,0.9,PASS,0.1775173611111111,8,0.17157118055555556,4,0.17738715277777778,8,0,0
fx-tr-whip-left,1.5,PASS,0.20729166666666668,8,0.20946180555555555,4,0.20753038194444445,8,0,0
fx-tr-whip-left,2.1,FAIL,0.4105251736111111,9,0.41575520833333335,4,0.41412760416666666,9,0,0
fx-tr-whip-right,0.3,PASS,0.19811197916666667,8,0.17845052083333332,4,0.1995876736111111,8,0,0
fx-tr-whip-right,0.9,PASS,0.10290798611111111,8,0.10703125,4,0.09533420138888889,8,0,0
fx-tr-whip-right,1.5,PASS,0.12552083333333333,8,0.10271267361111111,4,0.10983072916666667,8,0,0
fx-tr-whip-right,2.1,PASS,0.14459635416666666,8,0.13565538194444443,4,0.15329861111111112,8,0,0
fx-tr-whip-up,0.3,PASS,0.19327256944444443,8,0.1771267361111111,4,0.1430121527777778,8,0,0
fx-tr-whip-up,0.9,PASS,0.1325954861111111,8,0.13138020833333333,4,0.11360677083333333,8,0,0
fx-tr-whip-up,1.5,PASS,0.07154947916666667,0,0.07237413194444445,4,0.07154947916666667,0,0,0
fx-tr-whip-up,2.1,PASS,0.1287109375,8,0.146484375,4,0.1287109375,8,0,0
fx-tr-whip-down,0.3,FAIL,0.36688368055555554,9,0.3578559027777778,4,0.35983072916666664,9,0,0
fx-tr-whip-down,0.9,PASS,0.09822048611111112,8,0.09559461805555555,4,0.10052083333333334,8,0,0
fx-tr-whip-down,1.5,PASS,0.06193576388888889,0,0.05529513888888889,4,0.050629340277777775,0,0,0
fx-tr-whip-down,2.1,PASS,0.1008029513888889,8,0.09112413194444445,4,0.09500868055555556,8,0,0
fx-tr-slide-left,0.3,PASS,0.21139322916666667,8,0.21681857638888888,4,0.2064887152777778,8,0,0
fx-tr-slide-left,0.9,PASS,0.17610677083333334,8,0.1646701388888889,4,0.16475694444444444,8,0,0
fx-tr-slide-left,1.5,PASS,0.1838107638888889,8,0.18268229166666666,4,0.17065972222222223,8,0,0
fx-tr-slide-left,2.1,FAIL,0.29118923611111114,9,0.2640625,4,0.21890190972222223,8,0,0
fx-tr-slide-right,0.3,PASS,0.1689453125,8,0.17159288194444444,4,0.1689453125,8,0,0
fx-tr-slide-right,0.9,PASS,0.13255208333333332,8,0.12447916666666667,4,0.13255208333333332,8,0,0
fx-tr-slide-right,1.5,PASS,0.13355034722222223,8,0.10627170138888889,4,0.1062282986111111,8,0,0
fx-tr-slide-right,2.1,PASS,0.17118055555555556,8,0.1294921875,4,0.13044704861111112,8,0,0
fx-tr-slide-up,0.3,PASS,0.1312934027777778,8,0.12992621527777778,4,0.125390625,8,0,0
fx-tr-slide-up,0.9,PASS,0.07391493055555555,0,0.06714409722222223,4,0.06616753472222223,0,0,0
fx-tr-slide-up,1.5,PASS,0.05473090277777778,0,0.035308159722222225,0,0.039149305555555555,0,0,0
fx-tr-slide-up,2.1,PASS,0.11011284722222223,8,0.1271701388888889,4,0.15575086805555555,8,0,0
fx-tr-slide-down,0.3,PASS,0.20646701388888888,8,0.18641493055555555,4,0.18680555555555556,8,0,0
fx-tr-slide-down,0.9,PASS,0.11273871527777778,8,0.09535590277777778,4,0.081640625,0,0,0
fx-tr-slide-down,1.5,PASS,0.2986979166666667,8,0.29574652777777777,4,0.31171875,8,0,0
fx-tr-slide-down,2.1,PASS,0.27591145833333336,8,0.2524956597222222,4,0.25579427083333334,8,0,0
fx-tr-squeeze,0.3,PASS,0.104296875,8,0.09759114583333334,4,0.0984157986111111,8,0,0
fx-tr-squeeze,0.9,PASS,0.08532986111111111,8,0.0703125,4,0.06812065972222223,0,0,0
fx-tr-squeeze,1.5,PASS,0.11538628472222222,8,0.11241319444444445,4,0.10609809027777778,8,0,0
fx-tr-squeeze,2.1,PASS,0.17901475694444444,8,0.16343315972222222,4,0.1706814236111111,8,0,0
fx-tr-circle,0.3,PASS,0.06727430555555555,0,0.06336805555555555,4,0.07057291666666667,0,0,0
fx-tr-circle,0.9,PASS,0.0646701388888889,0,0.06838107638888889,4,0.07853732638888888,0,0,0
fx-tr-circle,1.5,PASS,0.17332899305555555,8,0.17417534722222222,4,0.16106770833333334,8,0,0
fx-tr-circle,2.1,PASS,0.171875,8,0.16412760416666666,4,0.1623263888888889,8,0,0
fx-tr-heart,0.3,PASS,0.25091145833333334,8,0.23715277777777777,4,0.26121961805555555,8,0,0
fx-tr-heart,0.9,PASS,0.15926649305555557,8,0.14780815972222222,4,0.14704861111111112,8,0,0
fx-tr-heart,1.5,PASS,0.2675998263888889,8,0.26981336805555556,4,0.2749565972222222,8,0,0
fx-tr-heart,2.1,FAIL,0.4268663194444444,9,0.42486979166666666,4,0.4264322916666667,9,0,0
fx-tr-star,0.3,PASS,0.15692274305555556,8,0.15203993055555556,4,0.15455729166666668,8,0,0
fx-tr-star,0.9,PASS,0.16011284722222222,8,0.15525173611111112,4,0.16206597222222222,8,0,0
fx-tr-star,1.5,PASS,0.1052734375,8,0.10201822916666667,4,0.11017795138888889,8,0,0
fx-tr-star,2.1,PASS,0.1130642361111111,8,0.1052734375,4,0.10928819444444444,8,0,0
fx-tr-diamond,0.3,PASS,0.16108940972222222,8,0.1644314236111111,4,0.15974392361111112,8,0,0
fx-tr-diamond,0.9,PASS,0.16373697916666666,8,0.16666666666666666,4,0.1603732638888889,8,0,0
fx-tr-diamond,1.5,PASS,0.09578993055555556,8,0.09639756944444444,4,0.09578993055555556,8,0,0
fx-tr-diamond,2.1,PASS,0.09197048611111111,8,0.09659288194444444,4,0.09197048611111111,8,0,0
fx-tr-clock,0.3,FAIL,0.4426215277777778,9,0.44353298611111114,4,0.4427734375,9,0,0
fx-tr-clock,0.9,PASS,0.24220920138888888,8,0.24019097222222222,4,0.23695746527777778,8,0,0
fx-tr-clock,1.5,PASS,0.03611111111111111,0,0.03519965277777778,0,0.037825520833333334,0,0,0
fx-tr-clock,2.1,PASS,0.056098090277777776,0,0.05056423611111111,4,0.053168402777777776,0,0,0
fx-tr-blinds,0.3,PASS,0.09596354166666667,8,0.11256510416666667,4,0.11638454861111111,8,0,0
fx-tr-blinds,0.9,PASS,0.066015625,0,0.07092013888888889,4,0.07348090277777777,0,0,0
fx-tr-blinds,1.5,PASS,0.14856770833333333,8,0.13313802083333334,4,0.12259114583333333,8,0,0
fx-tr-blinds,2.1,PASS,0.19772135416666667,8,0.18756510416666666,4,0.17606336805555556,8,0,0
fx-tr-doors,0.3,PASS,0.1033203125,8,0.09993489583333333,4,0.1033203125,8,0,0
fx-tr-doors,0.9,PASS,0.06868489583333333,0,0.07194010416666667,4,0.06868489583333333,0,0,0
fx-tr-doors,1.5,PASS,0.06883680555555556,0,0.0607421875,4,0.0705295138888889,0,0,0
fx-tr-doors,2.1,PASS,0.09722222222222222,8,0.08734809027777778,4,0.09095052083333334,8,0,0
fx-tr-glitch,0.3,PASS,0.07220052083333334,0,0.056206597222222224,4,0.06898871527777778,0,0,0
fx-tr-glitch,0.9,PASS,0.0974609375,8,0.0646484375,4,0.07981770833333333,0,0,0
fx-tr-glitch,1.5,PASS,0.10629340277777778,8,0.09229600694444444,4,0.09782986111111111,8,0,0
fx-tr-glitch,2.1,PASS,0.06998697916666667,0,0.07571614583333333,4,0.08491753472222222,8,0,0
fx-tr-rgb-split,0.3,PASS,0.23700086805555556,8,0.19127604166666667,4,0.20401475694444443,8,0,0
fx-tr-rgb-split,0.9,PASS,0.24192708333333332,8,0.2386501736111111,4,0.21091579861111112,8,0,0
fx-tr-rgb-split,1.5,PASS,0.2896484375,8,0.3170355902777778,4,0.28663194444444445,8,0,0
fx-tr-rgb-split,2.1,PASS,0.31796875,8,0.26059027777777777,4,0.28736979166666665,8,0,0
fx-tr-pixelate,0.3,PASS,0.12120225694444445,8,0.11673177083333333,4,0.10718315972222223,8,0,0
fx-tr-pixelate,0.9,PASS,0.1029296875,8,0.10891927083333333,4,0.11434461805555556,8,0,0
fx-tr-pixelate,1.5,PASS,0.17081163194444443,8,0.14463975694444445,4,0.17628038194444445,8,0,0
fx-tr-pixelate,2.1,PASS,0.16217447916666666,8,0.1515625,4,0.15427517361111112,8,0,0
fx-tr-swirl,0.3,PASS,0.09663628472222222,8,0.10536024305555555,4,0.10562065972222222,8,0,0
fx-tr-swirl,0.9,PASS,0.09027777777777778,8,0.0993923611111111,4,0.11117621527777778,8,0,0
fx-tr-swirl,1.5,PASS,0.17469618055555555,8,0.1566840277777778,4,0.15245225694444445,8,0,0
fx-tr-swirl,2.1,PASS,0.17022569444444444,8,0.15475260416666667,4,0.1570095486111111,8,0,0
fx-tr-ripple,0.3,PASS,0.2891927083333333,8,0.26979166666666665,4,0.29346788194444445,8,0,0
fx-tr-ripple,0.9,PASS,0.25959201388888886,8,0.24856770833333333,4,0.2601996527777778,8,0,0
fx-tr-ripple,1.5,FAIL,0.3925998263888889,9,0.39796006944444445,4,0.40770399305555555,9,0,0
fx-tr-ripple,2.1,FAIL,0.4866970486111111,9,0.4876953125,4,0.48602430555555554,9,0,0
fx-tr-flare,0.3,PASS,0.2181640625,8,0.15266927083333334,4,0.15455729166666668,8,0,0
fx-tr-flare,0.9,FAIL,0.16475694444444444,9,0.1322265625,4,0.168359375,8,0,0
fx-tr-flare,1.5,PASS,0.1316623263888889,8,0.11569010416666667,4,0.11028645833333334,8,0,0
fx-tr-flare,2.1,PASS,0.11397569444444444,8,0.10588107638888888,4,0.10963541666666667,8,0,0
fx-tr-film-burn,0.3,PASS,0.16108940972222222,8,0.1644314236111111,4,0.15974392361111112,8,0,0
fx-tr-film-burn,0.9,PASS,0.0974392361111111,8,0.10907118055555555,4,0.10262586805555556,8,0,0
fx-tr-film-burn,1.5,PASS,0.06812065972222223,0,0.06412760416666667,4,0.06067708333333333,0,0,0
fx-tr-film-burn,2.1,PASS,0.09197048611111111,8,0.09659288194444444,4,0.09197048611111111,8,0,0
fx-tr-kaleido,0.3,FAIL,0.44388020833333336,9,0.4453125,4,0.44539930555555557,9,0,0
fx-tr-kaleido,0.9,FAIL,0.4017795138888889,9,0.39372829861111114,4,0.38157552083333335,9,0,0
fx-tr-kaleido,1.5,PASS,0.08309461805555556,8,0.07651909722222222,4,0.06848958333333334,0,0,0
fx-tr-kaleido,2.1,PASS,0.056098090277777776,0,0.050933159722222225,4,0.053168402777777776,0,0,0
fx-tr-flash-zoom,0.3,PASS,0.11304253472222223,8,0.1274956597222222,4,0.13980034722222223,8,0,0
fx-tr-flash-zoom,0.9,PASS,0.14563802083333333,8,0.15444878472222223,4,0.15933159722222223,8,0,0
fx-tr-flash-zoom,1.5,PASS,0.22801649305555555,8,0.20434027777777777,4,0.19038628472222222,8,0,0
fx-tr-flash-zoom,2.1,PASS,0.230859375,8,0.21920572916666667,4,0.2025390625,8,0,0
fx-tr-stripes,0.3,PASS,0.10314670138888889,8,0.09984809027777777,4,0.10314670138888889,8,0,0
fx-tr-stripes,0.9,PASS,0.0642361111111111,0,0.06675347222222222,4,0.0642361111111111,0,0,0
fx-tr-stripes,1.5,PASS,0.0701171875,0,0.0611328125,4,0.06488715277777778,0,0,0
fx-tr-stripes,2.1,PASS,0.09722222222222222,8,0.0869140625,4,0.0906032986111111,8,0,0
fx-ov-glitter-rain,0.3,PASS,0.13248697916666666,8,0.11260850694444445,4,0.11840277777777777,8,0,0
fx-ov-glitter-rain,0.9,PASS,0.1295138888888889,8,0.11684027777777778,4,0.11996527777777778,8,0,0
fx-ov-glitter-rain,1.5,PASS,0.1353081597222222,8,0.11573350694444444,4,0.12571614583333332,8,0,0
fx-ov-glitter-rain,2.1,PASS,0.11901041666666666,8,0.11221788194444444,4,0.12654079861111112,8,0,0
fx-ov-gold-dust,0.3,PASS,0.04407552083333333,0,0.032074652777777775,0,0.03454861111111111,0,0,0
fx-ov-gold-dust,0.9,PASS,0.04487847222222222,0,0.03203125,0,0.029079861111111112,0,0,0
fx-ov-gold-dust,1.5,PASS,0.045008680555555555,0,0.027430555555555555,0,0.032074652777777775,0,0,0
fx-ov-gold-dust,2.1,PASS,0.04049479166666667,0,0.030512152777777777,0,0.03713107638888889,0,0,0
fx-ov-bokeh-gold,0.3,PASS,0.0541015625,0,0.04429253472222222,4,0.03830295138888889,0,0,0
fx-ov-bokeh-gold,0.9,PASS,0.0556640625,0,0.04663628472222222,4,0.0375,0,0,0
fx-ov-bokeh-gold,1.5,PASS,0.048285590277777776,0,0.04164496527777778,4,0.039214409722222225,0,0,0
fx-ov-bokeh-gold,2.1,PASS,0.055924479166666666,0,0.045638020833333334,4,0.03990885416666667,0,0,0
fx-ov-bokeh-pink,0.3,PASS,0.04700520833333333,0,0.02261284722222222,0,0.04906684027777778,0,0,0
fx-ov-bokeh-pink,0.9,PASS,0.050694444444444445,0,0.025173611111111112,0,0.05002170138888889,0,0,0
fx-ov-bokeh-pink,1.5,PASS,0.045746527777777775,0,0.024327256944444445,0,0.04240451388888889,0,0,0
fx-ov-bokeh-pink,2.1,PASS,0.04865451388888889,0,0.024131944444444445,0,0.051605902777777775,0,0,0
fx-ov-sparks,0.3,PASS,0.04529079861111111,0,0.049652777777777775,4,0.05412326388888889,0,0,0
fx-ov-sparks,0.9,PASS,0.06228298611111111,0,0.05920138888888889,4,0.05145399305555556,0,0,0
fx-ov-sparks,1.5,PASS,0.06278211805555556,0,0.05716145833333333,4,0.05807291666666667,0,0,0
fx-ov-sparks,2.1,PASS,0.066015625,0,0.06291232638888888,4,0.05855034722222222,0,0,0
fx-ov-embers,0.3,PASS,0.12144097222222222,8,0.10327690972222223,4,0.08148871527777778,0,0,0
fx-ov-embers,0.9,PASS,0.1238064236111111,8,0.09900173611111111,4,0.09142795138888889,8,0,0
fx-ov-embers,1.5,PASS,0.11004774305555555,8,0.10247395833333334,4,0.08467881944444444,8,0,0
fx-ov-embers,2.1,PASS,0.10388454861111111,8,0.09778645833333334,4,0.08793402777777778,8,0,0
fx-ov-smoke,0.3,PASS,0.056315104166666664,0,0.04416232638888889,4,0.05212673611111111,0,0,0
fx-ov-smoke,0.9,PASS,0.05212673611111111,0,0.04763454861111111,4,0.05067274305555555,0,0,0
fx-ov-smoke,1.5,PASS,0.049717881944444445,0,0.04993489583333333,4,0.04739583333333333,0,0,0
fx-ov-smoke,2.1,PASS,0.051671006944444445,0,0.05158420138888889,4,0.05757378472222222,0,0,0
fx-ov-fog-white,0.3,PASS,0.10412326388888889,8,0.10026041666666667,4,0.09921875,8,0,0
fx-ov-fog-white,0.9,PASS,0.10477430555555556,8,0.10256076388888889,4,0.10499131944444444,8,0,0
fx-ov-fog-white,1.5,PASS,0.10481770833333333,8,0.10381944444444445,4,0.1095920138888889,8,0,0
fx-ov-fog-white,2.1,PASS,0.09967447916666666,8,0.1009765625,4,0.10091145833333333,8,0,0
fx-ov-neon-ring,0.3,PASS,0.03326822916666667,0,0.035633680555555554,0,0.03268229166666667,0,0,0
fx-ov-neon-ring,0.9,PASS,0.03550347222222222,0,0.03845486111111111,0,0.031163194444444445,0,0,0
fx-ov-neon-ring,1.5,PASS,0.03528645833333333,0,0.036631944444444446,0,0.028645833333333332,0,0,0
fx-ov-neon-ring,2.1,PASS,0.03396267361111111,0,0.03624131944444445,0,0.03226996527777778,0,0,0
fx-ov-neon-hearts,0.3,PASS,0.038628472222222224,0,0.03187934027777778,0,0.026801215277777776,0,0,0
fx-ov-neon-hearts,0.9,PASS,0.03407118055555555,0,0.03576388888888889,0,0.03129340277777778,0,0,0
fx-ov-neon-hearts,1.5,PASS,0.027604166666666666,0,0.03435329861111111,0,0.03739149305555556,0,0,0
fx-ov-neon-hearts,2.1,PASS,0.028428819444444444,0,0.03253038194444444,0,0.03159722222222222,0,0,0
fx-ov-galaxy,0.3,PASS,0.0505859375,0,0.04296875,4,0.040690104166666664,0,0,0
fx-ov-galaxy,0.9,PASS,0.0505859375,0,0.04060329861111111,4,0.043858506944444445,0,0,0
fx-ov-galaxy,1.5,PASS,0.0517578125,0,0.03895399305555555,0,0.04008246527777778,0,0,0
fx-ov-galaxy,2.1,PASS,0.05182291666666667,0,0.037543402777777776,0,0.04685329861111111,0,0,0
fx-ov-fireflies,0.3,PASS,0.21226128472222222,8,0.14600694444444445,4,0.11365017361111111,8,0,0
fx-ov-fireflies,0.9,PASS,0.20451388888888888,8,0.14735243055555555,4,0.11705729166666666,8,0,0
fx-ov-fireflies,1.5,PASS,0.2173828125,8,0.14055989583333334,4,0.11764322916666667,8,0,0
fx-ov-fireflies,2.1,PASS,0.21009114583333333,8,0.1439236111111111,4,0.11799045138888889,8,0,0
fx-ov-magic-dust,0.3,PASS,0.06076388888888889,0,0.0255859375,0,0.05340711805555556,0,0,0
fx-ov-magic-dust,0.9,PASS,0.08967013888888889,8,0.026953125,0,0.05740017361111111,0,0,0
fx-ov-magic-dust,1.5,PASS,0.06786024305555556,0,0.02697482638888889,0,0.05015190972222222,0,0,0
fx-ov-magic-dust,2.1,PASS,0.08786892361111111,8,0.026475694444444444,0,0.06740451388888889,0,0,0
fx-ov-swirl,0.3,PASS,0.03752170138888889,0,0.032769097222222224,0,0.025390625,0,0,0
fx-ov-swirl,0.9,PASS,0.03713107638888889,0,0.030598958333333332,0,0.030056423611111112,0,0,0
fx-ov-swirl,1.5,PASS,0.03296440972222222,0,0.03062065972222222,0,0.02927517361111111,0,0,0
fx-ov-swirl,2.1,PASS,0.03526475694444445,0,0.02795138888888889,0,0.02814670138888889,0,0,0
fx-ov-sparkle-white,0.3,PASS,0.07065972222222222,0,0.058441840277777775,4,0.05828993055555556,0,0,0
fx-ov-sparkle-white,0.9,PASS,0.07534722222222222,0,0.05876736111111111,4,0.05798611111111111,0,0,0
fx-ov-sparkle-white,1.5,PASS,0.07269965277777778,0,0.065234375,4,0.06497395833333333,0,0,0
fx-ov-sparkle-white,2.1,PASS,0.08155381944444444,0,0.06019965277777778,4,0.06085069444444444,0,0,0
fx-ov-glitter,0.3,PASS,0.06833767361111111,0,0.052994791666666666,4,0.046875,0,0,0
fx-ov-glitter,0.9,PASS,0.07133246527777778,0,0.05303819444444444,4,0.049544270833333334,0,0,0
fx-ov-glitter,1.5,PASS,0.0724609375,0,0.0521484375,4,0.05147569444444444,0,0,0
fx-ov-glitter,2.1,PASS,0.06692708333333333,0,0.05555555555555555,4,0.05180121527777778,0,0,0
fx-ov-hearts-pink,0.3,FAIL,1.6617838541666667,58,0.4258029513888889,12,1.0309244791666667,41,0,0
fx-ov-hearts-pink,0.9,FAIL,1.9763237847222221,90,0.4785373263888889,16,1.2631944444444445,74,0,0
fx-ov-hearts-pink,1.5,FAIL,1.6848307291666667,49,0.5103732638888889,20,1.2332682291666666,66,0,0
fx-ov-hearts-pink,2.1,FAIL,0.9562717013888888,33,0.4651909722222222,16,0.9936848958333333,57,0,0
fx-ov-stars,0.3,PASS,0.07434895833333334,0,0.06929253472222222,0,0.062065972222222224,0,0,0
fx-ov-stars,0.9,PASS,0.059071180555555554,0,0.05559895833333333,0,0.055230034722222224,0,0,0
fx-ov-stars,1.5,PASS,0.06998697916666667,0,0.06909722222222223,0,0.065625,0,0,0
fx-ov-stars,2.1,PASS,0.08888888888888889,0,0.08530815972222222,0,0.08315972222222222,0,0,0
fx-ov-confetti,0.3,PASS,0.07369791666666667,0,0.0673828125,4,0.05188802083333333,0,0,0
fx-ov-confetti,0.9,PASS,0.08196614583333334,0,0.06414930555555555,4,0.05486111111111111,0,0,0
fx-ov-confetti,1.5,PASS,0.078515625,0,0.06484375,4,0.04809027777777778,0,0,0
fx-ov-confetti,2.1,PASS,0.07194010416666667,0,0.06820746527777778,4,0.05325520833333333,0,0,0
fx-ov-snow,0.3,PASS,0.09283854166666666,8,0.08936631944444444,4,0.08561197916666667,8,0,0
fx-ov-snow,0.9,PASS,0.1083984375,8,0.09227430555555556,4,0.09422743055555556,8,0,0
fx-ov-snow,1.5,PASS,0.10579427083333333,8,0.09635416666666667,4,0.09991319444444445,8,0,0
fx-ov-snow,2.1,PASS,0.10199652777777778,8,0.09092881944444445,4,0.09435763888888889,8,0,0
fx-ov-rain,0.3,PASS,0.10659722222222222,8,0.108203125,4,0.10110677083333333,8,0,0
fx-ov-rain,0.9,PASS,0.1047092013888889,8,0.112890625,4,0.10457899305555556,8,0,0
fx-ov-rain,1.5,PASS,0.10138888888888889,8,0.1064453125,4,0.10659722222222222,8,0,0
fx-ov-rain,2.1,PASS,0.10740017361111111,8,0.10759548611111111,4,0.10353732638888889,8,0,0
fx-ov-bubbles,0.3,PASS,0.03131510416666667,0,0.01792534722222222,0,0.03394097222222222,0,0,0
fx-ov-bubbles,0.9,PASS,0.033745659722222224,0,0.021375868055555556,0,0.035004340277777775,0,0,0
fx-ov-bubbles,1.5,PASS,0.03127170138888889,0,0.020811631944444443,0,0.026041666666666668,0,0,0
fx-ov-bubbles,2.1,PASS,0.027105034722222223,0,0.019292534722222223,0,0.03470052083333333,0,0,0
fx-ov-leak-warm,0.3,PASS,0.07725694444444445,0,0.07486979166666667,4,0.07120225694444444,0,0,0
fx-ov-leak-warm,0.9,PASS,0.08009982638888889,0,0.07352430555555556,4,0.07419704861111111,0,0,0
fx-ov-leak-warm,1.5,PASS,0.08055555555555556,0,0.07293836805555555,4,0.06532118055555555,0,0,0
fx-ov-leak-warm,2.1,PASS,0.07463107638888888,0,0.06820746527777778,4,0.06595052083333333,0,0,0
fx-ov-leak-pink,0.3,PASS,0.09893663194444445,8,0.11955295138888888,4,0.109765625,8,0,0
fx-ov-leak-pink,0.9,PASS,0.10279947916666667,8,0.11391059027777778,4,0.10112847222222222,8,0,0
fx-ov-leak-pink,1.5,PASS,0.0920138888888889,8,0.11098090277777778,4,0.10753038194444445,8,0,0
fx-ov-leak-pink,2.1,PASS,0.09242621527777778,8,0.10850694444444445,4,0.10101996527777778,8,0,0
fx-ov-leak-blue,0.3,PASS,0.1267578125,8,0.11358506944444445,4,0.10826822916666666,8,0,0
fx-ov-leak-blue,0.9,PASS,0.10679253472222222,8,0.11399739583333333,4,0.10872395833333333,8,0,0
fx-ov-leak-blue,1.5,PASS,0.113671875,8,0.10151909722222222,4,0.10078125,8,0,0
fx-ov-leak-blue,2.1,PASS,0.11150173611111111,8,0.09069010416666666,4,0.08511284722222222,8,0,0
fx-ov-light-streaks,0.3,FAIL,2.837131076388889,74,3.635481770833333,98,4.562000868055556,132,0,0
fx-ov-light-streaks,0.9,FAIL,1.5850911458333334,33,2.4348741319444445,61,3.348046875,83,0,0
fx-ov-light-streaks,1.5,FAIL,3.614127604166667,90,5.0017578125,125,6.434027777777778,164,0,0
fx-ov-light-streaks,2.1,FAIL,4.3443359375,107,5.7310980902777775,134,7.193185763888889,173,0,0
fx-ov-stage-lights,0.3,PASS,0.0349609375,0,0.0349609375,0,0.029079861111111112,0,0,0
fx-ov-stage-lights,0.9,PASS,0.03780381944444444,0,0.032942708333333334,0,0.03372395833333333,0,0,0
fx-ov-stage-lights,1.5,PASS,0.034027777777777775,0,0.029340277777777778,0,0.030685763888888887,0,0,0
fx-ov-stage-lights,2.1,PASS,0.0392578125,0,0.032074652777777775,0,0.031336805555555555,0,0,0
fx-ov-prism-flare,0.3,PASS,0.08604600694444445,8,0.07862413194444444,4,0.05792100694444444,0,0,0
fx-ov-prism-flare,0.9,PASS,0.10284288194444445,8,0.08294270833333334,4,0.06929253472222222,0,0,0
fx-ov-prism-flare,1.5,PASS,0.09952256944444444,8,0.07556423611111111,4,0.05596788194444444,0,0,0
fx-ov-prism-flare,2.1,PASS,0.09542100694444444,8,0.08697916666666666,4,0.06590711805555556,0,0,0
fx-ov-flare-gold,0.3,PASS,0.11395399305555555,8,0.10744357638888889,4,0.0769314236111111,0,0,0
fx-ov-flare-gold,0.9,PASS,0.12921006944444444,8,0.10750868055555556,4,0.08763020833333333,8,0,0
fx-ov-flare-gold,1.5,PASS,0.12178819444444444,8,0.100390625,4,0.07699652777777778,0,0,0
fx-ov-flare-gold,2.1,PASS,0.1171875,8,0.10028211805555555,4,0.08333333333333333,8,0,0
fx-ov-sun-rays,0.3,PASS,0.12174479166666667,8,0.12252604166666667,4,0.12688802083333334,8,0,0
fx-ov-sun-rays,0.9,PASS,0.12074652777777778,8,0.12204861111111111,4,0.1314453125,8,0,0
fx-ov-sun-rays,1.5,PASS,0.11729600694444445,8,0.11286892361111112,4,0.12269965277777778,8,0,0
fx-ov-sun-rays,2.1,PASS,0.12311197916666666,8,0.12107204861111111,4,0.12176649305555555,8,0,0
fx-ov-spotlight,0.3,PASS,0.07905815972222222,0,0.0708984375,4,0.0662109375,0,0,0
fx-ov-spotlight,0.9,PASS,0.066796875,0,0.07376302083333333,4,0.06540798611111111,0,0,0
fx-ov-spotlight,1.5,PASS,0.05525173611111111,0,0.06299913194444444,4,0.06030815972222222,0,0,0
fx-ov-spotlight,2.1,PASS,0.06032986111111111,0,0.06351996527777778,4,0.057183159722222224,0,0,0
fx-ov-bg-purple-smoke,0.3,PASS,0.007074652777777778,0,0.021397569444444445,0,0.036783854166666664,0,0,0
fx-ov-bg-purple-smoke,0.9,PASS,0.0069878472222222225,0,0.018880208333333332,0,0.03430989583333333,0,0,0
fx-ov-bg-purple-smoke,1.5,PASS,0.008810763888888889,0,0.020442708333333334,0,0.036046006944444445,0,0,0
fx-ov-bg-purple-smoke,2.1,PASS,0.009722222222222222,0,0.017035590277777776,0,0.0421875,0,0,0
fx-ov-bg-pastel-ink,0.3,PASS,0.004079861111111111,0,0.038628472222222224,0,0.014865451388888888,0,0,0
fx-ov-bg-pastel-ink,0.9,PASS,0.006662326388888889,0,0.035416666666666666,0,0.017838541666666666,0,0,0
fx-ov-bg-pastel-ink,1.5,PASS,0.005902777777777778,0,0.03810763888888889,0,0.01890190972222222,0,0,0
fx-ov-bg-pastel-ink,2.1,PASS,0.0038628472222222224,0,0.04418402777777778,4,0.017122395833333335,0,0,0
fx-ov-bg-pink-gradient,0.3,PASS,0.0014973958333333334,0,0.0008680555555555555,0,0.035004340277777775,0,0,0
fx-ov-bg-pink-gradient,0.9,PASS,0.0006944444444444445,0,0.0009548611111111111,0,0.03315972222222222,0,0,0
fx-ov-bg-pink-gradient,1.5,PASS,0.00078125,0,0.0010633680555555555,0,0.03404947916666667,0,0,0
fx-ov-bg-pink-gradient,2.1,PASS,0.0012803819444444444,0,0.00078125,0,0.033355034722222225,0,0,0
fx-ov-bg-blue-hearts,0.3,PASS,0.028450520833333333,0,0.012369791666666666,0,0.03350694444444444,0,0,0
fx-ov-bg-blue-hearts,0.9,PASS,0.02554253472222222,0,0.014735243055555555,0,0.036458333333333336,0,0,0
fx-ov-bg-blue-hearts,1.5,PASS,0.023350694444444445,0,0.013953993055555556,0,0.03756510416666667,0,0,0
fx-ov-bg-blue-hearts,2.1,PASS,0.023741319444444443,0,0.015104166666666667,0,0.04079861111111111,0,0,0
fx-ov-bg-pink-bokeh,0.3,PASS,0.020833333333333332,0,0.05043402777777778,4,0.018098958333333335,0,0,0
fx-ov-bg-pink-bokeh,0.9,PASS,0.01950954861111111,0,0.0443359375,4,0.014496527777777778,0,0,0
fx-ov-bg-pink-bokeh,1.5,PASS,0.019986979166666665,0,0.04038628472222222,0,0.009440104166666666,0,0,0
fx-ov-bg-pink-bokeh,2.1,PASS,0.018967013888888887,0,0.04789496527777778,4,0.01597222222222222,0,0,0
fx-ov-bg-golden-band,0.3,PASS,0.016493055555555556,0,0.9718098958333333,4,0.022938368055555554,0,0,0
fx-ov-bg-golden-band,0.9,PASS,0.01423611111111111,0,0.9703776041666666,4,0.02439236111111111,0,0,0
fx-ov-bg-golden-band,1.5,PASS,0.014279513888888888,0,0.9702256944444444,4,0.023372395833333334,0,0,0
fx-ov-bg-golden-band,2.1,PASS,0.014431423611111112,0,0.9702473958333333,4,0.0232421875,0,0,0
fx-ov-bg-blue-smoke,0.3,PASS,0.01870659722222222,0,0.014605034722222222,0,0.016666666666666666,0,0,0
fx-ov-bg-blue-smoke,0.9,PASS,0.017274305555555557,0,0.015473090277777778,0,0.022374131944444445,0,0,0
fx-ov-bg-blue-smoke,1.5,PASS,0.016471354166666667,0,0.016319444444444445,0,0.0177734375,0,0,0
fx-ov-bg-blue-smoke,2.1,PASS,0.016276041666666668,0,0.016840277777777777,0,0.019748263888888888,0,0,0
fx-ov-bg-soft-gradient,0.3,PASS,0.028211805555555556,0,0,0,0.02265625,0,0,0
fx-ov-bg-soft-gradient,0.9,PASS,0.02814670138888889,0,0,0,0.024609375,0,0,0
fx-ov-bg-soft-gradient,1.5,PASS,0.028255208333333334,0,0,0,0.0265625,0,0,0
fx-ov-bg-soft-gradient,2.1,PASS,0.02964409722222222,0,0,0,0.0291015625,0,0,0
fx-ov-bg-light-wall,0.3,PASS,0.0130859375,0,0.012022569444444445,0,0.025824652777777776,0,0,0
fx-ov-bg-light-wall,0.9,PASS,0.006662326388888889,0,0.0080078125,0,0.014040798611111112,0,0,0
fx-ov-bg-light-wall,1.5,PASS,0.011349826388888888,0,0.013802083333333333,0,0.03090277777777778,0,0,0
fx-ov-bg-light-wall,2.1,PASS,0.009548611111111112,0,0.010308159722222222,0,0.020377604166666667,0,0,0
fx-ov-bg-3d-shapes,0.3,FAIL,13.113910590277778,124,12.890494791666667,126,11.839605034722222,124,0,0
fx-ov-bg-3d-shapes,0.9,FAIL,13.086176215277778,124,12.856857638888888,126,11.827278645833333,124,0,0
fx-ov-bg-3d-shapes,1.5,FAIL,12.9765625,124,12.741514756944444,126,11.71467013888889,124,0,0
fx-ov-bg-3d-shapes,2.1,FAIL,12.753993055555556,124,12.532530381944444,126,11.540668402777778,124,0,0
fx-ov-bg-red-hearts,0.3,PASS,0.007573784722222222,0,0.046875,4,0.0014756944444444444,0,0,0
fx-ov-bg-red-hearts,0.9,PASS,0.006141493055555555,0,0.04670138888888889,4,0.00017361111111111112,0,0,0
fx-ov-bg-red-hearts,1.5,PASS,0.004796006944444445,0,0.046788194444444445,4,0.0009114583333333333,0,0,0
fx-ov-bg-red-hearts,2.1,PASS,0.004709201388888889,0,0.04652777777777778,4,0.00034722222222222224,0,0,0
fx-ov-sc-aurora,0.3,PASS,0.009375,0,0.011870659722222222,0,0.012478298611111112,0,0,0
fx-ov-sc-aurora,0.9,PASS,0.011740451388888889,0,0.011263020833333333,0,0.010959201388888888,0,0,0
fx-ov-sc-aurora,1.5,PASS,0.008984375,0,0.011588541666666667,0,0.006575520833333333,0,0,0
fx-ov-sc-aurora,2.1,PASS,0.01032986111111111,0,0.008810763888888889,0,0.007508680555555556,0,0,0
fx-ov-sc-milky-way,0.3,PASS,0.021983506944444446,0,0.6445963541666667,4,0.02228732638888889,0,0,0
fx-ov-sc-milky-way,0.9,PASS,0.020833333333333332,0,0.644140625,4,0.0232421875,0,0,0
fx-ov-sc-milky-way,1.5,PASS,0.0216796875,0,0.6429904513888889,4,0.020594618055555555,0,0,0
fx-ov-sc-milky-way,2.1,PASS,0.023025173611111113,0,0.6449869791666667,4,0.022504340277777778,0,0,0
fx-ov-sc-sunset-sea,0.3,PASS,0.014887152777777777,0,0.010286458333333333,0,0.011740451388888889,0,0,0
fx-ov-sc-sunset-sea,0.9,PASS,0.014583333333333334,0,0.012825520833333333,0,0.011176215277777778,0,0,0
fx-ov-sc-sunset-sea,1.5,PASS,0.014670138888888889,0,0.011176215277777778,0,0.01228298611111111,0,0,0
fx-ov-sc-sunset-sea,2.1,PASS,0.012174479166666667,0,0.010828993055555555,0,0.012391493055555555,0,0,0
fx-ov-sc-moon-dunes,0.3,PASS,0.020008680555555554,0,0.018489583333333334,0,0.008984375,0,0,0
fx-ov-sc-moon-dunes,0.9,PASS,0.019422743055555556,0,0.017708333333333333,0,0.008528645833333333,0,0,0
fx-ov-sc-moon-dunes,1.5,PASS,0.021354166666666667,0,0.018055555555555554,0,0.009722222222222222,0,0,0
fx-ov-sc-moon-dunes,2.1,PASS,0.022048611111111113,0,0.018489583333333334,0,0.009895833333333333,0,0,0
fx-ov-sc-clouds,0.3,PASS,0.02113715277777778,0,0.008897569444444444,0,0.07645399305555556,0,0,0
fx-ov-sc-clouds,0.9,PASS,0.020225694444444445,0,0.010807291666666666,0,0.07309027777777778,0,0,0
fx-ov-sc-clouds,1.5,PASS,0.023198784722222223,0,0.017274305555555557,0,0.06623263888888889,0,0,0
fx-ov-sc-clouds,2.1,PASS,0.02717013888888889,0,0.0197265625,0,0.061197916666666664,0,0,0
fx-ov-sc-snowy-night,0.3,PASS,0.006792534722222222,0,0.014887152777777777,0,0.014713541666666666,0,0,0
fx-ov-sc-snowy-night,0.9,PASS,0.009830729166666666,0,0.015190972222222222,0,0.014887152777777777,0,0,0
fx-ov-sc-snowy-night,1.5,PASS,0.010243055555555556,0,0.015603298611111111,0,0.014496527777777778,0,0,0
fx-ov-sc-snowy-night,2.1,PASS,0.0077473958333333336,0,0.014192708333333333,0,0.016059027777777776,0,0,0
fx-ov-sc-ocean,0.3,PASS,0.004904513888888889,0,0.03578559027777778,0,0.02732204861111111,0,0,0
fx-ov-sc-ocean,0.9,PASS,0.0032118055555555554,0,0.03606770833333333,0,0.021050347222222224,0,0,0
fx-ov-sc-ocean,1.5,PASS,0.006553819444444445,0,0.03576388888888889,0,0.013736979166666666,0,0,0
fx-ov-sc-ocean,2.1,PASS,0.0057942708333333336,0,0.036675347222222224,0,0.011436631944444444,0,0,0
fx-ov-sc-shooting-stars,0.3,PASS,0.034092881944444445,0,0.034027777777777775,0,0.0022352430555555554,0,0,0
fx-ov-sc-shooting-stars,0.9,PASS,0.1353732638888889,0,0.1423828125,4,0.10857204861111111,0,0,0
fx-ov-sc-shooting-stars,1.5,PASS,0.41627604166666665,8,0.437890625,4,0.40316840277777777,8,0,0
fx-ov-sc-shooting-stars,2.1,PASS,0.4291015625,8,0.4132161458333333,4,0.42532552083333336,0,0,0
fx-ov-tr-colour-wipe,0.3,PASS,0.06864149305555556,0,0.0656467013888889,4,0.06015625,0,0,0
fx-ov-tr-colour-wipe,0.9,PASS,0,0,0,0,0,0,0,0
fx-ov-tr-colour-wipe,1.5,PASS,0.0876736111111111,8,0.0849609375,4,0.08240017361111111,0,0,0
fx-ov-tr-colour-wipe,2.1,PASS,0.07198350694444444,0,0.06486545138888888,4,0.06592881944444444,0,0,0
fx-ov-tr-diamond,0.3,FAIL,0,0,0,0,8.4203125,9,0,0
fx-ov-tr-diamond,0.9,FAIL,0,0,0,0,7.79765625,9,0,0
fx-ov-tr-diamond,1.5,PASS,0.06872829861111111,0,0.05759548611111111,4,0.06345486111111111,0,0,0
fx-ov-tr-diamond,2.1,FAIL,0,0,0,0,8.46796875,9,0,0
fx-ov-tr-shape-pop,0.3,PASS,0.06529947916666666,0,0.05047743055555556,4,0.04505208333333333,0,0,0
fx-ov-tr-shape-pop,0.9,PASS,0.0019314236111111112,0,0.0017795138888888889,0,0.0024305555555555556,0,0,0
fx-ov-tr-shape-pop,1.5,PASS,0.04071180555555556,0,0.026801215277777776,0,0.024479166666666666,0,0,0
fx-ov-tr-shape-pop,2.1,PASS,0.06432291666666666,0,0.0521484375,4,0.050520833333333334,0,0,0
fx-ov-tr-glow-blob,0.3,PASS,0.005750868055555556,0,0.0022135416666666666,0,0.0037109375,0,0,0
fx-ov-tr-glow-blob,0.9,PASS,0,0,0,0,0,0,0,0
fx-ov-tr-glow-blob,1.5,PASS,0.001974826388888889,0,0.001584201388888889,0,0.003472222222222222,0,0,0
fx-ov-tr-glow-blob,2.1,PASS,0.0072265625,0,0.005143229166666667,0,0.0056640625,0,0,0
fx-ov-tr-fire-wipe,0.3,PASS,0.04440104166666667,0,0.038237847222222225,0,0.038172743055555555,0,0,0
fx-ov-tr-fire-wipe,0.9,PASS,0.03428819444444445,0,0.02751736111111111,0,0.02406684027777778,0,0,0
fx-ov-tr-fire-wipe,1.5,PASS,0.03658854166666667,0,0.03344184027777778,0,0.04010416666666667,0,0,0
fx-ov-tr-fire-wipe,2.1,PASS,0.05509982638888889,0,0.04112413194444445,4,0.0431640625,0,0,0
fx-ov-tr-ink,0.3,PASS,0.013715277777777778,0,0.012760416666666666,0,0.00837673611111111,0,0,0
fx-ov-tr-ink,0.9,PASS,0,0,0,0,0,0,0,0
fx-ov-tr-ink,1.5,PASS,0.008940972222222222,0,0.008940972222222222,0,0.003537326388888889,0,0,0
fx-ov-tr-ink,2.1,PASS,0.018142361111111113,0,0.014973958333333334,0,0.009657118055555556,0,0,0
fx-ov-tr-stripes,0.3,PASS,0.07723524305555556,0,0.07903645833333334,4,0.06907552083333333,0,0,0
fx-ov-tr-stripes,0.9,PASS,0.0014539930555555556,0,0.0008897569444444444,0,0.0010633680555555555,0,0,0
fx-ov-tr-stripes,1.5,PASS,0.05538194444444444,0,0.051280381944444446,4,0.052821180555555555,0,0,0
fx-ov-tr-stripes,2.1,PASS,0.08131510416666667,0,0.07432725694444445,4,0.07191840277777778,0,0,0
fx-ov-tr-iris,0.3,PASS,0.07003038194444444,0,0.05262586805555555,4,0.05384114583333333,0,0,0
fx-ov-tr-iris,0.9,PASS,0,0,0.00034722222222222224,0,0,0,0,0
fx-ov-tr-iris,1.5,PASS,0.06872829861111111,0,0.05759548611111111,4,0.06345486111111111,0,0,0
fx-ov-tr-iris,2.1,PASS,0.07938368055555556,0,0.05319010416666667,4,0.0556640625,0,0,0
fx-ov-tr-light-burst,0.3,FAIL,9.280685763888888,99,8.302018229166666,89,8.402256944444444,91,0,0
fx-ov-tr-light-burst,0.9,FAIL,2.7196180555555554,49,2.416861979166667,40,2.3670138888888888,41,0,0
fx-ov-tr-light-burst,1.5,FAIL,0.8750217013888889,17,0.8261501736111111,13,0.8689887152777778,17,0,0
fx-ov-tr-light-burst,2.1,FAIL,9.339973958333333,107,8.347048611111111,93,8.403298611111111,91,0,0
fx-ov-tr-scribble,0.3,FAIL,7.072243923611111,197,1.96875,49,4.787717013888889,139,0,0
fx-ov-tr-scribble,0.9,FAIL,21.122222222222224,222,7.495225694444445,73,14.562847222222222,164,0,0
fx-ov-tr-scribble,1.5,FAIL,6.168684895833334,172,3.3208116319444443,69,4.498263888888889,123,0,0
fx-ov-tr-scribble,2.1,FAIL,6.223828125,189,1.7819661458333333,49,4.148328993055555,124,0,0
fx-ov-el-speed-lines,0.3,PASS,0.11260850694444445,8,0.109765625,4,0.11260850694444445,8,0,0
fx-ov-el-speed-lines,0.9,PASS,0.0978732638888889,8,0.09769965277777778,4,0.0978732638888889,8,0,0
fx-ov-el-speed-lines,1.5,PASS,0.09737413194444444,8,0.09817708333333333,4,0.09737413194444444,8,0,0
fx-ov-el-speed-lines,2.1,PASS,0.09607204861111111,8,0.10099826388888888,4,0.09607204861111111,8,0,0
fx-ov-el-lightning,0.3,PASS,0.05407986111111111,0,0.04014756944444445,0,0.04969618055555555,0,0,0
fx-ov-el-lightning,0.9,FAIL,3.079947916666667,66,2.9213541666666667,69,3.2044921875,75,0,0
fx-ov-el-lightning,1.5,PASS,0.025802951388888887,0,0.027300347222222222,0,0.03122829861111111,0,0,0
fx-ov-el-lightning,2.1,PASS,0.031119791666666667,0,0.030381944444444444,0,0.037934027777777775,0,0,0
fx-ov-el-moon,0.3,PASS,0.05232204861111111,0,0.04333767361111111,4,0.04659288194444444,0,0,0
fx-ov-el-moon,0.9,PASS,0.04689670138888889,0,0.03901909722222222,0,0.0423828125,0,0,0
fx-ov-el-moon,1.5,PASS,0.05390625,0,0.03819444444444445,0,0.041276041666666666,0,0,0
fx-ov-el-moon,2.1,PASS,0.05286458333333333,0,0.038628472222222224,0,0.045811631944444445,0,0,0
fx-ov-el-smoke-puff,0.3,PASS,0.07688802083333333,0,0.07013888888888889,4,0.05065104166666667,0,0,0
fx-ov-el-smoke-puff,0.9,PASS,0.09524739583333333,8,0.08157552083333333,4,0.06082899305555556,0,0,0
fx-ov-el-smoke-puff,1.5,PASS,0.10091145833333333,8,0.08804253472222222,4,0.05896267361111111,0,0,0
fx-ov-el-smoke-puff,2.1,PASS,0.11625434027777778,8,0.10160590277777778,4,0.07727864583333334,0,0,0
fx-ov-el-scan-line,0.3,PASS,0.03791232638888889,0,0.03415798611111111,0,0.030034722222222223,0,0,0
fx-ov-el-scan-line,0.9,PASS,0.029166666666666667,0,0.02912326388888889,0,0.042643229166666664,0,0,0
fx-ov-el-scan-line,1.5,PASS,0.04411892361111111,0,0.03452690972222222,0,0.041558159722222224,0,0,0
fx-ov-el-scan-line,2.1,PASS,0.042578125,0,0.03700086805555555,0,0.04097222222222222,0,0,0
fx-ov-el-stars-rating,0.3,PASS,0.06987847222222222,0,0.06319444444444444,4,0.04739583333333333,0,0,0
fx-ov-el-stars-rating,0.9,PASS,0.07641059027777777,0,0.057291666666666664,4,0.050933159722222225,0,0,0
fx-ov-el-stars-rating,1.5,PASS,0.0705295138888889,0,0.05944010416666667,4,0.04112413194444445,0,0,0
fx-ov-el-stars-rating,2.1,PASS,0.06393229166666667,0,0.06165364583333333,4,0.04670138888888889,0,0,0
fx-ov-film-dust,0.3,FAIL,5.511610243055555,17,5.603797743055556,16,5.5482421875,17,0,0
fx-ov-film-dust,0.9,FAIL,5.396896701388889,17,5.367426215277778,16,5.339930555555555,17,0,0
fx-ov-film-dust,1.5,FAIL,5.004796006944445,17,5.104275173611111,16,5.0345703125,17,0,0
fx-ov-film-dust,2.1,FAIL,5.0466796875,17,5.0326171875,17,4.990625,17,0,0
fx-ov-grain,0.3,FAIL,19.10414496527778,58,19.177842881944443,56,19.10414496527778,58,0,0
fx-ov-grain,0.9,FAIL,17.4720703125,58,17.561480034722223,53,17.4720703125,58,0,0
fx-ov-grain,1.5,FAIL,15.68634982638889,57,15.784483506944444,53,15.68634982638889,57,0,0
fx-ov-grain,2.1,FAIL,14.578081597222223,57,14.6529296875,53,14.578081597222223,57,0,0
fx-ov-vhs,0.3,FAIL,6.5638237847222225,24,6.5661024305555555,20,6.588151041666666,24,0,0
fx-ov-vhs,0.9,FAIL,5.4105034722222225,17,5.416449652777778,20,5.406011284722222,17,0,0
fx-ov-vhs,1.5,FAIL,3.9296223958333334,17,3.933224826388889,20,3.976171875,17,0,0
fx-ov-vhs,2.1,FAIL,2.907986111111111,17,2.883181423611111,20,2.9085069444444445,17,0,0
fx-ov-halftone,0.3,PASS,0.04485677083333333,0,0.026171875,0,0.0375,0,0,0
fx-ov-halftone,0.9,PASS,0.04600694444444445,0,0.026953125,0,0.03470052083333333,0,0,0
fx-ov-halftone,1.5,PASS,0.04073350694444444,0,0.02795138888888889,0,0.025824652777777776,0,0,0
fx-ov-halftone,2.1,PASS,0.0337890625,0,0.022873263888888887,0,0.037934027777777775,0,0,0
fx-ov-paper,0.3,PASS,0.09294704861111111,8,0.07858072916666667,4,0.09850260416666666,8,0,0
fx-ov-paper,0.9,PASS,0.1081814236111111,8,0.07951388888888888,4,0.0951171875,8,0,0
fx-ov-paper,1.5,PASS,0.09713541666666667,8,0.07907986111111111,4,0.0951171875,8,0,0
fx-ov-paper,2.1,PASS,0.095703125,8,0.074609375,4,0.09713541666666667,8,0,0
fx-ov-burnt-edges,0.3,PASS,0.1232421875,8,0.08869357638888889,4,0.050065104166666666,0,0,0
fx-ov-burnt-edges,0.9,PASS,0.12150607638888888,8,0.08430989583333333,4,0.053059895833333336,0,0,0
fx-ov-burnt-edges,1.5,PASS,0.1208984375,8,0.080078125,4,0.04626736111111111,0,0,0
fx-ov-burnt-edges,2.1,PASS,0.12328559027777777,8,0.08665364583333333,4,0.055013020833333336,0,0,0
fx-ov-frame-film,0.3,PASS,0.06508246527777778,0,0.04991319444444445,4,0.049717881944444445,0,0,0
fx-ov-frame-film,0.9,PASS,0.0689453125,0,0.047200520833333336,4,0.04928385416666667,0,0,0
fx-ov-frame-film,1.5,PASS,0.0666232638888889,0,0.04631076388888889,4,0.051497395833333334,0,0,0
fx-ov-frame-film,2.1,PASS,0.06449652777777778,0,0.0494140625,4,0.05004340277777778,0,0,0
fx-ov-frame-polaroid,0.3,PASS,0.06870659722222222,0,0.04911024305555556,4,0.04791666666666667,0,0,0
fx-ov-frame-polaroid,0.9,PASS,0.0685763888888889,0,0.04880642361111111,4,0.049370659722222224,0,0,0
fx-ov-frame-polaroid,1.5,PASS,0.07059461805555556,0,0.053624131944444445,4,0.05813802083333333,0,0,0
fx-ov-frame-polaroid,2.1,PASS,0.07586805555555555,0,0.04806857638888889,4,0.05032552083333333,0,0,0
fx-ov-frame-neon-pink,0.3,PASS,0.07395833333333333,0,0.037022569444444445,0,0.04806857638888889,0,0,0
fx-ov-frame-neon-pink,0.9,PASS,0.04025607638888889,0,0.03654513888888889,0,0.07434895833333334,0,0,0
fx-ov-frame-neon-pink,1.5,PASS,0.030338541666666666,0,0.04694010416666667,4,0.05067274305555555,0,0,0
fx-ov-frame-neon-pink,2.1,PASS,0.03624131944444445,0,0.051106770833333336,4,0.07786458333333333,0,0,0
fx-ov-frame-neon-blue,0.3,PASS,0.12727864583333334,8,0.10067274305555556,4,0.10772569444444445,8,0,0
fx-ov-frame-neon-blue,0.9,PASS,0.12113715277777778,8,0.10928819444444444,4,0.10590277777777778,8,0,0
fx-ov-frame-neon-blue,1.5,PASS,0.10909288194444444,8,0.11276041666666667,4,0.09954427083333334,8,0,0
fx-ov-frame-neon-blue,2.1,PASS,0.11410590277777778,8,0.12415364583333334,4,0.10056423611111111,8,0,0
fx-ov-frame-neon-gold,0.3,PASS,0.13810763888888888,8,0.11236979166666666,4,0.1099609375,8,0,0
fx-ov-frame-neon-gold,0.9,PASS,0.1105685763888889,8,0.1154296875,4,0.09947916666666666,8,0,0
fx-ov-frame-neon-gold,1.5,PASS,0.09889322916666667,8,0.10690104166666667,4,0.10112847222222222,8,0,0
fx-ov-frame-neon-gold,2.1,PASS,0.10577256944444445,8,0.11475694444444444,4,0.10206163194444444,8,0,0
fx-ov-frame-rec,0.3,PASS,0.02816840277777778,0,0.016644965277777778,0,0.03257378472222222,0,0,0
fx-ov-frame-rec,0.9,PASS,0.03029513888888889,0,0.0193359375,0,0.031966145833333334,0,0,0
fx-ov-frame-rec,1.5,PASS,0.027408854166666666,0,0.019140625,0,0.022981770833333335,0,0,0
fx-ov-frame-rec,2.1,PASS,0.02536892361111111,0,0.017664930555555555,0,0.03359375,0,0,0
fx-ov-frame-vignette,0.3,PASS,0.10974392361111111,8,0.12350260416666667,4,0.12406684027777778,8,0,0
fx-ov-frame-vignette,0.9,PASS,0.11430121527777778,8,0.12061631944444444,4,0.11419270833333334,8,0,0
fx-ov-frame-vignette,1.5,PASS,0.11677517361111112,8,0.11618923611111111,4,0.11573350694444444,8,0,0
fx-ov-frame-vignette,2.1,PASS,0.1189453125,8,0.11629774305555556,4,0.11328125,8,0,0
fx-ov-frame-grid,0.3,PASS,0.07191840277777778,0,0.06631944444444444,4,0.05032552083333333,0,0,0
fx-ov-frame-grid,0.9,PASS,0.08053385416666667,0,0.06204427083333333,4,0.05262586805555555,0,0,0
fx-ov-frame-grid,1.5,PASS,0.07484809027777778,0,0.0626953125,4,0.04487847222222222,0,0,0
fx-ov-frame-grid,2.1,PASS,0.06898871527777778,0,0.0652126736111111,4,0.05047743055555556,0,0,0
fx-ov-leak-green,0.3,PASS,0.0529296875,0,0.04418402777777778,4,0.04359809027777778,0,0,0
fx-ov-leak-green,0.9,PASS,0.053624131944444445,0,0.048003472222222225,4,0.03943142361111111,0,0,0
fx-ov-leak-green,1.5,PASS,0.045703125,0,0.05147569444444444,4,0.04659288194444444,0,0,0
fx-ov-leak-green,2.1,PASS,0.049652777777777775,0,0.05603298611111111,4,0.046397569444444446,0,0,0
fx-ov-leak-purple,0.3,PASS,0.05262586805555555,0,0.04496527777777778,4,0.04578993055555555,0,0,0
fx-ov-leak-purple,0.9,PASS,0.050868055555555555,0,0.043793402777777775,4,0.04140625,0,0,0
fx-ov-leak-purple,1.5,PASS,0.050390625,0,0.04279513888888889,4,0.055186631944444446,0,0,0
fx-ov-leak-purple,2.1,PASS,0.05755208333333333,0,0.04366319444444444,4,0.05872395833333333,0,0,0
fx-ov-leak-red,0.3,PASS,0.046484375,0,0.04496527777777778,4,0.04296875,0,0,0
fx-ov-leak-red,0.9,PASS,0.05212673611111111,0,0.043793402777777775,4,0.04548611111111111,0,0,0
fx-ov-leak-red,1.5,PASS,0.0529296875,0,0.04279513888888889,4,0.04407552083333333,0,0,0
fx-ov-leak-red,2.1,PASS,0.056315104166666664,0,0.04366319444444444,4,0.048567708333333334,0,0,0
fx-ov-flare-blue,0.3,PASS,0.11857638888888888,8,0.11684027777777778,4,0.12115885416666666,8,0,0
fx-ov-flare-blue,0.9,PASS,0.13578559027777778,8,0.12890625,4,0.11595052083333333,8,0,0
fx-ov-flare-blue,1.5,PASS,0.13350694444444444,8,0.1306857638888889,4,0.1111328125,8,0,0
fx-ov-flare-blue,2.1,PASS,0.13411458333333334,8,0.128515625,4,0.11178385416666667,8,0,0
fx-ov-lightning,0.3,PASS,0.04665798611111111,0,0.06551649305555556,4,0.08059895833333333,0,0,0
fx-ov-lightning,0.9,PASS,0.07016059027777778,0,0.0525390625,4,0.054947916666666666,0,0,0
fx-ov-lightning,1.5,PASS,0.06872829861111111,0,0.05759548611111111,4,0.06345486111111111,0,0,0
fx-ov-lightning,2.1,PASS,0.07938368055555556,0,0.05319010416666667,4,0.0556640625,0,0,0
fx-ov-bokeh-blue,0.3,PASS,0.043467881944444446,0,0.028580729166666666,0,0.05238715277777778,0,0,0
fx-ov-bokeh-blue,0.9,PASS,0.04066840277777778,0,0.03381076388888889,0,0.05481770833333333,0,0,0
fx-ov-bokeh-blue,1.5,PASS,0.03578559027777778,0,0.030859375,0,0.04331597222222222,0,0,0
fx-ov-bokeh-blue,2.1,PASS,0.04095052083333333,0,0.0306640625,0,0.050238715277777776,0,0,0
fx-ov-bokeh-rainbow,0.3,PASS,0.043467881944444446,0,0.03693576388888889,0,0.04694010416666667,0,0,0
fx-ov-bokeh-rainbow,0.9,PASS,0.04066840277777778,0,0.038519965277777776,0,0.04613715277777778,0,0,0
fx-ov-bokeh-rainbow,1.5,PASS,0.03578559027777778,0,0.037543402777777776,0,0.03717447916666667,0,0,0
fx-ov-bokeh-rainbow,2.1,PASS,0.04095052083333333,0,0.037825520833333334,0,0.04796006944444445,0,0,0
fx-ov-sparkle-pink,0.3,PASS,0.038585069444444446,0,0.03226996527777778,0,0.031966145833333334,0,0,0
fx-ov-sparkle-pink,0.9,PASS,0.033051215277777775,0,0.030772569444444446,0,0.0345703125,0,0,0
fx-ov-sparkle-pink,1.5,PASS,0.03170572916666667,0,0.02992621527777778,0,0.033702256944444446,0,0,0
fx-ov-sparkle-pink,2.1,PASS,0.03526475694444445,0,0.03235677083333333,0,0.04299045138888889,0,0,0
fx-ov-sparkle-blue,0.3,PASS,0.03478732638888889,0,0.033116319444444445,0,0.036328125,0,0,0
fx-ov-sparkle-blue,0.9,PASS,0.029600694444444443,0,0.032421875,0,0.038519965277777776,0,0,0
fx-ov-sparkle-blue,1.5,PASS,0.028016493055555557,0,0.032703993055555554,0,0.03728298611111111,0,0,0
fx-ov-sparkle-blue,2.1,PASS,0.033289930555555555,0,0.0341796875,0,0.04266493055555556,0,0,0
fx-ov-hearts-red,0.3,FAIL,1.6617838541666667,58,0.45036892361111114,12,0.49756944444444445,9,0,0
fx-ov-hearts-red,0.9,FAIL,1.9763237847222221,90,0.5105034722222223,16,0.6171875,25,0,0
fx-ov-hearts-red,1.5,FAIL,1.6848307291666667,49,0.5421223958333333,20,0.5810980902777778,25,0,0
fx-ov-hearts-red,2.1,FAIL,0.9562717013888888,33,0.49737413194444446,16,0.44131944444444443,16,0,0
fx-ov-fog-pink,0.3,PASS,0.11612413194444444,8,0.11566840277777778,4,0.10197482638888888,8,0,0
fx-ov-fog-pink,0.9,PASS,0.11801215277777778,8,0.11299913194444444,4,0.10807291666666667,8,0,0
fx-ov-fog-pink,1.5,PASS,0.11423611111111111,8,0.11178385416666667,4,0.10555555555555556,8,0,0
fx-ov-fog-pink,2.1,PASS,0.11712239583333334,8,0.10462239583333334,4,0.10138888888888889,8,0,0
fx-ov-fog-blue,0.3,PASS,0.11375868055555556,8,0.11043836805555556,4,0.10227864583333333,8,0,0
fx-ov-fog-blue,0.9,PASS,0.12545572916666667,8,0.10926649305555555,4,0.10681423611111111,8,0,0
fx-ov-fog-blue,1.5,PASS,0.11293402777777778,8,0.11271701388888888,4,0.10698784722222222,8,0,0
fx-ov-fog-blue,2.1,PASS,0.11171875,8,0.10047743055555555,4,0.10164930555555556,8,0,0
fx-ov-wash-sunset,0.3,PASS,0.0404296875,0,0.05954861111111111,4,0.06417100694444444,0,0,0
fx-ov-wash-sunset,0.9,PASS,0.041449652777777776,0,0.05685763888888889,4,0.0646484375,0,0,0
fx-ov-wash-sunset,1.5,PASS,0.04266493055555556,0,0.05978732638888889,4,0.05954861111111111,0,0,0
fx-ov-wash-sunset,2.1,PASS,0.041167534722222225,0,0.06032986111111111,4,0.0652126736111111,0,0,0
fx-ov-wash-ocean,0.3,PASS,0.08374565972222223,8,0.05911458333333333,4,0.035872395833333334,0,0,0
fx-ov-wash-ocean,0.9,PASS,0.07502170138888889,0,0.05466579861111111,4,0.03224826388888889,0,0,0
fx-ov-wash-ocean,1.5,PASS,0.08248697916666667,8,0.055338541666666664,4,0.033355034722222225,0,0,0
fx-ov-wash-ocean,2.1,PASS,0.07879774305555555,0,0.058333333333333334,4,0.03125,0,0,0
fx-ov-wash-rose,0.3,PASS,0.0404296875,0,0.06354166666666666,4,0.05564236111111111,0,0,0
fx-ov-wash-rose,0.9,PASS,0.041449652777777776,0,0.05946180555555555,4,0.05238715277777778,0,0,0
fx-ov-wash-rose,1.5,PASS,0.04266493055555556,0,0.06297743055555556,4,0.05381944444444445,0,0,0
fx-ov-wash-rose,2.1,PASS,0.041167534722222225,0,0.061371527777777775,4,0.04694010416666667,0,0,0
fx-ov-wash-neon,0.3,PASS,0.06822916666666666,0,0.0636935763888889,4,0.05692274305555556,0,0,0
fx-ov-wash-neon,0.9,PASS,0.07641059027777777,0,0.06163194444444445,4,0.04815538194444444,0,0,0
fx-ov-wash-neon,1.5,PASS,0.08064236111111112,0,0.06558159722222222,4,0.0501953125,0,0,0
fx-ov-wash-neon,2.1,PASS,0.07035590277777778,0,0.06391059027777778,4,0.048502604166666664,0,0,0
fx-ov-wash-gold,0.3,PASS,0.07228732638888889,0,0.062065972222222224,4,0.06417100694444444,0,0,0
fx-ov-wash-gold,0.9,PASS,0.06625434027777778,0,0.06165364583333333,4,0.0646484375,0,0,0
fx-ov-wash-gold,1.5,PASS,0.0724826388888889,0,0.06115451388888889,4,0.05954861111111111,0,0,0
fx-ov-wash-gold,2.1,PASS,0.06851128472222222,0,0.06048177083333333,4,0.0652126736111111,0,0,0
fx-ov-rainbow,0.3,PASS,0.09526909722222222,8,0.0890842013888889,4,0.08200954861111111,0,0,0
fx-ov-rainbow,0.9,PASS,0.094140625,8,0.0876953125,4,0.08938802083333333,8,0,0
fx-ov-rainbow,1.5,PASS,0.09435763888888889,8,0.08838975694444444,4,0.0857204861111111,8,0,0
fx-ov-rainbow,2.1,PASS,0.08782552083333334,8,0.0881076388888889,4,0.08485243055555555,8,0,0
fx-ov-frame-neon-green,0.3,PASS,0.06697048611111112,0,0.04066840277777778,0,0.041558159722222224,0,0,0
fx-ov-frame-neon-green,0.9,PASS,0.07588975694444444,0,0.024305555555555556,0,0.05262586805555555,0,0,0
fx-ov-frame-neon-green,1.5,PASS,0.05611979166666667,0,0.023524305555555555,0,0.03671875,0,0,0
fx-ov-frame-neon-green,2.1,PASS,0.04772135416666667,0,0.021571180555555555,0,0.04837239583333333,0,0,0
