id,time,strictStatus,reviewStatus,R_blurredMae8,R_histogramWasserstein8,R_meanError8,G_blurredMae8,G_histogramWasserstein8,G_meanError8,B_blurredMae8,B_histogramWasserstein8,B_meanError8,A_blurredMae8,A_histogramWasserstein8,A_meanError8,meanLuminanceError8
fx-shake,0.3,FAIL,PROVISIONAL_PASS,0.20399534409525782,0.05221354166666667,0.002907986111111111,0.20119298624105258,0.05759548611111111,0.012630208333333334,0.21589128273910718,0.06853298611111111,0.007899305555555555,0,0,0,0.009081032986117066
fx-shake,0.9,PASS,PROVISIONAL_PASS,0.0496859532979294,0.04470486111111111,0.015407986111111112,0.04968570875583111,0.04893663194444445,0.024153645833333334,0.045644664459235054,0.047591145833333334,0.004752604166666666,0,0,0,0.02089356336803405
fx-shake,1.5,FAIL,PROVISIONAL_PASS,0.49603887382696754,0.06371527777777777,0.004079861111111111,0.5110819363605443,0.08684895833333334,0.006119791666666667,0.5537770865932913,0.07202690972222223,0.0162109375,0,0,0,0.002339066840292503
fx-shake,2.1,FAIL,FAIL,2.501041635290134,0.14049479166666667,0.07065972222222222,2.606051112107305,0.1890625,0.11267361111111111,2.722061804115313,0.2038845486111111,0.15184461805555555,0,0,0,0.10656960503473556
fx-cc-slash-reveal,0.3,FAIL,PROVISIONAL_PASS,1.150833180671879,0.13174913194444443,0.03556857638888889,1.1347413344736998,0.14563802083333333,0.01968315972222222,1.146783874539608,0.13587239583333333,0.030837673611111113,0,0,0,0.023865755208333894
fx-cc-slash-reveal,0.9,PASS,PROVISIONAL_PASS,0.032672655126105066,0.034657118055555554,0.0076171875,0.03476953155194836,0.03784722222222222,0.016796875,0.03465099352907425,0.036328125,0.015017361111111112,0,0,0,0.014716792534713363
fx-cc-slash-reveal,1.5,PASS,PROVISIONAL_PASS,0.03273300165913631,0.05251736111111111,0.004166666666666667,0.022215625719997713,0.054296875,0.0016059027777777777,0.03156798578797107,0.05041232638888889,0.0007595486111111111,0,0,0,0.00020786892361002174
fx-cc-slash-reveal,2.1,FAIL,PROVISIONAL_PASS,1.6416755802488872,0.11315104166666666,0.07478298611111112,1.625815517450231,0.11471354166666667,0.06436631944444444,1.6361905550125202,0.12662760416666666,0.08148871527777778,0,0,0,0.06781713975694004
fx-cc-diamond-zoom,0.3,PASS,PROVISIONAL_PASS,0.04521727944582746,0.045985243055555555,0.03387586805555556,0.054623770550274384,0.06232638888888889,0.047699652777777775,0.05994887898715825,0.06345486111111111,0.04552951388888889,0,0,0,0.04460403211805897
fx-cc-diamond-zoom,0.9,PASS,PROVISIONAL_PASS,0.04030513751920946,0.04032118055555556,0.033463541666666666,0.036054316623817306,0.03993055555555555,0.029296875,0.04176581335438877,0.0419921875,0.029796006944444446,0,0,0,0.030218745659738033
fx-cc-diamond-zoom,1.5,PASS,PROVISIONAL_PASS,0.043886567211109964,0.04997829861111111,0.02927517361111111,0.04383702221207247,0.04826388888888889,0.03567708333333333,0.03290313240626612,0.038736979166666664,0.012087673611111112,0,0,0,0.03261288194443068
fx-cc-diamond-zoom,2.1,PASS,PROVISIONAL_PASS,0.04269908226095419,0.053276909722222224,0.024500868055555555,0.03520933485657027,0.053971354166666666,0.0228515625,0.043210085270434684,0.05373263888888889,0.019921875,0,0,0,0.022990681423607384
fx-ct-error-quake,0.3,FAIL,FAIL,4.5088106638672025,2.832986111111111,1.8339409722222222,5.401379156343408,4.152018229166667,4.000455729166666,6.51582182482132,4.613519965277778,4.551019965277778,0,0,0,3.579605429687504
fx-ct-error-quake,0.9,PASS,PROVISIONAL_PASS,0.023842603784679638,0.05078125,0.0013020833333333333,0.018156497092110035,0.03819444444444445,0.005772569444444445,0.02838744646132835,0.041449652777777776,0.018012152777777776,0,0,0,0.005705842013881579
fx-ct-error-quake,1.5,PASS,PROVISIONAL_PASS,0.025069171880500438,0.045008680555555555,0.012456597222222223,0.016458812380305558,0.03943142361111111,0.006575520833333333,0.026775091209107076,0.04513888888888889,0.010546875,0,0,0,0.008112569444449491
fx-ct-error-quake,2.1,FAIL,PROVISIONAL_PASS,0.31948054862572545,0.1373263888888889,0.12825520833333334,0.6859664913093504,0.40132378472222224,0.2584418402777778,0.7497005158999225,0.41006944444444443,0.25972222222222224,0,0,0,0.23085660590277257
fx-ct-explosion,0.3,PASS,PROVISIONAL_PASS,0.031027648558179553,0.030685763888888887,0.026258680555555556,0.03498730709115697,0.032877604166666664,0.0240234375,0.026966811669619152,0.026280381944444445,0.0008463541666666667,0,0,0,0.02282526475693203
fx-ct-explosion,0.9,PASS,PROVISIONAL_PASS,0.03726253909095633,0.03899739583333333,0.014561631944444445,0.02672817970450166,0.03322482638888889,0.0036241319444444446,0.021619235913912856,0.022981770833333335,0.0037977430555555555,0,0,0,0.0002296267361145965
fx-ct-explosion,1.5,PASS,PROVISIONAL_PASS,0.024930796130320593,0.03289930555555556,0.0036024305555555558,0.04953141001355799,0.05716145833333333,0.03250868055555556,0.02249052689460555,0.022330729166666667,0.0025390625,0,0,0,0.02266765190971398
fx-ct-explosion,2.1,PASS,PROVISIONAL_PASS,0.017700961175790945,0.016796875,0.014279513888888888,0.034319401701057524,0.033463541666666666,0.027473958333333333,0.045637930163166945,0.03934461805555556,0.021419270833333334,0,0,0,0.024231671006930355
fx-ct-scene-cut,0.3,FAIL,FAIL,22.692242307378272,13.377669270833334,10.950455729166666,23.143250212255676,14.17578125,10.862413194444445,24.663249165328516,14.091840277777777,11.866232638888889,0,0,0,10.953606801215287
fx-ct-scene-cut,0.9,FAIL,FAIL,93.82400269265847,94.15928819444444,94.15928819444444,95.25098019046843,95.579296875,95.579296875,94.78323764688177,95.11174045138888,95.11174045138888,0,0,0,95.24364545572918
fx-ct-scene-cut,1.5,FAIL,FAIL,93.68835533296964,93.80568576388889,93.80568576388889,95.14631073560035,95.27439236111111,95.26779513888889,94.59951942490679,94.72775607638889,94.72775607638889,0,0,0,94.91795986545141
fx-ct-scene-cut,2.1,FAIL,FAIL,92.99498227192892,93.47276475694444,93.47276475694444,94.4523716631529,94.93253038194445,94.93253038194445,93.92536871059843,94.42100694444444,94.42100694444444,0,0,0,94.58525221788197
fx-cc-shiny-stack,0.3,FAIL,FAIL,10.419859146774057,1.7174913194444446,0.19544270833333333,11.029541380296138,1.6221137152777778,0.12467447916666667,11.634720715904868,1.4270182291666667,0.03187934027777778,0,0,0,0.13301999565970846
fx-cc-shiny-stack,0.9,FAIL,FAIL,6.816012792608325,0.6489800347222222,0.1320529513888889,6.84137061563455,0.6167317708333333,0.14090711805555556,6.487953885862668,0.6605902777777778,0.13832465277777778,0,0,0,0.13883826822919332
fx-cc-shiny-stack,1.5,FAIL,FAIL,8.864175036236574,2.3510416666666667,0.34713541666666664,8.83707124129528,2.130512152777778,0.38198784722222223,8.519652193772211,1.7829644097222221,0.22111545138888888,0,0,0,0.3629632335069459
fx-cc-shiny-stack,2.1,FAIL,FAIL,4.494688863657719,0.9310763888888889,0.7371961805555556,4.787935054260519,0.9085069444444445,0.7852430555555555,5.050112241028672,0.8729817708333333,0.7850043402777778,0,0,0,0.7750110546875248
fx-ct-glass-breaking,0.3,FAIL,FAIL,3.383875793581792,1.2251085069444445,0.9864366319444444,3.248644252652144,1.1171440972222222,0.8450954861111111,3.6105221293264793,1.3628255208333333,0.8550998263888889,0,0,0,0.8758669270833366
fx-ct-glass-breaking,0.9,FAIL,FAIL,3.344572243075754,0.8672743055555555,0.359375,3.1775236296337033,0.7977430555555556,0.30477430555555557,3.6351336700731975,0.9823784722222222,0.259765625,0,0,0,0.31313278645833265
fx-ct-glass-breaking,1.5,FAIL,FAIL,3.9482833821891696,0.9171875,0.33546006944444445,3.849049989323145,0.8675130208333334,0.3975911458333333,4.3900137229674305,1.0141927083333333,0.46401909722222223,0,0,0,0.38917817708333047
fx-ct-glass-breaking,2.1,FAIL,FAIL,3.389151152518008,0.3858506944444444,0.24639756944444444,3.3099079722496723,0.3841362847222222,0.3045789930555556,3.7840806384956225,0.5100260416666667,0.473828125,0,0,0,0.30442940972221777
fx-ct-negative-panels,0.3,PASS,PROVISIONAL_PASS,0.0229832277191553,0.04027777777777778,0.008203125,0.014876161771079989,0.02599826388888889,0.0028211805555555555,0.027715703136101964,0.03671875,0.010807291666666666,0,0,0,0.004541979166674537
fx-ct-negative-panels,0.9,PASS,PROVISIONAL_PASS,0.02427939817753651,0.036566840277777776,0.004231770833333333,0.01589407581573593,0.03357204861111111,0.0060546875,0.024128015729055725,0.047699652777777775,0.002387152777777778,0,0,0,0.00325828559027741
fx-ct-negative-panels,1.5,PASS,PROVISIONAL_PASS,0.02067589472749317,0.03606770833333333,0.003949652777777778,0.016314844988781677,0.030403645833333333,0.002105034722222222,0.027567178427331508,0.0349609375,0.0150390625,0,0,0,0.0034310373264077043
fx-ct-negative-panels,2.1,FAIL,FAIL,40.28158203725749,25.142751736111112,24.994835069444445,43.803110278769815,31.79535590277778,31.79535590277778,58.90305459210566,49.24830729166667,49.24830729166667,0,0,0,31.609668263888892
fx-ct-fireplace,0.3,FAIL,PROVISIONAL_PASS,0.3925333437875938,0.1290798611111111,0.11727430555555556,0.2345359070621693,0.09850260416666666,0.06673177083333333,0.07878933716162723,0.04900173611111111,0.0140625,0,0,0,0.07367439236109874
fx-ct-fireplace,0.9,FAIL,PROVISIONAL_PASS,0.5082586438799845,0.20119357638888888,0.1843967013888889,0.320279479696823,0.15340711805555557,0.13639322916666666,0.09854672590836575,0.0654296875,0.037434895833333336,0,0,0,0.13945397569445106
fx-ct-fireplace,1.5,FAIL,PROVISIONAL_PASS,0.44652167993411107,0.21946614583333332,0.20054253472222222,0.2678013496316808,0.13231336805555555,0.1081814236111111,0.08491996871428804,0.06842447916666666,0.04099392361111111,0,0,0,0.1229664583333232
fx-ct-fireplace,2.1,FAIL,PROVISIONAL_PASS,0.481154307912915,0.2345486111111111,0.18268229166666666,0.28243210893645715,0.14939236111111112,0.087109375,0.089730455628582,0.05401475694444444,0.017513020833333334,0,0,0,0.10240332031249011
fx-ct-vignette-noir,0.3,FAIL,PROVISIONAL_PASS,0.20046177919672828,0.10889756944444444,0.008463541666666666,0.18371439595905517,0.11174045138888888,0.014214409722222222,0.20046177919672828,0.10889756944444444,0.008463541666666666,0,0,0,0.012576562500001387
fx-ct-vignette-noir,0.9,FAIL,PROVISIONAL_PASS,0.18265949716898452,0.10123697916666667,0.028884548611111113,0.1533354903769596,0.11547309027777777,0.0022352430555555554,0.18265949716898452,0.10123697916666667,0.028884548611111113,0,0,0,0.006627673611120599
fx-ct-vignette-noir,1.5,FAIL,PROVISIONAL_PASS,0.18872329254505849,0.09381510416666666,0.018598090277777778,0.14549237611032478,0.12000868055555555,0.0024305555555555556,0.18872329254505849,0.09381510416666666,0.018598090277777778,0,0,0,0.0035584027777701976
fx-ct-vignette-noir,2.1,FAIL,PROVISIONAL_PASS,0.17802893462235872,0.11857638888888888,0.040581597222222224,0.1396788825578884,0.11812065972222222,0.02771267361111111,0.17802893462235872,0.11857638888888888,0.040581597222222224,0,0,0,0.03137774305557173
fx-ct-lightning-crack,0.3,FAIL,FAIL,11.681439009762608,1.604123263888889,0.2628038194444444,12.356343205659838,1.8620008680555555,0.25397135416666666,13.057961309950512,2.0410807291666666,0.2755859375,0,0,0,0.25740970920138295
fx-ct-lightning-crack,0.9,PASS,PROVISIONAL_PASS,0.03265977851628141,0.04600694444444445,0.011067708333333334,0.01997033225885639,0.03899739583333333,0.00010850694444444444,0.02378081870003166,0.022743055555555555,0.00021701388888888888,0,0,0,0.0024462673611225227
fx-ct-lightning-crack,1.5,FAIL,FAIL,8.322043091325137,4.161241319444445,3.730685763888889,8.793796930673256,4.435590277777778,3.890017361111111,9.314442878763803,4.641536458333333,4.0875434027777775,0,0,0,3.870404843749995
fx-ct-lightning-crack,2.1,PASS,PROVISIONAL_PASS,0.044543127533030295,0.049262152777777776,0.04032118055555556,0.04221484778305625,0.05243055555555556,0.03888888888888889,0.04263149800668495,0.04001736111111111,0.03689236111111111,0,0,0,0.039049244791684146
fx-vignette,0.3,FAIL,PROVISIONAL_PASS,0.4040873269686122,0.23506944444444444,0.16072048611111112,0.3967176766728567,0.21219618055555556,0.14769965277777777,0.41530860318666607,0.2339409722222222,0.15638020833333333,0,0,0,0.15109461805556634
fx-vignette,0.9,FAIL,PROVISIONAL_PASS,0.4327583967297543,0.18170572916666666,0.12055121527777778,0.4301344938159114,0.19654947916666668,0.1312282986111111,0.42171304504201484,0.17493489583333333,0.10891927083333333,0,0,0,0.12734763888889233
fx-vignette,1.5,FAIL,PROVISIONAL_PASS,0.4064022567355639,0.1724609375,0.12163628472222222,0.4050928221366708,0.1958550347222222,0.1441623263888889,0.42448395645952525,0.15594618055555556,0.10633680555555555,0,0,0,0.13664228732639572
fx-vignette,2.1,FAIL,PROVISIONAL_PASS,0.3974330869865193,0.13270399305555555,0.02228732638888889,0.39614799675337276,0.11028645833333334,0.025130208333333334,0.39242641939499734,0.11749131944444445,0.02131076388888889,0,0,0,0.024250047743052505
fx-ct-offset-slice,0.3,PASS,PROVISIONAL_PASS,0.025575268166315626,0.026627604166666666,0.01447482638888889,0.01651480784266284,0.02282986111111111,0.005815972222222222,0.014616477113619745,0.01662326388888889,0.006293402777777778,0,0,0,0.007691315104153773
fx-ct-offset-slice,0.9,FAIL,FAIL,2.542576390430156,0.9942274305555555,0.9212673611111111,2.146839365666062,0.8051432291666667,0.5827473958333333,1.9308785519510812,0.6236979166666666,0.3880208333333333,0,0,0,0.6406574826388862
fx-ct-offset-slice,1.5,PASS,PROVISIONAL_PASS,0.050018227922227945,0.03595920138888889,0.01056857638888889,0.03535311385418767,0.02573784722222222,0.0017795138888888889,0.04152020000500387,0.02671440972222222,0.00896267361111111,0,0,0,0.00416669270833836
fx-ct-offset-slice,2.1,PASS,PROVISIONAL_PASS,0.02464522227732919,0.025434027777777778,0.007725694444444445,0.011780533766097485,0.018880208333333332,0.0006076388888888889,0.015193562865625575,0.02150607638888889,0.0008897569444444444,0,0,0,0.002012825520836259
fx-cc-feverish,0.3,PASS,PROVISIONAL_PASS,0.023786574323874394,0.029079861111111112,0.009375,0.026353686739658416,0.03884548611111111,0.0005642361111111111,0.026640532870322226,0.02734375,0.007248263888888889,0,0,0,0.0018733420138943302
fx-cc-feverish,0.9,FAIL,FAIL,6.589615750993909,6.587934027777778,6.587934027777778,18.323268427364024,18.337608506944445,18.337608506944445,14.371943236425333,14.477256944444445,14.359852430555556,0,0,0,15.552433723958316
fx-cc-feverish,1.5,PASS,PROVISIONAL_PASS,0.024715011360206582,0.033203125,0.017361111111111112,0.02592947197134274,0.03556857638888889,0.00023871527777777777,0.026540832892608644,0.027907986111111113,0.014539930555555556,0,0,0,0.002811918402755964
fx-cc-feverish,2.1,PASS,PROVISIONAL_PASS,0.02138157744869513,0.023741319444444443,0.00959201388888889,0.029229108045982465,0.03982204861111111,0.004535590277777778,0.030763391808871,0.029709201388888887,0.015125868055555556,0,0,0,0.004191028645863071
fx-ct-tension-zoom,0.3,PASS,PROVISIONAL_PASS,0.03859464949059662,0.03865017361111111,0.017122395833333335,0.041500694346261996,0.047417534722222224,0.02211371527777778,0.035349174975602124,0.03717447916666667,0.002322048611111111,0,0,0,0.019623602430570486
fx-ct-tension-zoom,0.9,PASS,PROVISIONAL_PASS,0.0385937868927404,0.0396484375,0.011436631944444444,0.033729630855798685,0.0373046875,0.011436631944444444,0.03491993440790767,0.03357204861111111,0.001193576388888889,0,0,0,0.010524730902773172
fx-ct-tension-zoom,1.5,PASS,PROVISIONAL_PASS,0.03752774016537218,0.034027777777777775,0.005208333333333333,0.03150163798662327,0.035807291666666664,0.006814236111111111,0.03446147358999047,0.03721788194444445,0.0056640625,0,0,0,0.006389778645853994
fx-ct-tension-zoom,2.1,PASS,PROVISIONAL_PASS,0.04189231291046903,0.043467881944444446,0.01759982638888889,0.037456836694609044,0.04624565972222222,0.020724826388888888,0.033649803877483946,0.03394097222222222,0.00993923611111111,0,0,0,0.0192817317708176
fx-ct-cut-shift,0.3,FAIL,FAIL,4.528126142027412,0.7522569444444445,0.7510850694444444,4.915135973325813,1.1054470486111112,1.1010199652777777,5.474310437561948,1.862912326388889,1.8574869791666666,0,0,0,1.0812407248263867
fx-ct-cut-shift,0.9,PASS,PROVISIONAL_PASS,0.02912600130188869,0.05041232638888889,6.510416666666667e-05,0.02579635537363791,0.057183159722222224,0.0028862847222222224,0.02760802186067874,0.05381944444444445,0.008940972222222222,0,0,0,0.002695967881948036
fx-ct-cut-shift,1.5,FAIL,FAIL,3.520444940047547,0.8486979166666667,0.5486545138888889,3.654689539145843,0.9129123263888889,0.47220052083333336,4.00567000385981,1.0665581597222222,0.05783420138888889,0,0,0,0.45853739149305284
fx-ct-cut-shift,2.1,PASS,PROVISIONAL_PASS,0.0712675654717104,0.07035590277777778,0.010763888888888889,0.06127339939113119,0.07317708333333334,0.027039930555555557,0.07668493924892,0.08194444444444444,0.025694444444444443,0,0,0,0.023482500000000073
fx-cc-move-cloud,0.3,PASS,PROVISIONAL_PASS,0.039883735872325146,0.03930121527777778,0.03895399305555555,0.03128717806494875,0.0326171875,0.0310546875,0.038509507541479825,0.03899739583333333,0.037608506944444446,0,0,0,0.033207265624980664
fx-cc-move-cloud,0.9,PASS,PROVISIONAL_PASS,0.02783565948754295,0.04262152777777778,0.019618055555555555,0.016122424719266983,0.03619791666666667,0.00021701388888888888,0.016663803632069953,0.021354166666666667,0.0032118055555555554,0,0,0,0.0037836979166456786
fx-cc-move-cloud,1.5,PASS,PROVISIONAL_PASS,0.025172601166831045,0.043402777777777776,0.015234375,0.01644025834254229,0.03624131944444445,0.0038628472222222224,0.01765273179389083,0.022547743055555555,0.0019314236111111112,0,0,0,0.005862087673619953
fx-cc-move-cloud,2.1,PASS,PROVISIONAL_PASS,0.030069431651701475,0.03298611111111111,0.02634548611111111,0.03250272064922737,0.03576388888888889,0.03194444444444444,0.035734386949114696,0.03849826388888889,0.035590277777777776,0,0,0,0.031017335069435603
fx-ct-chaotic-heat,0.3,FAIL,FAIL,21.553236943379936,14.580186631944445,10.496245659722222,18.67153371450174,18.204904513888888,0.12708333333333333,10.502558374768775,10.049826388888889,0.10902777777777778,0,0,0,2.1484836328125
fx-ct-chaotic-heat,0.9,FAIL,PROVISIONAL_PASS,1.1685799632166582,0.8320095486111111,0.6254557291666667,1.7372119127295125,1.0968315972222222,0.4615885416666667,0.7852833234771653,0.7083333333333334,0.13532986111111112,0,0,0,0.4533291970486175
fx-ct-chaotic-heat,1.5,FAIL,FAIL,19.20214659460523,14.851888020833334,14.130360243055556,19.512988617458344,18.800824652777777,2.2592881944444443,11.323235794769877,8.172938368055556,5.506792534722222,0,0,0,5.017547925347188
fx-ct-chaotic-heat,2.1,FAIL,FAIL,8.938584119796051,8.9025390625,8.9025390625,8.684435396170056,8.654383680555556,8.654383680555556,4.712370489244422,4.696614583333333,4.696614583333333,0,0,0,8.421390585937502
fx-ct-magical-tome,0.3,PASS,PROVISIONAL_PASS,0.02332813129200285,0.025694444444444443,0.0032552083333333335,0.024052443409062128,0.03090277777777778,0.006076388888888889,0.025456883272147148,0.026779513888888887,0.008420138888888888,0,0,0,0.004261710069457081
fx-ct-magical-tome,0.9,PASS,PROVISIONAL_PASS,0.026043195141724557,0.027886284722222224,0.006488715277777778,0.02299928927372982,0.029600694444444443,8.680555555555556e-05,0.025573716669539174,0.026605902777777777,0.012543402777777778,0,0,0,0.000535950520827555
fx-ct-magical-tome,1.5,PASS,PROVISIONAL_PASS,0.025880321084235314,0.026671006944444443,0.0032769097222222223,0.023498290749081645,0.031901041666666664,0.0035590277777777777,0.025164819352253284,0.0267578125,0.0087890625,0,0,0,0.002483315972213518
fx-ct-magical-tome,2.1,PASS,PROVISIONAL_PASS,0.0257401471195761,0.02717013888888889,0.0036024305555555558,0.02428112044860288,0.02866753472222222,0.004014756944444444,0.028278636602791528,0.02717013888888889,0.014105902777777778,0,0,0,0.003123923611127566
fx-ct-grim-reaper,0.3,PASS,PROVISIONAL_PASS,0.024396309133655893,0.029839409722222224,0.005230034722222222,0.024714722104084187,0.03400607638888889,0.0007161458333333333,0.02664008569844164,0.03192274305555556,0.00023871527777777777,0,0,0,0.001641328125003838
fx-ct-grim-reaper,0.9,PASS,PROVISIONAL_PASS,0.018712102966739926,0.024956597222222224,0.005208333333333333,0.02107481511522226,0.028255208333333334,0.001345486111111111,0.028131106576946202,0.033051215277777775,0.0077473958333333336,0,0,0,0.0026289453124803686
fx-ct-grim-reaper,1.5,PASS,PROVISIONAL_PASS,0.022754106852545305,0.02341579861111111,0.010221354166666667,0.020021030916665485,0.02439236111111111,0.0067708333333333336,0.02569172204436584,0.02638888888888889,0.009765625,0,0,0,0.007720638020828119
fx-ct-grim-reaper,2.1,PASS,PROVISIONAL_PASS,0.020160232119253725,0.0212890625,0.004622395833333333,0.022195167656597917,0.027864583333333335,0.0047309027777777775,0.025832300284219564,0.030013020833333334,0.00935329861111111,0,0,0,0.005041571180541382
fx-ct-phone-zoom,0.3,PASS,PROVISIONAL_PASS,0.025853805055129107,0.030555555555555555,0.01171875,0.01898096665136046,0.024652777777777777,0.008333333333333333,0.02054729190105994,0.019618055555555555,0.004036458333333334,0,0,0,0.008742838541650144
fx-ct-phone-zoom,0.9,PASS,PROVISIONAL_PASS,0.025461302003832446,0.0333984375,0.01955295138888889,0.01969094105624146,0.02619357638888889,0.009396701388888888,0.01832026608644856,0.020594618055555555,6.510416666666667e-05,0,0,0,0.010882178819443311
fx-ct-phone-zoom,1.5,PASS,PROVISIONAL_PASS,0.04335331228215602,0.040364583333333336,0.020269097222222223,0.03906620201208313,0.04496527777777778,0.025694444444444443,0.03549747861508193,0.03428819444444445,0.004166666666666667,0,0,0,0.022986710069446303
fx-ct-phone-zoom,2.1,PASS,PROVISIONAL_PASS,0.021146263155860087,0.024848090277777776,0.012825520833333333,0.01925473755291948,0.02504340277777778,0.008506944444444444,0.02139669772431638,0.024848090277777776,0.0009331597222222223,0,0,0,0.008878246527757483
fx-cc-retro-flicker,0.3,FAIL,PROVISIONAL_PASS,1.1815444999970508,1.1141710069444444,1.1141710069444444,0.995924607332648,0.9173394097222223,0.9173394097222223,0.8070162593825123,0.6986328125,0.6986328125,0,0,0,0.9433951909722111
fx-cc-retro-flicker,0.9,FAIL,PROVISIONAL_PASS,0.43633069765903093,0.22758246527777778,0.1285373263888889,0.4207712108557293,0.24518229166666666,0.1017795138888889,0.40979362431611244,0.19911024305555555,0.0830078125,0,0,0,0.10611290798610185
fx-cc-retro-flicker,1.5,FAIL,PROVISIONAL_PASS,0.3762356504654721,0.2124565972222222,0.13051215277777778,0.35164819976064915,0.18585069444444444,0.09557291666666666,0.3662091659714195,0.20473090277777778,0.09574652777777778,0,0,0,0.10301353298609683
fx-cc-retro-flicker,2.1,FAIL,FAIL,5.011988013486576,4.970616319444445,4.970616319444445,4.196994867689774,4.153298611111111,4.153298611111111,3.315577499977048,3.2797960069444443,3.2797960069444443,0,0,0,4.263993467881946
fx-cc-handheld,0.3,PASS,PROVISIONAL_PASS,0.03254750066632127,0.032139756944444445,0.022894965277777776,0.03348029770291078,0.0337890625,0.022981770833333335,0.033524018923101924,0.027430555555555555,0.0028211805555555555,0,0,0,0.021507721354154796
fx-cc-handheld,0.9,PASS,PROVISIONAL_PASS,0.03625720627854918,0.03771701388888889,0.019618055555555555,0.031110287309019633,0.03502604166666667,0.016927083333333332,0.03026115325982914,0.03125,0.002994791666666667,0,0,0,0.016493272569448436
fx-cc-handheld,1.5,PASS,PROVISIONAL_PASS,0.03675637676321275,0.035546875,0.022569444444444444,0.0349145296546323,0.039561631944444446,0.0205078125,0.029781639925770036,0.030685763888888887,0.004904513888888889,0,0,0,0.019819557291668843
fx-cc-handheld,2.1,PASS,PROVISIONAL_PASS,0.03293756631171353,0.03263888888888889,0.021918402777777776,0.030341513349626478,0.03537326388888889,0.020920138888888887,0.029240191701861373,0.02847222222222222,0.002560763888888889,0,0,0,0.01980682291666369
fx-cc-wiggle-flicker,0.3,FAIL,FAIL,24.083643610485716,23.290104166666666,23.290104166666666,23.692663093655696,22.76833767361111,22.76833767361111,23.339821372907764,22.198177083333334,22.198177083333334,0,0,0,22.83809963541664
fx-cc-wiggle-flicker,0.9,FAIL,FAIL,15.943790617728425,15.23322482638889,15.23322482638889,15.65928968380159,14.83515625,14.83515625,14.674379022714222,13.665755208333334,13.665755208333334,0,0,0,14.835354874131937
fx-cc-wiggle-flicker,1.5,FAIL,PROVISIONAL_PASS,0.5866563915254654,0.10855034722222222,0.018142361111111113,0.42035830202027386,0.09407552083333333,0.004665798611111111,0.6357429765481899,0.10583767361111111,0.0057074652777777775,0,0,0,0.007606124131939396
fx-cc-wiggle-flicker,2.1,FAIL,FAIL,3.4597197736228282,1.6299696180555556,0.7546223958333333,3.693673629500641,1.6038194444444445,0.9837239583333334,3.970144699591406,1.6544921875,1.202756076388889,0,0,0,0.9508310850694528
fx-cc-hex-split,0.3,FAIL,PROVISIONAL_PASS,0.6227716875206478,0.1734375,0.11536458333333334,0.5459436093703721,0.15347222222222223,0.12534722222222222,0.4777924884154906,0.12688802083333334,0.10740017361111111,0,0,0,0.12192913628473434
fx-cc-hex-split,0.9,FAIL,PROVISIONAL_PASS,0.7465297873192878,0.22029079861111112,0.1962890625,0.6725260389670166,0.20496961805555555,0.1929904513888889,0.6087941977066289,0.20987413194444443,0.1779296875,0,0,0,0.19260434895835488
fx-cc-hex-split,1.5,FAIL,PROVISIONAL_PASS,0.860553655660787,0.21480034722222222,0.18003472222222222,0.7586257521179091,0.19835069444444445,0.15876736111111112,0.6564937415665463,0.15963541666666667,0.11453993055555556,0,0,0,0.16009558159721848
fx-cc-hex-split,2.1,FAIL,PROVISIONAL_PASS,0.7962419668886223,0.40030381944444443,0.3944010416666667,0.7157235544343095,0.36215277777777777,0.3579861111111111,0.6008316293692266,0.31484375,0.3099826388888889,0,0,0,0.36226207465280424
fx-cc-heart-ascent,0.3,FAIL,PROVISIONAL_PASS,0.8043342926484496,0.5265625,0.5265625,0.3376090400101198,0.18196614583333334,0.11048177083333334,0.4697387876215254,0.3790364583333333,0.31844618055555557,0,0,0,0.21395556423610174
fx-cc-heart-ascent,0.9,FAIL,PROVISIONAL_PASS,1.0594491163863728,0.08643663194444444,0.03283420138888889,0.41483207015527435,0.08565538194444444,0.006271701388888889,0.6168334558480837,0.0640625,0.00013020833333333333,0,0,0,0.01147547309028596
fx-cc-heart-ascent,1.5,FAIL,PROVISIONAL_PASS,1.152279915456831,0.13669704861111112,0.09950086805555555,0.4485705775763458,0.12241753472222222,0.07992621527777778,0.7037680275183145,0.11981336805555555,0.06612413194444444,0,0,0,0.08309127604168509
fx-cc-heart-ascent,2.1,FAIL,PROVISIONAL_PASS,1.3311402840994395,0.21412760416666668,0.19446614583333333,0.5574653601830865,0.11063368055555556,0.06219618055555556,0.8143736243135482,0.16920572916666668,0.13235677083333333,0,0,0,0.0953823697916647
fx-cc-butterfly,0.3,PASS,PROVISIONAL_PASS,0.03185109035117384,0.03975694444444444,0.005295138888888889,0.018591787308326484,0.04424913194444444,0.0022352430555555554,0.028459024194818487,0.04327256944444444,0.002907986111111111,0,0,0,0.0002629427083320479
fx-cc-butterfly,0.9,PASS,PROVISIONAL_PASS,0.03161574418000193,0.045703125,0.009722222222222222,0.02720077241293414,0.04411892361111111,0.0010199652777777778,0.03811740862103056,0.044422743055555554,0.005837673611111111,0,0,0,0.0032179036458330756
fx-cc-butterfly,1.5,PASS,PROVISIONAL_PASS,0.04616907674154187,0.049544270833333334,0.014865451388888888,0.024251706417874566,0.043055555555555555,0.0017795138888888889,0.04145046614651429,0.049652777777777775,0.00837673611111111,0,0,0,0.005037903645842334
fx-cc-butterfly,2.1,PASS,PROVISIONAL_PASS,0.0460648619738206,0.046484375,0.009505208333333333,0.0241140501381198,0.04251302083333333,0.0044921875,0.04104246379931746,0.04307725694444445,0.0009765625,0,0,0,0.0012625130208334667
fx-cc-butterfly-dream,0.3,PASS,PROVISIONAL_PASS,0.02478836557329061,0.034375,0.005642361111111111,0.026877727937994447,0.03860677083333333,0.006792534722222222,0.03460848491367188,0.03980034722222222,0.005338541666666667,0,0,0,0.004043897569445676
fx-cc-butterfly-dream,0.9,PASS,PROVISIONAL_PASS,0.03481103506169168,0.04194878472222222,0.006141493055555555,0.02980645410842249,0.0375,0.008333333333333333,0.03483879379256738,0.040538194444444446,0.013932291666666667,0,0,0,0.005660230034720826
fx-cc-butterfly-dream,1.5,PASS,PROVISIONAL_PASS,0.03143311438186478,0.041840277777777775,0.005121527777777778,0.03243711675096667,0.03832465277777778,0.005642361111111111,0.03770120514992487,0.043858506944444445,0.005447048611111111,0,0,0,0.003339856770821825
fx-cc-butterfly-dream,2.1,PASS,PROVISIONAL_PASS,0.029626094002552037,0.04177517361111111,0.0029296875,0.03232309710172825,0.038172743055555555,0.007573784722222222,0.031715283592354454,0.03537326388888889,0.010503472222222223,0,0,0,0.00679797309027208
fx-cc-leak-warm,0.3,PASS,PROVISIONAL_PASS,0.024338514288811043,0.029578993055555555,0.01056857638888889,0.026830151564758955,0.03815104166666667,0.014453125,0.02861868679542899,0.0388671875,0.005056423611111111,0,0,0,0.012218680555577066
fx-cc-leak-warm,0.9,PASS,PROVISIONAL_PASS,0.026650639211960772,0.02892795138888889,0.016384548611111112,0.02910649182415602,0.0365234375,0.0150390625,0.03424680763860314,0.03220486111111111,0.005512152777777778,0,0,0,0.01384131510417319
fx-cc-leak-warm,1.5,PASS,PROVISIONAL_PASS,0.02882895270958295,0.036046006944444445,0.02146267361111111,0.027926718465812902,0.034375,0.02309027777777778,0.031802602647204185,0.037999131944444445,0.0005425347222222222,0,0,0,0.021116302083328264
fx-cc-leak-warm,2.1,PASS,PROVISIONAL_PASS,0.02660001288248486,0.02927517361111111,0.01599392361111111,0.025394559174009554,0.033289930555555555,0.0203125,0.03104759474190621,0.03365885416666667,0.002322048611111111,0,0,0,0.0177601562499774
fx-cc-leak-neon,0.3,PASS,PROVISIONAL_PASS,0.02389657543027018,0.043229166666666666,0.011371527777777777,0.020149902588618346,0.03763020833333333,0.010850694444444444,0.02255902576748663,0.03331163194444445,0.008268229166666667,0,0,0,0.010774969618054797
fx-cc-leak-neon,0.9,PASS,PROVISIONAL_PASS,0.024463643340457746,0.03704427083333333,0.0006293402777777778,0.02656071176998469,0.0412109375,0.0030164930555555557,0.02854493266022211,0.03606770833333333,0.0012586805555555556,0,0,0,0.0022003168402875417
fx-cc-leak-neon,1.5,PASS,PROVISIONAL_PASS,0.029983870704934572,0.03205295138888889,0.007183159722222222,0.02583644316078191,0.03812934027777778,0.0005859375,0.02149253721235064,0.027734375,0.0032118055555555554,0,0,0,0.002178094618045634
fx-cc-leak-neon,2.1,PASS,PROVISIONAL_PASS,0.029476675216278735,0.038802083333333334,0.005902777777777778,0.02551338369060377,0.039561631944444446,0.0044921875,0.02897349187468584,0.029405381944444444,0.007009548611111111,0,0,0,0.004973832465267947
fx-cc-falling-petals,0.3,PASS,PROVISIONAL_PASS,0.04123845114612552,0.05182291666666667,0.014192708333333333,0.026470095413382896,0.04411892361111111,0.014952256944444445,0.031562561670028716,0.04325086805555556,0.014605034722222222,0,0,0,0.014765707465272726
fx-cc-falling-petals,0.9,PASS,PROVISIONAL_PASS,0.027073376255352333,0.04900173611111111,0.004470486111111111,0.03037752108963319,0.043055555555555555,0.003081597222222222,0.028186359054519074,0.0384765625,0.008051215277777777,0,0,0,0.001834830729151804
fx-cc-falling-petals,1.5,PASS,PROVISIONAL_PASS,0.03882766507167984,0.0564453125,0.01130642361111111,0.021879473569940248,0.05193142361111111,0.011827256944444444,0.031590394665898934,0.04396701388888889,0.014279513888888888,0,0,0,0.01189358072916491
fx-cc-falling-petals,2.1,PASS,PROVISIONAL_PASS,0.0425797968047235,0.060633680555555555,0.004123263888888889,0.02101120818364112,0.046440972222222224,0.005989583333333334,0.0300442338677858,0.043294270833333336,0.016297743055555557,0,0,0,0.006337052951380429
fx-cc-smoky-focus,0.3,PASS,PROVISIONAL_PASS,0.02431721133796081,0.0384765625,0.004969618055555555,0.028197379356007662,0.03708767361111111,0.0042751736111111115,0.029595989065872384,0.031640625,8.680555555555556e-05,0,0,0,0.004120412326400924
fx-cc-smoky-focus,0.9,PASS,PROVISIONAL_PASS,0.025836075304002653,0.040581597222222224,0.001736111111111111,0.031401755810208085,0.0404296875,0.0029296875,0.030373135735038432,0.03643663194444444,0.005056423611111111,0,0,0,0.002829483506957331
fx-cc-smoky-focus,1.5,PASS,PROVISIONAL_PASS,0.0275749043691188,0.038563368055555554,0.0060546875,0.028811257381720468,0.039496527777777776,0.000390625,0.029275229807038203,0.03257378472222222,0.006098090277777778,0,0,0,0.0014481336805545197
fx-cc-smoky-focus,2.1,PASS,PROVISIONAL_PASS,0.02647383598558711,0.03828125,0.000390625,0.030911272492154532,0.043467881944444446,0.0007595486111111111,0.031727533641483924,0.030772569444444446,0.005859375,0,0,0,0.0008832291666465153
fx-cc-vintage-film,0.3,FAIL,FAIL,5.352023630240477,5.373090277777778,5.371701388888889,4.587725132479784,4.6168402777777775,4.616145833333333,3.4289018166959226,3.4423177083333334,3.4423177083333334,0,0,0,4.692026553819446
fx-cc-vintage-film,0.9,FAIL,FAIL,6.915349031144189,6.926280381944444,6.925238715277778,5.923248954291705,5.938736979166666,5.938042534722222,4.3935431396448985,4.407204861111111,4.407204861111111,0,0,0,6.037393962673605
fx-cc-vintage-film,1.5,FAIL,FAIL,6.3899130651322364,6.377191840277778,6.3528862847222225,5.492460374801545,5.474088541666666,5.449262152777778,4.112752330443229,4.082291666666666,4.059722222222222,0,0,0,5.54104786024304
fx-cc-vintage-film,2.1,FAIL,PROVISIONAL_PASS,0.31375895746773313,0.17265625,0.09084201388888889,0.2819158275022218,0.13953993055555555,0.08467881944444444,0.29158837601540716,0.10952690972222222,0.06625434027777778,0,0,0,0.08465886718751392
fx-cc-stellar,0.3,PASS,PROVISIONAL_PASS,0.03873602417130552,0.06378038194444445,0.01794704861111111,0.055626285275385504,0.09108072916666667,0.042816840277777775,0.025256908353911114,0.04411892361111111,0.012782118055555555,0,0,0,0.02772993055555162
fx-cc-stellar,0.9,PASS,PROVISIONAL_PASS,0.0375121269470949,0.057356770833333334,0.01694878472222222,0.05187270640515048,0.09444444444444444,0.03723958333333333,0.03145231450071229,0.03778211805555556,0.012955729166666667,0,0,0,0.023965842013879524
fx-cc-stellar,1.5,PASS,PROVISIONAL_PASS,0.04105924726233751,0.058094618055555554,0.01794704861111111,0.048903788472164464,0.09763454861111111,0.03878038194444444,0.029447932121864837,0.040581597222222224,0.004036458333333334,0,0,0,0.024211618923587253
fx-cc-stellar,2.1,PASS,PROVISIONAL_PASS,0.043235439101832474,0.06694878472222222,0.024848090277777776,0.04974971437370515,0.09138454861111112,0.03643663194444444,0.027864662212062703,0.04223090277777778,0.008289930555555556,0,0,0,0.021375308159704787
fx-cc-ink-spill,0.3,PASS,PROVISIONAL_PASS,0.023332068677265127,0.048567708333333334,0.01154513888888889,0.015072428944143321,0.03576388888888889,0.0016927083333333334,0.024096693427513437,0.043359375,0.01310763888888889,0,0,0,0.0021902430555513774
fx-cc-ink-spill,0.9,PASS,PROVISIONAL_PASS,0.008597554186403124,0.008528645833333333,0.004535590277777778,0.006817011987136173,0.007877604166666666,0.0018880208333333333,0.007080463691027626,0.0077473958333333336,0.0034939236111111113,0,0,0,0.002566840277777871
fx-cc-ink-spill,1.5,PASS,PROVISIONAL_PASS,0.009502917330097822,0.006705729166666666,0.0021484375,0.006605520788571523,0.004796006944444445,0.0011501736111111111,0.01034556600509708,0.00625,0.0020833333333333333,0,0,0,0.0014297786458428163
fx-cc-ink-spill,2.1,PASS,PROVISIONAL_PASS,0.031539554223876734,0.044487847222222224,0.005989583333333334,0.025602007899479345,0.042144097222222225,0.008897569444444444,0.031636974344840564,0.04463975694444444,0.005143229166666667,0,0,0,0.008008268229147575
fx-cc-exploding-love,0.3,FAIL,FAIL,6.28846084958823,1.2604817708333333,1.2462456597222222,2.908478321940201,1.3197482638888889,0.7057291666666666,2.770806519469238,1.291384548611111,0.11082899305555556,0,0,0,0.23178381944444482
fx-cc-exploding-love,0.9,FAIL,FAIL,2.1659162108463104,1.0288194444444445,0.8865451388888889,1.1753858827889756,0.569140625,0.1536892361111111,1.1137099472737413,0.7442708333333333,0.049305555555555554,0,0,0,0.08212081597223175
fx-cc-exploding-love,1.5,PASS,PROVISIONAL_PASS,0.09659268226283828,0.06030815972222222,0.0208984375,0.06343373616345065,0.04635416666666667,0.002170138888888889,0.06659192907150858,0.048285590277777776,0.01599392361111111,0,0,0,0.0071498524305440014
fx-cc-exploding-love,2.1,FAIL,FAIL,4.765429838541531,1.3278211805555555,1.0965711805555556,2.6838851302067015,0.83671875,0.8099826388888889,2.5718889932223234,1.4207899305555556,0.32708333333333334,0,0,0,0.3697839670139018
fx-cc-damaged-vignette,0.3,PASS,PROVISIONAL_PASS,0.050669006152361425,0.07037760416666666,0.0416015625,0.01778139179519901,0.029340277777777778,0.0016059027777777777,0.02032260787286854,0.022960069444444446,0.010894097222222222,0,0,0,0.00848250434026454
fx-cc-damaged-vignette,0.9,PASS,PROVISIONAL_PASS,0.043872453476899886,0.06256510416666666,0.0294921875,0.01825956955182538,0.028276909722222222,0.0062282986111111115,0.020583612859144774,0.020421006944444445,0.011176215277777778,0,0,0,0.011531440972206042
fx-cc-damaged-vignette,1.5,PASS,PROVISIONAL_PASS,0.05195412401679631,0.0695529513888889,0.04416232638888889,0.01860790224850913,0.027430555555555555,0.004036458333333334,0.019240617428816956,0.024696180555555555,0.010460069444444444,0,0,0,0.013031002604165565
fx-cc-damaged-vignette,2.1,PASS,PROVISIONAL_PASS,0.05515652662506616,0.07280815972222222,0.04815538194444444,0.017032444621377322,0.024197048611111112,0.004926215277777778,0.017668538813413796,0.02065972222222222,0.011111111111111112,0,0,0,0.014563285590284636
fx-cc-firefly,0.3,FAIL,PROVISIONAL_PASS,1.740089707805084,0.2961371527777778,0.10464409722222222,1.5317790338598853,0.24754774305555555,0.0568359375,0.7710325149161138,0.1142578125,0.008355034722222222,0,0,0,0.06229316406248131
fx-cc-firefly,0.9,FAIL,FAIL,5.209596485547051,0.5328776041666666,0.38131510416666664,4.522010950415342,0.5688368055555556,0.30477430555555557,2.2427693449882553,0.41549479166666664,0.10282118055555556,0,0,0,0.3064658637152746
fx-cc-firefly,1.5,FAIL,FAIL,4.846704091876328,0.5101128472222223,0.3936631944444444,4.262360571198042,0.5181206597222222,0.3443793402777778,2.1471235558430877,0.34188368055555557,0.10555555555555556,0,0,0,0.33761401041665806
fx-cc-firefly,2.1,FAIL,FAIL,3.794089760176854,0.7958116319444445,0.7340060763888889,3.3944783336968487,0.6723741319444444,0.6222005208333333,1.7203390834224552,0.3472873263888889,0.3462456597222222,0,0,0,0.6260464409722317
fx-cc-misty-tint,0.3,PASS,PROVISIONAL_PASS,0.034088709992871696,0.0390625,0.017361111111111112,0.02552848913567417,0.03634982638888889,0.01252170138888889,0.03217480025615717,0.04168836805555556,0.0009331597222222223,0,0,0,0.012713867187514438
fx-cc-misty-tint,0.9,PASS,PROVISIONAL_PASS,0.03187527409524339,0.036783854166666664,0.011393229166666666,0.025058441338734756,0.03680555555555556,0.014670138888888889,0.028701682431655356,0.027105034722222223,0.0016276041666666667,0,0,0,0.01303179687499778
fx-cc-misty-tint,1.5,PASS,PROVISIONAL_PASS,0.029283388804787567,0.04112413194444445,0.01482204861111111,0.02957299910103371,0.04129774305555556,0.02185329861111111,0.027123065273182513,0.04450954861111111,0.005837673611111111,0,0,0,0.01920212673610422
fx-cc-misty-tint,2.1,PASS,PROVISIONAL_PASS,0.030337828560649004,0.03519965277777778,0.01644965277777778,0.02704262261286724,0.03917100694444445,0.02328559027777778,0.029232906321478333,0.04010416666666667,0.0026041666666666665,0,0,0,0.01996302951387463
fx-cc-sepia-cool,0.3,FAIL,PROVISIONAL_PASS,0.180598188688948,0.09563802083333334,0.012651909722222222,0.16288261525636277,0.10104166666666667,0,0.179633914483135,0.10203993055555556,0.00234375,0,0,0,0.002520577256944989
fx-cc-sepia-cool,0.9,FAIL,PROVISIONAL_PASS,0.16647785389669328,0.07161458333333333,0.0019965277777777776,0.14386310472263147,0.08246527777777778,0.015494791666666667,0.16612716643499562,0.07671440972222222,0.01130642361111111,0,0,0,0.011473736979169757
fx-cc-sepia-cool,1.5,FAIL,PROVISIONAL_PASS,0.17050099337256025,0.094921875,0.011024305555555556,0.14779919282170764,0.08059895833333333,0.017664930555555555,0.17044364456304867,0.0724826388888889,0.024175347222222223,0,0,0,0.016723185763879655
fx-cc-sepia-cool,2.1,FAIL,PROVISIONAL_PASS,0.17375579966800872,0.10056423611111111,0.00078125,0.14424950874707862,0.07823350694444445,0.0197265625,0.16924831234346008,0.04626736111111111,0.012239583333333333,0,0,0,0.014826041666665901
fx-cc-snow-night,0.3,PASS,PROVISIONAL_PASS,0.025899142695646873,0.04572482638888889,0.007573784722222222,0.0338945947939967,0.07261284722222222,0.010460069444444444,0.04204938758498455,0.07337239583333334,0.020247395833333334,0,0,0,0.007629366319420683
fx-cc-snow-night,0.9,PASS,PROVISIONAL_PASS,0.029928120362167274,0.04533420138888889,0.006401909722222222,0.03838228251237738,0.07619357638888889,0.0052734375,0.04110478212875525,0.07055121527777777,0.021245659722222223,0,0,0,0.0035986718749967395
fx-cc-snow-night,1.5,PASS,PROVISIONAL_PASS,0.028728871890899215,0.04782986111111111,0.0009548611111111111,0.03175967432671427,0.07115885416666666,0.007096354166666667,0.038265244821120405,0.07269965277777778,0.016276041666666668,0,0,0,0.004103185763881356
fx-cc-snow-night,2.1,PASS,PROVISIONAL_PASS,0.028986565120930813,0.04620225694444444,0.0018446180555555555,0.036104760283439306,0.0669921875,0.005533854166666667,0.03768980689402594,0.0763888888888889,0.017664930555555555,0,0,0,0.003074570312492142
fx-cc-rain,0.3,PASS,PROVISIONAL_PASS,0.026483423122867722,0.036328125,0.010286458333333333,0.03437618284466506,0.04780815972222222,0.023372395833333334,0.02739365885690682,0.03973524305555556,0.0018012152777777779,0,0,0,0.014659084201383621
fx-cc-rain,0.9,PASS,PROVISIONAL_PASS,0.025099979701397324,0.03452690972222222,0.010872395833333333,0.03040596396170914,0.04175347222222222,0.0234375,0.02407352170195595,0.04290364583333333,0.004709201388888889,0,0,0,0.014111024305563546
fx-cc-rain,1.5,PASS,PROVISIONAL_PASS,0.024765943901667323,0.03463541666666667,0.011024305555555556,0.030333320423848918,0.04162326388888889,0.021527777777777778,0.02401962552244235,0.04383680555555555,0.005381944444444444,0,0,0,0.012664322916663195
fx-cc-rain,2.1,PASS,PROVISIONAL_PASS,0.02317366929533837,0.03166232638888889,0.0134765625,0.03799798031787243,0.04802517361111111,0.028884548611111113,0.020805136636923974,0.03797743055555555,0.003949652777777778,0,0,0,0.017507947048628125
fx-cc-rose-bloom,0.3,FAIL,PROVISIONAL_PASS,1.2032417913745592,0.5360026041666667,0.5018446180555556,0.8839291901161129,0.4061414930555556,0.3462456597222222,0.6201539927003814,0.35236545138888886,0.3455946180555556,0,0,0,0.37927899305555
fx-cc-rose-bloom,0.9,FAIL,PROVISIONAL_PASS,0.9300738968396788,0.40607638888888886,0.1076388888888889,0.8035700189309247,0.3829210069444444,0.27328559027777777,0.5430619431799181,0.29694010416666666,0.19034288194444443,0,0,0,0.23208063802083245
fx-cc-rose-bloom,1.5,FAIL,PROVISIONAL_PASS,1.493295789124565,0.5311414930555556,0.5241970486111112,0.5186219913804145,0.21286892361111112,0.07076822916666667,0.3668486011171601,0.19926215277777778,0.15824652777777778,0,0,0,0.17348312934028343
fx-cc-rose-bloom,2.1,FAIL,FAIL,2.137267550066302,0.1962890625,0.03804253472222222,0.6563953415986903,0.23292100694444445,0.11312934027777778,0.6348766345488773,0.26968315972222223,0.12510850694444445,0,0,0,0.08185509548611947
fx-cc-sparkle-shine,0.3,PASS,PROVISIONAL_PASS,0.026682995746491862,0.04861111111111111,0.002907986111111111,0.01586398034356287,0.0421875,0.0005208333333333333,0.021401429742023956,0.03884548611111111,0.004123263888888889,0,0,0,0.0012884374999941883
fx-cc-sparkle-shine,0.9,PASS,PROVISIONAL_PASS,0.02629300850852835,0.05134548611111111,0.008550347222222223,0.01871862217928473,0.04494357638888889,0.0011067708333333333,0.021541964310123864,0.038736979166666664,0.004318576388888889,0,0,0,0.002297565104157684
fx-cc-sparkle-shine,1.5,PASS,PROVISIONAL_PASS,0.028266272168935645,0.051323784722222224,0.0054904513888888885,0.017995511241774318,0.04919704861111111,0.004926215277777778,0.02555452504353165,0.0373046875,0.0095703125,0,0,0,0.005381475694434812
fx-cc-sparkle-shine,2.1,PASS,PROVISIONAL_PASS,0.029875635546405013,0.05720486111111111,0.00234375,0.015490740616613947,0.04357638888888889,0.00017361111111111112,0.026768949549829276,0.038910590277777775,0.011827256944444444,0,0,0,0.0004798133680878891
fx-cc-pixel-blocks,0.3,PASS,PROVISIONAL_PASS,0.05497994898910712,0.03804253472222222,0.007964409722222222,0.04808659626258806,0.05173611111111111,0.011588541666666667,0.04400310545185689,0.04108072916666667,0.0064453125,0,0,0,0.00706024305556241
fx-cc-pixel-blocks,0.9,PASS,PROVISIONAL_PASS,0.0405840852705726,0.049652777777777775,0.0023003472222222223,0.033717125468044916,0.03485243055555556,0.002777777777777778,0.03623669635790238,0.02797309027777778,0.0005859375,0,0,0,0.0025180251736145465
fx-cc-pixel-blocks,1.5,PASS,PROVISIONAL_PASS,0.06652405906053208,0.05646701388888889,0.004557291666666667,0.05604437725501986,0.05928819444444444,0.00078125,0.05524920215896003,0.04016927083333333,0.007009548611111111,0,0,0,9.595920140270664e-05
fx-cc-pixel-blocks,2.1,PASS,PROVISIONAL_PASS,0.061168501927750814,0.05275607638888889,0.01677517361111111,0.044396382149088386,0.03706597222222222,0.0016059027777777777,0.040999614304655756,0.03229166666666667,0.004079861111111111,0,0,0,0.004420377604162695
fx-cc-pixel-mutant,0.3,PASS,PROVISIONAL_PASS,0.0482256844952258,0.04112413194444445,0.006358506944444444,0.042771178174325145,0.044661458333333334,0.020095486111111113,0.029389135582800208,0.024283854166666667,0.0013671875,0,0,0,0.012921762152771521
fx-cc-pixel-mutant,0.9,FAIL,FAIL,2.3534500058463768,0.5417100694444444,0.10416666666666667,2.403644558312583,0.41714409722222223,0.020008680555555554,2.448084496059076,0.4654296875,0.013433159722222223,0,0,0,0.035486167534728
fx-cc-pixel-mutant,1.5,PASS,PROVISIONAL_PASS,0.0489738813074698,0.03344184027777778,0.021072048611111113,0.05712143035681265,0.046961805555555555,0.018315972222222223,0.06718874765195555,0.04596354166666667,0.02048611111111111,0,0,0,0.01905859809029664
fx-cc-pixel-mutant,2.1,PASS,PROVISIONAL_PASS,0.03105580630945532,0.022526041666666666,0.006423611111111111,0.04384644057599718,0.04333767361111111,0.026888020833333335,0.037537982061155196,0.028797743055555554,0.0107421875,0,0,0,0.019820386284720826
fx-cc-pixel-universe,0.3,PASS,PROVISIONAL_PASS,0.03801136919848201,0.046158854166666666,0.025455729166666666,0.024249091650561855,0.03315972222222222,0.014930555555555556,0.023165910933382883,0.023198784722222223,0.01325954861111111,0,0,0,0.017047560763884917
fx-cc-pixel-universe,0.9,PASS,PROVISIONAL_PASS,0.020471187394707324,0.025282118055555556,0.004448784722222222,0.02193230158133572,0.029296875,0.009071180555555556,0.027165820994851365,0.026085069444444445,0.006944444444444444,0,0,0,0.006043285590280334
fx-cc-pixel-universe,1.5,PASS,PROVISIONAL_PASS,0.024634707646048495,0.022894965277777776,0.0057942708333333336,0.026375823516188602,0.030078125,0.015494791666666667,0.022622780211895243,0.024869791666666665,0.012065972222222223,0,0,0,0.01318490017360574
fx-cc-pixel-universe,2.1,PASS,PROVISIONAL_PASS,0.03238403620608598,0.041666666666666664,0.002907986111111111,0.038609686302980444,0.04765625,0.020399305555555556,0.03046704328574728,0.030316840277777778,0.019292534722222223,0,0,0,0.01536426649306577
fx-pb-pixel-scan,0.3,PASS,PROVISIONAL_PASS,0.020870017605390433,0.0412109375,0.010828993055555555,0.017331121827273525,0.03337673611111111,0.011501736111111112,0.0192970374911958,0.030533854166666666,0.005013020833333334,0,0,0,0.010890225694438982
fx-pb-pixel-scan,0.9,PASS,PROVISIONAL_PASS,0.02636435457111893,0.0294921875,0.004665798611111111,0.024503128840481114,0.03389756944444444,0.007335069444444444,0.028025504006722858,0.03821614583333333,0.013346354166666666,0,0,0,0.0072015972221919355
fx-pb-pixel-scan,1.5,PASS,PROVISIONAL_PASS,0.022105537307761627,0.031901041666666664,0.0020833333333333333,0.022322313362714407,0.034266493055555555,0.004578993055555556,0.019579486280613158,0.02068142361111111,0.004926215277777778,0,0,0,0.00407348524305462
fx-pb-pixel-scan,2.1,PASS,PROVISIONAL_PASS,0.021646102091843433,0.037651909722222224,0.0059244791666666664,0.02050751838777587,0.037109375,0.010720486111111111,0.020401797980574676,0.02771267361111111,0.0107421875,0,0,0,0.009702421874990819
fx-pb-flip-phone,0.3,PASS,PROVISIONAL_PASS,0.022420099669031194,0.021896701388888887,0.0119140625,0.01729410102851457,0.0208984375,2.170138888888889e-05,0.022857365306275967,0.0265625,0.0036458333333333334,0,0,0,0.002254179687497526
fx-pb-flip-phone,0.9,PASS,PROVISIONAL_PASS,0.019028180934300882,0.0232421875,0.0077473958333333336,0.01776429346164394,0.022048611111111113,0.0024305555555555556,0.025729874775304824,0.027842881944444446,0.003146701388888889,0,0,0,0.003612621527764759
fx-pb-flip-phone,1.5,PASS,PROVISIONAL_PASS,0.020709906759056547,0.02601996527777778,0.010959201388888888,0.018119789349666324,0.021592881944444444,0.0011501736111111111,0.024964277115037268,0.023871527777777776,0.00234375,0,0,0,0.0033217491319419423
fx-pb-flip-phone,2.1,PASS,PROVISIONAL_PASS,0.024243527323822074,0.026258680555555556,0.014279513888888888,0.016859442040767825,0.017361111111111112,0.001736111111111111,0.023661689604142538,0.02111545138888889,0.002105034722222222,0,0,0,0.004125507812489104
fx-pb-pixel-breakdown,0.3,PASS,PROVISIONAL_PASS,0.02440074741398922,0.03218315972222222,0.008745659722222222,0.02083277243307358,0.0333984375,0.0012803819444444444,0.021094661586827004,0.027126736111111112,0.004340277777777778,0,0,0,0.001256966145831484
fx-pb-pixel-breakdown,0.9,PASS,PROVISIONAL_PASS,0.2145777842410797,0.07708333333333334,0.012326388888888888,0.217759632393626,0.06480034722222222,0.007595486111111111,0.22503743623243153,0.0548828125,0.028841145833333335,0,0,0,0.004894032118045288
fx-pb-pixel-breakdown,1.5,PASS,PROVISIONAL_PASS,0.020415058303153724,0.020203993055555557,0.012565104166666667,0.021504990034090437,0.023871527777777776,0.012239583333333333,0.016103453552643088,0.015407986111111112,0.009982638888888888,0,0,0,0.012145837673607218
fx-pb-pixel-breakdown,2.1,PASS,PROVISIONAL_PASS,0.018555281902512807,0.016276041666666668,0.011762152777777778,0.020089136775004745,0.02345920138888889,0.0158203125,0.017822682313513295,0.015603298611111111,0.0107421875,0,0,0,0.014590907118062546
fx-pb-sweet-party,0.3,FAIL,FAIL,2.8883448149054094,0.6423394097222223,0.19906684027777777,1.7946496695439467,0.47703993055555555,0.144921875,1.5726944242645642,0.3949652777777778,0.18372395833333333,0,0,0,0.15923460503472597
fx-pb-sweet-party,0.9,FAIL,FAIL,3.6199674647412596,0.2668402777777778,0.04587673611111111,1.9692477147173437,0.2294921875,0.09294704861111111,2.4996308142191555,0.1745876736111111,0.012000868055555556,0,0,0,0.07536266059027241
fx-pb-sweet-party,1.5,FAIL,FAIL,3.9856573776418505,0.24971788194444444,0.1144748263888889,2.3333508953928193,0.25399305555555557,0.01892361111111111,2.729782239958524,0.2731119791666667,0.13687065972222223,0,0,0,0.04775357638888522
fx-pb-sweet-party,2.1,FAIL,FAIL,3.6836545911507383,1.0937282986111112,0.6940755208333333,2.033588482985457,0.8102213541666666,0.3492838541666667,2.4011772680478027,0.8410807291666667,0.5221571180555555,0,0,0,0.4350680121527688
fx-pb-misty-tint,0.3,PASS,PROVISIONAL_PASS,0.031508850351476526,0.03697916666666667,0.003298611111111111,0.03419049444555679,0.04216579861111111,0.0016276041666666667,0.03480381779396363,0.042144097222222225,0.003993055555555555,0,0,0,0.001577048611096643
fx-pb-misty-tint,0.9,PASS,PROVISIONAL_PASS,0.03196364299817487,0.03439670138888889,0.0028862847222222224,0.03356138217301936,0.041796875,0.00047743055555555554,0.03642329395012321,0.040473090277777776,0.0011501736111111111,0,0,0,0.0003552083333460132
fx-pb-misty-tint,1.5,PASS,PROVISIONAL_PASS,0.03729975256477895,0.04301215277777778,0.0009548611111111111,0.03316506930081939,0.040755208333333334,0.0019097222222222222,0.03817912901510264,0.04299045138888889,0.006662326388888889,0,0,0,0.001643849826379551
fx-pb-misty-tint,2.1,PASS,PROVISIONAL_PASS,0.034710484113546054,0.03893229166666667,0.0018663194444444445,0.035177673345840814,0.043684895833333334,0.0011067708333333333,0.03839516600366314,0.04401041666666667,0.00026041666666666666,0,0,0,0.00037598090278834206
fx-pb-bead-art,0.3,PASS,PROVISIONAL_PASS,0.03666112821058393,0.03177083333333333,0.013324652777777777,0.04578796595340738,0.022743055555555555,0.003993055555555555,0.05471335912038797,0.020594618055555555,0.0008897569444444444,0,0,0,0.005624414062481264
fx-pb-bead-art,0.9,PASS,PROVISIONAL_PASS,0.07360849998230083,0.03986545138888889,0.013997395833333334,0.06959639313348692,0.05008680555555556,0.0359375,0.03354004001511573,0.02814670138888889,0.021766493055555555,0,0,0,0.030249887152763222
fx-pb-bead-art,1.5,PASS,PROVISIONAL_PASS,0.06316793131486986,0.027777777777777776,0.005729166666666666,0.04084975916084201,0.04001736111111111,0.02209201388888889,0.04017379604260821,0.032942708333333334,0.009852430555555555,0,0,0,0.017729574652747715
fx-pb-bead-art,2.1,PASS,PROVISIONAL_PASS,0.05020949042810279,0.04153645833333333,0.024913194444444446,0.044372931316853874,0.03767361111111111,0.005164930555555555,0.06815924633246896,0.06215277777777778,0.03342013888888889,0,0,0,0.011403437499978963
fx-pb-pixel-rain,0.3,PASS,PROVISIONAL_PASS,0.033544838743084004,0.04294704861111111,0.008094618055555556,0.02934334319923246,0.03930121527777778,0.005099826388888889,0.031835671251574355,0.03153211805555556,0.01955295138888889,0,0,0,0.006780034722211781
fx-pb-pixel-rain,0.9,PASS,PROVISIONAL_PASS,0.039621166734042486,0.039952256944444445,0.007877604166666666,0.028742805371570066,0.04292534722222222,0.007161458333333333,0.03686913164854059,0.035243055555555555,0.01918402777777778,0,0,0,0.008181740451391306
fx-pb-pixel-rain,1.5,PASS,PROVISIONAL_PASS,0.03362641281200457,0.036284722222222225,0.008550347222222223,0.029143212914744608,0.04657118055555556,0.007725694444444445,0.0386052752675164,0.03689236111111111,0.016276041666666668,0,0,0,0.00851835069444462
fx-pb-pixel-rain,2.1,PASS,PROVISIONAL_PASS,0.05084080986683278,0.04578993055555555,0.01032986111111111,0.04415693546023444,0.04956597222222222,0.01545138888888889,0.05588977704656242,0.04440104166666667,0.0046875,0,0,0,0.013585399305554802
fx-st-polaroid,0.3,PASS,PROVISIONAL_PASS,0.026693695941513607,0.0328125,0.011501736111111112,0.023188372185245776,0.02829861111111111,0.0069010416666666664,0.020672826054773323,0.019986979166666665,0.006184895833333333,0,0,0,0.006934344618073851
fx-st-polaroid,0.9,PASS,PROVISIONAL_PASS,0.03687313325003649,0.04259982638888889,0.024934895833333335,0.023709645132008614,0.03309461805555555,0.01794704861111111,0.02436257392290565,0.02892795138888889,0.008138020833333334,0,0,0,0.018724453125003038
fx-st-polaroid,1.5,PASS,PROVISIONAL_PASS,0.041623345523163234,0.0447265625,0.03235677083333333,0.02878035384821644,0.03706597222222222,0.015885416666666666,0.029377704962000484,0.031011284722222223,0.011436631944444444,0,0,0,0.019066024305558926
fx-st-polaroid,2.1,PASS,PROVISIONAL_PASS,0.03956449306273042,0.04641927083333333,0.027278645833333334,0.03203621788972426,0.03878038194444444,0.020247395833333334,0.02344259224352276,0.029991319444444445,0.0023003472222222223,0,0,0,0.02044646267358985
fx-st-retro-tv,0.3,PASS,PROVISIONAL_PASS,0.022980228812643076,0.016015625,0.010416666666666666,0.018930656260666645,0.01875,0.0171875,0.02436593604017575,0.021202256944444445,0.02016059027777778,0,0,0,0.01596267795138573
fx-st-retro-tv,0.9,PASS,PROVISIONAL_PASS,0.01420442131359816,0.015494791666666667,0.0026041666666666665,0.015201131317961062,0.015321180555555555,0.008029513888888888,0.021838069122847865,0.019314236111111112,0.011631944444444445,0,0,0,0.007136180555555427
fx-st-retro-tv,1.5,FAIL,PROVISIONAL_PASS,0.3757092069773852,0.3689019097222222,0.36820746527777776,0.34665607052425096,0.3350911458333333,0.33283420138888886,0.29057949809602845,0.2742838541666667,0.2728081597222222,0,0,0,0.33602067708333294
fx-st-retro-tv,2.1,PASS,PROVISIONAL_PASS,0.2947857796590991,0.2836371527777778,0.2824652777777778,0.2662522208429127,0.2545572916666667,0.25143229166666664,0.22311526635788317,0.21104600694444445,0.2095269097222222,0,0,0,0.2550043359375067
fx-st-billboard,0.3,PASS,PROVISIONAL_PASS,0.014556892259894275,0.013802083333333333,0.003081597222222222,0.017705778201735745,0.021028645833333335,0.008832465277777778,0.014755395242180263,0.018315972222222223,0.004644097222222222,0,0,0,0.007307430555563599
fx-st-billboard,0.9,PASS,PROVISIONAL_PASS,0.01676780404429046,0.017296006944444445,0.003146701388888889,0.016923326195679246,0.021809895833333332,0.010525173611111112,0.015453911432337403,0.013975694444444445,0.00859375,0,0,0,0.008817061631944512
fx-st-billboard,1.5,PASS,PROVISIONAL_PASS,0.02106814998175374,0.020182291666666668,0.003125,0.018192044316778736,0.022178819444444445,0.010373263888888888,0.015299273192641391,0.015603298611111111,0.002322048611111111,0,0,0,0.0082509852430519
fx-st-billboard,2.1,PASS,PROVISIONAL_PASS,0.01956300594465957,0.016796875,0.0012152777777777778,0.017090358963435723,0.020182291666666668,0.008854166666666666,0.015284099513038038,0.019032118055555554,0.0062282986111111115,0,0,0,0.007040551215283131
fx-st-film-strip,0.3,PASS,PROVISIONAL_PASS,0.11882330928294442,0.02541232638888889,0.008181423611111112,0.11151865294619127,0.03674045138888889,0.008268229166666667,0.0866183277506235,0.02990451388888889,0.0036458333333333334,0,0,0,0.007389578993048929
fx-st-film-strip,0.9,FAIL,PROVISIONAL_PASS,0.5747194249788146,0.44522569444444443,0.43072916666666666,0.4819696531650704,0.3701388888888889,0.3519097222222222,0.3354986445252168,0.24149305555555556,0.23094618055555555,0,0,0,0.359933168402776
fx-st-film-strip,1.5,FAIL,PROVISIONAL_PASS,1.3260529850357272,1.1827039930555556,1.1766276041666666,1.1441756137497046,1.0161024305555555,1.0128038194444444,0.8423741172088757,0.7443576388888888,0.7408854166666666,0,0,0,1.0280002473958305
fx-st-film-strip,2.1,FAIL,PROVISIONAL_PASS,1.274157824644404,1.2203125,1.2165364583333333,1.1042655615148236,1.0625651041666666,1.0575303819444444,0.8527078640303064,0.8029947916666667,0.7915798611111111,0,0,0,1.0721334461805654
fx-ne-frame,0.3,PASS,PROVISIONAL_PASS,0.026805612093350254,0.027864583333333335,0.0045138888888888885,0.03292394286047032,0.04168836805555556,0.017165798611111113,0.034999526947557716,0.033463541666666666,0.0048177083333333336,0,0,0,0.012888793402765941
fx-ne-frame,0.9,FAIL,PROVISIONAL_PASS,1.6158958349086703,1.688845486111111,1.688845486111111,1.7824071196153533,1.8574001736111112,1.8574001736111112,1.7736341672294367,1.8568793402777777,1.8568793402777777,0,0,0,1.8215278428819346
fx-ne-frame,1.5,PASS,PROVISIONAL_PASS,0.026255351043942075,0.028276909722222222,0.006575520833333333,0.02690816863375445,0.03415798611111111,0.009288194444444444,0.021152954296022392,0.02634548611111111,0.004166666666666667,0,0,0,0.007740039062511528
fx-ne-frame,2.1,PASS,PROVISIONAL_PASS,0.024185142884543653,0.026063368055555557,0.0003689236111111111,0.02875009978103953,0.0361328125,0.012174479166666667,0.024128322908918955,0.024891493055555554,0.0009765625,0,0,0,0.008715112847212936
fx-ne-ring,0.3,PASS,PROVISIONAL_PASS,0.025141160541837553,0.028059895833333334,0.005837673611111111,0.023284929014286533,0.036393229166666666,0.0077473958333333336,0.022024970403913983,0.027213541666666667,0.012022569444444445,0,0,0,0.007650056423599949
fx-ne-ring,0.9,FAIL,FAIL,2.189236601290671,2.19140625,2.19140625,0.5279783913088766,0.5243489583333333,0.5194878472222222,1.6094552835026943,1.6098524305555555,1.6091579861111112,0,0,0,0.9536118836805656
fx-ne-ring,1.5,PASS,PROVISIONAL_PASS,0.03012985569693903,0.03752170138888889,0.0008897569444444444,0.0263257639890725,0.03665364583333333,0.009223090277777778,0.02014069369638594,0.02150607638888889,0.0126953125,0,0,0,0.007323793402790102
fx-ne-ring,2.1,PASS,PROVISIONAL_PASS,0.021321639815394356,0.031184895833333334,0.002712673611111111,0.025883855371872648,0.03585069444444444,0.010677083333333334,0.0269612529555857,0.023546006944444444,0.010047743055555556,0,0,0,0.008938411458345286
fx-ne-heart,0.3,PASS,PROVISIONAL_PASS,0.03393869039164322,0.03606770833333333,0.008767361111111111,0.025718682195818094,0.04227430555555556,0.010677083333333334,0.04049509712871534,0.04631076388888889,0.02309027777777778,0,0,0,0.011167309027769079
fx-ne-heart,0.9,PASS,PROVISIONAL_PASS,0.03237150218520526,0.043359375,0.004210069444444444,0.028571595913473392,0.0439453125,0.0111328125,0.030070572939509224,0.04592013888888889,0.022222222222222223,0,0,0,0.010461692708332748
fx-ne-heart,1.5,PASS,PROVISIONAL_PASS,0.037848600292258,0.04739583333333333,0.014105902777777778,0.025824210006482017,0.04136284722222222,0.007682291666666666,0.031357442905596083,0.0447265625,0.024631076388888888,0,0,0,0.01027165364584448
fx-ne-heart,2.1,PASS,PROVISIONAL_PASS,0.035458831636804085,0.04463975694444444,0.016644965277777778,0.02689175465098357,0.04494357638888889,0.008311631944444444,0.026956008515462853,0.039605034722222224,0.020724826388888888,0,0,0,0.010979531250001173
fx-ne-lightning,0.3,PASS,PROVISIONAL_PASS,0.030619268652589078,0.042491319444444446,0.0038628472222222224,0.028002227845556015,0.03611111111111111,0.007161458333333333,0.0282771335762134,0.025911458333333335,0.0030381944444444445,0,0,0,0.004081276041659976
fx-ne-lightning,0.9,PASS,PROVISIONAL_PASS,0.030941920910353717,0.04782986111111111,0.0008246527777777778,0.02262931165032938,0.03331163194444445,0.0022786458333333335,0.02412518180674206,0.021549479166666666,0.006879340277777778,0,0,0,0.0009576779513906786
fx-ne-lightning,1.5,PASS,PROVISIONAL_PASS,0.03623562945217956,0.0513671875,0.0185546875,0.02614650626065161,0.03198784722222222,0.007118055555555555,0.02733688259581348,0.026801215277777776,0.008745659722222222,0,0,0,0.0005146701388838437
fx-ne-lightning,2.1,PASS,PROVISIONAL_PASS,0.0308327531155444,0.045638020833333334,0.01130642361111111,0.02162892024836574,0.031011284722222223,0.001193576388888889,0.026856185964956696,0.02834201388888889,0.0008680555555555555,0,0,0,0.00148742621527731
fx-ne-stars,0.3,FAIL,FAIL,5.057595626834565,0.872265625,0.14774305555555556,2.9106434632403024,0.7764756944444444,0.4312934027777778,5.409938773104899,0.8762586805555556,0.04787326388888889,0,0,0,0.34332766493054123
fx-ne-stars,0.9,FAIL,FAIL,5.1295582246959635,1.1533420138888888,1.0456163194444446,5.277579516223267,1.6151909722222222,1.4188368055555556,4.367027303644888,0.8876302083333333,0.34366319444444443,0,0,0,1.2618625954861216
fx-ne-stars,1.5,FAIL,FAIL,4.314930569567661,0.5834635416666667,0.4506076388888889,2.909228284970076,0.437109375,0.024479166666666666,4.693819491492339,0.6818359375,0.43626302083333335,0,0,0,0.10978987413193408
fx-ne-stars,2.1,FAIL,FAIL,5.594090587820048,0.7474609375,0.20601128472222222,6.245203404620461,0.6329210069444444,0.18782552083333334,4.419632974743533,0.38274739583333334,0.08253038194444444,0,0,0,0.1721721180555562
fx-cr-sparkle-burst,0.3,FAIL,FAIL,2.454643412034555,0.4119791666666667,0.1015625,2.4347479041632294,0.40069444444444446,0.10642361111111111,2.106938943343206,0.3560546875,0.08400607638888889,0,0,0,0.10377159288192672
fx-cr-sparkle-burst,0.9,FAIL,PROVISIONAL_PASS,0.2359425544162302,0.11169704861111111,0.0003689236111111111,0.22941640359007312,0.10394965277777778,0.012543402777777778,0.198125958773719,0.08838975694444444,0.0142578125,0,0,0,0.010078888888898518
fx-cr-sparkle-burst,1.5,FAIL,FAIL,2.0983084332032025,0.4192925347222222,0.27979600694444445,2.0193909574892244,0.4320746527777778,0.2962239583333333,1.7516904140321505,0.3659722222222222,0.23346354166666666,0,0,0,0.2882000737847221
fx-cr-sparkle-burst,2.1,FAIL,FAIL,2.5440639467255393,0.5515625,0.22378472222222223,2.528889742487275,0.4594184027777778,0.19149305555555557,2.2336391696822147,0.41280381944444444,0.165234375,0,0,0,0.19646238715277775
fx-cr-glitter-rain,0.3,PASS,PROVISIONAL_PASS,0.0303737864399743,0.04852430555555556,0.00047743055555555554,0.016833708664003324,0.04114583333333333,0.0006944444444444445,0.020367370391316465,0.040125868055555555,0.002191840277777778,0,0,0,0.00043991753472027995
fx-cr-glitter-rain,0.9,PASS,PROVISIONAL_PASS,0.03130650232578127,0.047764756944444445,0.006141493055555555,0.0203034715662994,0.043055555555555555,0.002734375,0.020712022634237322,0.03969184027777778,0.006098090277777778,0,0,0,0.0010902256944405053
fx-cr-glitter-rain,1.5,PASS,PROVISIONAL_PASS,0.031913374341572806,0.053125,0.006380208333333333,0.01874768569758496,0.05041232638888889,0.005447048611111111,0.024699039884866863,0.04021267361111111,0.009049479166666667,0,0,0,0.00590553385417536
fx-cr-glitter-rain,2.1,PASS,PROVISIONAL_PASS,0.03306503816954559,0.05668402777777778,0.002170138888888889,0.020284847286524844,0.04572482638888889,0.0011067708333333333,0.027739464277524644,0.04197048611111111,0.014192708333333333,0,0,0,0.0013549045139029658
fx-cr-matrix,0.3,PASS,PROVISIONAL_PASS,0.03985882299643304,0.05954861111111111,0.029861111111111113,0.03864119637947112,0.05227864583333333,0.017469618055555556,0.02545105163602413,0.038237847222222225,0.009678819444444445,0,0,0,0.018143932291664555
fx-cr-matrix,0.9,PASS,PROVISIONAL_PASS,0.03941898899884464,0.059722222222222225,0.025954861111111113,0.04650006487775714,0.06588541666666667,0.030815972222222224,0.027206509148000994,0.034657118055555554,0.0034939236111111113,0,0,0,0.02730532552083531
fx-cr-matrix,1.5,PASS,PROVISIONAL_PASS,0.039217164157455575,0.061957465277777776,0.03257378472222222,0.036552449123580105,0.05262586805555555,0.022547743055555555,0.027840680182002284,0.030707465277777776,0.008311631944444444,0,0,0,0.022451232638886154
fx-cr-matrix,2.1,PASS,PROVISIONAL_PASS,0.05360149341679466,0.07845052083333333,0.03122829861111111,0.07143925502975013,0.06924913194444444,0.030013020833333334,0.046094190520849794,0.049262152777777776,0.014322916666666666,0,0,0,0.027070334201390267
fx-cr-signal-lost,0.3,FAIL,PROVISIONAL_PASS,0.46882479977305225,0.13836805555555556,0.0022135416666666666,0.4350758674696753,0.13546006944444444,0.011762152777777778,0.4528229169493189,0.14622395833333332,0.00959201388888889,0,0,0,0.008634236111106475
fx-cr-signal-lost,0.9,FAIL,PROVISIONAL_PASS,0.2798602856374976,0.12957899305555556,0.03088107638888889,0.269031929791171,0.10794270833333333,0.03602430555555555,0.293913273321564,0.10199652777777778,0.06918402777777778,0,0,0,0.03732498697917208
fx-cr-signal-lost,1.5,FAIL,PROVISIONAL_PASS,0.5574019657660504,0.19262152777777777,0.13203125,0.5577352529364864,0.14168836805555557,0.10323350694444444,0.5646429912033969,0.1572265625,0.12497829861111111,0,0,0,0.11092588107638335
fx-cr-signal-lost,2.1,FAIL,FAIL,26.403118122133098,12.469639756944444,12.377625868055556,32.52378692565386,14.061762152777778,13.745963541666667,37.509332526385066,21.374110243055554,21.177061631944444,0,0,0,13.991580234375007
fx-cr-slice-drift,0.3,PASS,PROVISIONAL_PASS,0.03329229048781072,0.04049479166666667,0.020225694444444445,0.021322688432820494,0.03532986111111111,0.007552083333333333,0.0354155509583796,0.045703125,0.021397569444444445,0,0,0,0.011246137152795654
fx-cr-slice-drift,0.9,PASS,PROVISIONAL_PASS,0.033080286042168776,0.04118923611111111,0.0203125,0.03236680860221111,0.04073350694444444,0.022981770833333335,0.033881244811702106,0.0380859375,0.0158203125,0,0,0,0.02189722656251547
fx-cr-slice-drift,1.5,PASS,PROVISIONAL_PASS,0.03319067507678006,0.043229166666666666,0.01310763888888889,0.02188439128231427,0.033528645833333336,0.0077473958333333336,0.03970141613386729,0.04205729166666667,0.014973958333333334,0,0,0,0.009408741319447245
fx-cr-slice-drift,2.1,PASS,PROVISIONAL_PASS,0.031066433983092983,0.043684895833333334,0.008051215277777777,0.021150348922686128,0.03365885416666667,0.004014756944444444,0.029012980793084654,0.04377170138888889,0.005186631944444444,0,0,0,0.004957517361134478
fx-cr-projector,0.3,FAIL,FAIL,3.0543353856263087,3.0532118055555557,3.0532118055555557,2.4725976662064726,2.4745659722222224,2.4745659722222224,1.8251221398698714,1.8286892361111111,1.828298611111111,0,0,0,2.550925572916668
fx-cr-projector,0.9,FAIL,FAIL,2.17317177865738,2.1787760416666666,2.1787760416666666,1.7014152369155109,1.7097005208333333,1.7097005208333333,1.2468142654836616,1.2542100694444445,1.2542100694444445,0,0,0,1.7765395659722145
fx-cr-projector,1.5,FAIL,PROVISIONAL_PASS,0.32661205966637524,0.17252604166666666,0.0685763888888889,0.25519217361726426,0.17313368055555556,0.06649305555555556,0.19578355562336047,0.17189670138888888,0.010698784722222222,0,0,0,0.06290762586804988
fx-cr-projector,2.1,FAIL,PROVISIONAL_PASS,0.75122953829248,0.7261067708333333,0.7261067708333333,0.579632350032047,0.53984375,0.53984375,0.454405548876571,0.43448350694444443,0.42489149305555557,0,0,0,0.5711437152777847
fx-cr-flash-cut,0.3,PASS,PROVISIONAL_PASS,0.06312328701205934,0.0716796875,0.029752604166666665,0.0287415407345629,0.04424913194444444,0.013042534722222223,0.028100295799212048,0.035807291666666664,0.0026041666666666665,0,0,0,0.015465403645848141
fx-cr-flash-cut,0.9,PASS,PROVISIONAL_PASS,0.0805353059459683,0.07183159722222222,0.010590277777777778,0.07542165759910718,0.06907552083333333,0.010785590277777778,0.08342359454083251,0.06768663194444445,0.005447048611111111,0,0,0,0.01035862413193911
fx-cr-flash-cut,1.5,PASS,PROVISIONAL_PASS,0.02740376232630597,0.04290364583333333,0.0074435763888888885,0.024875199393720945,0.030316840277777778,0.0052734375,0.03585225335441146,0.03665364583333333,0.007139756944444444,0,0,0,0.00586955729167471
fx-cr-flash-cut,2.1,PASS,PROVISIONAL_PASS,0.02649392234094979,0.04055989583333333,0.014865451388888888,0.016837285875875706,0.029296875,0.0033420138888888887,0.02533722418735438,0.03387586805555556,0.0087890625,0,0,0,0.006185173611115147
fx-cr-aurora,0.3,PASS,PROVISIONAL_PASS,0.029452091093571213,0.03062065972222222,0.009483506944444444,0.023053447469832105,0.038563368055555554,0.004839409722222222,0.027409112044142918,0.02992621527777778,0.008919270833333333,0,0,0,0.004833368055543019
fx-cr-aurora,0.9,PASS,PROVISIONAL_PASS,0.03223098818560921,0.035698784722222224,0.004361979166666667,0.025805774667110384,0.03630642361111111,0.005881076388888889,0.026886793926936454,0.030707465277777776,0.006488715277777778,0,0,0,0.0046650173610913725
fx-cr-aurora,1.5,PASS,PROVISIONAL_PASS,0.033151268865912145,0.03470052083333333,0.008441840277777777,0.023412923448925937,0.03159722222222222,0.007118055555555555,0.02668241324711552,0.02358940972222222,0.0031901041666666666,0,0,0,0.006655243055533333
fx-cr-aurora,2.1,PASS,PROVISIONAL_PASS,0.026798427069443315,0.0330078125,0.004535590277777778,0.02877915686027777,0.03739149305555556,0.018511284722222222,0.027291503790215874,0.029079861111111112,0.007682291666666666,0,0,0,0.013648875868042865
fx-cr-twinkle-sky,0.3,PASS,PROVISIONAL_PASS,0.030486889003748456,0.044270833333333336,8.680555555555556e-05,0.018441563334153754,0.04266493055555556,0.0015190972222222222,0.032196602444341624,0.04181857638888889,0.01252170138888889,0,0,0,0.0020089800347449227
fx-cr-twinkle-sky,0.9,PASS,PROVISIONAL_PASS,0.02631441183020841,0.05490451388888889,0.002907986111111111,0.022839666531008336,0.044835069444444445,0.0019965277777777776,0.029843142529199618,0.04129774305555556,0.013693576388888889,0,0,0,0.0017983550347224764
fx-cr-twinkle-sky,1.5,PASS,PROVISIONAL_PASS,0.029213440869193884,0.0498046875,0.0057942708333333336,0.02269613085952563,0.03962673611111111,0.0026041666666666665,0.02831074849156619,0.04162326388888889,0.010416666666666666,0,0,0,0.001382721354175942
fx-cr-twinkle-sky,2.1,PASS,PROVISIONAL_PASS,0.03247548489568532,0.053059895833333336,0.007139756944444444,0.020847191496210542,0.04088541666666667,0.0016927083333333334,0.028022549495080564,0.03967013888888889,0.01015625,0,0,0,0.0019952560763698557
fx-cr-tri-split,0.3,FAIL,FAIL,2.523472574270172,0.6146267361111111,0.5664930555555555,2.512368445251847,0.7786892361111111,0.7090711805555555,2.791976329015548,0.9925347222222223,0.9019097222222222,0,0,0,0.6926820138888701
fx-cr-tri-split,0.9,FAIL,PROVISIONAL_PASS,1.7874046537132589,0.494140625,0.3693576388888889,1.7269079539571603,0.6033203125,0.5066623263888889,1.9887218682356582,0.7722222222222223,0.7354166666666667,0,0,0,0.4939874131944322
fx-cr-tri-split,1.5,FAIL,FAIL,2.4685919547960027,0.3982421875,0.04294704861111111,2.3929277083859923,0.44320746527777777,0.26634114583333335,2.639051063768997,0.7383029513888889,0.7258029513888888,0,0,0,0.25202070312501235
fx-cr-tri-split,2.1,FAIL,PROVISIONAL_PASS,1.2044409497951112,0.3864800347222222,0.19711371527777777,1.1834152292160325,0.47313368055555555,0.32764756944444445,1.3502259440741333,0.5935112847222223,0.5334418402777777,0,0,0,0.31475441840277085
fx-mt-photo-snap,0.3,PASS,PROVISIONAL_PASS,0.032980441669625236,0.03454861111111111,0.023567708333333333,0.029314867245915706,0.03819444444444445,0.0265625,0.04458311452859321,0.05171440972222222,0.03904079861111111,0,0,0,0.026826740451397768
fx-mt-photo-snap,0.9,FAIL,PROVISIONAL_PASS,0.8472050797824416,0.19045138888888888,0.17395833333333333,0.8442448464124216,0.17879774305555557,0.16868489583333332,0.8432619833645078,0.16527777777777777,0.13758680555555555,0,0,0,0.16756074652778352
fx-mt-photo-snap,1.5,FAIL,FAIL,13.396648301549302,0.4921657986111111,0.31148003472222224,13.495362686561863,0.4990234375,0.34780815972222223,13.426161440893106,0.47931857638888886,0.27884114583333336,0,0,0,0.3351053819444445
fx-mt-photo-snap,2.1,PASS,PROVISIONAL_PASS,0.03328428663101238,0.03107638888888889,0.023741319444444443,0.034011563846033065,0.03908420138888889,0.026280381944444445,0.035455692446201684,0.04131944444444444,0.02378472222222222,0,0,0,0.025560390625003038
fx-mt-zoom-shake,0.3,FAIL,PROVISIONAL_PASS,0.19664557660536966,0.11000434027777778,0.019943576388888887,0.15821010494666635,0.08849826388888889,0.037543402777777776,0.17451888671381263,0.09524739583333333,0.031141493055555556,0,0,0,0.03333946180555358
fx-mt-zoom-shake,0.9,PASS,PROVISIONAL_PASS,0.05333778484593555,0.042816840277777775,0.020290798611111112,0.04508140504861909,0.04611545138888889,0.023502604166666666,0.052799480929595036,0.040473090277777776,0.0189453125,0,0,0,0.022490737847221
fx-mt-zoom-shake,1.5,FAIL,PROVISIONAL_PASS,1.4878974040253914,0.5960069444444445,0.434765625,1.2684269034196964,0.5846354166666666,0.43914930555555554,1.2666383746009742,0.37710503472222223,0.3708984375,0,0,0,0.4332896223958329
fx-mt-zoom-shake,2.1,FAIL,PROVISIONAL_PASS,0.8086732659879213,0.25262586805555554,0.14776475694444444,0.739133383600081,0.25115017361111114,0.0904296875,0.7480172236535532,0.20047743055555556,0.04388020833333333,0,0,0,0.09925825086804707
fx-globe,0.3,PASS,PROVISIONAL_PASS,0.0395252372507758,0.04131944444444444,0.024001736111111113,0.03855816694653169,0.04338107638888889,0.012608506944444445,0.0294355344928688,0.03812934027777778,0.016167534722222224,0,0,0,0.01528766927084746
fx-globe,0.9,PASS,PROVISIONAL_PASS,0.038977675982980325,0.0384765625,0.029622395833333332,0.032303681075002845,0.03658854166666667,0.01796875,0.027000308450959177,0.03166232638888889,0.0076605902777777775,0,0,0,0.019702065972211358
fx-globe,1.5,PASS,PROVISIONAL_PASS,0.032805929105506754,0.03650173611111111,0.023394097222222222,0.03486725228635036,0.03832465277777778,0.02165798611111111,0.025038880161947368,0.02732204861111111,0.007400173611111111,0,0,0,0.02099766927082669
fx-globe,2.1,PASS,PROVISIONAL_PASS,0.037495653087493946,0.035416666666666666,0.0008246527777777778,0.032779986142313415,0.03752170138888889,0.0013671875,0.03454183711079872,0.0333984375,0.010438368055555555,0,0,0,0.0003994835069391911
fx-hyperspace,0.3,FAIL,FAIL,1.4001400688829804,0.29422743055555556,0.25186631944444443,2.466701865665074,2.1463975694444444,2.1306857638888888,1.6496878325739124,0.3277126736111111,0.3180338541666667,0,0,0,1.6003752821180512
fx-hyperspace,0.9,FAIL,FAIL,1.5769288200067086,0.18357204861111112,0.18357204861111112,2.304446298062554,1.9767795138888888,1.6169704861111112,1.8128727804009157,0.19168836805555556,0.1892578125,0,0,0,1.1037654600694538
fx-hyperspace,1.5,FAIL,FAIL,1.6515185034533877,0.5358072916666666,0.534765625,2.226199020167902,2.4937065972222223,1.3851128472222223,1.9289094469246637,0.6078776041666667,0.6037109375,0,0,0,0.833353606770828
fx-hyperspace,2.1,FAIL,FAIL,1.871693623956742,0.19147135416666666,0.15319010416666667,2.807145905746242,2.3810112847222222,1.9980251736111112,2.1411784505065183,0.2105034722222222,0.20078125,0,0,0,1.3819229817708276
fx-star-rush,0.3,FAIL,FAIL,1.9732549851437846,0.2558810763888889,0.13470052083333334,2.196410081639925,0.28758680555555555,0.16506076388888888,2.4135208684825478,0.3331380208333333,0.24251302083333334,0,0,0,0.16419822916665794
fx-star-rush,0.9,FAIL,FAIL,2.4036954005079965,0.5170138888888889,0.2072048611111111,2.6720227022668968,0.523046875,0.22369791666666666,2.928678443858823,0.4818359375,0.23995225694444444,0,0,0,0.2213650564236218
fx-star-rush,1.5,FAIL,FAIL,2.3251196591819987,0.27717013888888886,0.23815104166666667,2.5695789447619624,0.29140625,0.26458333333333334,2.7858673585949085,0.2784505208333333,0.26143663194444444,0,0,0,0.25873663628473764
fx-star-rush,2.1,FAIL,FAIL,2.4269213828321714,0.2537760416666667,0.221484375,2.660903700781435,0.3055555555555556,0.2404513888888889,2.876562147714054,0.3344184027777778,0.23519965277777777,0,0,0,0.23603982638888965
fx-camera-shake,0.3,PASS,PROVISIONAL_PASS,0.04228479565541784,0.0439453125,0.020551215277777778,0.03284588073956703,0.04470486111111111,0.020399305555555556,0.03292301219588684,0.03478732638888889,0.0042751736111111115,0,0,0,0.019267439236088535
fx-camera-shake,0.9,PASS,PROVISIONAL_PASS,0.04341681006599721,0.041276041666666666,0.023741319444444443,0.03220192312344651,0.03643663194444444,0.01625434027777778,0.029275176331699102,0.029557291666666666,0.009809027777777778,0,0,0,0.017380720486116275
fx-camera-shake,1.5,PASS,PROVISIONAL_PASS,0.04140861597241779,0.04841579861111111,0.02749565972222222,0.03576961648491763,0.043619791666666664,0.020963541666666665,0.04062378456701377,0.044205729166666666,0.004014756944444444,0,0,0,0.02112856770834526
fx-camera-shake,2.1,PASS,PROVISIONAL_PASS,0.04693870859855326,0.04422743055555556,0.0296875,0.03024049807148936,0.033919270833333334,0.014735243055555555,0.04211065517338761,0.040190972222222225,0.007725694444444445,0,0,0,0.017408003472226596
fx-film-grain,0.3,FAIL,PROVISIONAL_PASS,0.6694928650563008,0.3131293402777778,0.2804904513888889,0.6613098969218819,0.2861328125,0.2505425347222222,0.6841390474742146,0.2892578125,0.26143663194444444,0,0,0,0.2576960156249868
fx-film-grain,0.9,FAIL,PROVISIONAL_PASS,0.551025229174565,0.1987847222222222,0.06145833333333333,0.5493467640386123,0.184375,0.06267361111111111,0.5709057965885741,0.2134982638888889,0.07725694444444445,0,0,0,0.06346815972221975
fx-film-grain,1.5,FAIL,PROVISIONAL_PASS,0.6125759748341036,0.18565538194444445,0.13999565972222222,0.5974212480220421,0.2366970486111111,0.14520399305555556,0.6085951534028353,0.25811631944444446,0.08836805555555556,0,0,0,0.13999314670139995
fx-film-grain,2.1,FAIL,PROVISIONAL_PASS,0.6499588152219219,0.21432291666666667,0.04118923611111111,0.6671381358150152,0.20034722222222223,0.05416666666666667,0.6697774154472675,0.16382378472222223,0.07823350694444445,0,0,0,0.053145290798596534
fx-glitch-in,0.3,PASS,PROVISIONAL_PASS,0.020153115275249156,0.021549479166666666,0.008441840277777777,0.009215863953883012,0.012044270833333334,0.0009765625,0.009009273943426733,0.011458333333333333,0.00030381944444444445,0,0,0,0.002515108506941033
fx-glitch-in,0.9,PASS,PROVISIONAL_PASS,0.04879900466486621,0.05993923611111111,0.02769097222222222,0.026836659031349765,0.03263888888888889,0.013715277777777778,0.03184499528572058,0.038736979166666664,0.021419270833333334,0,0,0,0.01724273871531068
fx-glitch-in,1.5,PASS,PROVISIONAL_PASS,0.038732834920627415,0.04197048611111111,0.017057291666666665,0.014988520710686896,0.025260416666666667,0.005815972222222222,0.025057632887719856,0.034657118055555554,0.013302951388888888,0,0,0,0.008746436631952292
fx-glitch-in,2.1,PASS,PROVISIONAL_PASS,0.02350759001124396,0.027734375,0.006206597222222222,0.012374166208878018,0.019965277777777776,0.0012586805555555556,0.013285026813780316,0.020811631944444443,0.0005425347222222222,0,0,0,0.002180559895833767
fx-film-burn,0.3,PASS,PROVISIONAL_PASS,0.025306715415751763,0.04494357638888889,2.170138888888889e-05,0.018975662800932165,0.04201388888888889,0.006814236111111111,0.02806115369482691,0.03585069444444444,0.018272569444444445,0,0,0,0.006197434895838683
fx-film-burn,0.9,PASS,PROVISIONAL_PASS,0.020876811871721326,0.024652777777777777,0.002126736111111111,0.02628458846085353,0.040516493055555554,0.004448784722222222,0.022232511235803346,0.02163628472222222,0.0076171875,0,0,0,0.002179665798564656
fx-film-burn,1.5,PASS,PROVISIONAL_PASS,0,0,0,0.012362672591692785,0.015668402777777778,0.011414930555555555,0.010904971542613126,0.011588541666666667,0.0005642361111111111,0,0,0,0.008204696180570181
fx-film-burn,2.1,PASS,PROVISIONAL_PASS,0,0,0,0,0,0,9.04114029503701e-05,0.00017361111111111112,0.00017361111111111112,0,0,0,1.253472220241747e-05
fx-torn-reveal,0.3,PASS,PROVISIONAL_PASS,0.011109584992586675,0.026844618055555554,0.0024522569444444444,0.009238920003946653,0.021723090277777777,0.001540798611111111,0.012027742883846702,0.016037326388888887,0.008094618055555556,0,0,0,0.001165060763888448
fx-torn-reveal,0.9,PASS,PROVISIONAL_PASS,0.02389588635328041,0.04142795138888889,0.0044921875,0.018620068490626963,0.036458333333333336,0.006510416666666667,0.02431953769547903,0.03697916666666667,0.013628472222222222,0,0,0,0.006595264756953156
fx-torn-reveal,1.5,PASS,PROVISIONAL_PASS,0.02594616715967815,0.04236111111111111,0.010069444444444445,0.018199179467821597,0.04537760416666667,0.004839409722222222,0.027794684452436942,0.03550347222222222,0.011675347222222222,0,0,0,0.006444869791664587
fx-torn-reveal,2.1,PASS,PROVISIONAL_PASS,0.02726482906253209,0.04809027777777778,0.005555555555555556,0.017003956101535687,0.03634982638888889,0.005013020833333334,0.027611650916512954,0.03993055555555555,0.014713541666666666,0,0,0,0.005828741319447772
fx-mirror-ball,0.3,PASS,PROVISIONAL_PASS,0.05043069684962074,0.05950520833333333,0.026085069444444445,0.05089084349217255,0.0525390625,0.014171006944444444,0.057287670435171814,0.046614583333333334,0.014409722222222223,0,0,0,0.016721171875005325
fx-mirror-ball,0.9,PASS,PROVISIONAL_PASS,0.059096988317966906,0.07330729166666666,0.0203125,0.054191893602686114,0.04861111111111111,0.015104166666666667,0.05312451067976965,0.048502604166666664,0.014778645833333333,0,0,0,0.016187955729165537
fx-mirror-ball,1.5,PASS,PROVISIONAL_PASS,0.05639677828236294,0.0685546875,0.03279079861111111,0.04455099053570595,0.06056857638888889,0.02150607638888889,0.0631310614153919,0.06397569444444444,0.02265625,0,0,0,0.023988250868058003
fx-mirror-ball,2.1,PASS,PROVISIONAL_PASS,0.06997506986370336,0.07202690972222223,0.031141493055555556,0.05668514476002397,0.06792534722222222,0.03389756944444444,0.08568083525858677,0.06575520833333333,0.030381944444444444,0,0,0,0.03305779947915255
fx-confetti,0.3,PASS,PROVISIONAL_PASS,0.024820286805273165,0.03734809027777778,0.011783854166666666,0.019972526088893553,0.03567708333333333,0.0020399305555555557,0.02127035966759157,0.026888020833333335,0.004448784722222222,0,0,0,0.0013674913194421379
fx-confetti,0.9,PASS,PROVISIONAL_PASS,0.02266082266072041,0.0357421875,0.007269965277777778,0.019494096630461435,0.031510416666666666,0.0028211805555555555,0.02402565925626309,0.028233506944444445,0.01017795138888889,0,0,0,0.004298151041666642
fx-confetti,1.5,PASS,PROVISIONAL_PASS,0.026462060391135193,0.04112413194444445,0.01521267361111111,0.020423817356823963,0.03148871527777778,0.005577256944444445,0.028905436640395417,0.03337673611111111,0.009418402777777777,0,0,0,0.007903077256969482
fx-confetti,2.1,PASS,PROVISIONAL_PASS,0.02501582687237983,0.039952256944444445,0.012565104166666667,0.01914972619727669,0.02890625,0.0015190972222222222,0.022465381865817778,0.030577256944444443,0.010525173611111112,0,0,0,0.004517717013897027
fx-balloons,0.3,PASS,PROVISIONAL_PASS,0.021775160856846776,0.04014756944444445,0.0048177083333333336,0.01934588056447362,0.031749131944444446,0.010785590277777778,0.0301569169495169,0.02892795138888889,0.01325954861111111,0,0,0,0.00969543836805542
fx-balloons,0.9,PASS,PROVISIONAL_PASS,0.017465704105574475,0.034722222222222224,0.005208333333333333,0.02031848329361487,0.03511284722222222,0.010677083333333334,0.03330115495753565,0.033745659722222224,0.020203993055555557,0,0,0,0.01020226996526219
fx-balloons,1.5,PASS,PROVISIONAL_PASS,0.022428237512135102,0.035481770833333336,0.010221354166666667,0.01852258684765119,0.033854166666666664,0.005859375,0.019710215443150433,0.024826388888888887,0.004427083333333333,0,0,0,0.006683320312504293
fx-balloons,2.1,PASS,PROVISIONAL_PASS,0.024332591036743425,0.038563368055555554,0.0028862847222222224,0.020407560852349817,0.03424479166666667,0.01015625,0.021194640087244494,0.02816840277777778,0.01189236111111111,0,0,0,0.008736002604166515
fx-earthquake,0.3,PASS,PROVISIONAL_PASS,0.0406707060734625,0.04186197916666667,0.022200520833333334,0.033979580228649595,0.04040798611111111,0.018836805555555555,0.03412916170388333,0.036957465277777775,0.008485243055555555,0,0,0,0.018804548611100813
fx-earthquake,0.9,PASS,PROVISIONAL_PASS,0.04416082609697172,0.04383680555555555,0.023480902777777778,0.03168661584630941,0.033289930555555555,0.014322916666666666,0.03551811196444395,0.032660590277777776,0.002105034722222222,0,0,0,0.015083806423589863
fx-earthquake,1.5,PASS,PROVISIONAL_PASS,0.04057838796848971,0.041905381944444445,0.021245659722222223,0.029534650580345857,0.0328125,0.018967013888888887,0.03312548764062335,0.037369791666666666,0.004079861111111111,0,0,0,0.018376601562479777
fx-earthquake,2.1,PASS,PROVISIONAL_PASS,0.047749326049269056,0.048980034722222225,0.03643663194444444,0.02918038106036232,0.036046006944444445,0.01794704861111111,0.03244867475618244,0.036328125,0.0026041666666666665,0,0,0,0.020770177951376922
fx-light-leak,0.3,PASS,PROVISIONAL_PASS,0.02110341651837848,0.039539930555555554,0.009157986111111112,0.017858214161011424,0.033289930555555555,0.010720486111111111,0.019436720970221973,0.030555555555555555,0.005815972222222222,0,0,0,0.010034192708332057
fx-light-leak,0.9,PASS,PROVISIONAL_PASS,0.017673405928208846,0.034657118055555554,0.0059244791666666664,0.02239828717152706,0.03600260416666667,0.007486979166666667,0.020765286478126824,0.03365885416666667,0.006922743055555555,0,0,0,0.00711405381944985
fx-light-leak,1.5,PASS,PROVISIONAL_PASS,0.020021394025375096,0.030772569444444446,0.010633680555555556,0.02133766748667076,0.03784722222222222,0.0078125,0.02221403364107898,0.028515625,0.007335069444444444,0,0,0,0.008377812500015125
fx-light-leak,2.1,PASS,PROVISIONAL_PASS,0.021904811890927637,0.03331163194444445,0.005750868055555556,0.0267730365114745,0.03546006944444444,0.006597222222222222,0.02274366602286393,0.028211805555555556,0.008810763888888889,0,0,0,0.006577105034722308
fx-bokeh,0.3,PASS,PROVISIONAL_PASS,0.028346192227179292,0.04025607638888889,0.008094618055555556,0.023144821071775526,0.04099392361111111,0.005186631944444444,0.028171137745774733,0.03400607638888889,0.016905381944444443,0,0,0,0.00320913194443051
fx-bokeh,0.9,PASS,PROVISIONAL_PASS,0.029568768770557405,0.03624131944444445,0.0016493055555555556,0.02137738077156735,0.040538194444444446,0.006510416666666667,0.03139465491603441,0.044140625,0.015885416666666666,0,0,0,0.005452534722223845
fx-bokeh,1.5,PASS,PROVISIONAL_PASS,0.029632521766791757,0.04303385416666667,0.0021484375,0.021522869597930754,0.03888888888888889,0.0016493055555555556,0.028917761837757277,0.035980902777777775,0.012630208333333334,0,0,0,0.0025482421875011596
fx-bokeh,2.1,PASS,PROVISIONAL_PASS,0.029058234951250962,0.04576822916666667,0.0026258680555555558,0.021846576200035647,0.03658854166666667,0.0033854166666666668,0.02914103955927041,0.04112413194444445,0.01720920138888889,0,0,0,0.0006204861111172022
fx-grid-flash,0.3,PASS,PROVISIONAL_PASS,0.05126770181776931,0.065234375,0.04782986111111111,0.03480091092515657,0.052647569444444445,0.03589409722222222,0.03752627843971309,0.06588541666666667,0.029340277777777778,0,0,0,0.037958454861126256
fx-grid-flash,0.9,PASS,PROVISIONAL_PASS,0.07417653723216085,0.1027560763888889,0.07849392361111111,0.029417312772036457,0.053168402777777776,0.024956597222222224,0.02707656569788441,0.048676215277777775,0.026671006944444443,0,0,0,0.036462413194456644
fx-grid-flash,1.5,PASS,PROVISIONAL_PASS,0.051733602143283514,0.06569010416666667,0.05457899305555555,0.03041831211380891,0.06219618055555556,0.021701388888888888,0.039807960828363624,0.06180555555555556,0.03125,0,0,0,0.029380577256944207
fx-grid-flash,2.1,PASS,PROVISIONAL_PASS,0.04483930173275612,0.06026475694444444,0.03274739583333333,0.03358415241332099,0.05434027777777778,0.027256944444444445,0.03941611807533862,0.04680989583333333,0.030837673611111113,0,0,0,0.028682743055554738
fx-pencil-sketch,0.3,PASS,PROVISIONAL_PASS,0.05986779575896862,0.046961805555555555,0.003515625,0.05392528744446057,0.04227430555555556,0.005121527777777778,0.05791016902017411,0.05490451388888889,0.0006076388888888889,0,0,0,0.004454210069440023
fx-pencil-sketch,0.9,PASS,PROVISIONAL_PASS,0.06005077600790644,0.0482421875,0.007139756944444444,0.0533644350439394,0.045572916666666664,0.010590277777777778,0.06251535086015744,0.06410590277777778,0.016362847222222223,0,0,0,0.010273476562502992
fx-pencil-sketch,1.5,PASS,PROVISIONAL_PASS,0.051058091264771566,0.0439453125,0.005577256944444445,0.04869109439226155,0.04646267361111111,0.0103515625,0.053108319741927985,0.0529296875,0.0057942708333333336,0,0,0,0.009007508680582532
fx-pencil-sketch,2.1,PASS,PROVISIONAL_PASS,0.062150601977224065,0.05559895833333333,0.005815972222222222,0.051192312002281394,0.05056423611111111,0.0017795138888888889,0.06306471028204833,0.05349392361111111,0.006184895833333333,0,0,0,0.00041031684028780546
fx-marker-lines,0.3,PASS,PROVISIONAL_PASS,0.03687813624959111,0.027994791666666668,0.012977430555555556,0.03957508959269088,0.03871527777777778,0.004427083333333333,0.05125094864860746,0.04147135416666667,0.024500868055555555,0,0,0,0.007694214409710298
fx-marker-lines,0.9,PASS,PROVISIONAL_PASS,0.04935530149306002,0.035069444444444445,0.01623263888888889,0.03952184571508795,0.037608506944444446,0.004926215277777778,0.04848351359088644,0.03676215277777778,0.010894097222222222,0,0,0,0.007760842013894376
fx-marker-lines,1.5,PASS,PROVISIONAL_PASS,0.04310236622847044,0.04138454861111111,0.008745659722222222,0.03647028531689621,0.0427734375,0.007313368055555556,0.04120980730896683,0.03537326388888889,0.01623263888888889,0,0,0,0.008261844618075997
fx-marker-lines,2.1,PASS,PROVISIONAL_PASS,0.046051771874276004,0.0416015625,0.014301215277777777,0.04026201568431172,0.04815538194444444,0.013780381944444444,0.05097904872410085,0.04123263888888889,0.021527777777777778,0,0,0,0.014450473090278138
fx-spray-neon,0.3,PASS,PROVISIONAL_PASS,0.049910134171381425,0.037022569444444445,0.014887152777777777,0.061393848544661754,0.051671006944444445,0.02146267361111111,0.03978595033580959,0.03997395833333333,0.020442708333333334,0,0,0,0.013661059027768374
fx-spray-neon,0.9,PASS,PROVISIONAL_PASS,0.0530643686772382,0.03812934027777778,0.006532118055555556,0.05523171629583755,0.0580078125,0.022200520833333334,0.04369524502566023,0.042578125,0.02230902777777778,0,0,0,0.016099796006940892
fx-spray-neon,1.5,PASS,PROVISIONAL_PASS,0.05269940673291203,0.037825520833333334,0.010959201388888888,0.04893545863687022,0.0494140625,0.019856770833333332,0.03726569749705115,0.04620225694444444,0.01720920138888889,0,0,0,0.013114140624992388
fx-spray-neon,2.1,PASS,PROVISIONAL_PASS,0.05683067455041827,0.03532986111111111,0.013585069444444445,0.05531605808044927,0.05238715277777778,0.018836805555555555,0.037399551581256914,0.0392578125,0.013693576388888889,0,0,0,0.011572573784732754
fx-chalkboard,0.3,PASS,PROVISIONAL_PASS,0.05219032327482736,0.03984375,0.024131944444444445,0.054319364232912795,0.04392361111111111,0.029861111111111113,0.04698570240192383,0.03331163194444445,0.02185329861111111,0,0,0,0.028064926215250807
fx-chalkboard,0.9,PASS,PROVISIONAL_PASS,0.053017591454271165,0.04157986111111111,0.014496527777777778,0.056606232829358206,0.04698350694444445,0.03517795138888889,0.06198809401036316,0.04001736111111111,0.027387152777777778,0,0,0,0.030218585069448523
fx-chalkboard,1.5,PASS,PROVISIONAL_PASS,0.0502529348711217,0.0302734375,0.009526909722222223,0.04044862901961143,0.034331597222222225,0.01189236111111111,0.05253803123984543,0.030598958333333332,0.008854166666666666,0,0,0,0.011170108506945553
fx-chalkboard,2.1,PASS,PROVISIONAL_PASS,0.05807170489671186,0.05492621527777778,0.030360243055555555,0.04829914563277386,0.039214409722222225,0.022547743055555555,0.05625650005850663,0.036631944444444446,0.025347222222222222,0,0,0,0.02441080295137965
fx-scribble-frame,0.3,PASS,PROVISIONAL_PASS,0.024330495066604552,0.03888888888888889,0.0020399305555555557,0.01806836904055217,0.03600260416666667,0.0009765625,0.025835205805392124,0.031640625,0.013975694444444445,0,0,0,0.0012737934027740039
fx-scribble-frame,0.9,PASS,PROVISIONAL_PASS,0.02728826074265659,0.039388020833333336,0.0031901041666666666,0.020874042805993077,0.03602430555555555,0.006336805555555556,0.022527490604073556,0.03778211805555556,0.01252170138888889,0,0,0,0.006114366319451392
fx-scribble-frame,1.5,PASS,PROVISIONAL_PASS,0.025610588803218724,0.03930121527777778,0.003754340277777778,0.018974164955417087,0.03993055555555555,0.0014322916666666666,0.02488016854566809,0.028255208333333334,0.007508680555555556,0,0,0,0.002364674479181872
fx-scribble-frame,2.1,PASS,PROVISIONAL_PASS,0.025174684734439047,0.041167534722222225,0.00023871527777777777,0.01745559846541532,0.03430989583333333,0.0021484375,0.024525327789509874,0.03595920138888889,0.0107421875,0,0,0,0.002362899305552446
fx-confetti-burst,0.3,FAIL,PROVISIONAL_PASS,0.5051561302575963,0.08272569444444444,0.053385416666666664,0.5106726962749322,0.11707899305555555,0.08917100694444445,0.49413838522140563,0.1603515625,0.15787760416666666,0,0,0,0.041026601562492715
fx-confetti-burst,0.9,FAIL,PROVISIONAL_PASS,0.25585897094470744,0.06375868055555556,0.007161458333333333,0.30434530238444046,0.06974826388888888,0.02651909722222222,0.33539440195636,0.06892361111111112,0.008072916666666667,0,0,0,0.019906119791670562
fx-confetti-burst,1.5,FAIL,PROVISIONAL_PASS,0.3561871206857141,0.17180989583333334,0.06686197916666667,0.2739928572067391,0.1353732638888889,0.08433159722222222,0.25419913994417637,0.10670572916666667,0.03904079861111111,0,0,0,0.048917847222213595
fx-confetti-burst,2.1,FAIL,PROVISIONAL_PASS,0.2553233201752792,0.1626953125,0.10106336805555556,0.2178975121184762,0.19891493055555556,0.1400173611111111,0.29484947694386554,0.15043402777777778,0.043446180555555554,0,0,0,0.12476330295139348
fx-gold-glitter,0.3,PASS,PROVISIONAL_PASS,0.030478088790426704,0.03713107638888889,0.009874131944444444,0.02505497996078871,0.034830729166666664,0.0029730902777777776,0.021376223221229524,0.029709201388888887,0.007530381944444445,0,0,0,0.0005165798610988759
fx-gold-glitter,0.9,PASS,PROVISIONAL_PASS,0.03366080786285641,0.03619791666666667,0.007465277777777778,0.020338272206828885,0.03420138888888889,0.0046875,0.02748461952418396,0.032313368055555555,0.013172743055555556,0,0,0,0.005890690104152441
fx-gold-glitter,1.5,PASS,PROVISIONAL_PASS,0.02508277788830201,0.03611111111111111,0.011111111111111112,0.020169599626315135,0.03211805555555555,0.003732638888888889,0.027246056573694197,0.03795572916666667,0.003537326388888889,0,0,0,0.005287200520854185
fx-gold-glitter,2.1,PASS,PROVISIONAL_PASS,0.03181047637984773,0.03665364583333333,0.016341145833333334,0.021479866506670223,0.02944878472222222,0.0018012152777777779,0.028278993372989447,0.033116319444444445,0.013151041666666667,0,0,0,0.005711861979165178
fx-heart-rain,0.3,PASS,PROVISIONAL_PASS,0.020290887348752,0.04118923611111111,0.0069010416666666664,0.01781619252388971,0.0326171875,0.012348090277777777,0.019138302174787698,0.02964409722222222,0.006640625,0,0,0,0.010777968750005584
fx-heart-rain,0.9,PASS,PROVISIONAL_PASS,0.020979071821229437,0.03687065972222222,0.0007161458333333333,0.01952061082562834,0.03240017361111111,0.008702256944444445,0.018900280457632465,0.03025173611111111,0.005338541666666667,0,0,0,0.006761549479165296
fx-heart-rain,1.5,PASS,PROVISIONAL_PASS,0.026259699773086186,0.03986545138888889,0.0083984375,0.019175443780487265,0.0337890625,0.006401909722222222,0.020379863347322717,0.029513888888888888,0.004123263888888889,0,0,0,0.006661853298609799
fx-heart-rain,2.1,PASS,PROVISIONAL_PASS,0.02672652619562752,0.042252604166666666,0.0017578125,0.020293671622730634,0.03522135416666667,0.009874131944444444,0.0205559599843831,0.0255859375,0.009309895833333333,0,0,0,0.007360442708346682
fx-bubbles,0.3,PASS,PROVISIONAL_PASS,0.027347515140026063,0.038802083333333334,0.0026475694444444446,0.017274293404333677,0.03984375,0.002690972222222222,0.02247930266989879,0.03643663194444444,0.0013671875,0,0,0,0.0025861675347158553
fx-bubbles,0.9,PASS,PROVISIONAL_PASS,0.02557915051859426,0.040299479166666666,0.007964409722222222,0.01822189345862724,0.04014756944444445,0.00017361111111111112,0.02031563840757623,0.0330078125,0.0032769097222222223,0,0,0,0.0013324739583282508
fx-bubbles,1.5,PASS,PROVISIONAL_PASS,0.027079891222355486,0.046375868055555554,0.002756076388888889,0.018706683569398468,0.047417534722222224,0.003363715277777778,0.02680591491403447,0.039453125,0.01015625,0,0,0,0.0037249522569453575
fx-bubbles,2.1,PASS,PROVISIONAL_PASS,0.028935744087938867,0.047764756944444445,0.0010633680555555555,0.018599919947628364,0.04366319444444444,0.004253472222222222,0.028868283899377026,0.04045138888888889,0.012152777777777778,0,0,0,0.0023907248263697056
fx-star-pop,0.3,PASS,PROVISIONAL_PASS,0.02605448729573049,0.039322916666666666,0.009548611111111112,0.02143599111455657,0.03441840277777778,0.006336805555555556,0.020929990100106516,0.027235243055555556,0.005967881944444444,0,0,0,0.0020711675347229175
fx-star-pop,0.9,PASS,PROVISIONAL_PASS,0.023076471786024656,0.03420138888888889,0.010286458333333333,0.01815191290510746,0.028559027777777777,0.004296875,0.027009491494447205,0.03344184027777778,0.004448784722222222,0,0,0,0.005581228298609631
fx-star-pop,1.5,PASS,PROVISIONAL_PASS,0.02419162783283315,0.03732638888888889,0.012717013888888889,0.018475075720468654,0.030078125,0.005295138888888889,0.026102068666833685,0.029796006944444446,0.009049479166666667,0,0,0,0.007144092881944175
fx-star-pop,2.1,PASS,PROVISIONAL_PASS,0.03202775476192274,0.03582899305555556,0.006662326388888889,0.02263452199596883,0.03009982638888889,0.005360243055555556,0.022456285494426704,0.030360243055555555,0.011740451388888889,0,0,0,0.0015695746527910615
fx-petals,0.3,PASS,PROVISIONAL_PASS,0.021541054686712004,0.03832465277777778,0.00859375,0.01717448135637658,0.03109809027777778,0.011002604166666667,0.019138122505932373,0.029079861111111112,0.0047309027777777775,0,0,0,0.01003766493055025
fx-petals,0.9,PASS,PROVISIONAL_PASS,0.020781653403072076,0.03658854166666667,0.0049479166666666664,0.01836062856579665,0.03216145833333333,0.009765625,0.019809669853469773,0.03200954861111111,0.004969618055555555,0,0,0,0.008395108506960014
fx-petals,1.5,PASS,PROVISIONAL_PASS,0.02464764034812261,0.03446180555555556,0.011588541666666667,0.019371852601495095,0.03474392361111111,0.007052951388888889,0.019429147756708315,0.02476128472222222,0.005447048611111111,0,0,0,0.007901271701385326
fx-petals,2.1,PASS,PROVISIONAL_PASS,0.023732730451676398,0.03745659722222222,0.006727430555555556,0.021733431587148053,0.03504774305555555,0.010091145833333334,0.02181706019284018,0.029231770833333334,0.010655381944444445,0,0,0,0.009416757812502397
fx-snowfall,0.3,FAIL,PROVISIONAL_PASS,0.33010348750799556,0.08511284722222222,0.02964409722222222,0.3552109039453504,0.07415364583333334,0.0248046875,0.40153313133039104,0.08585069444444444,0.016883680555555555,0,0,0,0.025261649305534206
fx-snowfall,0.9,FAIL,PROVISIONAL_PASS,0.40146856778732937,0.10900607638888889,0.0001953125,0.4271056517387807,0.10182291666666667,0.012934027777777777,0.477512597882084,0.08075086805555555,0.020638020833333333,0,0,0,0.010698958333350106
fx-snowfall,1.5,FAIL,PROVISIONAL_PASS,0.39196946140381816,0.10863715277777777,0.059244791666666664,0.4171220344191933,0.13322482638888888,0.06421440972222223,0.4620215156605718,0.14891493055555555,0.06744791666666666,0,0,0,0.06339132812499315
fx-snowfall,2.1,FAIL,PROVISIONAL_PASS,0.35316446543397473,0.1013454861111111,0.04266493055555556,0.3737276462318156,0.09932725694444444,0.04381510416666667,0.4174144741672444,0.08057725694444444,0.010308159722222222,0,0,0,0.041151375868054174
fx-eight-bit,0.3,FAIL,FAIL,4.107620257487575,4.139605034722222,4.139605034722222,4.060067704927244,4.111176215277778,4.111176215277778,4.059711626832201,4.0544921875,4.0544921875,0,0,0,4.1131275954861195
fx-eight-bit,0.9,FAIL,FAIL,4.067623636794595,4.084223090277778,4.084223090277778,4.293840952402271,4.398589409722222,4.3982421875,3.880660136864675,3.9666449652777778,3.9666449652777778,0,0,0,4.300320407986106
fx-eight-bit,1.5,FAIL,FAIL,4.144003607656232,4.205772569444444,4.205772569444444,4.193529315345432,4.225217013888889,4.225217013888889,3.683256449839758,3.7527560763888888,3.7527560763888888,0,0,0,4.186971445312494
fx-eight-bit,2.1,FAIL,FAIL,4.0075519615467545,4.106987847222222,4.106987847222222,4.367469013246121,4.3469835069444445,4.3469835069444445,3.5333481419954182,3.551627604166667,3.551627604166667,0,0,0,4.23853573350695
fx-pixel-breakdown,0.3,PASS,PROVISIONAL_PASS,0.03999413281511515,0.04665798611111111,0.009288194444444444,0.029330906346411383,0.03927951388888889,0.0030381944444444445,0.039213523622846864,0.04529079861111111,0.0095703125,0,0,0,0.0004927300347219443
fx-pixel-breakdown,0.9,PASS,PROVISIONAL_PASS,0.13173027909554663,0.09136284722222222,0.04188368055555555,0.1002951290282227,0.086328125,0.016189236111111113,0.11909718305014044,0.069140625,0.021527777777777778,0,0,0,0.018928706597222344
fx-pixel-breakdown,1.5,PASS,PROVISIONAL_PASS,0.11404518889740323,0.07894965277777778,0.01935763888888889,0.10336414586380606,0.10496961805555556,0.0251953125,0.11449111518148314,0.07154947916666667,0.0004123263888888889,0,0,0,0.013934023437499832
fx-pixel-breakdown,2.1,PASS,PROVISIONAL_PASS,0.057676946197807985,0.0455078125,0.0041015625,0.05828039349722068,0.03706597222222222,0.0006076388888888889,0.057775911524190496,0.034722222222222224,0.007508680555555556,0,0,0,0.0009795355902895153
fx-pixel-glitch,0.3,PASS,PROVISIONAL_PASS,0.028850695120377665,0.03908420138888889,0.0016710069444444444,0.03491908544920978,0.04520399305555556,0.014127604166666667,0.032740653506769746,0.03292100694444444,0.006098090277777778,0,0,0,0.010899600694429523
fx-pixel-glitch,0.9,PASS,PROVISIONAL_PASS,0.03255691835001756,0.041167534722222225,0.003103298611111111,0.02957512564344595,0.03806423611111111,0.0007378472222222222,0.03160686744759873,0.03413628472222222,0.0006293402777777778,0,0,0,8.66145833384735e-05
fx-pixel-glitch,1.5,PASS,PROVISIONAL_PASS,0.032785781535004443,0.0373046875,0.0034505208333333332,0.03532376330633402,0.04216579861111111,0.009483506944444444,0.03868203199951772,0.04164496527777778,0.004014756944444444,0,0,0,0.007806050347227256
fx-pixel-glitch,2.1,PASS,PROVISIONAL_PASS,0.03610547984853958,0.04262152777777778,0.0013020833333333333,0.028629885577522045,0.03582899305555556,0.003884548611111111,0.041365840454290176,0.0373046875,0.006618923611111111,0,0,0,0.002023519965277387
fx-digital-blocks,0.3,PASS,PROVISIONAL_PASS,0.02258463345588321,0.02769097222222222,0.02131076388888889,0.01554103957369269,0.023719618055555555,0.009396701388888888,0.019330640184625214,0.03138020833333333,0.008984375,0,0,0,0.01189986111110386
fx-digital-blocks,0.9,PASS,PROVISIONAL_PASS,0.02801181237641265,0.028797743055555554,0.024891493055555554,0.01300558976643572,0.023546006944444444,0.007183159722222222,0.023981244218356106,0.039149305555555555,0.014019097222222223,0,0,0,0.011441506076394603
fx-digital-blocks,1.5,PASS,PROVISIONAL_PASS,0.029681578125473222,0.028819444444444446,0.023914930555555554,0.017396519966640916,0.025846354166666665,0.01017795138888889,0.020126130321493903,0.029709201388888887,0.007356770833333333,0,0,0,0.012894743923624219
fx-digital-blocks,2.1,PASS,PROVISIONAL_PASS,0.027182424040811542,0.025607638888888888,0.022743055555555555,0.014574842314781573,0.026909722222222224,0.008810763888888889,0.02088418677294579,0.03487413194444444,0.009743923611111111,0,0,0,0.011840143229164823
fx-vhs,0.3,FAIL,PROVISIONAL_PASS,0.23716849512258031,0.14856770833333333,0.019487847222222222,0.2338176223083318,0.09181857638888889,0.026323784722222222,0.22623214344814682,0.09880642361111111,0.03999565972222222,0,0,0,0.025857573784719534
fx-vhs,0.9,FAIL,PROVISIONAL_PASS,0.22196476215402067,0.13967013888888888,0.026432291666666666,0.19094825996322098,0.12348090277777778,0.0066840277777777775,0.22720240174216605,0.10553385416666666,0.0111328125,0,0,0,0.01120371093752226
fx-vhs,1.5,FAIL,PROVISIONAL_PASS,0.2333683360961862,0.1277560763888889,0.010828993055555555,0.21380971057354445,0.109375,0.009548611111111112,0.21491526613729584,0.09837239583333333,0.003667534722222222,0,0,0,0.008866614583340038
fx-vhs,2.1,FAIL,PROVISIONAL_PASS,0.2187738028325826,0.1140407986111111,0.03630642361111111,0.20362593916870853,0.09891493055555556,0.037890625,0.22463701150660592,0.11655815972222222,0.011046006944444445,0,0,0,0.03402059895833531
fx-scanline-jitter,0.3,PASS,PROVISIONAL_PASS,0.04291101524184662,0.041167534722222225,0.03209635416666667,0.0399807481429956,0.045746527777777775,0.03415798611111111,0.05807941619571726,0.05685763888888889,0.05,0,0,0,0.0348634765624638
fx-scanline-jitter,0.9,PASS,PROVISIONAL_PASS,0.03761138572353875,0.03849826388888889,0.0234375,0.043499908819164386,0.0466796875,0.03634982638888889,0.05837015718089635,0.05911458333333333,0.04227430555555556,0,0,0,0.034032413194466926
fx-scanline-jitter,1.5,PASS,PROVISIONAL_PASS,0.044986553478565096,0.04266493055555556,0.03359375,0.04017765121482649,0.04461805555555556,0.03233506944444445,0.05444346464032158,0.05772569444444445,0.049652777777777775,0,0,0,0.03385300347227371
fx-scanline-jitter,2.1,PASS,PROVISIONAL_PASS,0.039743616632733694,0.04071180555555556,0.027387152777777778,0.03574883655973774,0.04372829861111111,0.025889756944444446,0.05905414875136536,0.06037326388888889,0.049652777777777775,0,0,0,0.027923793402749197
fx-datamosh,0.3,PASS,PROVISIONAL_PASS,0.03588432748782635,0.046961805555555555,0.00234375,0.029286984668833234,0.04073350694444444,0.006141493055555555,0.04069014359356349,0.048111979166666666,0.0018880208333333333,0,0,0,0.0050269921874956935
fx-datamosh,0.9,PASS,PROVISIONAL_PASS,0.028237373141008753,0.04602864583333333,0.0011501736111111111,0.018954315615357393,0.033116319444444445,0.0005208333333333333,0.0256563703811883,0.04463975694444444,0.009613715277777778,0,0,0,0.0008220833333325572
fx-datamosh,1.5,PASS,PROVISIONAL_PASS,0.02641558179949424,0.05212673611111111,0.005815972222222222,0.01680274346653268,0.04049479166666667,0.004557291666666667,0.02655467795805183,0.04008246527777778,0.016861979166666666,0,0,0,0.0057132855902750634
fx-datamosh,2.1,PASS,PROVISIONAL_PASS,0.02402303491898263,0.045985243055555555,0.004535590277777778,0.017525116511254515,0.039388020833333336,0.0027994791666666667,0.02630638736574962,0.03509114583333333,0.014561631944444445,0,0,0,0.00401780381945116
fx-signal-loss,0.3,PASS,PROVISIONAL_PASS,0.025306715415751763,0.04494357638888889,2.170138888888889e-05,0.018975662800932165,0.04201388888888889,0.006814236111111111,0.02806115369482691,0.03585069444444444,0.018272569444444445,0,0,0,0.006197434895838683
fx-signal-loss,0.9,FAIL,PROVISIONAL_PASS,0.6587195104778605,0.28726128472222223,0.24251302083333334,0.6562348931557332,0.30397135416666665,0.2425564236111111,0.656576715418483,0.29672309027777777,0.2431640625,0,0,0,0.24259106770833228
fx-signal-loss,1.5,PASS,PROVISIONAL_PASS,0.02594616715967815,0.04236111111111111,0.010069444444444445,0.018199179467821597,0.04537760416666667,0.004839409722222222,0.027794684452436942,0.03550347222222222,0.011675347222222222,0,0,0,0.006444869791664587
fx-signal-loss,2.1,FAIL,PROVISIONAL_PASS,0.41778342213533387,0.20143229166666668,0.19956597222222222,0.408366004093877,0.20184461805555556,0.20149739583333334,0.4244877203298343,0.21236979166666667,0.21202256944444445,0,0,0,0.20184669270834377
fx-bad-tv,0.3,FAIL,PROVISIONAL_PASS,0.3689445616301032,0.18307291666666667,0.018967013888888887,0.34957620146196444,0.16009114583333334,0.028016493055555557,0.3803901752710528,0.16493055555555555,0.031163194444444445,0,0,0,0.026319765624990055
fx-bad-tv,0.9,FAIL,PROVISIONAL_PASS,0.29508973640780206,0.13274739583333334,0.023936631944444446,0.2995369501646575,0.15922309027777778,0.032139756944444445,0.32333895094357434,0.123828125,0.013975694444444445,0,0,0,0.02908432725693899
fx-bad-tv,1.5,FAIL,PROVISIONAL_PASS,0.3624114294084163,0.1494140625,0.03969184027777778,0.3170792787931047,0.10783420138888888,0.019769965277777777,0.34502841398407696,0.14171006944444445,0.03585069444444444,0,0,0,0.025166384548612086
fx-bad-tv,2.1,FAIL,PROVISIONAL_PASS,0.32499459871333236,0.16566840277777778,0.061328125,0.3224193684612889,0.15160590277777777,0.05607638888888889,0.3356610692680786,0.11712239583333334,0.017686631944444444,0,0,0,0.05442116753471282
fx-glitch-flash,0.3,PASS,PROVISIONAL_PASS,0.023402526894482096,0.03585069444444444,0.004166666666666667,0.01673115945040157,0.03522135416666667,0.00023871527777777777,0.023402526894482096,0.03585069444444444,0.004166666666666667,0,0,0,0.0013573958333381597
fx-glitch-flash,0.9,PASS,PROVISIONAL_PASS,0.04474261619056531,0.041840277777777775,0.03459201388888889,0.032096787774510985,0.0423828125,0.027105034722222223,0.044715537577566716,0.04453125,0.03615451388888889,0,0,0,0.029350138888901256
fx-glitch-flash,1.5,PASS,PROVISIONAL_PASS,0.024400938304732122,0.039778645833333334,0.0054904513888888885,0.01730441253341448,0.03244357638888889,0.0033203125,0.024400938304732122,0.039778645833333334,0.0054904513888888885,0,0,0,0.0008110069444171586
fx-glitch-flash,2.1,PASS,PROVISIONAL_PASS,0.021747759852568195,0.036957465277777775,0.010004340277777777,0.017460358932984216,0.033637152777777776,0.00013020833333333333,0.021747759852568195,0.036957465277777775,0.010004340277777777,0,0,0,0.0029423611111099035
fx-vhs-rewind,0.3,FAIL,PROVISIONAL_PASS,0.4925236159249661,0.25080295138888886,0.22571614583333333,0.486713712855697,0.2218532986111111,0.20158420138888888,0.5094495432862577,0.21286892361111112,0.18878038194444444,0,0,0,0.20579021701387035
fx-vhs-rewind,0.9,FAIL,PROVISIONAL_PASS,0.49967059022857985,0.15436197916666666,0.07853732638888888,0.48862993167779445,0.15381944444444445,0.06796875,0.5049791302962267,0.18036024305555556,0.02849392361111111,0,0,0,0.06736554687499563
fx-vhs-rewind,1.5,FAIL,PROVISIONAL_PASS,0.4788640960939991,0.15286458333333333,0.08932291666666667,0.4436071479533844,0.17005208333333333,0.07573784722222222,0.4611188607187475,0.17189670138888888,0.0906032986111111,0,0,0,0.07969931857638812
fx-vhs-rewind,2.1,PASS,PROVISIONAL_PASS,0.03962115467196847,0.039605034722222224,0.011089409722222223,0.032736650217162926,0.04034288194444444,0.009483506944444444,0.03852288767640689,0.043120659722222225,0.0074435763888888885,0,0,0,0.008602786458354217
fx-film-8mm,0.3,FAIL,PROVISIONAL_PASS,0.825077003663391,0.3621744791666667,0.3138237847222222,0.8155561549617033,0.3938802083333333,0.35464409722222223,0.8215631575795226,0.3817274305555556,0.33671875,0,0,0,0.3446714887152922
fx-film-8mm,0.9,FAIL,PROVISIONAL_PASS,0.8762800394255192,0.27133246527777777,0.14207899305555555,0.8806947098116098,0.2633463541666667,0.13435329861111112,0.8832297627332958,0.21126302083333334,0.10128038194444444,0,0,0,0.13360791666667637
fx-film-8mm,1.5,FAIL,PROVISIONAL_PASS,0.7903049623352173,0.29322916666666665,0.13893229166666668,0.7970041219525862,0.2698567708333333,0.13700086805555556,0.7830195413200444,0.22057291666666667,0.12808159722222223,0,0,0,0.1367675173611076
fx-film-8mm,2.1,PASS,PROVISIONAL_PASS,0.047692188959400875,0.04407552083333333,0.021549479166666666,0.039262299177725196,0.035416666666666666,0.016362847222222223,0.037245371818158096,0.030729166666666665,0.008463541666666666,0,0,0,0.016895195312500277
fx-old-tv,0.3,FAIL,PROVISIONAL_PASS,0.48636164994473524,0.2984809027777778,0.243359375,0.46870748021458425,0.28671875,0.24765625,0.4766264631106625,0.2759548611111111,0.22387152777777777,0,0,0,0.24502547743055914
fx-old-tv,0.9,FAIL,PROVISIONAL_PASS,0.4653693780320814,0.14802517361111112,0.060698784722222225,0.45883168974432625,0.15431857638888888,0.07801649305555555,0.48290637238200246,0.1482204861111111,0.07786458333333333,0,0,0,0.07432378038194543
fx-old-tv,1.5,FAIL,PROVISIONAL_PASS,0.44646009247312385,0.17706163194444444,0.09997829861111111,0.44222688985853115,0.17254774305555556,0.10909288194444444,0.45497098224790006,0.1939453125,0.12302517361111111,0,0,0,0.10816103298610358
fx-old-tv,2.1,PASS,PROVISIONAL_PASS,0.030573209587127056,0.03396267361111111,0.006662326388888889,0.02762439090615789,0.03435329861111111,0.002495659722222222,0.030341664391990687,0.02829861111111111,0.0011284722222222221,0,0,0,0.0031198307291617766
fx-film-burn-leak,0.3,PASS,PROVISIONAL_PASS,0.025178632516113384,0.040863715277777775,0.009483506944444444,0.018387841365826555,0.03394097222222222,0.009548611111111112,0.02463908828938807,0.03292100694444444,0.007009548611111111,0,0,0,0.009351449652797328
fx-film-burn-leak,0.9,PASS,PROVISIONAL_PASS,0.021108800655759073,0.03617621527777778,0.011697048611111111,0.021988499814170778,0.03517795138888889,0.009092881944444445,0.020525506145631704,0.032421875,0.008506944444444444,0,0,0,0.009604223090263986
fx-film-burn-leak,1.5,PASS,PROVISIONAL_PASS,0.021454210539994023,0.03302951388888889,0.0049479166666666664,0.023644729077462612,0.03717447916666667,0.006532118055555556,0.022598796178016432,0.02992621527777778,0.006532118055555556,0,0,0,0.006195316840276632
fx-film-burn-leak,2.1,PASS,PROVISIONAL_PASS,0.023573576092082663,0.029405381944444444,0.0064453125,0.023443322254803587,0.03556857638888889,0.009006076388888888,0.023105025040374302,0.02966579861111111,0.006922743055555555,0,0,0,0.008311241319432838
fx-seventies,0.3,FAIL,PROVISIONAL_PASS,0.3763554253927443,0.17808159722222222,0.144921875,0.39245653593695673,0.2519314236111111,0.15523003472222222,0.39834067091856284,0.26473524305555557,0.16000434027777777,0,0,0,0.1533832248263991
fx-seventies,0.9,FAIL,PROVISIONAL_PASS,0.3913678344043224,0.19069010416666668,0.03756510416666667,0.4015816131659941,0.16334635416666668,0.033745659722222224,0.4192747127776939,0.16944444444444445,0.036328125,0,0,0,0.03474412760415646
fx-seventies,1.5,FAIL,PROVISIONAL_PASS,0.36356025302377737,0.1310329861111111,0.06375868055555556,0.3637780634079602,0.191015625,0.07907986111111111,0.38662769122455587,0.18483072916666668,0.08118489583333334,0,0,0,0.07597456163196625
fx-seventies,2.1,PASS,PROVISIONAL_PASS,0.029264649798730627,0.03980034722222222,0.004036458333333334,0.03594128096613926,0.04893663194444445,0.0039713541666666664,0.036410206392543464,0.03778211805555556,0.022981770833333335,0,0,0,0.0036414453124962165
fx-dust-scratches,0.3,PASS,PROVISIONAL_PASS,0.04095325717406004,0.045703125,0.018793402777777777,0.03498513205560428,0.04424913194444444,0.02523871527777778,0.044728823304954424,0.041731770833333334,0.03752170138888889,0,0,0,0.024755273437492065
fx-dust-scratches,0.9,PASS,PROVISIONAL_PASS,0.0313239320023269,0.042881944444444445,0.0016927083333333334,0.025187894373186737,0.04045138888888889,0.0019965277777777776,0.03178167688604153,0.04223090277777778,0.01032986111111111,0,0,0,0.0018138628472144092
fx-dust-scratches,1.5,PASS,PROVISIONAL_PASS,0.08942183540620582,0.08116319444444445,0.08116319444444445,0.08487029732410313,0.08133680555555556,0.07916666666666666,0.09542887900126838,0.08717447916666667,0.08717447916666667,0,0,0,0.08016929253473393
fx-dust-scratches,2.1,PASS,PROVISIONAL_PASS,0.07663421944502163,0.04869791666666667,0.03159722222222222,0.06769565823043158,0.04600694444444445,0.03389756944444444,0.07613270638357542,0.04194878472222222,0.0244140625,0,0,0,0.032723806423632595
fx-tr-slam-merge,0.3,PASS,PROVISIONAL_PASS,0.07989006224945948,0.08980034722222222,0.07664930555555556,0.04108719066464977,0.06664496527777777,0.0302734375,0.04513180332917103,0.04704861111111111,0.003949652777777778,0,0,0,0.03823236979167177
fx-tr-slam-merge,0.9,PASS,PROVISIONAL_PASS,0.06627404936439509,0.07560763888888888,0.05703125,0.06171388079874029,0.06397569444444444,0.05607638888888889,0.0412269838704764,0.032486979166666666,0.003754340277777778,0,0,0,0.051959613715268915
fx-tr-slam-merge,1.5,PASS,PROVISIONAL_PASS,0.04331468143969623,0.04457465277777778,0.027473958333333333,0.039204227355726304,0.04073350694444444,0.024848090277777776,0.03339687699374049,0.03650173611111111,0.008289930555555556,0,0,0,0.02421085069445894
fx-tr-slam-merge,2.1,PASS,PROVISIONAL_PASS,0.03964148654172328,0.04548611111111111,0.009982638888888888,0.027578809202001033,0.04377170138888889,0.009917534722222222,0.04012306819580111,0.04147135416666667,0.001584201388888889,0,0,0,0.00910095052083193
fx-tr-heat-flicks,0.3,PASS,PROVISIONAL_PASS,0.019600917425996973,0.024652777777777777,0.007942708333333333,0.0130635177587477,0.019943576388888887,0.0014973958333333334,0.009547078140720769,0.013237847222222222,0.0018229166666666667,0,0,0,0.0004860677083229348
fx-tr-heat-flicks,0.9,PASS,PROVISIONAL_PASS,0.009902713924224416,0.020833333333333332,0.006640625,0.025828144413182826,0.03650173611111111,0.016710069444444444,0.018496525880661734,0.023350694444444445,0.008246527777777778,0,0,0,0.013958237847219834
fx-tr-heat-flicks,1.5,PASS,PROVISIONAL_PASS,0.030604280499761573,0.05536024305555556,0.00896267361111111,0.020902514797164796,0.035004340277777775,0.0013237847222222223,0.018378739290249444,0.03734809027777778,0.0032769097222222223,0,0,0,0.0011952864583335554
fx-tr-heat-flicks,2.1,PASS,PROVISIONAL_PASS,0.027818480013703663,0.028624131944444443,0.026150173611111112,0.013773237864432337,0.0267578125,0.011436631944444444,0.02087000784672724,0.037434895833333336,0.011870659722222222,0,0,0,0.014596067708325222
fx-tr-shake,0.3,PASS,PROVISIONAL_PASS,0.022173008449047054,0.031206597222222222,0.002690972222222222,0.016721361267532004,0.03285590277777778,0.0032118055555555554,0.02972834381050061,0.03888888888888889,0.006293402777777778,0,0,0,0.0033235677083496284
fx-tr-shake,0.9,PASS,PROVISIONAL_PASS,0.046097095231949256,0.04461805555555556,0.03324652777777778,0.05202230401063418,0.05848524305555555,0.0451171875,0.04812189200812726,0.05384114583333333,0.030837673611111113,0,0,0,0.04156250434027697
fx-tr-shake,1.5,PASS,PROVISIONAL_PASS,0.08928413763338061,0.09683159722222222,0.08315972222222222,0.02870299058893335,0.04027777777777778,0.022048611111111113,0.02516449438589812,0.026475694444444444,0.009809027777777778,0,0,0,0.03415713541670584
fx-tr-shake,2.1,PASS,PROVISIONAL_PASS,0.035036598834571664,0.05,0.026866319444444446,0.017313839672865025,0.03470052083333333,0.009266493055555556,0.022332836661768198,0.024674479166666666,0.005056423611111111,0,0,0,0.012704249131957113
fx-tr-glitch,0.3,PASS,PROVISIONAL_PASS,0.025998822219879005,0.049544270833333334,0.007183159722222222,0.01679941246010159,0.035633680555555554,0.005425347222222222,0.024360153299932123,0.04359809027777778,0.008745659722222222,0,0,0,0.0017216319444486317
fx-tr-glitch,0.9,PASS,PROVISIONAL_PASS,0.03580434455224197,0.04585503472222222,0.0003255208333333333,0.02073937682975659,0.039778645833333334,0.003841145833333333,0.02614595885897233,0.042708333333333334,0.006814236111111111,0,0,0,0.002185993923632168
fx-tr-glitch,1.5,PASS,PROVISIONAL_PASS,0.036253780517175586,0.039713541666666664,0.02109375,0.03126910429987237,0.039388020833333336,0.015299479166666666,0.036482766723804204,0.04401041666666667,0.014105902777777778,0,0,0,0.01644516493055903
fx-tr-glitch,2.1,PASS,PROVISIONAL_PASS,0.02230327870189911,0.03109809027777778,0.006575520833333333,0.022190510904440675,0.03307291666666667,0.0009982638888888888,0.02987836770361163,0.041796875,0.004600694444444445,0,0,0,0.0024440842013859765
fx-tr-flare,0.3,PASS,PROVISIONAL_PASS,0.07586816854373225,0.09911024305555556,0.07020399305555555,0.014886689298165093,0.023546006944444444,0.011827256944444444,0.018788853941823263,0.03289930555555556,0.01015625,0,0,0,0.02411750434027482
fx-tr-flare,0.9,FAIL,PROVISIONAL_PASS,0.07927207771155137,0.10095486111111111,0.07586805555555555,0.015670965078452812,0.02033420138888889,0.0022786458333333335,0.023646986950241113,0.03934461805555556,0.00010850694444444444,0,0,0,0.017767070312487476
fx-tr-flare,1.5,PASS,PROVISIONAL_PASS,0.08665369955692488,0.10340711805555555,0.07575954861111112,0.04959932206356303,0.051953125,0.046440972222222224,0.03715582954322409,0.03611111111111111,0.023828125,0,0,0,0.051041453993065034
fx-tr-flare,2.1,PASS,PROVISIONAL_PASS,0.031080215575546712,0.05698784722222222,0.0007378472222222222,0.021936155130056624,0.052886284722222225,0.004578993055555556,0.035138512217475625,0.0611328125,0.008745659722222222,0,0,0,0.003749466145848146
fx-tr-film-burn,0.3,PASS,PROVISIONAL_PASS,0.023137845207423485,0.03999565972222222,0.0162109375,0.016909164711579532,0.03155381944444444,0.0036458333333333334,0.021176132743740857,0.027018229166666668,0.009440104166666666,0,0,0,0.005372369791672327
fx-tr-film-burn,0.9,PASS,PROVISIONAL_PASS,0.024504352388885202,0.02931857638888889,0.022721354166666666,0.019622709269799036,0.028385416666666666,0.012239583333333333,0.015666305652703903,0.01644965277777778,0.0023003472222222223,0,0,0,0.01341822482638122
fx-tr-film-burn,1.5,PASS,PROVISIONAL_PASS,0.030695564762857556,0.03522135416666667,0.012087673611111112,0.022599248973882657,0.028211805555555556,0.012239583333333333,0.019492597769492487,0.02912326388888889,0.0035590277777777777,0,0,0,0.011066627604179757
fx-tr-film-burn,2.1,PASS,PROVISIONAL_PASS,0.021747759852568195,0.036957465277777775,0.010004340277777777,0.017460358932984216,0.033637152777777776,0.00013020833333333333,0.021747759852568195,0.036957465277777775,0.010004340277777777,0,0,0,0.0029423611111099035
fx-ov-glitter-rain,0.3,PASS,PROVISIONAL_PASS,0.049427341445794366,0.057356770833333334,0.032660590277777776,0.034404182503571266,0.04038628472222222,0.020377604166666667,0.043277015105108556,0.048350694444444446,0.017361111111111112,0,0,0,0.022771176215258038
fx-ov-glitter-rain,0.9,PASS,PROVISIONAL_PASS,0.05047032515893758,0.04748263888888889,0.03046875,0.03391817197390348,0.0390625,0.018142361111111113,0.04420936375346494,0.046050347222222225,0.015581597222222222,0,0,0,0.020578064236133287
fx-ov-glitter-rain,1.5,PASS,PROVISIONAL_PASS,0.047606422047328956,0.05106336805555556,0.029361979166666666,0.031443150674718076,0.04520399305555556,0.016644965277777778,0.041421031785154036,0.04455295138888889,0.024674479166666666,0,0,0,0.019928333333353976
fx-ov-glitter-rain,2.1,PASS,PROVISIONAL_PASS,0.043540377896165466,0.042578125,0.026909722222222224,0.03191473690028252,0.04689670138888889,0.021592881944444444,0.04756318200716303,0.04186197916666667,0.0298828125,0,0,0,0.023321775173599235
fx-ov-gold-dust,0.3,PASS,PROVISIONAL_PASS,0.025146082415003518,0.03296440972222222,0.015516493055555556,0.012020470467705305,0.016927083333333332,0.0026475694444444446,0.019107586539281272,0.022395833333333334,0.01579861111111111,0,0,0,0.0063330078125005684
fx-ov-gold-dust,0.9,PASS,PROVISIONAL_PASS,0.026827239317986192,0.033680555555555554,0.01857638888888889,0.012738665289180036,0.018880208333333332,0.006727430555555556,0.016157055731557044,0.017881944444444443,0.010416666666666666,0,0,0,0.009512881944438334
fx-ov-gold-dust,1.5,PASS,PROVISIONAL_PASS,0.025581196845277234,0.03146701388888889,0.01818576388888889,0.011112936112997783,0.015538194444444445,0.005295138888888889,0.018451124947805292,0.0203125,0.01189236111111111,0,0,0,0.00851200520833828
fx-ov-gold-dust,2.1,PASS,PROVISIONAL_PASS,0.023833782389924733,0.03181423611111111,0.017621527777777778,0.010725926432657549,0.015755208333333333,0.005946180555555555,0.021314089841434916,0.023328993055555556,0.016167534722222224,0,0,0,0.009166341145828483
fx-ov-bokeh-gold,0.3,PASS,PROVISIONAL_PASS,0.02665252716702484,0.028754340277777776,0.012651909722222222,0.01832999941037886,0.01916232638888889,0.007356770833333333,0.02134226631503132,0.022026909722222224,0.01677517361111111,0,0,0,0.00916252604165635
fx-ov-bokeh-gold,0.9,PASS,PROVISIONAL_PASS,0.030784630725615398,0.02424045138888889,0.01325954861111111,0.018737952340867822,0.022026909722222224,0.007790798611111111,0.020484668532946337,0.02378472222222222,0.016796875,0,0,0,0.00960369357639479
fx-ov-bokeh-gold,1.5,PASS,PROVISIONAL_PASS,0.025458564492418255,0.019422743055555556,0.005533854166666667,0.015301642425208034,0.0228515625,0.006358506944444444,0.023030170011278533,0.027105034722222223,0.019032118055555554,0,0,0,0.00709822048611386
fx-ov-bokeh-gold,2.1,PASS,PROVISIONAL_PASS,0.024314954365412547,0.024110243055555557,0.012044270833333334,0.020314885008222254,0.021202256944444445,0.009657118055555556,0.021811251450797098,0.027582465277777777,0.0166015625,0,0,0,0.010666015624998693
fx-ov-bokeh-pink,0.3,PASS,PROVISIONAL_PASS,0.023514527041606545,0.03359375,0.016710069444444444,0.009068622723047797,0.012456597222222223,0.0022135416666666666,0.02956797469116475,0.03257378472222222,0.002018229166666667,0,0,0,0.004989969618051759
fx-ov-bokeh-pink,0.9,PASS,PROVISIONAL_PASS,0.03127683110867549,0.035633680555555554,0.024739583333333332,0.010969734511772649,0.016840277777777777,0.004991319444444444,0.02911346804426455,0.033745659722222224,0.009309895833333333,0,0,0,0.009501601562490691
fx-ov-bokeh-pink,1.5,PASS,PROVISIONAL_PASS,0.027692932551122654,0.031206597222222222,0.011197916666666667,0.012460171014763679,0.016861979166666666,0.0010633680555555555,0.02473107485496974,0.028385416666666666,0.001388888888888889,0,0,0,0.0032414756944518786
fx-ov-bokeh-pink,2.1,PASS,PROVISIONAL_PASS,0.02690929542937881,0.031684027777777776,0.01662326388888889,0.011057804721807365,0.0140625,0.0045138888888888885,0.02887753106719334,0.03381076388888889,0.0009548611111111111,0,0,0,0.00683138020833951
fx-ov-sparks,0.3,PASS,PROVISIONAL_PASS,0.02614617149418411,0.0294921875,0.01838107638888889,0.022161298915554538,0.03146701388888889,0.01545138888888889,0.030640205531765736,0.03394097222222222,0.02065972222222222,0,0,0,0.01645028211807187
fx-ov-sparks,0.9,PASS,PROVISIONAL_PASS,0.028307892963616826,0.032942708333333334,0.01657986111111111,0.021702951914213682,0.03355034722222222,0.01545138888888889,0.02577489406552872,0.030794270833333335,0.016558159722222222,0,0,0,0.015771210937494118
fx-ov-sparks,1.5,PASS,PROVISIONAL_PASS,0.02628285694717008,0.03109809027777778,0.01794704861111111,0.022050187375863266,0.03250868055555556,0.016015625,0.028753586145349723,0.034331597222222225,0.01840277777777778,0,0,0,0.01659859809028319
fx-ov-sparks,2.1,PASS,PROVISIONAL_PASS,0.030482435985051664,0.03780381944444444,0.024652777777777777,0.02275740839964317,0.033745659722222224,0.01759982638888889,0.02755713753432079,0.03185763888888889,0.019401041666666667,0,0,0,0.019229331597216515
fx-ov-embers,0.3,PASS,PROVISIONAL_PASS,0.04630204028976468,0.05329861111111111,0.028559027777777777,0.030343348911707417,0.05245225694444444,0.022721354166666666,0.03759346442068053,0.04945746527777778,0.018033854166666665,0,0,0,0.02101991753471566
fx-ov-embers,0.9,PASS,PROVISIONAL_PASS,0.04995506424737314,0.06065538194444445,0.03951822916666667,0.03003336016914484,0.052256944444444446,0.02265625,0.04348053534309858,0.0533203125,0.01759982638888889,0,0,0,0.023334618055542933
fx-ov-embers,1.5,PASS,PROVISIONAL_PASS,0.04467891148866921,0.0470703125,0.03218315972222222,0.03148526318799587,0.05651041666666667,0.023350694444444445,0.044561318272996996,0.05043402777777778,0.019010416666666665,0,0,0,0.022170004340267724
fx-ov-embers,2.1,PASS,PROVISIONAL_PASS,0.041294566763494,0.046332465277777776,0.03062065972222222,0.029142492965899634,0.045703125,0.01870659722222222,0.0414316755310198,0.04526909722222222,0.02699652777777778,0,0,0,0.017939761284736733
fx-ov-smoke,0.3,PASS,PROVISIONAL_PASS,0.02869338740809997,0.030186631944444445,0.012000868055555556,0.018251504753664414,0.020594618055555555,0.002018229166666667,0.02493285979779057,0.029253472222222222,0.00078125,0,0,0,0.004051228298592946
fx-ov-smoke,0.9,PASS,PROVISIONAL_PASS,0.024832440916557934,0.02699652777777778,0.012196180555555556,0.019624140396265952,0.023936631944444446,0.0032769097222222223,0.026222003614091143,0.02654079861111111,0.011870659722222222,0,0,0,0.00579361545139534
fx-ov-smoke,1.5,PASS,PROVISIONAL_PASS,0.023567523042977663,0.027799479166666665,0.014344618055555555,0.02172768024670911,0.025889756944444446,0.006098090277777778,0.02570822508389304,0.026085069444444445,0.001345486111111111,0,0,0,0.0073138758680499905
fx-ov-smoke,2.1,PASS,PROVISIONAL_PASS,0.02591266037712593,0.028537326388888888,0.013606770833333334,0.022299649292652032,0.027625868055555555,0.007964409722222222,0.029535603223875013,0.03161892361111111,0.011653645833333334,0,0,0,0.009430338541662309
fx-ov-fog-white,0.3,PASS,PROVISIONAL_PASS,0.028326307342003244,0.04212239583333333,0.010221354166666667,0.022101216138233515,0.04032118055555556,0.0069010416666666664,0.024101243394063845,0.03682725694444444,0.006098090277777778,0,0,0,0.007548967013889296
fx-ov-fog-white,0.9,PASS,PROVISIONAL_PASS,0.028175385210409597,0.04118923611111111,0.006814236111111111,0.022053787263928735,0.03671875,0.011024305555555556,0.028444000255644752,0.03674045138888889,0.011653645833333334,0,0,0,0.010174683159732467
fx-ov-fog-white,1.5,PASS,PROVISIONAL_PASS,0.034485790744078385,0.04787326388888889,0.011197916666666667,0.02514101450671583,0.03990885416666667,0.012000868055555556,0.03436537100626877,0.040364583333333336,0.005425347222222222,0,0,0,0.011355407986116006
fx-ov-fog-white,2.1,PASS,PROVISIONAL_PASS,0.03266926826501277,0.043793402777777775,0.004123263888888889,0.02408573383230289,0.0380859375,0.007052951388888889,0.0297749291121919,0.034331597222222225,0.0069010416666666664,0,0,0,0.006419131944426226
fx-ov-galaxy,0.3,PASS,PROVISIONAL_PASS,0.02488336823452753,0.026280381944444445,0.008485243055555555,0.019488278992219842,0.022395833333333334,0.0140625,0.020955609091919652,0.022591145833333333,0.0037977430555555555,0,0,0,0.012135659722225967
fx-ov-galaxy,0.9,PASS,PROVISIONAL_PASS,0.027644904369449292,0.03170572916666667,0.008572048611111112,0.01682962173765081,0.023328993055555556,0.010481770833333333,0.024219450709157965,0.021028645833333335,0.006532118055555556,0,0,0,0.009790598958332453
fx-ov-galaxy,1.5,PASS,PROVISIONAL_PASS,0.031152456846807786,0.033528645833333336,0.003363715277777778,0.01731244233362663,0.021158854166666668,0.012608506944444445,0.023434437691138094,0.02033420138888889,0.006879340277777778,0,0,0,0.0102294184027798
fx-ov-galaxy,2.1,PASS,PROVISIONAL_PASS,0.034065737142487035,0.03480902777777778,0.014192708333333333,0.019799423232328254,0.02282986111111111,0.013802083333333333,0.023647847375274773,0.022374131944444445,0.007009548611111111,0,0,0,0.01339470920139263
fx-ov-fireflies,0.3,PASS,PROVISIONAL_PASS,0.16191441823991756,0.16929253472222222,0.15909288194444443,0.07934482731948239,0.09832899305555555,0.07059461805555556,0.05611669942137003,0.06655815972222222,0.04641927083333333,0,0,0,0.08766388888889765
fx-ov-fireflies,0.9,PASS,PROVISIONAL_PASS,0.15326098556031362,0.16323784722222223,0.15221354166666667,0.08189075919376095,0.09956597222222222,0.07543402777777777,0.05337673221050573,0.0656467013888889,0.04411892361111111,0,0,0,0.08949640190971309
fx-ov-fireflies,1.5,PASS,PROVISIONAL_PASS,0.1648068334176479,0.17506510416666668,0.1654296875,0.07540466880820819,0.100390625,0.07174479166666667,0.06472075113075461,0.07243923611111111,0.053385416666666664,0,0,0,0.09033665364583499
fx-ov-fireflies,2.1,PASS,PROVISIONAL_PASS,0.16143630744085538,0.16488715277777777,0.15499131944444444,0.07707324300726706,0.09895833333333333,0.07131076388888889,0.05969369006891129,0.07185329861111112,0.05123697916666667,0,0,0,0.08765192274304923
fx-ov-magic-dust,0.3,PASS,PROVISIONAL_PASS,0.04106737628291677,0.05399305555555556,0.031640625,0.008631581294516227,0.014171006944444444,0.0009765625,0.033250020287453906,0.04099392361111111,0.010047743055555556,0,0,0,0.006699787326382989
fx-ov-magic-dust,0.9,PASS,PROVISIONAL_PASS,0.0707507683147117,0.08355034722222222,0.06501736111111112,0.012142001066713254,0.01662326388888889,0.004123263888888889,0.03207163667777368,0.04064670138888889,0.0083984375,0,0,0,0.01616528211806667
fx-ov-magic-dust,1.5,PASS,PROVISIONAL_PASS,0.05415331798201669,0.06117621527777778,0.03869357638888889,0.011051327173507128,0.014778645833333333,0.0004991319444444444,0.03028482885725904,0.0369140625,0.0056640625,0,0,0,0.007460329861117998
fx-ov-magic-dust,2.1,PASS,PROVISIONAL_PASS,0.07176472038134045,0.07567274305555556,0.060004340277777776,0.011898597764710367,0.01423611111111111,0.0019097222222222222,0.03921028056876831,0.05525173611111111,0.016883680555555555,0,0,0,0.01290375434027169
fx-ov-sparkle-white,0.3,PASS,PROVISIONAL_PASS,0.02362143595787671,0.05473090277777778,0.005425347222222222,0.019400499376339548,0.02927517361111111,0.013823784722222222,0.0223357559867723,0.034331597222222225,0.0140625,0,0,0,0.009748654513899169
fx-ov-sparkle-white,0.9,PASS,PROVISIONAL_PASS,0.02741056473384865,0.05959201388888889,0.001171875,0.01934491973868938,0.027994791666666668,0.014713541666666666,0.027617564016354162,0.03671875,0.012673611111111111,0,0,0,0.011687300347233531
fx-ov-sparkle-white,1.5,PASS,PROVISIONAL_PASS,0.02410128392527514,0.06067708333333333,0.0022569444444444442,0.021718005797079592,0.03411458333333333,0.01792534722222222,0.025754764445223274,0.034722222222222224,0.019921875,0,0,0,0.013778741319441679
fx-ov-sparkle-white,2.1,PASS,PROVISIONAL_PASS,0.02442154711671987,0.06801215277777778,0.0010850694444444445,0.01886956626612434,0.03159722222222222,0.01189236111111111,0.02246037753014937,0.03650173611111111,0.01228298611111111,0,0,0,0.009622934027788688
fx-ov-glitter,0.3,PASS,PROVISIONAL_PASS,0.021111592214779307,0.05232204861111111,0.0018446180555555555,0.01797223132795628,0.03090277777777778,0.009461805555555555,0.0256361575504638,0.02890625,0.015885416666666666,0,0,0,0.008306176215285177
fx-ov-glitter,0.9,PASS,PROVISIONAL_PASS,0.0271768569106108,0.05206163194444444,0.0130859375,0.019460207304881207,0.032421875,0.007595486111111111,0.024499917280456397,0.0291015625,0.0197265625,0,0,0,0.009638619791672909
fx-ov-glitter,1.5,PASS,PROVISIONAL_PASS,0.027815628358966803,0.051497395833333334,0.008832465277777778,0.01894318446751373,0.030360243055555555,0.010004340277777777,0.02689887267955879,0.033680555555555554,0.02013888888888889,0,0,0,0.010486914062497021
fx-ov-glitter,2.1,PASS,PROVISIONAL_PASS,0.025935292607551095,0.04865451388888889,0.007421875,0.021108401818205506,0.030555555555555555,0.014279513888888888,0.025585937859789822,0.03109809027777778,0.01773003472222222,0,0,0,0.013070707465274722
fx-ov-hearts-pink,0.3,FAIL,PROVISIONAL_PASS,0.9427108085019998,0.42506510416666665,0.3539279513888889,0.2412749935986872,0.14108072916666667,0.12736545138888888,0.6044545091912668,0.33465711805555554,0.32306857638888886,0,0,0,0.18966240451389638
fx-ov-hearts-pink,0.9,FAIL,PROVISIONAL_PASS,1.1192245574204516,0.4044921875,0.3951171875,0.2402607145873005,0.05457899305555555,0.013216145833333333,0.7167068977288776,0.10238715277777778,0.07326388888888889,0,0,0,0.09874375434030469
fx-ov-hearts-pink,1.5,FAIL,PROVISIONAL_PASS,1.0071731327464108,0.5616102430555555,0.5557074652777778,0.2615742757051594,0.10073784722222222,0.0515625,0.7363609254695798,0.2221137152777778,0.13938802083333332,0,0,0,0.16508472222221826
fx-ov-hearts-pink,2.1,FAIL,PROVISIONAL_PASS,0.6053771736086584,0.2238498263888889,0.21968315972222222,0.2250754017061197,0.10299479166666667,0.09118923611111111,0.636998810794385,0.16976996527777777,0.1495876736111111,0,0,0,0.12272341145835242
fx-ov-stars,0.3,PASS,PROVISIONAL_PASS,0.0340683339051393,0.026909722222222224,0.01697048611111111,0.027067846892981886,0.02150607638888889,0.010698784722222222,0.03096682139348724,0.023914930555555554,0.018359375,0,0,0,0.012585243055553974
fx-ov-stars,0.9,PASS,PROVISIONAL_PASS,0.026449013643300753,0.021788194444444443,0.005121527777777778,0.02119647375169387,0.019921875,0.0032552083333333335,0.02635584573629335,0.02458767361111111,0.014214409722222222,0,0,0,0.004443242187512908
fx-ov-stars,1.5,PASS,PROVISIONAL_PASS,0.028020498263010816,0.01916232638888889,0.0017144097222222222,0.02405947633714594,0.021788194444444443,0.0014756944444444444,0.029652891542303016,0.028255208333333334,0.010763888888888889,0,0,0,0.0014680859375033606
fx-ov-stars,2.1,PASS,PROVISIONAL_PASS,0.034330628438330714,0.022005208333333335,0.011111111111111112,0.0338385723083305,0.02328559027777778,0.011566840277777778,0.03501105273271367,0.029730902777777776,0.014105902777777778,0,0,0,0.011653272569439821
fx-ov-confetti,0.3,PASS,PROVISIONAL_PASS,0.024968770758288544,0.055338541666666664,0.0014756944444444444,0.019069403636924085,0.051497395833333334,0.0009765625,0.026002950669131063,0.028103298611111112,0.012825520833333333,0,0,0,0.0019381727430527462
fx-ov-confetti,0.9,PASS,PROVISIONAL_PASS,0.028403300825210608,0.06599392361111112,0.003841145833333333,0.014965230364823508,0.048177083333333336,0.0009982638888888888,0.026088571225541375,0.03485243055555556,0.015321180555555555,0,0,0,0.0012088585069420787
fx-ov-confetti,1.5,PASS,PROVISIONAL_PASS,0.029336210666598233,0.06215277777777778,0.00920138888888889,0.016867709009297006,0.04986979166666667,0.00030381944444444445,0.02322414180715323,0.023654513888888888,0.015668402777777778,0,0,0,0.002870182291658807
fx-ov-confetti,2.1,PASS,PROVISIONAL_PASS,0.025822037192448376,0.05731336805555556,0.008745659722222222,0.01690262075974211,0.048285590277777776,0.0006727430555555556,0.021795849664649904,0.029166666666666667,0.012413194444444444,0,0,0,0.0032367057291651236
fx-ov-snow,0.3,PASS,PROVISIONAL_PASS,0.019381608825124037,0.025347222222222222,0.006076388888888889,0.014392247823114605,0.02131076388888889,0.0005642361111111111,0.011530994254458051,0.014040798611111112,0.0008029513888888889,0,0,0,0.0017533550347081928
fx-ov-snow,0.9,PASS,PROVISIONAL_PASS,0.024584555669447332,0.029427083333333333,0.006380208333333333,0.01982601834117309,0.02578125,0.0069010416666666664,0.02097319825813687,0.023719618055555555,0.004752604166666666,0,0,0,0.006635195312497899
fx-ov-snow,1.5,PASS,PROVISIONAL_PASS,0.027326893026347977,0.03454861111111111,0.007291666666666667,0.015745126188376278,0.02456597222222222,0.006293402777777778,0.01801609525344587,0.023307291666666667,0.004427083333333333,0,0,0,0.006370885416629335
fx-ov-snow,2.1,PASS,PROVISIONAL_PASS,0.024928600195977497,0.02927517361111111,0.006966145833333334,0.012994888791048407,0.021180555555555557,0.002994791666666667,0.015522928443179566,0.021961805555555554,0.0005208333333333333,0,0,0,0.0036604817708223436
fx-ov-rain,0.3,PASS,PROVISIONAL_PASS,0.02937824259504039,0.07747395833333333,0.005512152777777778,0.02757167712054027,0.07699652777777778,0.011371527777777777,0.028944240427169202,0.0720703125,0.006271701388888889,0,0,0,0.009757617187489132
fx-ov-rain,0.9,PASS,PROVISIONAL_PASS,0.02696100322192946,0.07745225694444445,0.008832465277777778,0.029785222589602627,0.08211805555555556,0.010590277777777778,0.03096962324376539,0.07315538194444444,0.0014973958333333334,0,0,0,0.00956006076387439
fx-ov-rain,1.5,PASS,PROVISIONAL_PASS,0.027729985348674404,0.06449652777777778,0.005121527777777778,0.02938704189220254,0.0748046875,0.0197265625,0.029492675124954813,0.08103298611111111,0.002387152777777778,0,0,0,0.015369626736088549
fx-ov-rain,2.1,PASS,PROVISIONAL_PASS,0.03145340441133918,0.0715060763888889,0.0080078125,0.02687292127982864,0.076953125,0.016319444444444445,0.031084647035218044,0.0755859375,0.005447048611111111,0,0,0,0.013767404513913561
fx-ov-bubbles,0.3,PASS,PROVISIONAL_PASS,0.020233110285474726,0.02814670138888889,0.017469618055555556,0.008325539280499264,0.013888888888888888,0.0024739583333333332,0.022038476636450255,0.029036458333333334,0.004253472222222222,0,0,0,0.005790516493050291
fx-ov-bubbles,0.9,PASS,PROVISIONAL_PASS,0.02038359360329574,0.028841145833333335,0.018641493055555555,0.008742182840449886,0.0158203125,0.004361979166666667,0.020851554542398724,0.03253038194444444,0.010828993055555555,0,0,0,0.007864722222223008
fx-ov-bubbles,1.5,PASS,PROVISIONAL_PASS,0.022867902351923583,0.02671440972222222,0.014344618055555555,0.010131697835474114,0.015082465277777778,0.001540798611111111,0.01651239795460737,0.021354166666666667,0.006163194444444444,0,0,0,0.004596627604158243
fx-ov-bubbles,2.1,PASS,PROVISIONAL_PASS,0.015506237690557409,0.02358940972222222,0.012651909722222222,0.00773722567761125,0.014778645833333333,0.0027994791666666667,0.018393524860203743,0.03109809027777778,0.009136284722222223,0,0,0,0.005351623263877059
fx-ov-leak-warm,0.3,PASS,PROVISIONAL_PASS,0.03251847648849253,0.03936631944444444,0.02035590277777778,0.027467018031882045,0.034027777777777775,0.0022569444444444442,0.039796661981992075,0.044422743055555554,0.0310546875,0,0,0,0.0004713498263981819
fx-ov-leak-warm,0.9,PASS,PROVISIONAL_PASS,0.03766737234083844,0.04099392361111111,0.0185546875,0.030645583199493138,0.03689236111111111,0.004774305555555556,0.04230260455507719,0.04186197916666667,0.028103298611111112,0,0,0,0.005330251736111791
fx-ov-leak-warm,1.5,PASS,PROVISIONAL_PASS,0.03457777749311769,0.04197048611111111,0.017317708333333334,0.030244671972926126,0.03700086805555555,0.006401909722222222,0.0312022221683748,0.037196180555555555,0.02013888888888889,0,0,0,0.0068063628472145865
fx-ov-leak-warm,2.1,PASS,PROVISIONAL_PASS,0.03535072520810476,0.040299479166666666,0.022243923611111112,0.02454100353980419,0.03253038194444444,0.00896267361111111,0.033329485514539306,0.030316840277777778,0.013519965277777778,0,0,0,0.01016302083333187
fx-ov-leak-pink,0.3,PASS,PROVISIONAL_PASS,0.04360749769543236,0.047764756944444445,0.033702256944444446,0.036377792632268154,0.06026475694444444,0.02671440972222222,0.0370607327703014,0.05377604166666667,0.020572916666666666,0,0,0,0.027756610243073965
fx-ov-leak-pink,0.9,PASS,PROVISIONAL_PASS,0.04049693930536533,0.05054253472222222,0.0291015625,0.036220339165428696,0.05462239583333333,0.026453993055555555,0.03692351002648166,0.04822048611111111,0.02265625,0,0,0,0.026742669270817032
fx-ov-leak-pink,1.5,PASS,PROVISIONAL_PASS,0.03174551261963951,0.045572916666666664,0.019574652777777778,0.031044686758684655,0.05151909722222222,0.02282986111111111,0.04353962711960547,0.05531684027777778,0.030143229166666667,0,0,0,0.02266582899304126
fx-ov-leak-pink,2.1,PASS,PROVISIONAL_PASS,0.04050942801488036,0.04455295138888889,0.029709201388888887,0.035318195537440436,0.05108506944444444,0.028038194444444445,0.03866336863435148,0.047417534722222224,0.024717881944444443,0,0,0,0.02815372395835425
fx-ov-leak-blue,0.3,PASS,PROVISIONAL_PASS,0.03705580349587846,0.04381510416666667,0.015863715277777777,0.03330003927943527,0.040690104166666664,0.021983506944444446,0.036680332619869374,0.03849826388888889,0.019097222222222224,0,0,0,0.020474049479190626
fx-ov-leak-blue,0.9,PASS,PROVISIONAL_PASS,0.0346065114032694,0.03576388888888889,0.019270833333333334,0.03220956412525001,0.036957465277777775,0.023676215277777777,0.035072834061121314,0.0380859375,0.02536892361111111,0,0,0,0.022861844618034866
fx-ov-leak-blue,1.5,PASS,PROVISIONAL_PASS,0.03498221756792109,0.04008246527777778,0.011740451388888889,0.030478541815314335,0.037543402777777776,0.023958333333333335,0.03823952904820715,0.04073350694444444,0.022330729166666667,0,0,0,0.021243298611125283
fx-ov-leak-blue,2.1,PASS,PROVISIONAL_PASS,0.0380333412160083,0.03849826388888889,0.02439236111111111,0.026930353832776067,0.029839409722222224,0.018424479166666667,0.036781469605743654,0.038237847222222225,0.02599826388888889,0,0,0,0.020240078125027594
fx-ov-light-streaks,0.3,FAIL,FAIL,2.7674213543512973,2.5024522569444443,2.5024522569444443,3.567875128095909,3.259136284722222,3.259136284722222,4.5087929911851425,4.110221354166667,4.110221354166667,0,0,0,3.159713602430564
fx-ov-light-streaks,0.9,FAIL,FAIL,1.3865242048292483,1.1233289930555554,1.1233289930555554,2.0470976780928702,1.4764973958333334,1.4719835069444445,2.777287602071235,1.85625,1.8555555555555556,0,0,0,1.4255534592013888
fx-ov-light-streaks,1.5,FAIL,FAIL,2.797629620807321,0.2787543402777778,0.1333984375,3.722923326666766,0.14889322916666667,0.07406684027777778,4.722785486203327,0.19730902777777778,0.020963541666666665,0,0,0,0.08284667968749915
fx-ov-light-streaks,2.1,FAIL,FAIL,3.7235365520432584,0.8917751736111111,0.8917751736111111,4.833572102670764,0.9453776041666667,0.9453776041666667,6.095442710226292,1.0858940972222222,1.08515625,0,0,0,0.944073745659729
fx-ov-stage-lights,0.3,PASS,PROVISIONAL_PASS,0.02005073822830936,0.024978298611111113,0.013172743055555556,0.01846648631605544,0.020290798611111112,0.012651909722222222,0.01567223082674544,0.01870659722222222,0.00047743055555555554,0,0,0,0.011883641493049879
fx-ov-stage-lights,0.9,PASS,PROVISIONAL_PASS,0.019485870191020122,0.025303819444444445,0.01115451388888889,0.016644378271293656,0.02087673611111111,0.014973958333333334,0.01677532288137319,0.02131076388888889,0.0069010416666666664,0,0,0,0.013579079861109733
fx-ov-stage-lights,1.5,PASS,PROVISIONAL_PASS,0.021124375803724848,0.02378472222222222,0.008072916666666667,0.015541962267305053,0.019314236111111112,0.012543402777777778,0.016850824720521324,0.019791666666666666,0.0009548611111111111,0,0,0,0.01061840277778714
fx-ov-stage-lights,2.1,PASS,PROVISIONAL_PASS,0.022393562512763025,0.02736545138888889,0.015386284722222223,0.016851418869149593,0.02165798611111111,0.01349826388888889,0.015244970179263628,0.018229166666666668,0.003949652777777778,0,0,0,0.013210247395832653
fx-ov-bg-purple-smoke,0.3,PASS,PROVISIONAL_PASS,0.0066884093452804156,0.004991319444444444,0.00390625,0.020713823022691334,0.020833333333333332,0.02065972222222222,0.02906987242252192,0.03470052083333333,0.010221354166666667,0,0,0,0.016344283854166974
fx-ov-bg-purple-smoke,0.9,PASS,PROVISIONAL_PASS,0.006645713455764531,0.0052517361111111115,0.004557291666666667,0.018552454641059077,0.018012152777777776,0.016536458333333334,0.02805769562123756,0.03396267361111111,0.003537326388888889,0,0,0,0.013051150173602366
fx-ov-bg-purple-smoke,1.5,PASS,PROVISIONAL_PASS,0.008435005857725683,0.006032986111111111,0.005295138888888889,0.02024789339257479,0.01970486111111111,0.01935763888888889,0.030022528515529612,0.035004340277777775,0.0028862847222222224,0,0,0,0.015178719618063496
fx-ov-bg-purple-smoke,2.1,PASS,PROVISIONAL_PASS,0.009014833338457286,0.007638888888888889,0.00625,0.01649553914794529,0.016861979166666666,0.016644965277777778,0.03274887087128572,0.04045138888888889,0.010590277777777778,0,0,0,0.013997847222221083
fx-ov-bg-pastel-ink,0.3,PASS,PROVISIONAL_PASS,0.003658982275191684,0.003732638888888889,0.0033854166666666668,0.03952679698690028,0.038628472222222224,0.038628472222222224,0.013653814963001443,0.014518229166666667,0.0103515625,0,0,0,0.02909420572916588
fx-ov-bg-pastel-ink,0.9,PASS,PROVISIONAL_PASS,0.006208644657856503,0.004578993055555556,0.003537326388888889,0.034187344351336656,0.035416666666666666,0.035416666666666666,0.017304189255425095,0.016796875,0.014366319444444444,0,0,0,0.027119283854204923
fx-ov-bg-pastel-ink,1.5,PASS,PROVISIONAL_PASS,0.005483347825827315,0.004861111111111111,0.0045138888888888885,0.03806568015917239,0.03810763888888889,0.03810763888888889,0.019311678873427884,0.016818576388888888,0.014735243055555555,0,0,0,0.02927812065973967
fx-ov-bg-pastel-ink,2.1,PASS,PROVISIONAL_PASS,0.003510525002533555,0.003168402777777778,0.003168402777777778,0.04459534576105118,0.04418402777777778,0.04418402777777778,0.01753007664110428,0.016080729166666665,0.014691840277777778,0,0,0,0.03333476996530749
fx-ov-bg-pink-gradient,0.3,PASS,PROVISIONAL_PASS,0.0014941898728099725,0.0014973958333333334,0.0008029513888888889,0.00046773274939348395,0.0006944444444444445,0,0.03428485677852794,0.035004340277777775,0.03396267361111111,0,0,0,0.002622812499993188
fx-ov-bg-pink-gradient,0.9,PASS,PROVISIONAL_PASS,0.0004110006977336844,0.0006944444444444445,0.00034722222222222224,0.0008558042374988026,0.00078125,8.680555555555556e-05,0.03314189984494018,0.03315972222222222,0.03315972222222222,0,0,0,0.0024058680555612
fx-ov-bg-pink-gradient,1.5,PASS,PROVISIONAL_PASS,0.0007197319694311755,0.00078125,0,0.0006437757670472077,0.0007161458333333333,2.170138888888889e-05,0.03400058675338068,0.03404947916666667,0.03404947916666667,0,0,0,0.0024738932291512583
fx-ov-bg-pink-gradient,2.1,PASS,PROVISIONAL_PASS,0.001245306223432286,0.0012803819444444444,0.0009331597222222223,0.00045049596074291337,0.0006076388888888889,8.680555555555556e-05,0.033333370990374485,0.0330078125,0.0330078125,0,0,0,0.0025194704861064565
fx-ov-bg-blue-hearts,0.3,PASS,PROVISIONAL_PASS,0.02391049556586469,0.026323784722222222,0.01794704861111111,0.008446879012981896,0.008897569444444444,0.004557291666666667,0.030164379424351004,0.031640625,0.026302083333333334,0,0,0,0.005175907118058376
fx-ov-bg-blue-hearts,0.9,PASS,PROVISIONAL_PASS,0.021455392556544505,0.022721354166666666,0.0185546875,0.009607927720011884,0.0119140625,0.004448784722222222,0.03235514885107231,0.03611111111111111,0.03029513888888889,0,0,0,0.004939188368055625
fx-ov-bg-blue-hearts,1.5,PASS,PROVISIONAL_PASS,0.018599805751348928,0.021918402777777776,0.017057291666666665,0.008757973954153238,0.010828993055555555,0.0052734375,0.03453343263503779,0.03608940972222222,0.030707465277777776,0,0,0,0.005180863715281703
fx-ov-bg-blue-hearts,2.1,PASS,PROVISIONAL_PASS,0.02057038674673099,0.021180555555555557,0.01545138888888889,0.00926302872794924,0.01171875,0.0033854166666666668,0.03719473697878785,0.04045138888888889,0.03359375,0,0,0,0.003280746527778433
fx-ov-bg-pink-bokeh,0.3,PASS,PROVISIONAL_PASS,0.018221924754419132,0.01644965277777778,0.010850694444444444,0.04009154976393818,0.037022569444444445,0.034765625,0.010397078406665794,0.006032986111111111,0.00078125,0,0,0,0.022613923611103814
fx-ov-bg-pink-bokeh,0.9,PASS,PROVISIONAL_PASS,0.014827360831193247,0.01564670138888889,0.009526909722222223,0.037648909209104534,0.03713107638888889,0.03448350694444444,0.010160476016943195,0.0066840277777777775,0.0024305555555555556,0,0,0,0.022461697048619556
fx-ov-bg-pink-bokeh,1.5,PASS,PROVISIONAL_PASS,0.015914719154596742,0.015733506944444444,0.010394965277777777,0.03601309101975796,0.03578559027777778,0.03470052083333333,0.00716652993290026,0.005186631944444444,0.00010850694444444444,0,0,0,0.022600008680562667
fx-ov-bg-pink-bokeh,2.1,PASS,PROVISIONAL_PASS,0.01519243490291875,0.015494791666666667,0.01015625,0.03864648930576729,0.0392578125,0.03682725694444444,0.012058775714519498,0.005946180555555555,0.00030381944444444445,0,0,0,0.024201571180554993
fx-ov-bg-golden-band,0.3,PASS,PROVISIONAL_PASS,0.01568431208701561,0.016493055555555556,0.014626736111111111,0.9698311401553343,0.9707682291666667,0.9696831597222222,0.023224596925684758,0.022938368055555554,0.022591145833333333,0,0,0,0.6982581206597214
fx-ov-bg-golden-band,0.9,PASS,PROVISIONAL_PASS,0.01371470238643045,0.01384548611111111,0.01349826388888889,0.9692990825884501,0.9698133680555555,0.9689453125,0.023613257416978145,0.02439236111111111,0.023697916666666666,0,0,0,0.6975704079861114
fx-ov-bg-golden-band,1.5,PASS,PROVISIONAL_PASS,0.0131337131371062,0.013585069444444445,0.012196180555555556,0.9687742850277601,0.9702256944444444,0.9683159722222222,0.02318960783560021,0.023372395833333334,0.022677951388888888,0,0,0,0.6967698394097237
fx-ov-bg-golden-band,2.1,PASS,PROVISIONAL_PASS,0.014500961071746095,0.014431423611111112,0.014431423611111112,0.9688652706064413,0.9702473958333333,0.9688151041666667,0.02273366944968095,0.022894965277777776,0.022547743055555555,0,0,0,0.697592630208332
fx-ov-bg-blue-smoke,0.3,PASS,PROVISIONAL_PASS,0.01573896021662787,0.01697048611111111,0.01384548611111111,0.012320900479221922,0.013389756944444444,0.00935329861111111,0.014462514509772059,0.01228298611111111,0.005295138888888889,0,0,0,0.010015338541665031
fx-ov-bg-blue-smoke,0.9,PASS,PROVISIONAL_PASS,0.01588688362810748,0.015538194444444445,0.014496527777777778,0.013336719525956976,0.015125868055555556,0.0091796875,0.016246761283339708,0.0162109375,0.004969618055555555,0,0,0,0.0100060807291662
fx-ov-bg-blue-smoke,1.5,PASS,PROVISIONAL_PASS,0.014134701210118021,0.014388020833333333,0.010221354166666667,0.013964232822551687,0.01545138888888889,0.008333333333333333,0.013456447358768298,0.013823784722222222,0.0017578125,0,0,0,0.008006145833332923
fx-ov-bg-blue-smoke,2.1,PASS,PROVISIONAL_PASS,0.014082930364171513,0.013151041666666667,0.010026041666666667,0.015239473395905513,0.01579861111111111,0.009375,0.01618971011602864,0.016883680555555555,0.0024305555555555556,0,0,0,0.008661050347225085
fx-ov-bg-light-wall,0.3,PASS,PROVISIONAL_PASS,0.009108869446272726,0.0130859375,0.0026258680555555558,0.008083653380039612,0.011848958333333333,0.007248263888888889,0.018393406298131437,0.025477430555555555,0.007248263888888889,0,0,0,0.0062655425347060145
fx-ov-bg-light-wall,0.9,PASS,PROVISIONAL_PASS,0.0037758217237224044,0.006662326388888889,0.001974826388888889,0.005226990270966292,0.007790798611111111,0.004361979166666667,0.011119525370548595,0.013693576388888889,0.0024088541666666668,0,0,0,0.0037134548611135187
fx-ov-bg-light-wall,1.5,PASS,PROVISIONAL_PASS,0.00753708881548082,0.010959201388888888,0.006662326388888889,0.009744244959504744,0.013454861111111112,0.007942708333333333,0.024740004618414246,0.030164930555555556,0.0049479166666666664,0,0,0,0.007454275173600422
fx-ov-bg-light-wall,2.1,PASS,PROVISIONAL_PASS,0.006516750916995554,0.00920138888888889,0.0033420138888888887,0.00828123096680464,0.010308159722222222,0.007790798611111111,0.016943536482375027,0.020030381944444446,0.0028428819444444443,0,0,0,0.006487747395823362
fx-ov-bg-3d-shapes,0.3,FAIL,FAIL,10.305277158338127,1.5349609375,0.9011935763888889,10.12825837163566,1.5475260416666667,0.9117621527777777,9.338938165915946,1.3654730902777779,0.8547960069444445,0,0,0,0.9054023177083366
fx-ov-bg-3d-shapes,0.9,FAIL,FAIL,10.234734850651517,1.5171657986111111,0.8745876736111111,10.067909302678203,1.5273003472222222,0.8774739583333333,9.305712495777765,1.3456380208333334,0.8370876736111111,0,0,0,0.8739444444444473
fx-ov-bg-3d-shapes,1.5,FAIL,FAIL,10.131690793879821,1.4920572916666666,0.840625,9.975482680546879,1.5025390625,0.8363932291666667,9.207102912582327,1.3189236111111111,0.8075520833333333,0,0,0,0.835210572916651
fx-ov-bg-3d-shapes,2.1,FAIL,FAIL,10.003511475401972,1.4100260416666666,0.7701822916666666,9.855310481212934,1.4384331597222222,0.7637803819444444,9.109402824006791,1.2581163194444445,0.7317708333333334,0,0,0,0.7628303385416473
fx-ov-bg-red-hearts,0.3,PASS,PROVISIONAL_PASS,0.007070831379565232,0.006792534722222222,0.004665798611111111,0.04606637259345532,0.04670138888888889,0.04635416666666667,0.001805990188680468,0.0011284722222222221,0.0011284722222222221,0,0,0,0.03224202690971367
fx-ov-bg-red-hearts,0.9,PASS,PROVISIONAL_PASS,0.005851092197779287,0.005750868055555556,0.004709201388888889,0.04603343961798923,0.04652777777777778,0.04635416666666667,0.0001736111111111125,0.00017361111111111112,0.00017361111111111112,0,0,0,0.03213878906250045
fx-ov-bg-red-hearts,1.5,PASS,PROVISIONAL_PASS,0.004692094381977275,0.004405381944444444,0.0033203125,0.04618668536056572,0.046440972222222224,0.04626736111111111,0.0009036764125096505,0.0009114583333333333,0.0009114583333333333,0,0,0,0.032450325520834156
fx-ov-bg-red-hearts,2.1,PASS,PROVISIONAL_PASS,0.004525748745968912,0.004361979166666667,0.004014756944444444,0.04614895401966276,0.04618055555555556,0.04583333333333333,0.00034492364346610225,0.00034722222222222224,0.00034722222222222224,0,0,0,0.03195153211805746
fx-ov-sc-aurora,0.3,PASS,PROVISIONAL_PASS,0.009120791394336308,0.009027777777777777,0.008333333333333333,0.009158052401803783,0.0103515625,0.0014539930555555556,0.01018177934699506,0.011783854166666666,0.0052734375,0,0,0,0.00035102864583791415
fx-ov-sc-aurora,0.9,PASS,PROVISIONAL_PASS,0.012185206899773109,0.011740451388888889,0.0103515625,0.00921736525480169,0.010221354166666667,6.510416666666667e-05,0.008723650378551362,0.010264756944444444,0.0031901041666666666,0,0,0,0.00201697916666177
fx-ov-sc-aurora,1.5,PASS,PROVISIONAL_PASS,0.00829063919912589,0.008984375,0.008289930555555556,0.009912581051099868,0.011414930555555555,0.0007378472222222222,0.0047072197948191865,0.006184895833333333,0.001540798611111111,0,0,0,0.0011234852430490605
fx-ov-sc-aurora,2.1,PASS,PROVISIONAL_PASS,0.010125289747957051,0.01032986111111111,0.009982638888888888,0.00796067206479146,0.008637152777777778,0.0009548611111111111,0.006333537825646496,0.007118055555555555,0.0014756944444444444,0,0,0,0.0026986805555537785
fx-ov-sc-milky-way,0.3,PASS,PROVISIONAL_PASS,0.019780658276560153,0.01990017361111111,0.014344618055555555,0.6412965069110972,0.6421223958333333,0.6396484375,0.01840494316530623,0.019466145833333334,0.012348090277777777,0,0,0,0.4614177604166656
fx-ov-sc-milky-way,0.9,PASS,PROVISIONAL_PASS,0.018127551836055796,0.019444444444444445,0.01662326388888889,0.6414805914815197,0.6424045138888889,0.6404079861111112,0.01950052988027325,0.020768229166666666,0.012261284722222222,0,0,0,0.4624391623263868
fx-ov-sc-milky-way,1.5,PASS,PROVISIONAL_PASS,0.017961887601762806,0.019249131944444445,0.016124131944444446,0.6393131149391357,0.6414279513888889,0.6383029513888889,0.017593222269932145,0.019205729166666668,0.011740451388888889,0,0,0,0.46078992187500134
fx-ov-sc-milky-way,2.1,PASS,PROVISIONAL_PASS,0.01769352564757819,0.020811631944444443,0.01521267361111111,0.6405706176000272,0.6425564236111111,0.6396050347222222,0.016417344110067605,0.020030381944444446,0.009743923611111111,0,0,0,0.4613832465277774
fx-ov-sc-sunset-sea,0.3,PASS,PROVISIONAL_PASS,0.012309559983161179,0.014887152777777777,0.008333333333333333,0.008606926259815453,0.00959201388888889,0.005859375,0.008958283092329353,0.011740451388888889,0.0020616319444444445,0,0,0,0.00611114149306502
fx-ov-sc-sunset-sea,0.9,PASS,PROVISIONAL_PASS,0.011516845114326364,0.01423611111111111,0.008463541666666666,0.01087758597736202,0.012478298611111112,0.005967881944444444,0.007881816756597486,0.011176215277777778,0.002191840277777778,0,0,0,0.006225828993052573
fx-ov-sc-sunset-sea,1.5,PASS,PROVISIONAL_PASS,0.011026169833587564,0.014670138888888889,0.008550347222222223,0.009151048631724024,0.011002604166666667,0.0056640625,0.009069457397463686,0.01228298611111111,0.002170138888888889,0,0,0,0.006025425347218061
fx-ov-sc-sunset-sea,2.1,PASS,PROVISIONAL_PASS,0.010913810384061076,0.012174479166666667,0.007139756944444444,0.009206194930076414,0.010655381944444445,0.006184895833333333,0.009272775129847628,0.012391493055555555,0.0034071180555555556,0,0,0,0.006187343750013952
fx-ov-sc-moon-dunes,0.3,PASS,PROVISIONAL_PASS,0.01986637440916523,0.020008680555555554,0.020008680555555554,0.017796422250853303,0.018489583333333334,0.017621527777777778,0.008904868800931453,0.008984375,0.002690972222222222,0,0,0,0.017051050347220098
fx-ov-sc-moon-dunes,0.9,PASS,PROVISIONAL_PASS,0.019743982228475516,0.019422743055555556,0.019422743055555556,0.01739381979338598,0.017708333333333333,0.016840277777777777,0.009900876025595817,0.008528645833333333,0.0023654513888888887,0,0,0,0.016344227430558078
fx-ov-sc-moon-dunes,1.5,PASS,PROVISIONAL_PASS,0.021232831333931206,0.021354166666666667,0.021354166666666667,0.017900965282515266,0.018055555555555554,0.0171875,0.009985440313792908,0.009722222222222222,0.003125,0,0,0,0.017058020833331966
fx-ov-sc-moon-dunes,2.1,PASS,PROVISIONAL_PASS,0.022435769868366828,0.022048611111111113,0.022048611111111113,0.017408174454137715,0.018489583333333334,0.017447916666666667,0.00994721397497853,0.009895833333333333,0.0033854166666666668,0,0,0,0.017410711805560197
fx-ov-sc-clouds,0.3,PASS,PROVISIONAL_PASS,0.019530111263918643,0.020789930555555555,0.01853298611111111,0.005833006478776793,0.008550347222222223,0.0012586805555555556,0.07708582980762758,0.07645399305555556,0.0754123263888889,0,0,0,0.0006044487846992297
fx-ov-sc-clouds,0.9,PASS,PROVISIONAL_PASS,0.020392381662620362,0.01987847222222222,0.01623263888888889,0.006876507489098382,0.010807291666666666,0.00013020833333333333,0.07335776310015857,0.07309027777777778,0.07239583333333334,0,0,0,0.0018690451388749807
fx-ov-sc-clouds,1.5,PASS,PROVISIONAL_PASS,0.019010303860434535,0.02111545138888889,0.014995659722222223,0.010503099799719435,0.016927083333333332,0.005295138888888889,0.06550294828710729,0.06588541666666667,0.06588541666666667,0,0,0,0.005355933159677306
fx-ov-sc-clouds,2.1,PASS,PROVISIONAL_PASS,0.02094416785539877,0.02578125,0.015104166666666667,0.0118309552416022,0.019205729166666668,0.0037109375,0.06153929871964604,0.061197916666666664,0.05980902777777778,0,0,0,0.00376112847220611
fx-ov-sc-snowy-night,0.3,PASS,PROVISIONAL_PASS,0.006425679638389803,0.006401909722222222,0.0014105902777777778,0.009756914608210022,0.01310763888888889,0.005295138888888889,0.013868928399926957,0.013671875,0.012152777777777778,0,0,0,0.004964405381940651
fx-ov-sc-snowy-night,0.9,PASS,PROVISIONAL_PASS,0.007823568117272176,0.008702256944444445,0.0014105902777777778,0.00969060641695881,0.013411458333333333,0.005338541666666667,0.013349961229862482,0.013802083333333333,0.010894097222222222,0,0,0,0.004904570312504575
fx-ov-sc-snowy-night,1.5,PASS,PROVISIONAL_PASS,0.007314362475958299,0.006510416666666667,0.0018663194444444445,0.011035285225829479,0.013302951388888888,0.005447048611111111,0.013025489553678824,0.013064236111111112,0.011979166666666667,0,0,0,0.005157404513887798
fx-ov-sc-snowy-night,2.1,PASS,PROVISIONAL_PASS,0.005762086565304968,0.005881076388888889,0.0008897569444444444,0.010664047616497254,0.012934027777777777,0.004600694444444445,0.014310936439771485,0.015364583333333333,0.014322916666666666,0,0,0,0.004513693576392086
fx-ov-sc-ocean,0.3,PASS,PROVISIONAL_PASS,0.004474451936535284,0.004904513888888889,0.004557291666666667,0.03410689315132509,0.03578559027777778,0.03348524305555556,0.026023267256721716,0.02732204861111111,0.025933159722222224,0,0,0,0.02485213975694478
fx-ov-sc-ocean,0.9,PASS,PROVISIONAL_PASS,0.0031344726458911705,0.0032118055555555554,0.0032118055555555554,0.03440600299946894,0.03589409722222222,0.03372395833333333,0.021109362410297143,0.021050347222222224,0.018272569444444445,0,0,0,0.02475582465280013
fx-ov-sc-ocean,1.5,PASS,PROVISIONAL_PASS,0.006493569686274963,0.006553819444444445,0.006553819444444445,0.03394321477887235,0.035590277777777776,0.034375,0.013532037919992993,0.013736979166666666,0.013736979166666666,0,0,0,0.024183467881954357
fx-ov-sc-ocean,2.1,PASS,PROVISIONAL_PASS,0.005357482865895358,0.0057942708333333336,0.005447048611111111,0.03445117008985144,0.036328125,0.033984375,0.010396500365784189,0.011436631944444444,0.010394965277777777,0,0,0,0.02389809895831263
fx-ov-sc-shooting-stars,0.3,PASS,PROVISIONAL_PASS,0.03386425174809538,0.033702256944444446,0.0330078125,0.033725984453719104,0.033680555555555554,0.03333333333333333,0.0019342661627356906,0.0022352430555555554,0.001540798611111111,0,0,0,0.030968706597221285
fx-ov-sc-shooting-stars,0.9,PASS,PROVISIONAL_PASS,0.04011220273791243,0.04227430555555556,0.032942708333333334,0.04162527339922407,0.042426215277777776,0.03344184027777778,0.00934488161435585,0.007921006944444444,0.0008897569444444444,0,0,0,0.030856983506943436
fx-ov-sc-shooting-stars,1.5,PASS,PROVISIONAL_PASS,0.3154085930416623,0.24301215277777777,0.24301215277777777,0.3275543507532997,0.26653645833333334,0.26653645833333334,0.30125438132340876,0.291015625,0.291015625,0,0,0,0.26330258680555474
fx-ov-sc-shooting-stars,2.1,PASS,PROVISIONAL_PASS,0.4305958018934021,0.21924913194444445,0.21924913194444445,0.41011016107128023,0.21673177083333334,0.21673177083333334,0.42708600545884357,0.2043185763888889,0.2043185763888889,0,0,0,0.21637072916666522
fx-ov-tr-shape-pop,0.3,PASS,PROVISIONAL_PASS,0.020585288221871025,0.05067274305555555,0.002105034722222222,0.01789845004509719,0.029600694444444443,0.010590277777777778,0.024470726201222762,0.027083333333333334,0.016189236111111113,0,0,0,0.009190559895827732
fx-ov-tr-shape-pop,0.9,PASS,PROVISIONAL_PASS,0.0018918963600080886,0.0012369791666666666,0.0012369791666666666,0.0010322940257508997,0.0012586805555555556,0.00047743055555555554,0.0019503439562020626,0.0024305555555555556,0.0024305555555555556,0,0,0,0.0007799262153014297
fx-ov-tr-shape-pop,1.5,PASS,PROVISIONAL_PASS,0.01866433655144389,0.031163194444444445,0.008159722222222223,0.010666845747047208,0.016167534722222224,0.0054904513888888885,0.014071865753073102,0.015842013888888888,0.009071180555555556,0,0,0,0.006316467013903093
fx-ov-tr-shape-pop,2.1,PASS,PROVISIONAL_PASS,0.02534026100336182,0.04813368055555556,0.006597222222222222,0.01991673411362201,0.029014756944444445,0.012955729166666667,0.025689733437207977,0.03090277777777778,0.0171875,0,0,0,0.01190944444444142
fx-ov-tr-glow-blob,0.3,PASS,PROVISIONAL_PASS,0.0056020714888307495,0.004709201388888889,0.0029730902777777776,0.0020571937423189022,0.0019965277777777776,0.0006076388888888889,0.0026438447276462174,0.002322048611111111,0.001540798611111111,0,0,0,8.624999998119165e-05
fx-ov-tr-glow-blob,0.9,PASS,PROVISIONAL_PASS,0,0,0,0,0,0,0,0,0,0,0,0,0
fx-ov-tr-glow-blob,1.5,PASS,PROVISIONAL_PASS,0.0025229100841507148,0.001974826388888889,0.0012369791666666666,0.0014686935300122158,0.001584201388888889,0.0010199652777777778,0.002645021570525086,0.002734375,0.0012152777777777778,0,0,0,0.0005542404513789734
fx-ov-tr-glow-blob,2.1,PASS,PROVISIONAL_PASS,0.005242992190473409,0.006488715277777778,0.0010633680555555555,0.003995551399398138,0.004622395833333333,0.004231770833333333,0.0036691136202238028,0.005316840277777778,0.002018229166666667,0,0,0,0.0029462065972154505
fx-ov-tr-fire-wipe,0.3,PASS,PROVISIONAL_PASS,0.027357955399186503,0.031510416666666666,0.01657986111111111,0.017777381971709087,0.02456597222222222,0.0109375,0.023505916386950914,0.025325520833333334,0.018337673611111112,0,0,0,0.012671358506935348
fx-ov-tr-fire-wipe,0.9,PASS,PROVISIONAL_PASS,0.019273993447153248,0.02634548611111111,0.005338541666666667,0.018684791382579686,0.022222222222222223,0.003298611111111111,0.01985417854672759,0.019813368055555555,0.017686631944444444,0,0,0,0.002501167534717297
fx-ov-tr-fire-wipe,1.5,PASS,PROVISIONAL_PASS,0.019854792246337318,0.02478298611111111,0.007769097222222222,0.016258687815324215,0.02280815972222222,0.0076171875,0.02411388290589689,0.025607638888888888,0.016493055555555556,0,0,0,0.00829032118053874
fx-ov-tr-fire-wipe,2.1,PASS,PROVISIONAL_PASS,0.026932845747864014,0.0326171875,0.020594618055555555,0.02233677938924829,0.026801215277777776,0.0197265625,0.02319687060958766,0.025716145833333332,0.020421006944444445,0,0,0,0.019961250000001485
fx-ov-tr-ink,0.3,PASS,PROVISIONAL_PASS,0.005676598673646248,0.009765625,0.0014322916666666666,0.004980855144017457,0.00859375,0.00234375,0.005467954214150489,0.004774305555555556,0.0030381944444444445,0,0,0,0.0022001128472197706
fx-ov-tr-ink,0.9,PASS,PROVISIONAL_PASS,0,0,0,0,0,0,0,0,0,0,0,0,0
fx-ov-tr-ink,1.5,PASS,PROVISIONAL_PASS,0.0061156264013553846,0.005685763888888889,0.001736111111111111,0.0036709522415881964,0.005642361111111111,0.0011284722222222221,0.0028433821305445953,0.0028428819444444443,0.0018012152777777779,0,0,0,0.0005680338541669272
fx-ov-tr-ink,2.1,PASS,PROVISIONAL_PASS,0.009954066950347666,0.013151041666666667,0.0016927083333333334,0.0058749487264409895,0.009548611111111112,0.003298611111111111,0.004786747086023066,0.005013020833333334,0.0025824652777777777,0,0,0,0.002905490451393433
fx-ov-tr-light-burst,0.3,FAIL,FAIL,6.05416315807635,1.5386284722222223,1.2746527777777779,5.376137637246638,1.4451605902777778,1.145681423611111,5.435161954286071,1.5197482638888888,1.1577256944444445,0,0,0,1.1739703298611062
fx-ov-tr-light-burst,0.9,FAIL,FAIL,2.2280832577792933,0.8124131944444445,0.8108506944444445,1.9651338490819177,0.7751953125,0.7738064236111111,1.904715681686852,0.7927517361111112,0.7913194444444445,0,0,0,0.7829464756944446
fx-ov-tr-light-burst,1.5,FAIL,PROVISIONAL_PASS,0.7139089986229666,0.38309461805555556,0.37884114583333334,0.6720545762226142,0.21833767361111112,0.2153862847222222,0.7105926099905081,0.2626953125,0.2609592013888889,0,0,0,0.25342715277778183
fx-ov-tr-light-burst,2.1,FAIL,FAIL,6.044149413423465,1.5376736111111111,1.2772569444444444,5.371471447509296,1.4235243055555555,1.1355034722222221,5.388016034948623,1.4516493055555555,1.1584201388888888,0,0,0,1.1672948437499997
fx-ov-tr-scribble,0.3,FAIL,FAIL,2.589066480450956,0.40544704861111114,0.39937065972222224,0.6569811959495773,0.18932291666666667,0.06349826388888889,1.7043886188604005,0.4490885416666667,0.143359375,0,0,0,0.029141697048601145
fx-ov-tr-scribble,0.9,FAIL,FAIL,8.596101280484138,1.0602864583333333,1.0602864583333333,2.6912044116427696,0.758984375,0.3195746527777778,5.707704715319323,1.1777777777777778,1.0723090277777778,0,0,0,0.3765559809027792
fx-ov-tr-scribble,1.5,FAIL,FAIL,2.6764452662665508,0.8182942708333333,0.8182942708333333,1.5234164129850916,0.4615668402777778,0.4358723958333333,1.8962631384477409,0.6756510416666667,0.618359375,0,0,0,0.4410597526041755
fx-ov-tr-scribble,2.1,FAIL,FAIL,2.189523302086966,0.4583333333333333,0.44700520833333335,0.5678758715252491,0.16690538194444443,0.1380859375,1.41543010628629,0.36026475694444443,0.20418836805555557,0,0,0,0.01846815538195301
fx-ov-el-speed-lines,0.3,PASS,PROVISIONAL_PASS,0.030468589023930414,0.03784722222222222,0.005772569444444445,0.024992728436111285,0.03680555555555556,0.001345486111111111,0.030468589023930414,0.03784722222222222,0.005772569444444445,0,0,0,0.00260631944445322
fx-ov-el-speed-lines,0.9,PASS,PROVISIONAL_PASS,0.022841965153823807,0.03806423611111111,0.0014756944444444444,0.017804529663455724,0.037434895833333336,0.004535590277777778,0.022841965153823807,0.03806423611111111,0.0014756944444444444,0,0,0,0.0028235763888915244
fx-ov-el-speed-lines,1.5,PASS,PROVISIONAL_PASS,0.02536914334495747,0.040863715277777775,0.0037109375,0.018791455118235875,0.03344184027777778,0.005620659722222222,0.02536914334495747,0.040863715277777775,0.0037109375,0,0,0,0.00296302083333444
fx-ov-el-speed-lines,2.1,PASS,PROVISIONAL_PASS,0.02460046295741685,0.03747829861111111,0.01091579861111111,0.020429957845474196,0.03441840277777778,0.00021701388888888888,0.02460046295741685,0.03747829861111111,0.01091579861111111,0,0,0,0.0032640277777602478
fx-ov-el-lightning,0.3,PASS,PROVISIONAL_PASS,0.026600481247675153,0.03480902777777778,0.01857638888888889,0.011763755202470989,0.021397569444444445,0.005989583333333334,0.02574294146907225,0.030338541666666666,0.019401041666666667,0,0,0,0.009633845486114012
fx-ov-el-lightning,0.9,FAIL,PROVISIONAL_PASS,1.5396495569829913,0.1341579861111111,0.011197916666666667,1.4531182612076659,0.10243055555555555,0.01579861111111111,1.6386040362006882,0.1375217013888889,0.05705295138888889,0,0,0,0.017799066840282762
fx-ov-el-lightning,1.5,PASS,PROVISIONAL_PASS,0.011527713202810356,0.015516493055555556,0.0059244791666666664,0.010097657492106097,0.018619791666666666,0.009114583333333334,0.01917557251744378,0.024370659722222222,0.017686631944444444,0,0,0,0.009055269097210328
fx-ov-el-lightning,2.1,PASS,PROVISIONAL_PASS,0.01623024888052533,0.020399305555555556,0.013888888888888888,0.015664880489756488,0.02209201388888889,0.014149305555555556,0.021417703246806002,0.026692708333333332,0.017491319444444445,0,0,0,0.014335234375003836
fx-ov-el-moon,0.3,PASS,PROVISIONAL_PASS,0.03122743952357613,0.03739149305555556,0.022330729166666667,0.018665242738304832,0.027105034722222223,0.012000868055555556,0.02395414693985994,0.029361979166666666,0.01872829861111111,0,0,0,0.014682717013897673
fx-ov-el-moon,0.9,PASS,PROVISIONAL_PASS,0.027634759462423986,0.03348524305555556,0.021202256944444445,0.015840918389606173,0.024869791666666665,0.010286458333333333,0.022322605234836063,0.028754340277777776,0.016688368055555555,0,0,0,0.013069375000000605
fx-ov-el-moon,1.5,PASS,PROVISIONAL_PASS,0.030176266519304044,0.03611111111111111,0.02243923611111111,0.016103513817101473,0.022786458333333332,0.010112847222222223,0.023332313140882403,0.024001736111111113,0.014019097222222223,0,0,0,0.01301546875001236
fx-ov-el-moon,2.1,PASS,PROVISIONAL_PASS,0.03208537101768168,0.03940972222222222,0.02912326388888889,0.015107320861139627,0.02265625,0.011631944444444445,0.01952402314706379,0.028884548611111113,0.010785590277777778,0,0,0,0.01528949218749176
fx-ov-el-smoke-puff,0.3,PASS,PROVISIONAL_PASS,0.028432628710664723,0.05375434027777778,0.008311631944444444,0.023075694917195723,0.05138888888888889,0.010590277777777778,0.027006378815168243,0.031640625,0.004036458333333334,0,0,0,0.009049787326375736
fx-ov-el-smoke-puff,0.9,PASS,PROVISIONAL_PASS,0.03911829568202324,0.05536024305555556,0.021202256944444445,0.025961627099621652,0.04142795138888889,0.0181640625,0.02814919430399165,0.030490451388888888,0.012000868055555556,0,0,0,0.016632074652790152
fx-ov-el-smoke-puff,1.5,PASS,PROVISIONAL_PASS,0.03649588981844462,0.052256944444444446,0.02816840277777778,0.026383281807995127,0.04342447916666667,0.01625434027777778,0.025407198856787435,0.024674479166666666,0.003927951388888889,0,0,0,0.017330108506939723
fx-ov-el-smoke-puff,2.1,PASS,PROVISIONAL_PASS,0.04692274006043182,0.07836371527777777,0.0380859375,0.028853185213998635,0.05894097222222222,0.017534722222222222,0.03292269194139751,0.040516493055555554,0.01447482638888889,0,0,0,0.019592821180538067
fx-ov-film-dust,0.3,FAIL,PROVISIONAL_PASS,0.2752820367324649,0.16725260416666668,0.049153645833333336,0.24259075380546888,0.13352864583333332,0.009483506944444444,0.27009192132910015,0.10809461805555555,0.01794704861111111,0,0,0,0.018528446180539504
fx-ov-film-dust,0.9,FAIL,PROVISIONAL_PASS,0.4257667568549704,0.2562282986111111,0.20345052083333334,0.2899118564480098,0.15110677083333332,0.1101345486111111,0.32810229167201105,0.16979166666666667,0.13880208333333333,0,0,0,0.13204332031250487
fx-ov-film-dust,1.5,FAIL,PROVISIONAL_PASS,0.22286833160790545,0.12996961805555557,0.015342881944444444,0.20475824911834375,0.11156684027777777,0.017903645833333332,0.24175034641221016,0.10813802083333333,0.029709201388888887,0,0,0,0.007397786458341216
fx-ov-film-dust,2.1,FAIL,PROVISIONAL_PASS,0.38852565120847965,0.14503038194444445,0.003884548611111111,0.3093795501101784,0.14407552083333333,0.0283203125,0.33999539593785166,0.15967881944444445,0.019270833333333334,0,0,0,0.020820186631951287
fx-ov-grain,0.3,FAIL,PROVISIONAL_PASS,0.7081761440624875,0.1916015625,0.05427517361111111,0.7201748833436402,0.20412326388888888,0.06480034722222222,0.7081761440624875,0.1916015625,0.05427517361111111,0,0,0,0.061802777777757
fx-ov-grain,0.9,FAIL,PROVISIONAL_PASS,0.6851190040494407,0.21004774305555557,0.019596354166666666,0.6730852629835212,0.21610243055555556,0.029296875,0.6851190040494407,0.21004774305555557,0.019596354166666666,0,0,0,0.026534166666664305
fx-ov-grain,1.5,FAIL,PROVISIONAL_PASS,0.6829407206821583,0.2796875,0.22825520833333332,0.6908096665353602,0.2712456597222222,0.21499565972222223,0.6829407206821583,0.2796875,0.22825520833333332,0,0,0,0.2187719791666609
fx-ov-grain,2.1,FAIL,PROVISIONAL_PASS,0.6631424121529024,0.31009114583333336,0.15601128472222223,0.6708076959953791,0.32048611111111114,0.1693142361111111,0.6631424121529024,0.31009114583333336,0.15601128472222223,0,0,0,0.16552555555554704
fx-ov-vhs,0.3,FAIL,PROVISIONAL_PASS,0.3282820252980289,0.13682725694444445,0.08049045138888888,0.3020974737648071,0.16714409722222223,0.050303819444444446,0.31677693128837564,0.13901909722222222,0.058333333333333334,0,0,0,0.057301228298570095
fx-ov-vhs,0.9,FAIL,PROVISIONAL_PASS,0.28960731474107715,0.20863715277777778,0.12443576388888888,0.2763305964578779,0.16588541666666667,0.12170138888888889,0.29028581474733134,0.15201822916666666,0.10718315972222223,0,0,0,0.12123450086804155
fx-ov-vhs,1.5,FAIL,PROVISIONAL_PASS,0.21352203384801707,0.1652126736111111,0.07766927083333333,0.19978998561243969,0.1265842013888889,0.05427517361111111,0.20569475802580017,0.1451388888888889,0.07100694444444444,0,0,0,0.06045679253472258
fx-ov-vhs,2.1,FAIL,PROVISIONAL_PASS,0.1790730104581608,0.10516493055555555,0.030989583333333334,0.1723443722090256,0.10197482638888888,0.02406684027777778,0.18845177809856434,0.09691840277777777,0.042317708333333336,0,0,0,0.02685632812497829
fx-ov-paper,0.3,PASS,PROVISIONAL_PASS,0.031478785708099484,0.0462890625,0.011566840277777778,0.026014693808780055,0.043294270833333336,0.010655381944444445,0.0649635085174331,0.07076822916666667,0.05505642361111111,0,0,0,0.0091366927083385
fx-ov-paper,0.9,PASS,PROVISIONAL_PASS,0.03298041181552386,0.05970052083333333,0.018033854166666665,0.023240875393713827,0.03884548611111111,0.008420138888888888,0.06418131394187736,0.07198350694444444,0.05944010416666667,0,0,0,0.006479661458342889
fx-ov-paper,1.5,PASS,PROVISIONAL_PASS,0.031789615848035045,0.052256944444444446,0.011501736111111112,0.026208343036329514,0.03828125,0.012890625,0.05855810097680389,0.06694878472222222,0.0552734375,0,0,0,0.010764848090275336
fx-ov-paper,2.1,PASS,PROVISIONAL_PASS,0.0318201904609953,0.050347222222222224,0.010112847222222223,0.026930573158661264,0.03940972222222222,0.0078125,0.057015137793646156,0.060980902777777776,0.04913194444444444,0,0,0,0.006984835069445694
fx-ov-burnt-edges,0.3,PASS,PROVISIONAL_PASS,0.04148313696317493,0.08856336805555555,0.017513020833333334,0.021968262769090044,0.05015190972222222,0.015950520833333332,0.026602082503200675,0.02892795138888889,0.010091145833333334,0,0,0,0.00695596354167094
fx-ov-burnt-edges,0.9,PASS,PROVISIONAL_PASS,0.04129753079531303,0.07996961805555555,0.009136284722222223,0.02512629475996171,0.057356770833333334,0.0169921875,0.030626339125924645,0.0326171875,0.016731770833333333,0,0,0,0.009002404513893225
fx-ov-burnt-edges,1.5,PASS,PROVISIONAL_PASS,0.04225496369771352,0.08075086805555555,0.020985243055555554,0.021826738043854436,0.04665798611111111,0.006597222222222222,0.02333461486808564,0.025434027777777778,0.013368055555555555,0,0,0,0.0007083029513808015
fx-ov-burnt-edges,2.1,PASS,PROVISIONAL_PASS,0.04309959645152519,0.08240017361111111,0.0111328125,0.02468340710801941,0.04845920138888889,0.010438368055555555,0.027771259015581112,0.030707465277777776,0.018033854166666665,0,0,0,0.00379664062501206
fx-ov-leak-green,0.3,PASS,PROVISIONAL_PASS,0.028084601137131616,0.03439670138888889,0.019422743055555556,0.022241840446460652,0.024913194444444446,0.0008246527777777778,0.02223416665507449,0.020985243055555554,0.0076171875,0,0,0,0.004089444444460355
fx-ov-leak-green,0.9,PASS,PROVISIONAL_PASS,0.030568901104293087,0.033745659722222224,0.017990451388888887,0.026293047315347953,0.02699652777777778,0.0050347222222222225,0.022250558772134697,0.02068142361111111,0.004535590277777778,0,0,0,0.0005514062499969441
fx-ov-leak-green,1.5,PASS,PROVISIONAL_PASS,0.02689253118534338,0.02261284722222222,0.009027777777777777,0.030650422430364227,0.03194444444444444,0.0078125,0.023671452451122458,0.02502170138888889,0.004448784722222222,0,0,0,0.003346992187502451
fx-ov-leak-green,2.1,PASS,PROVISIONAL_PASS,0.030002282509793702,0.030946180555555557,0.017013888888888887,0.03311651589540651,0.03485243055555556,0.00959201388888889,0.021915265774029618,0.024522569444444444,0.008159722222222223,0,0,0,0.00265392361112049
fx-ov-leak-purple,0.3,PASS,PROVISIONAL_PASS,0.026835918976399493,0.030794270833333335,0.006705729166666666,0.018713547207110482,0.022395833333333334,0.0067708333333333336,0.02362684177287746,0.027560763888888888,0.0009982638888888888,0,0,0,0.0063402126736207265
fx-ov-leak-purple,0.9,PASS,PROVISIONAL_PASS,0.03068016728660152,0.030859375,0.008333333333333333,0.02234422090032219,0.02504340277777778,0.008550347222222223,0.025985262490997352,0.025130208333333334,0.0008680555555555555,0,0,0,0.007949548611108526
fx-ov-leak-purple,1.5,PASS,PROVISIONAL_PASS,0.028447043470608755,0.028993055555555557,0.005208333333333333,0.018561002730356903,0.021701388888888888,0.007421875,0.029049889869773863,0.03448350694444444,0.005750868055555556,0,0,0,0.006000203993039577
fx-ov-leak-purple,2.1,PASS,PROVISIONAL_PASS,0.03162935445686254,0.028515625,0.003949652777777778,0.018739827238176972,0.021918402777777776,0.012022569444444445,0.03394603441107431,0.034765625,0.005512152777777778,0,0,0,0.0090402604166826
fx-ov-leak-red,0.3,PASS,PROVISIONAL_PASS,0.028042491536602012,0.030164930555555556,0.008897569444444444,0.018713547207110482,0.022395833333333334,0.0067708333333333336,0.020758230079526502,0.025694444444444443,0.011935763888888888,0,0,0,0.007595885416662895
fx-ov-leak-red,0.9,PASS,PROVISIONAL_PASS,0.032237269919789986,0.03198784722222222,0.004383680555555556,0.02234422090032219,0.02504340277777778,0.008550347222222223,0.024308321433697388,0.029166666666666667,0.017013888888888887,0,0,0,0.008275581597217752
fx-ov-leak-red,1.5,PASS,PROVISIONAL_PASS,0.035616931200848745,0.029709201388888887,0.0057074652777777775,0.018561002730356903,0.021701388888888888,0.007421875,0.023304895319377388,0.02424045138888889,0.012044270833333334,0,0,0,0.004964314236119094
fx-ov-leak-red,2.1,PASS,PROVISIONAL_PASS,0.03548336896050135,0.035481770833333336,0.0024088541666666668,0.018739827238176972,0.021918402777777776,0.012022569444444445,0.023085080935922767,0.026475694444444444,0.011501736111111112,0,0,0,0.00891684461807074
fx-ov-lightning,0.3,PASS,PROVISIONAL_PASS,0.020019831792521908,0.03771701388888889,0.002690972222222222,0.018028718540196827,0.028884548611111113,0.001540798611111111,0.03804261121079656,0.04370659722222222,0.027994791666666668,0,0,0,0.001491345486115847
fx-ov-lightning,0.9,PASS,PROVISIONAL_PASS,0.026744842239538515,0.05970052083333333,0.0035807291666666665,0.01942096245791999,0.02736545138888889,0.015690104166666666,0.025902586863921752,0.034765625,0.011371527777777777,0,0,0,0.012803849826411806
fx-ov-lightning,1.5,PASS,PROVISIONAL_PASS,0.022579885056829063,0.06095920138888889,0.002018229166666667,0.020655101447028694,0.03324652777777778,0.01740451388888889,0.025452645522848892,0.03546006944444444,0.019965277777777776,0,0,0,0.013460125868064665
fx-ov-lightning,2.1,PASS,PROVISIONAL_PASS,0.02508784958357086,0.06940104166666666,0.0006944444444444445,0.01830305463425718,0.030837673611111113,0.014214409722222222,0.021794350341744272,0.03713107638888889,0.013953993055555556,0,0,0,0.01132126302081815
fx-ov-bokeh-blue,0.3,PASS,PROVISIONAL_PASS,0.027080919283681577,0.03430989583333333,0.021158854166666668,0.013539610029626248,0.014344618055555555,0.0008029513888888889,0.03217119889283354,0.02947048611111111,0.0030381944444444445,0,0,0,0.004853285590272094
fx-ov-bokeh-blue,0.9,PASS,PROVISIONAL_PASS,0.02747260285010158,0.03463541666666667,0.02426215277777778,0.015793335697183216,0.018619791666666666,0.0033420138888888887,0.029958391488101085,0.032421875,0.004123263888888889,0,0,0,0.007846041666667247
fx-ov-bokeh-blue,1.5,PASS,PROVISIONAL_PASS,0.02599054331199887,0.03153211805555556,0.01773003472222222,0.01578061422540913,0.016362847222222223,0.0007378472222222222,0.026571008963578273,0.03042534722222222,0.0015190972222222222,0,0,0,0.00418743489584017
fx-ov-bokeh-blue,2.1,PASS,PROVISIONAL_PASS,0.023705185207842008,0.03526475694444445,0.01755642361111111,0.014312237127152395,0.016471354166666667,0.0039713541666666664,0.026496694882575108,0.03296440972222222,0.003841145833333333,0,0,0,0.006850138888893298
fx-ov-bokeh-rainbow,0.3,PASS,PROVISIONAL_PASS,0.027080919283681577,0.03430989583333333,0.021158854166666668,0.018092373210064804,0.01697048611111111,0.00013020833333333333,0.02848926675169632,0.030013020833333334,0.0006727430555555556,0,0,0,0.004640069444434403
fx-ov-bokeh-rainbow,0.9,PASS,PROVISIONAL_PASS,0.02747260285010158,0.03463541666666667,0.02426215277777778,0.01912598556836148,0.019856770833333332,0.002322048611111111,0.025279639230669018,0.03194444444444444,0.008246527777777778,0,0,0,0.007414262152764195
fx-ov-bokeh-rainbow,1.5,PASS,PROVISIONAL_PASS,0.02599054331199887,0.03153211805555556,0.01773003472222222,0.019487606805480392,0.020833333333333332,0.00030381944444444445,0.022173947116141533,0.02671440972222222,0.0013237847222222223,0,0,0,0.004082274305574174
fx-ov-bokeh-rainbow,2.1,PASS,PROVISIONAL_PASS,0.023705185207842008,0.03526475694444445,0.01755642361111111,0.018559297581770835,0.018684895833333333,0.0014973958333333334,0.02659974519303714,0.03480902777777778,0.00078125,0,0,0,0.004747026909740271
fx-ov-sparkle-pink,0.3,PASS,PROVISIONAL_PASS,0.01812553674258766,0.028645833333333332,0.01349826388888889,0.012173309867029124,0.0205078125,0.008485243055555555,0.01962512912473055,0.023719618055555555,0.01694878472222222,0,0,0,0.01016207899305499
fx-ov-sparkle-pink,0.9,PASS,PROVISIONAL_PASS,0.017192801753303615,0.020551215277777778,0.008572048611111112,0.012981623648721926,0.01970486111111111,0.008940972222222222,0.02064250805739371,0.02575954861111111,0.019422743055555556,0,0,0,0.00961932291667722
fx-ov-sparkle-pink,1.5,PASS,PROVISIONAL_PASS,0.013984017365853781,0.01720920138888889,0.006488715277777778,0.011316184358390796,0.01955295138888889,0.0099609375,0.01971623466280683,0.026150173611111112,0.017686631944444444,0,0,0,0.009780538194441135
fx-ov-sparkle-pink,2.1,PASS,PROVISIONAL_PASS,0.016616205921082036,0.0185546875,0.010872395833333333,0.014399072319328248,0.0216796875,0.011740451388888889,0.020627917066538118,0.030013020833333334,0.014561631944444445,0,0,0,0.011759592013881104
fx-ov-sparkle-blue,0.3,PASS,PROVISIONAL_PASS,0.018628708968501436,0.028059895833333334,0.014995659722222223,0.012046711846491314,0.019791666666666666,0.007552083333333333,0.02123764831615791,0.026649305555555555,0.018446180555555556,0,0,0,0.009921141493052232
fx-ov-sparkle-blue,0.9,PASS,PROVISIONAL_PASS,0.0160120534157005,0.019487847222222222,0.009765625,0.012816457272927259,0.019487847222222222,0.008463541666666666,0.02197071531399291,0.026106770833333334,0.018684895833333333,0,0,0,0.009478346354157452
fx-ov-sparkle-blue,1.5,PASS,PROVISIONAL_PASS,0.013254132648332329,0.018120659722222224,0.0074435763888888885,0.01165065913821551,0.018771701388888888,0.009700520833333334,0.019825465045855212,0.025434027777777778,0.01579861111111111,0,0,0,0.009660976562493317
fx-ov-sparkle-blue,2.1,PASS,PROVISIONAL_PASS,0.015627035610999748,0.019835069444444443,0.01228298611111111,0.0140613893282865,0.022677951388888888,0.011176215277777778,0.020533241905836132,0.028515625,0.011805555555555555,0,0,0,0.011456953125005498
fx-ov-hearts-red,0.3,FAIL,PROVISIONAL_PASS,0.9427108085019998,0.42506510416666665,0.3539279513888889,0.2549942185314309,0.1447265625,0.13569878472222222,0.29433516796822506,0.17938368055555556,0.1636284722222222,0,0,0,0.18411082899307019
fx-ov-hearts-red,0.9,FAIL,PROVISIONAL_PASS,1.1192245574204516,0.4044921875,0.3951171875,0.2563710841023481,0.053559027777777775,0.012196180555555556,0.34153055576091085,0.0875,0.07643229166666667,0,0,0,0.09824303385418887
fx-ov-hearts-red,1.5,FAIL,PROVISIONAL_PASS,1.0071731327464108,0.5616102430555555,0.5557074652777778,0.27909270240377765,0.09950086805555555,0.05071614583333333,0.31479054749277147,0.1910373263888889,0.14259982638888888,0,0,0,0.16471130208331886
fx-ov-hearts-red,2.1,FAIL,PROVISIONAL_PASS,0.6053771736086584,0.2238498263888889,0.21968315972222222,0.24283525254462232,0.10158420138888889,0.09047309027777778,0.25458565261170224,0.14965277777777777,0.14895833333333333,0,0,0,0.12216578559028335
fx-ov-fog-pink,0.3,PASS,PROVISIONAL_PASS,0.0422100189641736,0.06638454861111111,0.02732204861111111,0.03409178633514838,0.06909722222222223,0.017274305555555557,0.04005002505724778,0.059483506944444445,0.021419270833333334,0,0,0,0.019709722222216897
fx-ov-fog-pink,0.9,PASS,PROVISIONAL_PASS,0.04031050120898867,0.06514756944444444,0.028211805555555556,0.030015414368285188,0.06712239583333333,0.015082465277777778,0.03827156003699124,0.057465277777777775,0.01579861111111111,0,0,0,0.017925468750007667
fx-ov-fog-pink,1.5,PASS,PROVISIONAL_PASS,0.04252200840276426,0.0705295138888889,0.02421875,0.034579329159725725,0.062174479166666664,0.022938368055555554,0.03699253704301808,0.05399305555555556,0.021267361111111112,0,0,0,0.023089930555528326
fx-ov-fog-pink,2.1,PASS,PROVISIONAL_PASS,0.04233850868435448,0.07029079861111111,0.019769965277777777,0.02881171141769383,0.06321614583333333,0.017165798611111113,0.033809367568002194,0.05008680555555556,0.021527777777777778,0,0,0,0.018034379340292617
fx-ov-fog-blue,0.3,PASS,PROVISIONAL_PASS,0.03906510788591266,0.06384548611111111,0.025303819444444445,0.03214612014561826,0.06768663194444445,0.010655381944444445,0.03504103096466535,0.055403645833333334,0.021723090277777777,0,0,0,0.014568728298598899
fx-ov-fog-blue,0.9,PASS,PROVISIONAL_PASS,0.03670819815460162,0.07172309027777778,0.021419270833333334,0.02969534565354522,0.06729600694444444,0.01642795138888889,0.03510706120327664,0.05295138888888889,0.01328125,0,0,0,0.01726191406251587
fx-ov-fog-blue,1.5,PASS,PROVISIONAL_PASS,0.03787151311752132,0.06875,0.025607638888888888,0.029194258429820413,0.06280381944444445,0.017838541666666666,0.037961322095348256,0.0546875,0.025347222222222222,0,0,0,0.020032378472194523
fx-ov-fog-blue,2.1,PASS,PROVISIONAL_PASS,0.038820979826086933,0.06154513888888889,0.0234375,0.02891025055774027,0.058333333333333334,0.018229166666666668,0.03368171187050572,0.045008680555555555,0.02261284722222222,0,0,0,0.019652960069436176
