storage,id,time,baselinePassed,candidatePassed,R_mae8,R_p99_8,G_mae8,G_p99_8,B_mae8,B_p99_8,A_mae8,A_p99_8
float32-sized,fx-shake,0.3,False,False,0.4969401041666667,9,0.4937717013888889,4,0.5157118055555555,9,0,0
float32-sized,fx-shake,0.9,True,True,0.10776909722222222,8,0.10900607638888889,4,0.10887586805555556,8,0,0
float32-sized,fx-shake,1.5,False,False,1.546701388888889,9,1.5361762152777778,12,1.5693359375,16,0,0
float32-sized,fx-shake,2.1,False,False,7.134288194444444,65,7.0271484375,65,7.201909722222222,74,0,0
float32-sized,fx-blur,0.3,True,True,0.08650173611111112,8,0.0675998263888889,4,0.04984809027777778,0,0,0
float32-sized,fx-blur,0.9,True,True,0.07849392361111111,0,0.0759548611111111,4,0.05377604166666667,0,0,0
float32-sized,fx-blur,1.5,True,True,0.07124565972222222,0,0.06970486111111111,4,0.05572916666666667,0,0,0
float32-sized,fx-blur,2.1,True,True,0.07701822916666666,0,0.07506510416666666,4,0.05243055555555556,0,0,0
float32-sized,fx-ct-edge-glow,0.3,True,True,0.08511284722222222,8,0.10154079861111111,4,0.11280381944444444,8,0,0
float32-sized,fx-ct-edge-glow,0.9,True,True,0.0828125,0,0.11048177083333334,4,0.10844184027777778,8,0,0
float32-sized,fx-ct-edge-glow,1.5,True,True,0.14448784722222222,8,0.10700954861111112,4,0.10852864583333334,8,0,0
float32-sized,fx-ct-edge-glow,2.1,True,True,0.10123697916666667,8,0.10169270833333334,4,0.1111328125,8,0,0
float32-sized,fx-cc-slash-reveal,0.3,False,False,4.135720486111111,124,4.110308159722222,129,4.136610243055555,131,0,0
float32-sized,fx-cc-slash-reveal,0.9,True,True,0.1362847222222222,8,0.14743923611111112,4,0.14793836805555555,8,0,0
float32-sized,fx-cc-slash-reveal,1.5,True,True,0.09978298611111111,8,0.09487847222222222,4,0.0974609375,8,0,0
float32-sized,fx-cc-slash-reveal,2.1,False,False,5.774348958333333,148,5.701692708333334,142,5.711436631944444,148,0,0
float32-sized,fx-cc-black-flash,0.3,True,True,0.09431423611111112,8,0.08020833333333334,4,0.07621527777777778,0,0,0
float32-sized,fx-cc-black-flash,0.9,True,True,0.098828125,8,0.08838975694444444,4,0.07706163194444444,0,0,0
float32-sized,fx-cc-black-flash,1.5,True,True,0.09798177083333333,8,0.0884765625,4,0.06506076388888889,0,0,0
float32-sized,fx-cc-black-flash,2.1,True,True,0.09197048611111111,8,0.08402777777777778,4,0.071484375,0,0,0
float32-sized,fx-cc-diamond-zoom,0.3,True,True,0.11193576388888889,8,0.1334201388888889,4,0.1304253472222222,8,0,0
float32-sized,fx-cc-diamond-zoom,0.9,True,True,0.10125868055555555,8,0.09828559027777778,4,0.09704861111111111,8,0,0
float32-sized,fx-cc-diamond-zoom,1.5,True,True,0.12684461805555555,8,0.1103515625,4,0.098046875,8,0,0
float32-sized,fx-cc-diamond-zoom,2.1,True,True,0.1140407986111111,8,0.12068142361111112,4,0.10661892361111111,8,0,0
float32-sized,fx-ct-error-quake,0.3,False,False,21.863368055555554,115,17.897092013888887,113,21.985091145833334,140,0,0
float32-sized,fx-ct-error-quake,0.9,True,True,0.06636284722222222,0,0.05607638888888889,4,0.057465277777777775,0,0,0
float32-sized,fx-ct-error-quake,1.5,True,True,0.06067708333333333,0,0.05653211805555555,4,0.06297743055555556,0,0,0
float32-sized,fx-ct-error-quake,2.1,False,False,1.3927951388888888,25,2.676193576388889,65,2.877907986111111,74,0,0
float32-sized,fx-ct-explosion,0.3,True,True,0.05766059027777778,0,0.06712239583333333,4,0.037608506944444446,0,0,0
float32-sized,fx-ct-explosion,0.9,True,True,0.08391927083333334,8,0.06182725694444444,4,0.045811631944444445,0,0,0
float32-sized,fx-ct-explosion,1.5,True,True,0.06512586805555555,0,0.06809895833333333,4,0.04077690972222222,0,0,0
float32-sized,fx-ct-explosion,2.1,True,True,0.03658854166666667,0,0.06694878472222222,4,0.07133246527777778,0,0,0
float32-sized,fx-ct-scene-cut,0.3,False,False,40.97667100694444,140,41.658528645833336,142,44.72269965277778,148,0,0
float32-sized,fx-ct-scene-cut,0.9,False,False,94.79663628472223,156,96.15219184027778,157,95.73799913194445,157,0,0
float32-sized,fx-ct-scene-cut,1.5,False,False,93.98615451388889,156,95.41380208333334,158,94.89483506944444,156,0,0
float32-sized,fx-ct-scene-cut,2.1,False,False,93.57389322916667,148,95.00844184027778,150,94.51569010416667,148,0,0
float32-sized,fx-ct-sharpen-edges,0.3,True,True,0.20245225694444444,8,0.1833767361111111,4,0.17515190972222222,8,0,0
float32-sized,fx-ct-sharpen-edges,0.9,True,True,0.19329427083333334,8,0.18057725694444443,4,0.18489583333333334,8,0,0
float32-sized,fx-ct-sharpen-edges,1.5,True,True,0.19468315972222222,8,0.18111979166666667,4,0.1849392361111111,8,0,0
float32-sized,fx-ct-sharpen-edges,2.1,True,True,0.19016927083333332,8,0.17651909722222223,4,0.16944444444444445,8,0,0
float32-sized,fx-ct-game-over,0.3,True,True,0.04407552083333333,0,0.04626736111111111,4,0.04084201388888889,0,0,0
float32-sized,fx-ct-game-over,0.9,True,True,0.04268663194444444,0,0.04307725694444445,4,0.039453125,0,0,0
float32-sized,fx-ct-game-over,1.5,True,True,0.04568142361111111,0,0.04338107638888889,4,0.04244791666666667,0,0,0
float32-sized,fx-ct-game-over,2.1,True,True,0.05134548611111111,0,0.047417534722222224,4,0.048111979166666666,0,0,0
float32-sized,fx-cc-shiny-stack,0.3,False,False,10.536697048611112,74,11.145095486111112,81,11.758506944444445,82,0,0
float32-sized,fx-cc-shiny-stack,0.9,False,False,17.398046875,148,18.309852430555555,150,18.39125434027778,156,0,0
float32-sized,fx-cc-shiny-stack,1.5,False,False,17.422048611111112,140,18.040169270833335,146,17.9169921875,149,0,0
float32-sized,fx-cc-shiny-stack,2.1,False,False,4.551063368055556,49,4.840993923611111,49,5.109223090277778,49,0,0
float32-sized,fx-cc-dance-flash,0.3,False,True,0.34329427083333336,8,0.2429904513888889,4,0.27471788194444446,8,0,0
float32-sized,fx-cc-dance-flash,0.9,True,True,0.3546875,8,0.2271050347222222,4,0.26089409722222223,8,0,0
float32-sized,fx-cc-dance-flash,1.5,True,True,0.3311631944444444,8,0.2472873263888889,4,0.26471354166666666,8,0,0
float32-sized,fx-cc-dance-flash,2.1,True,True,0.34036458333333336,8,0.23424479166666667,4,0.2777777777777778,8,0,0
float32-sized,fx-ct-glass-breaking,0.3,False,False,7.579036458333333,107,7.211675347222222,97,7.551432291666667,99,0,0
float32-sized,fx-ct-glass-breaking,0.9,False,False,7.577734375,107,7.114409722222222,98,7.436610243055555,99,0,0
float32-sized,fx-ct-glass-breaking,1.5,False,False,8.291948784722223,107,7.9387803819444445,105,8.436588541666667,107,0,0
float32-sized,fx-ct-glass-breaking,2.1,False,False,7.576866319444444,107,7.157139756944445,101,7.479361979166667,99,0,0
float32-sized,fx-ct-negative-panels,0.3,True,True,0.107421875,8,0.04583333333333333,4,0.07625868055555556,0,0,0
float32-sized,fx-ct-negative-panels,0.9,True,True,0.12918836805555556,8,0.04967447916666667,4,0.10512152777777778,8,0,0
float32-sized,fx-ct-negative-panels,1.5,True,True,0.10082465277777777,8,0.05075954861111111,4,0.07797309027777778,0,0,0
float32-sized,fx-ct-negative-panels,2.1,False,False,47.11137152777778,206,50.107769097222224,223,64.93532986111111,247,0,0
float32-sized,fx-ct-darken-flash,0.3,True,True,0.031749131944444446,0,0.0767578125,4,0.023893229166666665,0,0,0
float32-sized,fx-ct-darken-flash,0.9,True,True,0.04602864583333333,0,0.043684895833333334,4,0.039496527777777776,0,0,0
float32-sized,fx-ct-darken-flash,1.5,True,True,0.04529079861111111,0,0.04309895833333333,4,0.03511284722222222,0,0,0
float32-sized,fx-ct-darken-flash,2.1,True,True,0.0724609375,0,0.0730251736111111,4,0.05755208333333333,0,0,0
float32-sized,fx-horizontal-open,0.3,True,True,0.006944444444444444,0,0.0078125,0,0.006705729166666666,0,0,0
float32-sized,fx-horizontal-open,0.9,True,True,0.025347222222222222,0,0.026627604166666666,0,0.023177083333333334,0,0,0
float32-sized,fx-horizontal-open,1.5,True,True,0.049370659722222224,0,0.04754774305555556,4,0.0421875,0,0,0
float32-sized,fx-horizontal-open,2.1,True,True,0.07515190972222222,0,0.063671875,4,0.06460503472222222,0,0,0
float32-sized,fx-ct-fireplace,0.3,False,False,1.6359375,33,1.0358723958333333,20,0.29509548611111114,9,0,0
float32-sized,fx-ct-fireplace,0.9,False,False,1.914453125,41,1.22890625,28,0.3599826388888889,9,0,0
float32-sized,fx-ct-fireplace,1.5,False,False,1.8498914930555554,41,1.1970052083333333,25,0.3495876736111111,9,0,0
float32-sized,fx-ct-fireplace,2.1,False,False,1.7330078125,41,1.0700086805555555,24,0.3232204861111111,9,0,0
float32-sized,fx-fade-in,0.3,True,True,0.028190104166666667,0,0.00703125,0,0.0123046875,0,0,0
float32-sized,fx-fade-in,0.9,True,True,0.13207465277777777,8,0.0779079861111111,4,0.07447916666666667,0,0,0
float32-sized,fx-fade-in,1.5,True,True,0.10230034722222223,8,0.08381076388888889,4,0.06684027777777778,0,0,0
float32-sized,fx-fade-in,2.1,True,True,0.06675347222222222,0,0.0576171875,4,0.053125,0,0,0
float32-sized,fx-ct-neon,0.3,True,True,0.08368055555555555,8,0.10768229166666667,4,0.10926649305555555,8,0,0
float32-sized,fx-ct-neon,0.9,True,True,0.09205729166666667,8,0.1123046875,4,0.10533854166666666,8,0,0
float32-sized,fx-ct-neon,1.5,True,True,0.08919270833333333,8,0.11610243055555555,4,0.1046875,8,0,0
float32-sized,fx-ct-neon,2.1,True,True,0.08216145833333334,8,0.11380208333333333,4,0.10729166666666666,8,0,0
float32-sized,fx-ct-vignette-noir,0.3,False,False,3.9774522569444444,17,3.9902994791666666,12,3.9774522569444444,17,0,0
float32-sized,fx-ct-vignette-noir,0.9,False,False,3.6661024305555556,17,3.6983072916666666,12,3.6661024305555556,17,0,0
float32-sized,fx-ct-vignette-noir,1.5,False,False,3.4764756944444444,17,3.489995659722222,12,3.4764756944444444,17,0,0
float32-sized,fx-ct-vignette-noir,2.1,False,False,3.2016059027777777,17,3.194704861111111,12,3.2016059027777777,17,0,0
float32-sized,fx-ct-dreamy-halo,0.3,True,True,0.07860243055555556,0,0.08671875,4,0.09166666666666666,8,0,0
float32-sized,fx-ct-dreamy-halo,0.9,True,True,0.08283420138888889,8,0.08079427083333333,4,0.0869140625,8,0,0
float32-sized,fx-ct-dreamy-halo,1.5,True,True,0.07866753472222222,0,0.087109375,4,0.08797743055555556,8,0,0
float32-sized,fx-ct-dreamy-halo,2.1,True,True,0.07842881944444445,0,0.08166232638888889,4,0.09249131944444444,8,0,0
float32-sized,fx-ct-lightning-crack,0.3,False,False,11.745681423611112,148,12.422504340277778,154,13.125043402777777,156,0,0
float32-sized,fx-ct-lightning-crack,0.9,True,True,0.09029947916666667,8,0.0775390625,4,0.0708984375,0,0,0
float32-sized,fx-ct-lightning-crack,1.5,False,False,8.1689453125,132,8.6328125,138,9.132118055555555,140,0,0
float32-sized,fx-ct-lightning-crack,2.1,True,True,0.10809461805555555,8,0.11516927083333334,4,0.10436197916666666,8,0,0
float32-sized,fx-ct-narrow-focus,0.3,True,True,0.015755208333333333,0,0.016080729166666665,0,0.015755208333333333,0,0,0
float32-sized,fx-ct-narrow-focus,0.9,True,True,0.02868923611111111,0,0.03246527777777778,0,0.02868923611111111,0,0,0
float32-sized,fx-ct-narrow-focus,1.5,True,True,0.03268229166666667,0,0.03109809027777778,0,0.03268229166666667,0,0,0
float32-sized,fx-ct-narrow-focus,2.1,True,True,0.027756076388888887,0,0.03205295138888889,0,0.027756076388888887,0,0,0
float32-sized,fx-vignette,0.3,False,False,9.32341579861111,25,9.385590277777778,29,9.297330729166667,25,0,0
float32-sized,fx-vignette,0.9,False,False,8.865928819444445,25,8.958268229166666,29,8.866731770833333,25,0,0
float32-sized,fx-vignette,1.5,False,False,8.353428819444444,25,8.431944444444444,28,8.36953125,25,0,0
float32-sized,fx-vignette,2.1,False,False,8.050325520833333,25,8.113715277777779,28,8.042838541666667,25,0,0
float32-sized,fx-ct-offset-slice,0.3,True,True,0.04303385416666667,0,0.03519965277777778,0,0.03830295138888889,0,0,0
float32-sized,fx-ct-offset-slice,0.9,False,False,7.9469618055555555,148,6.741080729166667,125,6.691818576388889,115,0,0
float32-sized,fx-ct-offset-slice,1.5,True,True,0.12599826388888888,0,0.0993923611111111,4,0.09717881944444444,0,0,0
float32-sized,fx-ct-offset-slice,2.1,True,True,0.03107638888888889,0,0.023394097222222222,0,0.031749131944444446,0,0,0
float32-sized,fx-zoom-lens,0.3,True,True,0.09168836805555555,8,0.08621961805555556,4,0.07749565972222222,0,0,0
float32-sized,fx-zoom-lens,0.9,True,True,0.07634548611111111,0,0.07317708333333334,4,0.06642795138888889,0,0,0
float32-sized,fx-zoom-lens,1.5,True,True,0.088671875,8,0.08980034722222222,4,0.08819444444444445,8,0,0
float32-sized,fx-zoom-lens,2.1,True,True,0.09418402777777778,8,0.08793402777777778,4,0.07983940972222223,0,0,0
float32-sized,fx-ct-picture-bumps,0.3,True,True,0.10481770833333333,8,0.11121961805555555,4,0.0890625,8,0,0
float32-sized,fx-ct-picture-bumps,0.9,True,True,0.05277777777777778,0,0.04984809027777778,4,0.04494357638888889,0,0,0
float32-sized,fx-ct-picture-bumps,1.5,True,True,0.10017361111111112,8,0.12057291666666667,4,0.1048828125,8,0,0
float32-sized,fx-ct-picture-bumps,2.1,True,True,0.07233072916666666,0,0.07428385416666666,4,0.06460503472222222,0,0,0
float32-sized,fx-ct-background-fit,0.3,True,True,0.024631076388888888,0,0.013693576388888889,0,0.009027777777777777,0,0,0
float32-sized,fx-ct-background-fit,0.9,True,True,0.16918402777777777,8,0.14144965277777777,4,0.10616319444444444,8,0,0
float32-sized,fx-ct-background-fit,1.5,True,True,0.10805121527777778,8,0.10199652777777778,4,0.09429253472222222,8,0,0
float32-sized,fx-ct-background-fit,2.1,True,True,0.11779513888888889,8,0.10733506944444444,4,0.09097222222222222,8,0,0
float32-sized,fx-ct-astral,0.3,True,True,0.08231336805555556,8,0.07174479166666667,4,0.05883246527777778,0,0,0
float32-sized,fx-ct-astral,0.9,True,True,0.10154079861111111,8,0.09984809027777777,4,0.0787109375,0,0,0
float32-sized,fx-ct-astral,1.5,True,True,0.08719618055555556,8,0.07267795138888888,4,0.06141493055555555,0,0,0
float32-sized,fx-ct-astral,2.1,True,True,0.10987413194444444,8,0.10885416666666667,4,0.08600260416666666,8,0,0
float32-sized,fx-cc-wobbly-flash,0.3,True,True,0.0915798611111111,8,0.10271267361111111,4,0.07999131944444444,0,0,0
float32-sized,fx-cc-wobbly-flash,0.9,True,True,0.11247829861111111,8,0.09305555555555556,4,0.08448350694444444,8,0,0
float32-sized,fx-cc-wobbly-flash,1.5,True,True,0.09800347222222222,8,0.08608940972222222,4,0.08114149305555556,0,0,0
float32-sized,fx-cc-wobbly-flash,2.1,True,True,0.09778645833333334,8,0.09774305555555556,4,0.075,0,0,0
float32-sized,fx-cc-feverish,0.3,True,True,0.058051215277777776,0,0.07927517361111111,4,0.052821180555555555,0,0,0
float32-sized,fx-cc-feverish,0.9,False,False,6.622677951388889,17,18.372135416666666,29,14.506727430555555,25,0,0
float32-sized,fx-cc-feverish,1.5,True,True,0.06434461805555555,0,0.07686631944444444,4,0.05681423611111111,0,0,0
float32-sized,fx-cc-feverish,2.1,True,True,0.05232204861111111,0,0.07777777777777778,4,0.054144965277777776,0,0,0
float32-sized,fx-ct-tension-zoom,0.3,True,True,0.09800347222222222,8,0.09715711805555556,4,0.08854166666666667,8,0,0
float32-sized,fx-ct-tension-zoom,0.9,True,True,0.08513454861111111,8,0.08600260416666666,4,0.0788845486111111,0,0,0
float32-sized,fx-ct-tension-zoom,1.5,True,True,0.08626302083333333,8,0.0827907986111111,4,0.09220920138888888,8,0,0
float32-sized,fx-ct-tension-zoom,2.1,True,True,0.09741753472222223,8,0.09418402777777778,4,0.08726128472222222,8,0,0
float32-sized,fx-ct-negative,0.3,True,True,0.04754774305555556,0,0.041276041666666666,4,0.0396484375,0,0,0
float32-sized,fx-ct-negative,0.9,True,True,0.04602864583333333,0,0.043684895833333334,4,0.039496527777777776,0,0,0
float32-sized,fx-ct-negative,1.5,True,True,0.04529079861111111,0,0.04309895833333333,4,0.03511284722222222,0,0,0
float32-sized,fx-ct-negative,2.1,True,True,0.045073784722222225,0,0.045182291666666666,4,0.039388020833333336,0,0,0
float32-sized,fx-ct-cut-shift,0.3,False,False,6.964279513888889,91,7.589908854166667,93,8.153732638888888,107,0,0
float32-sized,fx-ct-cut-shift,0.9,True,True,0.05180121527777778,0,0.057530381944444445,4,0.05486111111111111,0,0,0
float32-sized,fx-ct-cut-shift,1.5,False,False,7.162912326388889,75,7.335698784722222,77,7.602473958333333,74,0,0
float32-sized,fx-ct-cut-shift,2.1,True,True,0.2232421875,8,0.2249782986111111,4,0.23140190972222222,8,0,0
float32-sized,fx-ct-effect-mashup,0.3,True,True,0.024479166666666666,0,0.021484375,0,0.01577690972222222,0,0,0
float32-sized,fx-ct-effect-mashup,0.9,True,True,0.06024305555555556,0,0.043511284722222224,4,0.055815972222222225,0,0,0
float32-sized,fx-ct-effect-mashup,1.5,True,True,0.08869357638888889,8,0.08817274305555556,4,0.08179253472222223,0,0,0
float32-sized,fx-ct-effect-mashup,2.1,True,True,0.0712890625,0,0.0642578125,4,0.06226128472222222,0,0,0
float32-sized,fx-ct-hexagonal-spot,0.3,True,True,0.039778645833333334,0,0.05182291666666667,4,0.042144097222222225,0,0,0
float32-sized,fx-ct-hexagonal-spot,0.9,True,True,0.07619357638888889,0,0.064453125,4,0.0640625,0,0,0
float32-sized,fx-ct-hexagonal-spot,1.5,True,True,0.2433810763888889,8,0.049370659722222224,4,0.044205729166666666,0,0,0
float32-sized,fx-ct-hexagonal-spot,2.1,True,True,0.05141059027777778,0,0.08090277777777778,4,0.05358072916666667,0,0,0
float32-sized,fx-ct-broken-shine,0.3,True,True,0.08077256944444444,0,0.07864583333333333,4,0.0802734375,0,0,0
float32-sized,fx-ct-broken-shine,0.9,True,True,0.06315104166666667,0,0.0646484375,4,0.05855034722222222,0,0,0
float32-sized,fx-ct-broken-shine,1.5,True,True,0.04663628472222222,0,0.040234375,0,0.04038628472222222,0,0,0
float32-sized,fx-ct-broken-shine,2.1,True,True,0.06534288194444444,0,0.06356336805555556,4,0.05950520833333333,0,0,0
float32-sized,fx-cc-move-cloud,0.3,True,True,0.08630642361111111,8,0.06729600694444444,4,0.07727864583333334,0,0,0
float32-sized,fx-cc-move-cloud,0.9,True,True,0.04865451388888889,0,0.0423828125,4,0.029383680555555555,0,0,0
float32-sized,fx-cc-move-cloud,1.5,True,True,0.04982638888888889,0,0.04136284722222222,4,0.031749131944444446,0,0,0
float32-sized,fx-cc-move-cloud,2.1,True,True,0.07669270833333333,0,0.07256944444444445,4,0.0754123263888889,0,0,0
float32-sized,fx-ct-grim-neo,0.3,True,True,0.07473958333333333,0,0.0806640625,4,0.07892795138888889,0,0,0
float32-sized,fx-ct-grim-neo,0.9,True,True,0.07298177083333333,0,0.06957465277777777,4,0.07424045138888889,0,0,0
float32-sized,fx-ct-grim-neo,1.5,True,True,0.06940104166666666,0,0.07801649305555555,4,0.07020399305555555,0,0,0
float32-sized,fx-ct-grim-neo,2.1,True,True,0.07897135416666666,0,0.0771484375,4,0.07890625,0,0,0
float32-sized,fx-ct-chaotic-heat,0.3,False,False,24.29001736111111,99,25.77580295138889,138,15.290516493055556,83,0,0
float32-sized,fx-ct-chaotic-heat,0.9,False,False,2.1982421875,17,2.7743706597222224,25,1.3176215277777779,17,0,0
float32-sized,fx-ct-chaotic-heat,1.5,False,False,29.455794270833334,123,35.31319444444444,154,18.31640625,140,0,0
float32-sized,fx-ct-chaotic-heat,2.1,False,False,9.009309895833333,131,8.758875868055556,121,4.751844618055555,107,0,0
float32-sized,fx-ct-delicate-rays,0.3,True,True,0.13869357638888888,8,0.11397569444444444,4,0.12482638888888889,8,0,0
float32-sized,fx-ct-delicate-rays,0.9,True,True,0.13023003472222222,8,0.11169704861111111,4,0.10551215277777778,8,0,0
float32-sized,fx-ct-delicate-rays,1.5,True,True,0.12797309027777778,8,0.1169704861111111,4,0.10023871527777778,8,0,0
float32-sized,fx-ct-delicate-rays,2.1,True,True,0.12901475694444445,8,0.11475694444444444,4,0.10883246527777778,8,0,0
float32-sized,fx-ct-shine-zoom,0.3,True,True,0.02478298611111111,0,0.019596354166666666,0,0.01955295138888889,0,0,0
float32-sized,fx-ct-shine-zoom,0.9,True,True,0.028276909722222222,0,0.026323784722222222,0,0.0255859375,0,0,0
float32-sized,fx-ct-shine-zoom,1.5,True,True,0.10286458333333333,8,0.10481770833333333,4,0.09769965277777778,8,0,0
float32-sized,fx-ct-shine-zoom,2.1,True,True,0.02035590277777778,0,0.021072048611111113,0,0.022200520833333334,0,0,0
float32-sized,fx-ct-magical-tome,0.3,True,True,0.07326388888888889,0,0.06927083333333334,4,0.050065104166666666,0,0,0
float32-sized,fx-ct-magical-tome,0.9,True,True,0.07710503472222222,0,0.06764322916666667,4,0.0494140625,0,0,0
float32-sized,fx-ct-magical-tome,1.5,True,True,0.07534722222222222,0,0.07003038194444444,4,0.04763454861111111,0,0,0
float32-sized,fx-ct-magical-tome,2.1,True,True,0.07608506944444444,0,0.06673177083333333,4,0.05353732638888889,0,0,0
float32-sized,fx-ct-phone-cube,0.3,True,True,0.06397569444444444,0,0.06378038194444445,4,0.058441840277777775,0,0,0
float32-sized,fx-ct-phone-cube,0.9,True,True,0.06414930555555555,0,0.0609375,4,0.05596788194444444,0,0,0
float32-sized,fx-ct-phone-cube,1.5,True,True,0.05342881944444444,0,0.05553385416666667,4,0.05774739583333333,0,0,0
float32-sized,fx-ct-phone-cube,2.1,True,True,0.061024305555555554,0,0.06189236111111111,4,0.06299913194444444,0,0,0
float32-sized,fx-ct-grim-reaper,0.3,True,True,0.053211805555555554,0,0.06779513888888888,4,0.06497395833333333,0,0,0
float32-sized,fx-ct-grim-reaper,0.9,True,True,0.04921875,0,0.06154513888888889,4,0.05967881944444445,0,0,0
float32-sized,fx-ct-grim-reaper,1.5,True,True,0.04911024305555556,0,0.052734375,4,0.05852864583333333,0,0,0
float32-sized,fx-ct-grim-reaper,2.1,True,True,0.046050347222222225,0,0.05407986111111111,4,0.059309895833333334,0,0,0
float32-sized,fx-ct-phone-zoom,0.3,True,True,0.06072048611111111,0,0.0603515625,4,0.05447048611111111,0,0,0
float32-sized,fx-ct-phone-zoom,0.9,True,True,0.08335503472222222,8,0.07389322916666667,4,0.07322048611111111,0,0,0
float32-sized,fx-ct-phone-zoom,1.5,True,True,0.1478515625,8,0.14487847222222222,4,0.13003472222222223,8,0,0
float32-sized,fx-ct-phone-zoom,2.1,True,True,0.0634765625,0,0.06095920138888889,4,0.05026041666666667,0,0,0
float32-sized,fx-cc-chromatic,0.3,True,True,0.06677517361111111,0,0.0740017361111111,4,0.09898003472222222,8,0,0
float32-sized,fx-cc-chromatic,0.9,True,True,0.1150390625,8,0.07183159722222222,4,0.3712022569444444,8,0,0
float32-sized,fx-cc-chromatic,1.5,True,True,0.07139756944444445,0,0.06675347222222222,4,0.059895833333333336,0,0,0
float32-sized,fx-cc-chromatic,2.1,True,True,0.08619791666666667,8,0.11799045138888889,4,0.36378038194444445,8,0,0
float32-sized,fx-cc-ripple,0.3,True,True,0.14945746527777778,8,0.14153645833333334,4,0.12061631944444444,8,0,0
float32-sized,fx-cc-ripple,0.9,True,True,0.14069010416666666,8,0.13713107638888888,4,0.13088107638888888,8,0,0
float32-sized,fx-cc-ripple,1.5,True,True,0.09361979166666666,8,0.09375,4,0.08559027777777778,8,0,0
float32-sized,fx-cc-ripple,2.1,True,True,0.1427734375,8,0.14348958333333334,4,0.1320095486111111,8,0,0
float32-sized,fx-cc-retro-flicker,0.3,False,False,9.426302083333333,25,9.449826388888889,28,9.406184895833333,25,0,0
float32-sized,fx-cc-retro-flicker,0.9,False,False,8.711046006944445,25,8.904578993055555,28,8.973546006944444,25,0,0
float32-sized,fx-cc-retro-flicker,1.5,False,False,8.58962673611111,25,8.52947048611111,25,8.446419270833333,25,0,0
float32-sized,fx-cc-retro-flicker,2.1,False,False,11.470638020833333,41,10.924652777777778,40,10.27734375,33,0,0
float32-sized,fx-cc-handheld,0.3,True,True,0.09322916666666667,8,0.09800347222222222,4,0.0812717013888889,0,0,0
float32-sized,fx-cc-handheld,0.9,True,True,0.11360677083333333,8,0.10193142361111111,4,0.09010416666666667,8,0,0
float32-sized,fx-cc-handheld,1.5,True,True,0.09383680555555556,8,0.10392795138888888,4,0.08324652777777777,8,0,0
float32-sized,fx-cc-handheld,2.1,True,True,0.09861111111111111,8,0.09578993055555556,4,0.08532986111111111,8,0,0
float32-sized,fx-cc-film-wave,0.3,True,True,0.13763020833333334,8,0.13059895833333332,4,0.1265842013888889,8,0,0
float32-sized,fx-cc-film-wave,0.9,True,True,0.12762586805555556,8,0.1320095486111111,4,0.12022569444444445,8,0,0
float32-sized,fx-cc-film-wave,1.5,True,True,0.1408203125,8,0.13585069444444445,4,0.11970486111111112,8,0,0
float32-sized,fx-cc-film-wave,2.1,True,True,0.14396701388888888,8,0.1303168402777778,4,0.12072482638888889,8,0,0
float32-sized,fx-cc-wiggle-flicker,0.3,False,False,32.926974826388886,156,33.05201822916667,170,33.53608940972222,189,0,0
float32-sized,fx-cc-wiggle-flicker,0.9,False,False,24.206944444444446,132,24.22775607638889,134,23.800737847222223,140,0,0
float32-sized,fx-cc-wiggle-flicker,1.5,False,False,2.046462673611111,25,1.7150607638888888,16,2.7052734375,25,0,0
float32-sized,fx-cc-wiggle-flicker,2.1,False,False,10.463519965277778,91,10.389605034722223,97,10.604210069444445,107,0,0
float32-sized,fx-cc-bw-slider,0.3,True,True,0.11436631944444445,8,0.10523003472222223,4,0.10379774305555556,8,0,0
float32-sized,fx-cc-bw-slider,0.9,True,True,0.11436631944444445,8,0.13059895833333332,4,0.11371527777777778,8,0,0
float32-sized,fx-cc-bw-slider,1.5,True,True,0.10002170138888888,8,0.09674479166666666,4,0.08422309027777777,8,0,0
float32-sized,fx-cc-bw-slider,2.1,True,True,0.11703559027777778,8,0.11677517361111112,4,0.10974392361111111,8,0,0
float32-sized,fx-cc-hex-split,0.3,False,False,5.661306423611111,83,5.226671006944445,77,4.695247395833333,66,0,0
float32-sized,fx-cc-hex-split,0.9,False,False,7.8083984375,99,7.203689236111111,89,6.4599609375,82,0,0
float32-sized,fx-cc-hex-split,1.5,False,False,7.6419921875,99,6.990928819444444,93,6.223784722222222,82,0,0
float32-sized,fx-cc-hex-split,2.1,False,False,6.727864583333333,99,6.175260416666666,89,5.489995659722222,75,0,0
float32-sized,fx-cc-shimmer-360,0.3,True,True,0.10907118055555555,8,0.09800347222222222,4,0.07437065972222222,0,0,0
float32-sized,fx-cc-shimmer-360,0.9,True,True,0.08548177083333333,8,0.07534722222222222,4,0.06614583333333333,0,0,0
float32-sized,fx-cc-shimmer-360,1.5,True,True,0.08858506944444444,8,0.07191840277777778,4,0.05568576388888889,0,0,0
float32-sized,fx-cc-shimmer-360,2.1,True,True,0.08298611111111111,8,0.08142361111111111,4,0.06393229166666667,0,0,0
float32-sized,fx-cc-dynamic-blur,0.3,True,True,0.06963975694444445,0,0.07278645833333333,4,0.06942274305555556,0,0,0
float32-sized,fx-cc-dynamic-blur,0.9,True,True,0.07923177083333334,0,0.07630208333333334,4,0.06872829861111111,0,0,0
float32-sized,fx-cc-dynamic-blur,1.5,True,True,0.08337673611111111,8,0.07838541666666667,4,0.08168402777777778,0,0,0
float32-sized,fx-cc-dynamic-blur,2.1,True,True,0.07337239583333334,0,0.06399739583333333,4,0.06822916666666666,0,0,0
float32-sized,fx-cc-rebound-swing,0.3,True,True,0.12964409722222223,8,0.12211371527777778,4,0.10909288194444444,8,0,0
float32-sized,fx-cc-rebound-swing,0.9,True,True,0.1325954861111111,8,0.11783854166666667,4,0.10529513888888889,8,0,0
float32-sized,fx-cc-rebound-swing,1.5,True,True,0.12788628472222222,8,0.12272135416666667,4,0.10540364583333334,8,0,0
float32-sized,fx-cc-rebound-swing,2.1,True,True,0.12578125,8,0.11716579861111111,4,0.10668402777777777,8,0,0
float32-sized,fx-cc-cut-twist,0.3,True,True,0.13033854166666667,8,0.11345486111111111,4,0.10690104166666667,8,0,0
float32-sized,fx-cc-cut-twist,0.9,True,True,0.131640625,8,0.12378472222222223,4,0.11701388888888889,8,0,0
float32-sized,fx-cc-cut-twist,1.5,True,True,0.10460069444444445,8,0.1042751736111111,4,0.10284288194444445,8,0,0
float32-sized,fx-cc-cut-twist,2.1,True,True,0.13057725694444444,8,0.11221788194444444,4,0.10930989583333334,8,0,0
float32-sized,fx-cc-bg-copies,0.3,True,True,0.23830295138888888,8,0.20438368055555556,4,0.16375868055555556,0,0,0
float32-sized,fx-cc-bg-copies,0.9,True,True,0.2173394097222222,8,0.1886935763888889,4,0.14906684027777778,0,0,0
float32-sized,fx-cc-bg-copies,1.5,True,True,0.20737847222222222,8,0.18155381944444443,4,0.14661458333333333,0,0,0
float32-sized,fx-cc-bg-copies,2.1,True,True,0.2228515625,8,0.18624131944444444,4,0.15926649305555557,8,0,0
float32-sized,fx-cc-camera-punch,0.3,True,True,0.09212239583333333,8,0.09563802083333334,4,0.08626302083333333,8,0,0
float32-sized,fx-cc-camera-punch,0.9,True,True,0.09822048611111112,8,0.09034288194444444,4,0.07658420138888888,0,0,0
float32-sized,fx-cc-camera-punch,1.5,True,True,0.08858506944444444,8,0.08606770833333334,4,0.09105902777777777,8,0,0
float32-sized,fx-cc-camera-punch,2.1,True,True,0.08385416666666666,8,0.08311631944444445,4,0.07174479166666667,0,0,0
float32-sized,fx-cc-heart-ascent,0.3,False,False,1.1796657986111112,9,0.7058810763888889,12,0.6447048611111111,8,0,0
float32-sized,fx-cc-heart-ascent,0.9,False,False,1.6682942708333333,33,0.7785807291666667,37,0.9295138888888889,9,0,0
float32-sized,fx-cc-heart-ascent,1.5,False,False,1.6576605902777777,41,0.7875,37,0.9844401041666667,16,0,0
float32-sized,fx-cc-heart-ascent,2.1,False,False,1.7548177083333334,41,0.9597873263888889,45,1.0801432291666666,25,0,0
float32-sized,fx-cc-butterfly,0.3,True,True,0.08784722222222222,8,0.08548177083333333,4,0.07571614583333333,0,0,0
float32-sized,fx-cc-butterfly,0.9,True,True,0.08459201388888889,8,0.07934027777777777,4,0.08057725694444444,0,0,0
float32-sized,fx-cc-butterfly,1.5,True,True,0.11063368055555556,8,0.08949652777777778,4,0.09854600694444444,8,0,0
float32-sized,fx-cc-butterfly,2.1,True,True,0.0949435763888889,8,0.08780381944444444,4,0.08233506944444445,0,0,0
float32-sized,fx-cc-butterfly-dream,0.3,True,True,0.07239583333333334,0,0.07076822916666667,4,0.07406684027777778,0,0,0
float32-sized,fx-cc-butterfly-dream,0.9,True,True,0.08687065972222222,8,0.06616753472222223,4,0.0763671875,0,0,0
float32-sized,fx-cc-butterfly-dream,1.5,True,True,0.07938368055555556,0,0.07026909722222222,4,0.07554253472222222,0,0,0
float32-sized,fx-cc-butterfly-dream,2.1,True,True,0.07938368055555556,0,0.07098524305555555,4,0.07029079861111111,0,0,0
float32-sized,fx-cc-leak-warm,0.3,True,True,0.10336371527777778,8,0.09878472222222222,4,0.101171875,8,0,0
float32-sized,fx-cc-leak-warm,0.9,True,True,0.10227864583333333,8,0.0998046875,4,0.10186631944444445,8,0,0
float32-sized,fx-cc-leak-warm,1.5,True,True,0.11295572916666667,8,0.10065104166666666,4,0.10388454861111111,8,0,0
float32-sized,fx-cc-leak-warm,2.1,True,True,0.10852864583333334,8,0.09765625,4,0.10093315972222222,8,0,0
float32-sized,fx-cc-leak-neon,0.3,True,True,0.05796440972222222,0,0.04880642361111111,4,0.04722222222222222,0,0,0
float32-sized,fx-cc-leak-neon,0.9,True,True,0.0812717013888889,0,0.07111545138888889,4,0.0671875,0,0,0
float32-sized,fx-cc-leak-neon,1.5,True,True,0.07756076388888888,0,0.0793185763888889,4,0.06319444444444444,0,0,0
float32-sized,fx-cc-leak-neon,2.1,True,True,0.07604166666666666,0,0.06631944444444444,4,0.06065538194444445,0,0,0
float32-sized,fx-cc-vignette-rose,0.3,True,True,0.08543836805555556,8,0.06692708333333333,4,0.0681423611111111,0,0,0
float32-sized,fx-cc-vignette-rose,0.9,True,True,0.08984375,8,0.06649305555555556,4,0.061046006944444446,0,0,0
float32-sized,fx-cc-vignette-rose,1.5,True,True,0.08005642361111111,0,0.07417534722222222,4,0.06486545138888888,0,0,0
float32-sized,fx-cc-vignette-rose,2.1,True,True,0.09097222222222222,8,0.07024739583333334,4,0.06692708333333333,0,0,0
float32-sized,fx-cc-falling-petals,0.3,True,True,0.08266059027777778,0,0.06888020833333333,4,0.064453125,0,0,0
float32-sized,fx-cc-falling-petals,0.9,True,True,0.06881510416666667,0,0.07610677083333334,4,0.06501736111111112,0,0,0
float32-sized,fx-cc-falling-petals,1.5,True,True,0.09075520833333334,0,0.068359375,4,0.0661892361111111,0,0,0
float32-sized,fx-cc-falling-petals,2.1,True,True,0.09251302083333333,0,0.06525607638888889,4,0.06059027777777778,0,0,0
float32-sized,fx-cc-smoky-focus,0.3,True,True,0.06723090277777778,0,0.06432291666666666,4,0.06187065972222222,0,0,0
float32-sized,fx-cc-smoky-focus,0.9,True,True,0.07211371527777778,0,0.07022569444444444,4,0.064453125,0,0,0
float32-sized,fx-cc-smoky-focus,1.5,True,True,0.06525607638888889,0,0.07029079861111111,4,0.057356770833333334,0,0,0
float32-sized,fx-cc-smoky-focus,2.1,True,True,0.07048611111111111,0,0.06953125,4,0.05661892361111111,0,0,0
float32-sized,fx-cc-vintage-film,0.3,False,False,8.716319444444444,25,8.348003472222222,25,7.853233506944444,25,0,0
float32-sized,fx-cc-vintage-film,0.9,False,False,9.769140625,33,9.178407118055556,28,8.359331597222223,25,0,0
float32-sized,fx-cc-vintage-film,1.5,False,False,11.765190972222221,42,10.981684027777778,41,9.804991319444444,33,0,0
float32-sized,fx-cc-vintage-film,2.1,False,False,5.469270833333334,17,5.452799479166667,20,5.446875,17,0,0
float32-sized,fx-cc-stellar,0.3,True,True,0.11627604166666666,8,0.094140625,4,0.09581163194444445,8,0,0
float32-sized,fx-cc-stellar,0.9,True,True,0.12005208333333334,8,0.09861111111111111,4,0.10023871527777778,8,0,0
float32-sized,fx-cc-stellar,1.5,True,True,0.12133246527777777,8,0.11098090277777778,4,0.1037326388888889,8,0,0
float32-sized,fx-cc-stellar,2.1,True,True,0.13704427083333334,8,0.10974392361111111,4,0.10657552083333334,8,0,0
float32-sized,fx-cc-border-current,0.3,True,True,0.07072482638888888,0,0.0642578125,4,0.06401909722222222,0,0,0
float32-sized,fx-cc-border-current,0.9,True,True,0.071875,0,0.065625,4,0.05622829861111111,0,0,0
float32-sized,fx-cc-border-current,1.5,True,True,0.05755208333333333,0,0.059830729166666666,4,0.06796875,0,0,0
float32-sized,fx-cc-border-current,2.1,True,True,0.06801215277777778,0,0.05987413194444444,4,0.05297309027777778,0,0,0
float32-sized,fx-cc-ink-spill,0.3,True,True,0.05985243055555556,0,0.04583333333333333,4,0.05078125,0,0,0
float32-sized,fx-cc-ink-spill,0.9,True,True,0.016493055555555556,0,0.01482204861111111,0,0.013823784722222222,0,0,0
float32-sized,fx-cc-ink-spill,1.5,True,True,0.02263454861111111,0,0.0283203125,0,0.0251953125,0,0,0
float32-sized,fx-cc-ink-spill,2.1,True,True,0.10416666666666667,8,0.09839409722222223,4,0.10416666666666667,8,0,0
float32-sized,fx-cc-exploding-love,0.3,False,False,8.513237847222221,140,4.1546006944444445,69,3.8818359375,58,0,0
float32-sized,fx-cc-exploding-love,0.9,False,False,2.9817708333333335,66,1.7584635416666667,40,1.6435980902777778,33,0,0
float32-sized,fx-cc-exploding-love,1.5,True,True,0.15518663194444443,8,0.11417100694444444,4,0.10308159722222222,8,0,0
float32-sized,fx-cc-exploding-love,2.1,False,False,6.318402777777778,115,3.5419921875,65,3.279861111111111,57,0,0
float32-sized,fx-cc-damaged-vignette,0.3,True,True,0.046549479166666664,0,0.0715060763888889,4,0.032313368055555555,0,0,0
float32-sized,fx-cc-damaged-vignette,0.9,True,True,0.04826388888888889,0,0.07057291666666667,4,0.03170572916666667,0,0,0
float32-sized,fx-cc-damaged-vignette,1.5,True,True,0.04683159722222222,0,0.07256944444444445,4,0.03532986111111111,0,0,0
float32-sized,fx-cc-damaged-vignette,2.1,True,True,0.048111979166666666,0,0.0646701388888889,4,0.03428819444444445,0,0,0
float32-sized,fx-cc-firefly,0.3,False,False,2.9376736111111112,50,2.672113715277778,52,1.3930121527777777,25,0,0
float32-sized,fx-cc-firefly,0.9,False,False,6.901540798611111,107,6.025651041666666,97,2.9912977430555556,49,0,0
float32-sized,fx-cc-firefly,1.5,False,False,6.4388671875,99,5.6826171875,89,2.8746961805555555,49,0,0
float32-sized,fx-cc-firefly,2.1,False,False,4.514756944444445,74,4.0494140625,73,2.055056423611111,33,0,0
float32-sized,fx-cc-misty-tint,0.3,True,True,0.10863715277777777,8,0.10859375,4,0.11046006944444445,8,0,0
float32-sized,fx-cc-misty-tint,0.9,True,True,0.1048828125,8,0.11126302083333334,4,0.10247395833333334,8,0,0
float32-sized,fx-cc-misty-tint,1.5,True,True,0.10520833333333333,8,0.1138671875,4,0.10887586805555556,8,0,0
float32-sized,fx-cc-misty-tint,2.1,True,True,0.10690104166666667,8,0.10698784722222222,4,0.0978515625,8,0,0
float32-sized,fx-cc-sepia-cool,0.3,False,False,3.630121527777778,16,3.6303602430555557,12,3.654665798611111,16,0,0
float32-sized,fx-cc-sepia-cool,0.9,False,False,3.3695746527777777,9,3.3639756944444446,12,3.3517144097222222,16,0,0
float32-sized,fx-cc-sepia-cool,1.5,False,False,3.147092013888889,9,3.1436631944444446,12,3.1210503472222224,9,0,0
float32-sized,fx-cc-sepia-cool,2.1,False,False,2.8731987847222222,9,2.8713758680555554,12,2.883072916666667,9,0,0
float32-sized,fx-cc-snow-night,0.3,True,True,0.15421006944444443,8,0.09796006944444445,4,0.11362847222222222,8,0,0
float32-sized,fx-cc-snow-night,0.9,True,True,0.14596354166666667,8,0.10334201388888889,4,0.112890625,8,0,0
float32-sized,fx-cc-snow-night,1.5,True,True,0.148828125,8,0.1032986111111111,4,0.11451822916666667,8,0,0
float32-sized,fx-cc-snow-night,2.1,True,True,0.1529513888888889,8,0.10004340277777778,4,0.11215277777777778,8,0,0
float32-sized,fx-cc-rain,0.3,True,True,0.08450520833333333,8,0.06768663194444445,4,0.08932291666666667,8,0,0
float32-sized,fx-cc-rain,0.9,True,True,0.08543836805555556,8,0.06512586805555555,4,0.09086371527777778,8,0,0
float32-sized,fx-cc-rain,1.5,True,True,0.08641493055555556,8,0.065625,4,0.08528645833333333,0,0,0
float32-sized,fx-cc-rain,2.1,True,True,0.07309027777777778,0,0.07328559027777778,4,0.08426649305555556,0,0,0
float32-sized,fx-cc-rose-bloom,0.3,False,False,1.6487413194444445,66,1.3174696180555556,56,0.9673177083333333,32,0,0
float32-sized,fx-cc-rose-bloom,0.9,False,False,1.4523654513888888,50,1.342165798611111,57,0.8969835069444444,32,0,0
float32-sized,fx-cc-rose-bloom,1.5,False,False,2.1667100694444446,91,0.9456380208333334,37,0.6563802083333333,25,0,0
float32-sized,fx-cc-rose-bloom,2.1,False,False,2.9012803819444444,123,0.9962239583333333,33,0.9316623263888889,25,0,0
float32-sized,fx-cc-sparkle-shine,0.3,True,True,0.06742621527777778,0,0.059071180555555554,4,0.05694444444444444,0,0,0
float32-sized,fx-cc-sparkle-shine,0.9,True,True,0.0673828125,0,0.05740017361111111,4,0.05601128472222222,0,0,0
float32-sized,fx-cc-sparkle-shine,1.5,True,True,0.06686197916666667,0,0.06453993055555556,4,0.058333333333333334,0,0,0
float32-sized,fx-cc-sparkle-shine,2.1,True,True,0.07194010416666667,0,0.06306423611111112,4,0.05579427083333333,0,0,0
float32-sized,fx-cc-color-pixel,0.3,True,False,0.3646918402777778,9,0.2853949652777778,4,0.2913628472222222,8,0,0
float32-sized,fx-cc-color-pixel,0.9,True,False,0.3525390625,9,0.2583984375,4,0.22884114583333334,8,0,0
float32-sized,fx-cc-color-pixel,1.5,True,True,0.15243055555555557,8,0.24440104166666668,4,0.2503689236111111,8,0,0
float32-sized,fx-cc-color-pixel,2.1,True,True,0.14993489583333333,8,0.24153645833333334,4,0.28170572916666664,8,0,0
float32-sized,fx-cc-pixel-blocks,0.3,True,True,0.10872395833333333,8,0.10687934027777778,4,0.0861328125,8,0,0
float32-sized,fx-cc-pixel-blocks,0.9,True,True,0.09605034722222222,8,0.0754123263888889,4,0.07063802083333333,0,0,0
float32-sized,fx-cc-pixel-blocks,1.5,True,True,0.12719184027777777,8,0.12215711805555556,4,0.10088975694444445,8,0,0
float32-sized,fx-cc-pixel-blocks,2.1,True,True,0.13270399305555555,8,0.1003689236111111,4,0.08467881944444444,8,0,0
float32-sized,fx-cc-pixel-mutant,0.3,True,True,0.12374131944444444,8,0.12721354166666668,4,0.10041232638888889,8,0,0
float32-sized,fx-cc-pixel-mutant,0.9,False,False,3.7524522569444443,107,3.8164496527777776,117,3.8577256944444445,107,0,0
float32-sized,fx-cc-pixel-mutant,1.5,True,True,0.13567708333333334,8,0.13528645833333333,4,0.14325086805555556,8,0,0
float32-sized,fx-cc-pixel-mutant,2.1,True,True,0.11458333333333333,8,0.11260850694444445,4,0.09672309027777778,8,0,0
float32-sized,fx-cc-pixel-art,0.3,True,True,0.3586371527777778,8,0.24186197916666666,4,0.28129340277777776,8,0,0
float32-sized,fx-cc-pixel-art,0.9,True,True,0.33576388888888886,8,0.2765842013888889,4,0.24481336805555556,8,0,0
float32-sized,fx-cc-pixel-art,1.5,True,True,0.3279079861111111,8,0.35147569444444443,4,0.2598741319444444,8,0,0
float32-sized,fx-cc-pixel-art,2.1,True,True,0.33674045138888886,8,0.28986545138888886,4,0.2728949652777778,8,0,0
float32-sized,fx-cc-pixel-universe,0.3,True,True,0.05900607638888889,0,0.048111979166666666,4,0.04663628472222222,0,0,0
float32-sized,fx-cc-pixel-universe,0.9,True,True,0.04880642361111111,0,0.050868055555555555,4,0.043402777777777776,0,0,0
float32-sized,fx-cc-pixel-universe,1.5,True,True,0.06712239583333333,0,0.04552951388888889,4,0.04038628472222222,0,0,0
float32-sized,fx-cc-pixel-universe,2.1,True,True,0.07274305555555556,0,0.05785590277777778,4,0.0513671875,0,0,0
float32-sized,fx-pb-pixel-scan,0.3,True,True,0.04754774305555556,0,0.041276041666666666,4,0.03982204861111111,0,0,0
float32-sized,fx-pb-pixel-scan,0.9,True,True,0.06401909722222222,0,0.059092881944444446,4,0.058094618055555554,0,0,0
float32-sized,fx-pb-pixel-scan,1.5,True,True,0.055078125,0,0.052235243055555554,4,0.040581597222222224,0,0,0
float32-sized,fx-pb-pixel-scan,2.1,True,True,0.045073784722222225,0,0.045182291666666666,4,0.039388020833333336,0,0,0
float32-sized,fx-pb-flip-phone,0.3,True,True,0.0548828125,0,0.045182291666666666,4,0.04424913194444444,0,0,0
float32-sized,fx-pb-flip-phone,0.9,True,True,0.05271267361111111,0,0.04652777777777778,4,0.0482421875,0,0,0
float32-sized,fx-pb-flip-phone,1.5,True,True,0.06388888888888888,0,0.04689670138888889,4,0.044205729166666666,0,0,0
float32-sized,fx-pb-flip-phone,2.1,True,True,0.062000868055555554,0,0.04578993055555555,4,0.044769965277777775,0,0,0
float32-sized,fx-pb-pixel-creation,0.3,True,True,0.13426649305555555,8,0.14698350694444445,4,0.04533420138888889,0,0,0
float32-sized,fx-pb-pixel-creation,0.9,True,True,0.2525390625,8,0.27042100694444443,4,0.27044270833333334,8,0,0
float32-sized,fx-pb-pixel-creation,1.5,False,False,1.5740885416666666,49,1.5000651041666666,45,1.3892361111111111,41,0,0
float32-sized,fx-pb-pixel-creation,2.1,True,True,0.030078125,0,0.015885416666666666,0,0.013302951388888888,0,0,0
float32-sized,fx-pb-pixel-breakdown,0.3,True,True,0.052886284722222225,0,0.05021701388888889,4,0.0423828125,0,0,0
float32-sized,fx-pb-pixel-breakdown,0.9,True,True,0.25581597222222224,0,0.2623480902777778,4,0.2569444444444444,0,0,0
float32-sized,fx-pb-pixel-breakdown,1.5,True,True,0.028797743055555554,0,0.03454861111111111,0,0.02966579861111111,0,0,0
float32-sized,fx-pb-pixel-breakdown,2.1,True,True,0.028190104166666667,0,0.0326171875,0,0.02380642361111111,0,0,0
float32-sized,fx-pb-losing-hp,0.3,True,True,0.05021701388888889,0,0.04251302083333333,4,0.050694444444444445,0,0,0
float32-sized,fx-pb-losing-hp,0.9,True,True,0.09574652777777778,8,0.08444010416666667,4,0.0927734375,8,0,0
float32-sized,fx-pb-losing-hp,1.5,True,True,0.04921875,0,0.07925347222222222,4,0.0607421875,0,0,0
float32-sized,fx-pb-losing-hp,2.1,True,True,0.05319010416666667,0,0.0486328125,4,0.04709201388888889,0,0,0
float32-sized,fx-pb-sweet-party,0.3,False,False,4.708289930555556,164,3.0155381944444444,137,2.524826388888889,107,0,0
float32-sized,fx-pb-sweet-party,0.9,False,False,5.695421006944445,165,3.5781901041666666,121,3.5098741319444446,124,0,0
float32-sized,fx-pb-sweet-party,1.5,False,False,5.673350694444444,164,3.5484375,113,3.530403645833333,115,0,0
float32-sized,fx-pb-sweet-party,2.1,False,False,5.270247395833334,164,3.2938585069444444,109,2.9594835069444443,115,0,0
float32-sized,fx-pb-popping-bow,0.3,True,True,0.08248697916666667,8,0.13111979166666668,4,0.04375,0,0,0
float32-sized,fx-pb-popping-bow,0.9,True,True,0.08778211805555555,8,0.13569878472222222,4,0.04296875,0,0,0
float32-sized,fx-pb-popping-bow,1.5,True,True,0.09463975694444444,8,0.13589409722222223,4,0.036284722222222225,0,0,0
float32-sized,fx-pb-popping-bow,2.1,True,True,0.08485243055555555,8,0.1349826388888889,4,0.04259982638888889,0,0,0
float32-sized,fx-pb-misty-tint,0.3,True,True,0.07615017361111111,0,0.07419704861111111,4,0.07152777777777777,0,0,0
float32-sized,fx-pb-misty-tint,0.9,True,True,0.07495659722222223,0,0.07473958333333333,4,0.07404513888888889,0,0,0
float32-sized,fx-pb-misty-tint,1.5,True,True,0.07684461805555555,0,0.0798611111111111,4,0.0740017361111111,0,0,0
float32-sized,fx-pb-misty-tint,2.1,True,True,0.07766927083333333,0,0.07734375,4,0.07621527777777778,0,0,0
float32-sized,fx-pb-game-boy,0.3,True,True,0.040364583333333336,0,0.06801215277777778,4,0.022786458333333332,0,0,0
float32-sized,fx-pb-game-boy,0.9,True,True,0.03493923611111111,0,0.06165364583333333,4,0.028059895833333334,0,0,0
float32-sized,fx-pb-game-boy,1.5,True,True,0.017339409722222223,0,0.04809027777777778,4,0.019010416666666665,0,0,0
float32-sized,fx-pb-game-boy,2.1,True,True,0.030837673611111113,0,0.056792534722222225,4,0.02163628472222222,0,0,0
float32-sized,fx-pb-pixel-dissolve,0.3,True,True,0.12315538194444445,8,0.10262586805555556,4,0.10225694444444444,8,0,0
float32-sized,fx-pb-pixel-dissolve,0.9,True,True,0.06473524305555556,0,0.06753472222222222,4,0.06579861111111111,0,0,0
float32-sized,fx-pb-pixel-dissolve,1.5,True,True,0.018598090277777778,0,0.019661458333333333,0,0.0166015625,0,0,0
float32-sized,fx-pb-pixel-dissolve,2.1,True,True,0.028407118055555555,0,0.02894965277777778,0,0.025,0,0,0
float32-sized,fx-pb-bead-art,0.3,True,True,0.07354600694444445,0,0.07022569444444444,4,0.08480902777777778,0,0,0
float32-sized,fx-pb-bead-art,0.9,True,True,0.11202256944444444,0,0.10850694444444445,4,0.051953125,0,0,0
float32-sized,fx-pb-bead-art,1.5,True,True,0.10021701388888889,0,0.07992621527777778,4,0.060221354166666664,0,0,0
float32-sized,fx-pb-bead-art,2.1,True,True,0.07764756944444444,0,0.07899305555555555,4,0.09442274305555555,0,0,0
float32-sized,fx-pb-pixel-rain,0.3,True,True,0.12300347222222222,8,0.11163194444444445,4,0.11553819444444445,8,0,0
float32-sized,fx-pb-pixel-rain,0.9,True,True,0.12165798611111112,8,0.10891927083333333,4,0.1076171875,8,0,0
float32-sized,fx-pb-pixel-rain,1.5,True,True,0.12762586805555556,8,0.11783854166666667,4,0.11236979166666666,8,0,0
float32-sized,fx-pb-pixel-rain,2.1,True,True,0.13773871527777778,8,0.13174913194444443,4,0.13038194444444445,8,0,0
float32-sized,fx-st-phone-3d,0.3,True,True,0.055859375,0,0.05538194444444444,4,0.056727430555555555,0,0,0
float32-sized,fx-st-phone-3d,0.9,True,True,0.05822482638888889,0,0.058051215277777776,4,0.05594618055555556,0,0,0
float32-sized,fx-st-phone-3d,1.5,True,True,0.06260850694444445,0,0.060069444444444446,4,0.05607638888888889,0,0,0
float32-sized,fx-st-phone-3d,2.1,True,True,0.05933159722222222,0,0.06030815972222222,4,0.056966145833333336,0,0,0
float32-sized,fx-st-card-deck,0.3,True,True,0.07024739583333334,0,0.07230902777777778,4,0.06284722222222222,0,0,0
float32-sized,fx-st-card-deck,0.9,True,True,0.07239583333333334,0,0.06805555555555555,4,0.06139322916666667,0,0,0
float32-sized,fx-st-card-deck,1.5,True,True,0.06128472222222222,0,0.058680555555555555,4,0.05234375,0,0,0
float32-sized,fx-st-card-deck,2.1,True,True,0.07144097222222222,0,0.07243923611111111,4,0.06399739583333333,0,0,0
float32-sized,fx-st-polaroid,0.3,True,True,0.06720920138888889,0,0.06935763888888889,4,0.048741319444444445,0,0,0
float32-sized,fx-st-polaroid,0.9,True,True,0.08617621527777777,8,0.08220486111111111,4,0.07348090277777777,0,0,0
float32-sized,fx-st-polaroid,1.5,True,True,0.09303385416666667,8,0.08478732638888889,4,0.07328559027777778,0,0,0
float32-sized,fx-st-polaroid,2.1,True,True,0.0888671875,8,0.08489583333333334,4,0.06842447916666666,0,0,0
float32-sized,fx-st-retro-tv,0.3,True,True,0.048567708333333334,0,0.0416015625,4,0.03430989583333333,0,0,0
float32-sized,fx-st-retro-tv,0.9,True,True,0.04049479166666667,0,0.04578993055555555,4,0.040755208333333334,0,0,0
float32-sized,fx-st-retro-tv,1.5,False,False,0.3975694444444444,9,0.3724609375,4,0.3052517361111111,8,0,0
float32-sized,fx-st-retro-tv,2.1,True,True,0.3151041666666667,8,0.29034288194444446,4,0.23734809027777778,8,0,0
float32-sized,fx-st-billboard,0.3,True,True,0.03211805555555555,0,0.03279079861111111,0,0.03138020833333333,0,0,0
float32-sized,fx-st-billboard,0.9,True,True,0.03771701388888889,0,0.03452690972222222,0,0.03630642361111111,0,0,0
float32-sized,fx-st-billboard,1.5,True,True,0.03704427083333333,0,0.0333984375,0,0.025694444444444443,0,0,0
float32-sized,fx-st-billboard,2.1,True,True,0.03806423611111111,0,0.03009982638888889,0,0.03381076388888889,0,0,0
float32-sized,fx-st-film-strip,0.3,True,True,0.14928385416666667,8,0.1323784722222222,4,0.1103515625,8,0,0
float32-sized,fx-st-film-strip,0.9,False,False,0.6242838541666667,16,0.5225477430555555,12,0.3708767361111111,9,0,0
float32-sized,fx-st-film-strip,1.5,False,False,1.3596354166666667,17,1.1774956597222221,12,0.8733723958333334,9,0,0
float32-sized,fx-st-film-strip,2.1,False,False,1.3192925347222222,17,1.1457899305555554,12,0.8879991319444445,9,0,0
float32-sized,fx-st-fanned-cards,0.3,True,True,0.05946180555555555,0,0.04446614583333333,4,0.04327256944444444,0,0,0
float32-sized,fx-st-fanned-cards,0.9,True,True,0.06174045138888889,0,0.05295138888888889,4,0.04435763888888889,0,0,0
float32-sized,fx-st-fanned-cards,1.5,True,True,0.06041666666666667,0,0.04537760416666667,4,0.043359375,0,0,0
float32-sized,fx-st-fanned-cards,2.1,True,True,0.048111979166666666,0,0.04125434027777778,4,0.032703993055555554,0,0,0
float32-sized,fx-st-glass-card,0.3,True,True,0.07884114583333333,0,0.07571614583333333,4,0.06145833333333333,0,0,0
float32-sized,fx-st-glass-card,0.9,True,True,0.078515625,0,0.07332899305555556,4,0.06197916666666667,0,0,0
float32-sized,fx-st-glass-card,1.5,True,True,0.081640625,0,0.080078125,4,0.06558159722222222,0,0,0
float32-sized,fx-st-glass-card,2.1,True,True,0.07732204861111111,0,0.07784288194444444,4,0.06321614583333333,0,0,0
float32-sized,fx-ne-frame,0.3,True,True,0.06818576388888889,0,0.07482638888888889,4,0.0734592013888889,0,0,0
float32-sized,fx-ne-frame,0.9,False,False,1.7324652777777778,17,1.8978515625,17,1.9101779513888888,24,0,0
float32-sized,fx-ne-frame,1.5,True,True,0.06697048611111112,0,0.06996527777777778,4,0.06506076388888889,0,0,0
float32-sized,fx-ne-frame,2.1,True,True,0.06584201388888888,0,0.07291666666666667,4,0.06410590277777778,0,0,0
float32-sized,fx-ne-ring,0.3,True,True,0.06514756944444444,0,0.05935329861111111,4,0.05394965277777778,0,0,0
float32-sized,fx-ne-ring,0.9,False,False,2.2362630208333334,25,0.5768880208333333,8,1.6487413194444445,24,0,0
float32-sized,fx-ne-ring,1.5,True,True,0.06924913194444444,0,0.05737847222222222,4,0.044444444444444446,0,0,0
float32-sized,fx-ne-ring,2.1,True,True,0.07003038194444444,0,0.05750868055555555,4,0.04431423611111111,0,0,0
float32-sized,fx-ne-heart,0.3,True,True,0.06649305555555556,0,0.06792534722222222,4,0.0521484375,0,0,0
float32-sized,fx-ne-heart,0.9,True,True,0.06391059027777778,0,0.06781684027777778,4,0.049479166666666664,0,0,0
float32-sized,fx-ne-heart,1.5,True,True,0.06338975694444444,0,0.06597222222222222,4,0.04496527777777778,0,0,0
float32-sized,fx-ne-heart,2.1,True,True,0.06692708333333333,0,0.07055121527777777,4,0.052473958333333334,0,0,0
float32-sized,fx-ne-edges,0.3,False,False,0.3433376736111111,8,0.2975260416666667,4,0.4322048611111111,9,0,0
float32-sized,fx-ne-edges,0.9,False,False,0.3475477430555556,8,0.2433810763888889,4,0.40616319444444443,9,0,0
float32-sized,fx-ne-edges,1.5,False,False,0.3473307291666667,8,0.26456163194444443,4,0.408984375,9,0,0
float32-sized,fx-ne-edges,2.1,False,False,0.2964409722222222,8,0.2828776041666667,4,0.422265625,9,0,0
float32-sized,fx-ne-cyberpunk,0.3,True,True,0.11783854166666667,8,0.06484375,4,0.11278211805555556,8,0,0
float32-sized,fx-ne-cyberpunk,0.9,True,True,0.11814236111111111,8,0.06419270833333333,4,0.11095920138888889,8,0,0
float32-sized,fx-ne-cyberpunk,1.5,True,True,0.11451822916666667,8,0.07122395833333334,4,0.11419270833333334,8,0,0
float32-sized,fx-ne-cyberpunk,2.1,True,True,0.13062065972222223,8,0.06775173611111111,4,0.11243489583333334,8,0,0
float32-sized,fx-ne-tunnel,0.3,True,True,0.06766493055555556,0,0.08383246527777778,4,0.04429253472222222,0,0,0
float32-sized,fx-ne-tunnel,0.9,True,True,0.04620225694444444,0,0.11423611111111111,4,0.04021267361111111,0,0,0
float32-sized,fx-ne-tunnel,1.5,True,True,0.05384114583333333,0,0.07775607638888889,4,0.048046875,0,0,0
float32-sized,fx-ne-tunnel,2.1,True,True,0.05197482638888889,0,0.10095486111111111,4,0.03428819444444445,0,0,0
float32-sized,fx-ne-lightning,0.3,True,True,0.07254774305555556,0,0.07855902777777778,4,0.06017795138888889,0,0,0
float32-sized,fx-ne-lightning,0.9,True,True,0.07209201388888889,0,0.07358940972222222,4,0.05549045138888889,0,0,0
float32-sized,fx-ne-lightning,1.5,True,True,0.07298177083333333,0,0.07367621527777778,4,0.06323784722222223,0,0,0
float32-sized,fx-ne-lightning,2.1,True,True,0.06818576388888889,0,0.07582465277777778,4,0.06019965277777778,0,0,0
float32-sized,fx-ne-scan,0.3,True,True,0.07740885416666667,0,0.08678385416666666,4,0.08552517361111112,8,0,0
float32-sized,fx-ne-scan,0.9,True,True,0.09329427083333333,8,0.11547309027777777,4,0.11080729166666667,8,0,0
float32-sized,fx-ne-scan,1.5,True,True,0.11987847222222223,8,0.12608506944444445,4,0.10607638888888889,8,0,0
float32-sized,fx-ne-scan,2.1,True,True,0.0810546875,0,0.07601996527777778,4,0.08483072916666666,8,0,0
float32-sized,fx-ne-scribble,0.3,True,True,0.05154079861111111,0,0.04559461805555556,4,0.0435546875,0,0,0
float32-sized,fx-ne-scribble,0.9,True,True,0.05952690972222222,0,0.055924479166666666,4,0.05010850694444444,0,0,0
float32-sized,fx-ne-scribble,1.5,True,True,0.06571180555555556,0,0.05896267361111111,4,0.05470920138888889,0,0,0
float32-sized,fx-ne-scribble,2.1,True,True,0.06788194444444444,0,0.062890625,4,0.05915798611111111,0,0,0
float32-sized,fx-ne-synthwave,0.3,True,True,0.11918402777777778,8,0.08758680555555555,4,0.04620225694444444,0,0,0
float32-sized,fx-ne-synthwave,0.9,True,True,0.11961805555555556,8,0.08470052083333333,4,0.04503038194444445,0,0,0
float32-sized,fx-ne-synthwave,1.5,True,True,0.12565104166666666,8,0.09483506944444445,4,0.04153645833333333,0,0,0
float32-sized,fx-ne-synthwave,2.1,True,True,0.13081597222222222,8,0.08519965277777777,4,0.04034288194444444,0,0,0
float32-sized,fx-ne-stars,0.3,False,False,7.281705729166666,115,4.227495659722222,69,8.0595703125,132,0,0
float32-sized,fx-ne-stars,0.9,False,False,6.360763888888889,82,6.2990234375,105,5.837065972222222,90,0,0
float32-sized,fx-ne-stars,1.5,False,False,6.149370659722222,91,4.1647352430555555,65,7.014756944444445,123,0,0
float32-sized,fx-ne-stars,2.1,False,False,6.742469618055556,83,7.315212673611111,109,5.786241319444445,90,0,0
float32-sized,fx-cr-sparkle-burst,0.3,False,False,4.1021918402777775,83,4.143077256944444,93,3.6328125,83,0,0
float32-sized,fx-cr-sparkle-burst,0.9,False,False,0.33684895833333334,9,0.32914496527777776,8,0.28435329861111114,9,0,0
float32-sized,fx-cr-sparkle-burst,1.5,False,False,2.995724826388889,66,2.887131076388889,69,2.501974826388889,58,0,0
float32-sized,fx-cr-sparkle-burst,2.1,False,False,4.765538194444445,99,4.853949652777778,110,4.330490451388889,107,0,0
float32-sized,fx-cr-glitter-rain,0.3,True,True,0.07154947916666667,0,0.06302083333333333,4,0.05423177083333333,0,0,0
float32-sized,fx-cr-glitter-rain,0.9,True,True,0.0769314236111111,0,0.06349826388888889,4,0.05625,0,0,0
float32-sized,fx-cr-glitter-rain,1.5,True,True,0.07892795138888889,0,0.06994357638888889,4,0.057183159722222224,0,0,0
float32-sized,fx-cr-glitter-rain,2.1,True,True,0.08289930555555555,0,0.06985677083333333,4,0.05779079861111111,0,0,0
float32-sized,fx-cr-rainbow-prism,0.3,True,True,0.04997829861111111,0,0.04468315972222222,4,0.04140625,0,0,0
float32-sized,fx-cr-rainbow-prism,0.9,True,True,0.08107638888888889,0,0.07100694444444444,4,0.06657986111111111,0,0,0
float32-sized,fx-cr-rainbow-prism,1.5,True,True,0.062890625,0,0.06558159722222222,4,0.05601128472222222,0,0,0
float32-sized,fx-cr-rainbow-prism,2.1,True,True,0.04490017361111111,0,0.04544270833333333,4,0.03999565972222222,0,0,0
float32-sized,fx-cr-anamorphic,0.3,True,True,0.07174479166666667,0,0.09242621527777778,4,0.07901475694444444,0,0,0
float32-sized,fx-cr-anamorphic,0.9,True,True,0.08309461805555556,8,0.07651909722222222,4,0.07493489583333333,0,0,0
float32-sized,fx-cr-anamorphic,1.5,True,True,0.06566840277777777,0,0.07697482638888889,4,0.07274305555555556,0,0,0
float32-sized,fx-cr-anamorphic,2.1,True,True,0.06916232638888889,0,0.07033420138888889,4,0.06362847222222222,0,0,0
float32-sized,fx-cr-matrix,0.3,True,True,0.061610243055555555,0,0.07630208333333334,4,0.06395399305555556,0,0,0
float32-sized,fx-cr-matrix,0.9,True,True,0.06644965277777778,0,0.08665364583333333,4,0.059830729166666666,0,0,0
float32-sized,fx-cr-matrix,1.5,True,True,0.05967881944444445,0,0.07567274305555556,4,0.06134982638888889,0,0,0
float32-sized,fx-cr-matrix,2.1,True,True,0.07897135416666666,0,0.11755642361111111,4,0.08430989583333333,0,0,0
float32-sized,fx-cr-signal-lost,0.3,False,False,5.857573784722222,91,5.8375,93,5.885959201388889,91,0,0
float32-sized,fx-cr-signal-lost,0.9,False,False,5.836436631944444,91,5.809852430555556,89,5.801649305555555,91,0,0
float32-sized,fx-cr-signal-lost,1.5,False,False,11.229861111111111,107,11.23127170138889,109,11.230815972222222,107,0,0
float32-sized,fx-cr-signal-lost,2.1,False,False,35.80091145833333,132,41.27536892361111,134,45.416232638888886,148,0,0
float32-sized,fx-cr-slice-drift,0.3,True,True,0.07803819444444444,0,0.061783854166666666,4,0.0845703125,8,0,0
float32-sized,fx-cr-slice-drift,0.9,True,True,0.07955729166666667,0,0.07669270833333333,4,0.08257378472222222,0,0,0
float32-sized,fx-cr-slice-drift,1.5,True,True,0.08253038194444444,8,0.06668836805555556,4,0.094921875,8,0,0
float32-sized,fx-cr-slice-drift,2.1,True,True,0.07000868055555555,0,0.051671006944444445,4,0.07784288194444444,0,0,0
float32-sized,fx-cr-camcorder,0.3,True,True,0.11605902777777778,8,0.1109375,4,0.10319010416666667,8,0,0
float32-sized,fx-cr-camcorder,0.9,True,True,0.1126953125,8,0.11121961805555555,4,0.10657552083333334,8,0,0
float32-sized,fx-cr-camcorder,1.5,True,True,0.10687934027777778,8,0.10974392361111111,4,0.10407986111111112,8,0,0
float32-sized,fx-cr-camcorder,2.1,True,True,0.11360677083333333,8,0.10993923611111112,4,0.09340277777777778,8,0,0
float32-sized,fx-cr-projector,0.3,False,False,3.0868489583333334,9,2.5116753472222224,8,1.8634765625,9,0,0
float32-sized,fx-cr-projector,0.9,False,False,2.4575520833333333,9,1.9762586805555555,8,1.5112847222222223,9,0,0
float32-sized,fx-cr-projector,1.5,False,False,1.2786024305555554,9,1.1264322916666667,8,0.8725260416666667,9,0,0
float32-sized,fx-cr-projector,2.1,False,False,0.8694878472222223,9,0.7086805555555555,5,0.5675564236111111,9,0,0
float32-sized,fx-cr-comic-pop,0.3,True,True,0.1820095486111111,8,0.20946180555555555,4,0.1794704861111111,8,0,0
float32-sized,fx-cr-comic-pop,0.9,True,True,0.24166666666666667,8,0.23272569444444444,4,0.18257378472222222,8,0,0
float32-sized,fx-cr-comic-pop,1.5,True,True,0.16267361111111112,8,0.1882595486111111,4,0.18062065972222222,8,0,0
float32-sized,fx-cr-comic-pop,2.1,True,True,0.177734375,8,0.18062065972222222,4,0.1708984375,8,0,0
float32-sized,fx-cr-dreamy,0.3,True,True,0.08020833333333334,0,0.07547743055555556,4,0.07484809027777778,0,0,0
float32-sized,fx-cr-dreamy,0.9,True,True,0.08235677083333333,8,0.08307291666666666,4,0.07955729166666667,0,0,0
float32-sized,fx-cr-dreamy,1.5,True,True,0.07788628472222223,0,0.08094618055555555,4,0.07189670138888889,0,0,0
float32-sized,fx-cr-dreamy,2.1,True,True,0.07886284722222223,0,0.08135850694444445,4,0.07706163194444444,0,0,0
float32-sized,fx-cr-kaleido-bloom,0.3,True,True,0.13081597222222222,8,0.1281032986111111,4,0.1228515625,8,0,0
float32-sized,fx-cr-kaleido-bloom,0.9,True,True,0.13177083333333334,8,0.1265842013888889,4,0.11297743055555555,8,0,0
float32-sized,fx-cr-kaleido-bloom,1.5,True,True,0.12803819444444445,8,0.13450520833333332,4,0.10197482638888888,8,0,0
float32-sized,fx-cr-kaleido-bloom,2.1,True,True,0.1407986111111111,8,0.1291232638888889,4,0.1068359375,8,0,0
float32-sized,fx-cr-zoom-burst,0.3,True,True,0.07163628472222222,0,0.07860243055555556,4,0.07456597222222222,0,0,0
float32-sized,fx-cr-zoom-burst,0.9,True,True,0.050282118055555554,0,0.039778645833333334,0,0.03904079861111111,0,0,0
float32-sized,fx-cr-zoom-burst,1.5,True,True,0.04663628472222222,0,0.040234375,0,0.04038628472222222,0,0,0
float32-sized,fx-cr-zoom-burst,2.1,True,True,0.08049045138888888,0,0.08053385416666667,4,0.07927517361111111,0,0,0
float32-sized,fx-cr-ring-reveal,0.3,True,True,0.06430121527777778,0,0.05709635416666667,4,0.05657552083333333,0,0,0
float32-sized,fx-cr-ring-reveal,0.9,True,True,0.06410590277777778,0,0.053125,4,0.05134548611111111,0,0,0
float32-sized,fx-cr-ring-reveal,1.5,True,True,0.06306423611111112,0,0.060698784722222225,4,0.05559895833333333,0,0,0
float32-sized,fx-cr-ring-reveal,2.1,True,True,0.06267361111111111,0,0.061263020833333334,4,0.051953125,0,0,0
float32-sized,fx-cr-flash-cut,0.3,True,True,0.14518229166666666,8,0.0736328125,4,0.06970486111111111,0,0,0
float32-sized,fx-cr-flash-cut,0.9,True,True,0.20184461805555556,8,0.18993055555555555,4,0.20381944444444444,8,0,0
float32-sized,fx-cr-flash-cut,1.5,True,True,0.06844618055555556,0,0.06065538194444445,4,0.06901041666666667,0,0,0
float32-sized,fx-cr-flash-cut,2.1,True,True,0.049327256944444446,0,0.042881944444444445,4,0.04494357638888889,0,0,0
float32-sized,fx-cr-rgb-strobe,0.3,True,True,0.04754774305555556,0,0.041276041666666666,4,0.03982204861111111,0,0,0
float32-sized,fx-cr-rgb-strobe,0.9,True,True,0.021744791666666666,0,0.056792534722222225,4,0.024479166666666666,0,0,0
float32-sized,fx-cr-rgb-strobe,1.5,True,True,0.04529079861111111,0,0.04309895833333333,4,0.03511284722222222,0,0,0
float32-sized,fx-cr-rgb-strobe,2.1,True,True,0.019118923611111113,0,0.05857204861111111,4,0.022135416666666668,0,0,0
float32-sized,fx-cr-aurora,0.3,True,True,0.09874131944444445,8,0.10698784722222222,4,0.08391927083333334,8,0,0
float32-sized,fx-cr-aurora,0.9,True,True,0.09858940972222222,8,0.10735677083333334,4,0.08368055555555555,8,0,0
float32-sized,fx-cr-aurora,1.5,True,True,0.0954861111111111,8,0.10101996527777778,4,0.08502604166666666,8,0,0
float32-sized,fx-cr-aurora,2.1,True,True,0.09375,8,0.10323350694444444,4,0.08138020833333333,0,0,0
float32-sized,fx-cr-heart-pulse,0.3,True,True,0.09665798611111111,8,0.0912109375,4,0.0755859375,0,0,0
float32-sized,fx-cr-heart-pulse,0.9,True,True,0.09724392361111112,8,0.08509114583333334,4,0.07176649305555556,0,0,0
float32-sized,fx-cr-heart-pulse,1.5,True,True,0.04782986111111111,0,0.04461805555555556,4,0.03650173611111111,0,0,0
float32-sized,fx-cr-heart-pulse,2.1,True,True,0.0929904513888889,8,0.0970703125,4,0.0812717013888889,0,0,0
float32-sized,fx-cr-twinkle-sky,0.3,True,True,0.09752604166666666,8,0.082421875,4,0.08849826388888889,8,0,0
float32-sized,fx-cr-twinkle-sky,0.9,True,True,0.09563802083333334,8,0.08693576388888889,4,0.08441840277777778,0,0,0
float32-sized,fx-cr-twinkle-sky,1.5,True,True,0.0986328125,8,0.08786892361111111,4,0.09110243055555556,8,0,0
float32-sized,fx-cr-twinkle-sky,2.1,True,True,0.09915364583333333,8,0.0896267361111111,4,0.0859375,8,0,0
float32-sized,fx-cr-tri-split,0.3,False,False,8.477061631944444,58,8.123046875,61,7.876150173611111,74,0,0
float32-sized,fx-cr-tri-split,0.9,False,False,4.901649305555556,57,4.701128472222222,57,4.668402777777778,66,0,0
float32-sized,fx-cr-tri-split,1.5,False,False,10.701540798611111,58,10.142947048611111,61,9.74453125,74,0,0
float32-sized,fx-cr-tri-split,2.1,False,False,4.299674479166667,50,4.059939236111111,53,3.8489149305555554,58,0,0
float32-sized,fx-mt-velocity,0.3,True,True,0.09444444444444444,8,0.08960503472222223,4,0.08352864583333333,8,0,0
float32-sized,fx-mt-velocity,0.9,True,True,0.09440104166666667,8,0.09092881944444445,4,0.07853732638888888,0,0,0
float32-sized,fx-mt-velocity,1.5,True,True,0.09459635416666666,8,0.08914930555555556,4,0.08619791666666667,8,0,0
float32-sized,fx-mt-velocity,2.1,True,True,0.09496527777777777,8,0.095703125,4,0.08569878472222223,8,0,0
float32-sized,fx-mt-beat-rotate,0.3,True,True,0.10481770833333333,8,0.09813368055555556,4,0.0978732638888889,8,0,0
float32-sized,fx-mt-beat-rotate,0.9,True,True,0.0929904513888889,8,0.09162326388888889,4,0.08971354166666666,8,0,0
float32-sized,fx-mt-beat-rotate,1.5,True,True,0.09776475694444445,8,0.09214409722222222,4,0.09626736111111112,8,0,0
float32-sized,fx-mt-beat-rotate,2.1,True,True,0.09880642361111111,8,0.09301215277777777,4,0.09420572916666667,8,0,0
float32-sized,fx-mt-photo-snap,0.3,True,True,0.076171875,0,0.07465277777777778,4,0.09079861111111111,8,0,0
float32-sized,fx-mt-photo-snap,0.9,False,False,2.071267361111111,17,2.0624348958333334,20,2.13984375,25,0,0
float32-sized,fx-mt-photo-snap,1.5,False,False,22.245269097222224,164,22.329296875,166,23.07890625,164,0,0
float32-sized,fx-mt-photo-snap,2.1,True,True,0.06762152777777777,0,0.07654079861111111,4,0.08656684027777778,8,0,0
float32-sized,fx-mt-zoom-shake,0.3,False,False,1.915842013888889,9,1.8161241319444446,8,1.7462022569444444,9,0,0
float32-sized,fx-mt-zoom-shake,0.9,True,True,0.25106336805555557,8,0.25169270833333335,4,0.22862413194444445,8,0,0
float32-sized,fx-mt-zoom-shake,1.5,False,False,15.226974826388888,74,14.4259765625,65,13.638411458333334,66,0,0
float32-sized,fx-mt-zoom-shake,2.1,False,False,9.548480902777778,50,9.19513888888889,49,8.723133680555556,49,0,0
float32-sized,fx-mt-split-swipe,0.3,True,True,0.04333767361111111,0,0.03723958333333333,0,0.034092881944444445,0,0,0
float32-sized,fx-mt-split-swipe,0.9,True,True,0.047938368055555555,0,0.0421875,4,0.029036458333333334,0,0,0
float32-sized,fx-mt-split-swipe,1.5,True,True,0.04945746527777778,0,0.041102430555555555,4,0.031575520833333336,0,0,0
float32-sized,fx-mt-split-swipe,2.1,True,True,0.08608940972222222,8,0.06764322916666667,4,0.049370659722222224,0,0,0
float32-sized,fx-mt-blur-punch,0.3,True,True,0.09227430555555556,8,0.08541666666666667,4,0.06896701388888889,0,0,0
float32-sized,fx-mt-blur-punch,0.9,True,True,0.0859375,8,0.07734375,4,0.06239149305555555,0,0,0
float32-sized,fx-mt-blur-punch,1.5,True,True,0.08023003472222222,0,0.07749565972222222,4,0.05987413194444444,0,0,0
float32-sized,fx-mt-blur-punch,2.1,True,True,0.0744140625,0,0.07319878472222222,4,0.060221354166666664,0,0,0
float32-sized,fx-mt-mirror-beat,0.3,True,True,0.04778645833333333,0,0.06013454861111111,4,0.06134982638888889,0,0,0
float32-sized,fx-mt-mirror-beat,0.9,True,False,0.26569010416666666,8,0.26864149305555557,4,0.2818359375,9,0,0
float32-sized,fx-mt-mirror-beat,1.5,True,True,0.05635850694444444,0,0.05700954861111111,4,0.060004340277777776,0,0,0
float32-sized,fx-mt-mirror-beat,2.1,True,True,0.27133246527777777,8,0.2679470486111111,4,0.2771267361111111,8,0,0
float32-sized,fx-mt-step-zoom,0.3,True,True,0.12243923611111111,8,0.11924913194444445,4,0.11204427083333333,8,0,0
float32-sized,fx-mt-step-zoom,0.9,True,True,0.13500434027777777,8,0.1265625,4,0.11115451388888889,8,0,0
float32-sized,fx-mt-step-zoom,1.5,True,True,0.1320095486111111,8,0.13142361111111112,4,0.1154513888888889,8,0,0
float32-sized,fx-mt-step-zoom,2.1,True,True,0.13674045138888888,8,0.12408854166666666,4,0.10711805555555555,8,0,0
float32-sized,fx-mt-rgb-punch,0.3,True,True,0.08888888888888889,8,0.06935763888888889,4,0.06545138888888889,0,0,0
float32-sized,fx-mt-rgb-punch,0.9,True,True,0.07999131944444444,0,0.07393663194444444,4,0.07213541666666666,0,0,0
float32-sized,fx-mt-rgb-punch,1.5,True,True,0.07964409722222222,0,0.07102864583333333,4,0.08263888888888889,0,0,0
float32-sized,fx-mt-rgb-punch,2.1,True,True,0.09509548611111111,8,0.07866753472222222,4,0.07504340277777778,0,0,0
float32-sized,fx-mt-dutch-tilt,0.3,True,True,0.15323350694444443,8,0.13420138888888888,4,0.123046875,8,0,0
float32-sized,fx-mt-dutch-tilt,0.9,True,True,0.13971354166666666,8,0.13231336805555555,4,0.1287326388888889,8,0,0
float32-sized,fx-mt-dutch-tilt,1.5,True,True,0.15334201388888888,8,0.1408203125,4,0.1261935763888889,8,0,0
float32-sized,fx-mt-dutch-tilt,2.1,True,True,0.14884982638888888,8,0.13713107638888888,4,0.13016493055555556,8,0,0
float32-sized,fx-mt-echo-zoom,0.3,True,True,0.05221354166666667,0,0.04388020833333333,4,0.04778645833333333,0,0,0
float32-sized,fx-mt-echo-zoom,0.9,True,True,0.05004340277777778,0,0.045464409722222224,4,0.04194878472222222,0,0,0
float32-sized,fx-mt-echo-zoom,1.5,True,True,0.043858506944444445,0,0.050065104166666666,4,0.042881944444444445,0,0,0
float32-sized,fx-mt-echo-zoom,2.1,True,True,0.04796006944444445,0,0.04945746527777778,4,0.04266493055555556,0,0,0
float32-sized,fx-mt-cinematic,0.3,True,True,0.1263454861111111,8,0.11232638888888889,4,0.10006510416666667,8,0,0
float32-sized,fx-mt-cinematic,0.9,True,True,0.12593315972222222,8,0.10718315972222223,4,0.098046875,8,0,0
float32-sized,fx-mt-cinematic,1.5,True,True,0.12886284722222222,8,0.1203342013888889,4,0.09919704861111112,8,0,0
float32-sized,fx-mt-cinematic,2.1,True,True,0.131640625,8,0.11818576388888889,4,0.10028211805555555,8,0,0
float32-sized,fx-swing-card,0.3,True,True,0.09602864583333333,8,0.08825954861111111,4,0.08797743055555556,8,0,0
float32-sized,fx-swing-card,0.9,True,True,0.07647569444444445,0,0.07775607638888889,4,0.07447916666666667,0,0,0
float32-sized,fx-swing-card,1.5,True,True,0.10991753472222222,8,0.09893663194444445,4,0.09848090277777778,8,0,0
float32-sized,fx-swing-card,2.1,True,True,0.08934461805555556,8,0.08363715277777778,4,0.08292100694444444,8,0,0
float32-sized,fx-orbit-card,0.3,True,True,0.07209201388888889,0,0.060460069444444445,4,0.05831163194444444,0,0,0
float32-sized,fx-orbit-card,0.9,True,True,0.068359375,0,0.06284722222222222,4,0.06226128472222222,0,0,0
float32-sized,fx-orbit-card,1.5,True,True,0.0767578125,0,0.06953125,4,0.05935329861111111,0,0,0
float32-sized,fx-orbit-card,2.1,True,True,0.07795138888888889,0,0.06575520833333333,4,0.058203125,0,0,0
float32-sized,fx-flip-card,0.3,True,True,0.06638454861111111,0,0.06961805555555556,4,0.0636935763888889,0,0,0
float32-sized,fx-flip-card,0.9,True,True,0.02849392361111111,0,0.02404513888888889,0,0.038736979166666664,0,0,0
float32-sized,fx-flip-card,1.5,True,True,0.08042534722222222,0,0.07152777777777777,4,0.07144097222222222,0,0,0
float32-sized,fx-flip-card,2.1,True,True,0.028103298611111112,0,0.021983506944444446,0,0.029774305555555554,0,0,0
float32-sized,fx-spin-card,0.3,True,True,0.10149739583333334,8,0.09320746527777778,4,0.09016927083333333,8,0,0
float32-sized,fx-spin-card,0.9,True,True,0.09720052083333333,8,0.08854166666666667,4,0.08272569444444444,8,0,0
float32-sized,fx-spin-card,1.5,True,True,0.09526909722222222,8,0.09236111111111112,4,0.08537326388888888,8,0,0
float32-sized,fx-spin-card,2.1,True,True,0.09453125,8,0.0906032986111111,4,0.08667534722222223,8,0,0
float32-sized,fx-phone-spin,0.3,True,True,0.043858506944444445,0,0.03517795138888889,0,0.02892795138888889,0,0,0
float32-sized,fx-phone-spin,0.9,True,True,0.026323784722222222,0,0.0224609375,0,0.019292534722222223,0,0,0
float32-sized,fx-phone-spin,1.5,True,True,0.013194444444444444,0,0.006944444444444444,0,0.010199652777777778,0,0,0
float32-sized,fx-phone-spin,2.1,True,True,0.030381944444444444,0,0.023307291666666667,0,0.021006944444444446,0,0,0
float32-sized,fx-cube-spin,0.3,True,True,0.03572048611111111,0,0.027647569444444443,0,0.031119791666666667,0,0,0
float32-sized,fx-cube-spin,0.9,True,True,0.036284722222222225,0,0.0296875,0,0.02146267361111111,0,0,0
float32-sized,fx-cube-spin,1.5,True,True,0.03424479166666667,0,0.02966579861111111,0,0.027994791666666668,0,0,0
float32-sized,fx-cube-spin,2.1,True,True,0.03962673611111111,0,0.027799479166666665,0,0.02892795138888889,0,0,0
float32-sized,fx-cube-tumble,0.3,True,True,0.03478732638888889,0,0.027408854166666666,0,0.02345920138888889,0,0,0
float32-sized,fx-cube-tumble,0.9,True,True,0.029253472222222222,0,0.024717881944444443,0,0.0193359375,0,0,0
float32-sized,fx-cube-tumble,1.5,True,True,0.03359375,0,0.022330729166666667,0,0.020073784722222224,0,0,0
float32-sized,fx-cube-tumble,2.1,True,True,0.03244357638888889,0,0.024457465277777778,0,0.01935763888888889,0,0,0
float32-sized,fx-dice-roll,0.3,True,True,0.0341796875,0,0.018967013888888887,0,0.020290798611111112,0,0,0
float32-sized,fx-dice-roll,0.9,True,True,0.026627604166666666,0,0.018359375,0,0.016384548611111112,0,0,0
float32-sized,fx-dice-roll,1.5,True,True,0.02554253472222222,0,0.018077256944444446,0,0.01521267361111111,0,0,0
float32-sized,fx-dice-roll,2.1,True,True,0.027300347222222222,0,0.0181640625,0,0.01775173611111111,0,0,0
float32-sized,fx-globe,0.3,True,True,0.078515625,0,0.0812717013888889,4,0.07209201388888889,0,0,0
float32-sized,fx-globe,0.9,True,True,0.0779296875,0,0.07858072916666667,4,0.07194010416666667,0,0,0
float32-sized,fx-globe,1.5,True,True,0.07582465277777778,0,0.0779296875,4,0.06803385416666667,0,0,0
float32-sized,fx-globe,2.1,True,True,0.07502170138888889,0,0.07875434027777778,4,0.07035590277777778,0,0,0
float32-sized,fx-crystal-ball,0.3,True,True,0.13072916666666667,8,0.12931857638888888,4,0.11723090277777778,8,0,0
float32-sized,fx-crystal-ball,0.9,True,True,0.1332465277777778,8,0.13079427083333334,4,0.12200520833333334,8,0,0
float32-sized,fx-crystal-ball,1.5,True,True,0.12196180555555555,8,0.1328125,4,0.12769097222222223,8,0,0
float32-sized,fx-crystal-ball,2.1,True,True,0.12632378472222222,8,0.13363715277777777,4,0.12769097222222223,8,0,0
float32-sized,fx-tunnel,0.3,True,True,0.11380208333333333,8,0.1300564236111111,4,0.10501302083333333,8,0,0
float32-sized,fx-tunnel,0.9,True,True,0.11512586805555555,8,0.12703993055555557,4,0.10757378472222222,8,0,0
float32-sized,fx-tunnel,1.5,True,True,0.11553819444444445,8,0.1296657986111111,4,0.10132378472222223,8,0,0
float32-sized,fx-tunnel,2.1,True,True,0.12369791666666667,8,0.11271701388888888,4,0.0978732638888889,8,0,0
float32-sized,fx-mirror-room,0.3,True,True,0.06017795138888889,0,0.07013888888888889,4,0.07215711805555555,0,0,0
float32-sized,fx-mirror-room,0.9,True,True,0.06703559027777778,0,0.07662760416666667,4,0.06391059027777778,0,0,0
float32-sized,fx-mirror-room,1.5,True,True,0.06384548611111111,0,0.05733506944444444,4,0.053624131944444445,0,0,0
float32-sized,fx-mirror-room,2.1,True,True,0.08014322916666666,0,0.08120659722222222,4,0.06703559027777778,0,0,0
float32-sized,fx-spiral-tunnel,0.3,True,True,0.09772135416666666,8,0.0925564236111111,4,0.07647569444444445,0,0,0
float32-sized,fx-spiral-tunnel,0.9,True,True,0.09242621527777778,8,0.0841796875,4,0.071484375,0,0,0
float32-sized,fx-spiral-tunnel,1.5,True,True,0.10260416666666666,8,0.0974609375,4,0.08732638888888888,8,0,0
float32-sized,fx-spiral-tunnel,2.1,True,True,0.10583767361111111,8,0.09782986111111111,4,0.08600260416666666,8,0,0
float32-sized,fx-hyperspace,0.3,False,False,2.826801215277778,90,2.9291666666666667,97,3.3055555555555554,107,0,0
float32-sized,fx-hyperspace,0.9,False,False,3.2042100694444446,99,3.2964409722222223,105,3.631618923611111,124,0,0
float32-sized,fx-hyperspace,1.5,False,False,3.5567057291666666,107,3.693381076388889,114,4.109982638888889,131,0,0
float32-sized,fx-hyperspace,2.1,False,False,3.68515625,107,3.7873914930555554,114,4.1839409722222225,132,0,0
float32-sized,fx-star-rush,0.3,False,False,4.482443576388889,107,4.990972222222222,113,5.487543402777778,123,0,0
float32-sized,fx-star-rush,0.9,False,False,6.746050347222222,148,7.463346354166666,166,8.17267795138889,181,0,0
float32-sized,fx-star-rush,1.5,False,False,6.011263020833334,132,6.658441840277778,146,7.287044270833333,164,0,0
float32-sized,fx-star-rush,2.1,False,False,5.993706597222222,132,6.598111979166666,150,7.2014756944444445,165,0,0
float32-sized,fx-carousel,0.3,False,False,0.7498697916666667,9,0.7424045138888888,12,0.7266927083333333,9,0,0
float32-sized,fx-carousel,0.9,False,False,0.9611762152777777,9,0.9320095486111111,12,0.9260416666666667,9,0,0
float32-sized,fx-carousel,1.5,False,False,0.7445963541666667,9,0.7327473958333334,8,0.7214409722222223,9,0,0
float32-sized,fx-carousel,2.1,False,False,0.5237413194444445,9,0.5121527777777778,8,0.4911892361111111,9,0,0
float32-sized,fx-kaleido-drill,0.3,True,True,0.14559461805555557,8,0.14151475694444443,4,0.12864583333333332,8,0,0
float32-sized,fx-kaleido-drill,0.9,True,True,0.1361111111111111,8,0.1320529513888889,4,0.12135416666666667,8,0,0
float32-sized,fx-kaleido-drill,1.5,True,True,0.141796875,8,0.12693142361111112,4,0.123046875,8,0,0
float32-sized,fx-kaleido-drill,2.1,True,True,0.12649739583333333,8,0.11671006944444444,4,0.12265625,8,0,0
float32-sized,fx-tiny-planet,0.3,True,True,0.13967013888888888,8,0.13713107638888888,4,0.12107204861111111,8,0,0
float32-sized,fx-tiny-planet,0.9,True,True,0.13958333333333334,8,0.12884114583333334,4,0.12078993055555555,8,0,0
float32-sized,fx-tiny-planet,1.5,True,True,0.13524305555555555,8,0.13465711805555555,4,0.12899305555555557,8,0,0
float32-sized,fx-tiny-planet,2.1,True,True,0.14765625,8,0.13563368055555555,4,0.112890625,8,0,0
float32-sized,fx-infinite-zoom,0.3,True,True,0.11592881944444444,8,0.09748263888888889,4,0.09309895833333333,8,0,0
float32-sized,fx-infinite-zoom,0.9,True,True,0.11540798611111111,8,0.1044921875,4,0.10217013888888889,8,0,0
float32-sized,fx-infinite-zoom,1.5,True,True,0.11514756944444444,8,0.10290798611111111,4,0.10772569444444445,8,0,0
float32-sized,fx-infinite-zoom,2.1,True,True,0.0998263888888889,8,0.10212673611111112,4,0.10310329861111112,8,0,0
float32-sized,fx-cylinder,0.3,True,True,0.09811197916666667,8,0.09437934027777778,4,0.08878038194444444,8,0,0
float32-sized,fx-cylinder,0.9,True,True,0.08838975694444444,8,0.09268663194444444,4,0.08415798611111111,8,0,0
float32-sized,fx-cylinder,1.5,True,True,0.08708767361111111,8,0.09509548611111111,4,0.08062065972222222,0,0,0
float32-sized,fx-cylinder,2.1,True,True,0.08413628472222222,8,0.09144965277777778,4,0.09192708333333334,8,0,0
float32-sized,fx-neon-stage,0.3,True,True,0.0754123263888889,0,0.03170572916666667,0,0.03543836805555556,0,0,0
float32-sized,fx-neon-stage,0.9,True,True,0.038736979166666664,0,0.0314453125,0,0.029427083333333333,0,0,0
float32-sized,fx-neon-stage,1.5,True,True,0.03522135416666667,0,0.029774305555555554,0,0.030360243055555555,0,0,0
float32-sized,fx-neon-stage,2.1,True,True,0.038736979166666664,0,0.03203125,0,0.03244357638888889,0,0,0
float32-sized,fx-fade-out,0.3,True,True,0.08036024305555556,0,0.08988715277777778,4,0.06299913194444444,0,0,0
float32-sized,fx-fade-out,0.9,True,True,0.08285590277777778,8,0.0451171875,4,0.1013671875,8,0,0
float32-sized,fx-fade-out,1.5,True,True,0.003884548611111111,0,0.004253472222222222,0,0.005512152777777778,0,0,0
float32-sized,fx-fade-out,2.1,True,True,0,0,0,0,0,0,0,0
float32-sized,fx-white-flash,0.3,True,True,0.08665364583333333,8,0.09359809027777778,4,0.0572265625,0,0,0
float32-sized,fx-white-flash,0.9,True,True,0.04602864583333333,0,0.043684895833333334,4,0.039496527777777776,0,0,0
float32-sized,fx-white-flash,1.5,True,True,0.06197916666666667,0,0.10171440972222222,4,0.047764756944444445,0,0,0
float32-sized,fx-white-flash,2.1,True,True,0.045073784722222225,0,0.045182291666666666,4,0.039388020833333336,0,0,0
float32-sized,fx-blink,0.3,True,True,0.05078125,0,0.04314236111111111,4,0.039388020833333336,0,0,0
float32-sized,fx-blink,0.9,True,False,0.23396267361111112,8,0.25145399305555555,4,0.26783854166666665,9,0,0
float32-sized,fx-blink,1.5,True,True,0.04663628472222222,0,0.040234375,0,0.04038628472222222,0,0,0
float32-sized,fx-blink,2.1,True,True,0.04650607638888889,0,0.03982204861111111,0,0.03904079861111111,0,0,0
float32-sized,fx-motion-blur,0.3,True,True,0.08619791666666667,8,0.07866753472222222,4,0.07311197916666666,0,0,0
float32-sized,fx-motion-blur,0.9,True,True,0.08400607638888889,8,0.08155381944444444,4,0.07185329861111112,0,0,0
float32-sized,fx-motion-blur,1.5,True,True,0.07860243055555556,0,0.08055555555555556,4,0.0755859375,0,0,0
float32-sized,fx-motion-blur,2.1,True,True,0.08621961805555556,8,0.08009982638888889,4,0.07029079861111111,0,0,0
float32-sized,fx-mini-zoom,0.3,True,True,0.09815538194444444,8,0.09435763888888889,4,0.07530381944444445,0,0,0
float32-sized,fx-mini-zoom,0.9,True,True,0.09670138888888889,8,0.0904296875,4,0.07495659722222223,0,0,0
float32-sized,fx-mini-zoom,1.5,True,True,0.10138888888888889,8,0.08832465277777778,4,0.07981770833333333,0,0,0
float32-sized,fx-mini-zoom,2.1,True,True,0.09943576388888889,8,0.09366319444444444,4,0.07907986111111111,0,0,0
float32-sized,fx-camera-shake,0.3,True,True,0.14552951388888888,8,0.14205729166666667,4,0.12964409722222223,8,0,0
float32-sized,fx-camera-shake,0.9,True,True,0.13869357638888888,8,0.1265625,4,0.12317708333333334,8,0,0
float32-sized,fx-camera-shake,1.5,True,True,0.15716145833333334,8,0.15106336805555556,4,0.13977864583333333,8,0,0
float32-sized,fx-camera-shake,2.1,True,True,0.14947916666666666,8,0.13387586805555557,4,0.12545572916666667,8,0,0
float32-sized,fx-film-grain,0.3,False,False,9.54767795138889,33,9.667621527777778,32,9.650477430555556,33,0,0
float32-sized,fx-film-grain,0.9,False,False,9.707508680555556,33,9.770203993055556,32,9.767686631944445,33,0,0
float32-sized,fx-film-grain,1.5,False,False,9.697764756944444,33,9.79958767361111,32,9.844921875,33,0,0
float32-sized,fx-film-grain,2.1,False,False,9.678081597222222,33,9.758767361111111,32,9.773307291666667,33,0,0
float32-sized,fx-cinema,0.3,True,True,0.08580729166666666,8,0.05633680555555556,4,0.104296875,8,0,0
float32-sized,fx-cinema,0.9,True,True,0.08483072916666666,8,0.05668402777777778,4,0.10095486111111111,8,0,0
float32-sized,fx-cinema,1.5,True,True,0.08478732638888889,8,0.05980902777777778,4,0.10108506944444444,8,0,0
float32-sized,fx-cinema,2.1,True,True,0.08328993055555556,8,0.055013020833333336,4,0.09759114583333334,8,0,0
float32-sized,fx-vertical-open,0.3,True,True,0.005729166666666666,0,0.006814236111111111,0,0.006098090277777778,0,0,0
float32-sized,fx-vertical-open,0.9,True,True,0.045182291666666666,0,0.0345703125,0,0.03463541666666667,0,0,0
float32-sized,fx-vertical-open,1.5,True,True,0.06306423611111112,0,0.060698784722222225,4,0.05559895833333333,0,0,0
float32-sized,fx-vertical-open,2.1,True,True,0.06675347222222222,0,0.0576171875,4,0.053125,0,0,0
float32-sized,fx-camera-focus,0.3,True,True,0.07144097222222222,0,0.06831597222222222,4,0.06397569444444444,0,0,0
float32-sized,fx-camera-focus,0.9,True,True,0.06714409722222223,0,0.06657986111111111,4,0.062109375,0,0,0
float32-sized,fx-camera-focus,1.5,True,True,0.07797309027777778,0,0.0720486111111111,4,0.06642795138888889,0,0,0
float32-sized,fx-camera-focus,2.1,True,True,0.08511284722222222,8,0.06924913194444444,4,0.0652126736111111,0,0,0
float32-sized,fx-spin-blur,0.3,True,True,0.08179253472222223,0,0.0769314236111111,4,0.06920572916666666,0,0,0
float32-sized,fx-spin-blur,0.9,True,True,0.07588975694444444,0,0.07298177083333333,4,0.07300347222222223,0,0,0
float32-sized,fx-spin-blur,1.5,True,True,0.08270399305555555,8,0.08053385416666667,4,0.06330295138888889,0,0,0
float32-sized,fx-spin-blur,2.1,True,True,0.09292534722222222,8,0.08506944444444445,4,0.07076822916666667,0,0,0
float32-sized,fx-swing,0.3,True,True,0.09997829861111111,8,0.0892578125,4,0.07371961805555556,0,0,0
float32-sized,fx-swing,0.9,True,True,0.10132378472222223,8,0.09008246527777777,4,0.06985677083333333,0,0,0
float32-sized,fx-swing,1.5,True,True,0.1044921875,8,0.08828125,4,0.07819010416666666,0,0,0
float32-sized,fx-swing,2.1,True,True,0.09598524305555556,8,0.08676215277777778,4,0.07816840277777778,0,0,0
float32-sized,fx-low-exposure,0.3,True,True,0.06990017361111112,0,0.05881076388888889,4,0.03498263888888889,0,0,0
float32-sized,fx-low-exposure,0.9,True,True,0.06440972222222222,0,0.061046006944444446,4,0.03240017361111111,0,0,0
float32-sized,fx-low-exposure,1.5,True,True,0.06981336805555556,0,0.05629340277777778,4,0.03253038194444444,0,0,0
float32-sized,fx-low-exposure,2.1,True,True,0.06569010416666667,0,0.055013020833333336,4,0.03828125,0,0,0
float32-sized,fx-hazy,0.3,True,True,0.096875,8,0.07973090277777778,4,0.09772135416666666,8,0,0
float32-sized,fx-hazy,0.9,True,True,0.09926215277777778,8,0.08463541666666667,4,0.09038628472222222,8,0,0
float32-sized,fx-hazy,1.5,True,True,0.10486111111111111,8,0.088671875,4,0.09429253472222222,8,0,0
float32-sized,fx-hazy,2.1,True,True,0.11039496527777778,8,0.08582899305555555,4,0.09279513888888889,8,0,0
float32-sized,fx-to-colour,0.3,True,True,0.108203125,8,0.11039496527777778,4,0.10518663194444444,8,0,0
float32-sized,fx-to-colour,0.9,True,True,0.11438802083333334,8,0.11762152777777778,4,0.10542534722222222,8,0,0
float32-sized,fx-to-colour,1.5,True,True,0.12150607638888888,8,0.07428385416666666,4,0.09112413194444445,8,0,0
float32-sized,fx-to-colour,2.1,True,True,0.07808159722222222,0,0.06647135416666666,4,0.068359375,0,0,0
float32-sized,fx-colorize,0.3,True,True,0.08975694444444444,8,0.07758246527777778,4,0.05182291666666667,0,0,0
float32-sized,fx-colorize,0.9,True,True,0.08732638888888888,8,0.07317708333333334,4,0.051280381944444446,0,0,0
float32-sized,fx-colorize,1.5,True,True,0.09435763888888889,8,0.07703993055555555,4,0.0517578125,0,0,0
float32-sized,fx-colorize,2.1,True,True,0.08391927083333334,8,0.07209201388888889,4,0.054036458333333336,0,0,0
float32-sized,fx-tilt-shift,0.3,True,True,0.11165364583333333,8,0.10590277777777778,4,0.09118923611111111,8,0,0
float32-sized,fx-tilt-shift,0.9,True,True,0.1013671875,8,0.10640190972222222,4,0.09164496527777778,8,0,0
float32-sized,fx-tilt-shift,1.5,True,True,0.10911458333333333,8,0.11382378472222222,4,0.08226996527777777,8,0,0
float32-sized,fx-tilt-shift,2.1,True,True,0.10646701388888889,8,0.10980902777777778,4,0.08780381944444444,8,0,0
float32-sized,fx-iris-open,0.3,True,True,0.06493055555555556,0,0.0595703125,4,0.06197916666666667,0,0,0
float32-sized,fx-iris-open,0.9,True,True,0.07016059027777778,0,0.0681423611111111,4,0.07536892361111111,0,0,0
float32-sized,fx-iris-open,1.5,True,True,0.07291666666666667,0,0.07376302083333333,4,0.06879340277777778,0,0,0
float32-sized,fx-iris-open,2.1,True,True,0.07808159722222222,0,0.06647135416666666,4,0.068359375,0,0,0
float32-sized,fx-iris-close,0.3,True,True,0.06059027777777778,0,0.05384114583333333,4,0.05277777777777778,0,0,0
float32-sized,fx-iris-close,0.9,True,True,0.06351996527777778,0,0.052582465277777775,4,0.051171875,0,0,0
float32-sized,fx-iris-close,1.5,True,True,0.004318576388888889,0,0.002907986111111111,0,0.0025173611111111113,0,0,0
float32-sized,fx-iris-close,2.1,True,True,0,0,0,0,0,0,0,0
float32-sized,fx-slide-reveal,0.3,True,True,0.06907552083333333,0,0.056727430555555555,4,0.04900173611111111,0,0,0
float32-sized,fx-slide-reveal,0.9,True,True,0.1654730902777778,8,0.13246527777777778,4,0.09431423611111112,8,0,0
float32-sized,fx-slide-reveal,1.5,True,True,0.13081597222222222,8,0.11512586805555555,4,0.06829427083333334,0,0,0
float32-sized,fx-slide-reveal,2.1,True,True,0.07957899305555556,0,0.06729600694444444,4,0.045811631944444445,0,0,0
float32-sized,fx-zoom-intro,0.3,True,True,0.066015625,0,0.068359375,4,0.06050347222222222,0,0,0
float32-sized,fx-zoom-intro,0.9,True,True,0.144140625,8,0.13411458333333334,4,0.12115885416666666,8,0,0
float32-sized,fx-zoom-intro,1.5,True,True,0.14303385416666667,8,0.13891059027777777,4,0.13289930555555557,8,0,0
float32-sized,fx-zoom-intro,2.1,True,True,0.07879774305555555,0,0.06692708333333333,4,0.06872829861111111,0,0,0
float32-sized,fx-blur-in,0.3,True,True,0.05186631944444445,0,0.04071180555555556,4,0.03009982638888889,0,0,0
float32-sized,fx-blur-in,0.9,True,True,0.09945746527777778,8,0.08734809027777778,4,0.07671440972222222,0,0,0
float32-sized,fx-blur-in,1.5,True,True,0.11187065972222222,8,0.10217013888888889,4,0.08802083333333334,8,0,0
float32-sized,fx-blur-in,2.1,True,True,0.06675347222222222,0,0.0576171875,4,0.053125,0,0,0
float32-sized,fx-blur-out,0.3,True,True,0.1025390625,8,0.09867621527777778,4,0.08489583333333334,8,0,0
float32-sized,fx-blur-out,0.9,True,True,0.04446614583333333,0,0.04496527777777778,4,0.0306640625,0,0,0
float32-sized,fx-blur-out,1.5,True,True,0.014713541666666666,0,0.009027777777777777,0,0.007400173611111111,0,0,0
float32-sized,fx-blur-out,2.1,True,True,0,0,0,0,0,0,0,0
float32-sized,fx-curtain,0.3,True,True,0.016341145833333334,0,0.012847222222222222,0,0.01408420138888889,0,0,0
float32-sized,fx-curtain,0.9,True,True,0.03220486111111111,0,0.028407118055555555,0,0.03504774305555555,0,0,0
float32-sized,fx-curtain,1.5,True,True,0.03882378472222222,0,0.03192274305555556,0,0.040581597222222224,0,0,0
float32-sized,fx-curtain,2.1,True,True,0.03973524305555556,0,0.03404947916666667,0,0.04559461805555556,0,0,0
float32-sized,fx-the-end,0.3,True,True,0.05677083333333333,0,0.04997829861111111,4,0.048567708333333334,0,0,0
float32-sized,fx-the-end,0.9,True,True,0.034895833333333334,0,0.02964409722222222,0,0.028428819444444444,0,0,0
float32-sized,fx-the-end,1.5,True,True,0.005230034722222222,0,0.007161458333333333,0,0.004969618055555555,0,0,0
float32-sized,fx-the-end,2.1,True,True,0,0,0,0,0,0,0,0
float32-sized,fx-flash-in,0.3,True,True,0.022916666666666665,0,0.025694444444444443,0,0.02085503472222222,0,0,0
float32-sized,fx-flash-in,0.9,True,True,0.08849826388888889,8,0.06736111111111111,4,0.05314670138888889,0,0,0
float32-sized,fx-flash-in,1.5,True,True,0.04529079861111111,0,0.04309895833333333,4,0.03511284722222222,0,0,0
float32-sized,fx-flash-in,2.1,True,True,0.045073784722222225,0,0.045182291666666666,4,0.039388020833333336,0,0,0
float32-sized,fx-glitch-in,0.3,True,True,0.024696180555555555,0,0.018033854166666665,0,0.026041666666666668,0,0,0
float32-sized,fx-glitch-in,0.9,True,True,0.08873697916666666,8,0.06267361111111111,4,0.08289930555555555,8,0,0
float32-sized,fx-glitch-in,1.5,True,True,0.11564670138888888,8,0.03125,0,0.087109375,8,0,0
float32-sized,fx-glitch-in,2.1,True,True,0.02947048611111111,0,0.02282986111111111,0,0.022894965277777776,0,0,0
float32-sized,fx-film-burn,0.3,True,True,0.0740234375,0,0.06948784722222222,4,0.07209201388888889,0,0,0
float32-sized,fx-film-burn,0.9,True,True,0.05744357638888889,0,0.08166232638888889,4,0.06117621527777778,0,0,0
float32-sized,fx-film-burn,1.5,True,True,0,0,0.025911458333333335,0,0.02133246527777778,0,0,0
float32-sized,fx-film-burn,2.1,True,True,0,0,8.680555555555556e-05,0,0.0005208333333333333,0,0,0
float32-sized,fx-shutter,0.3,True,True,0.06059027777777778,0,0.05384114583333333,4,0.05277777777777778,0,0,0
float32-sized,fx-shutter,0.9,True,True,0.012630208333333334,0,0.019053819444444446,0,0.01384548611111111,0,0,0
float32-sized,fx-shutter,1.5,True,True,0.06306423611111112,0,0.060698784722222225,4,0.05559895833333333,0,0,0
float32-sized,fx-shutter,2.1,True,True,0.06675347222222222,0,0.0576171875,4,0.053125,0,0,0
float32-sized,fx-heart-reveal,0.3,True,True,0.015190972222222222,0,0.010373263888888888,0,0.011024305555555556,0,0,0
float32-sized,fx-heart-reveal,0.9,True,True,0.04131944444444444,0,0.03812934027777778,0,0.03452690972222222,0,0,0
float32-sized,fx-heart-reveal,1.5,True,True,0.04266493055555556,0,0.039388020833333336,0,0.0341796875,0,0,0
float32-sized,fx-heart-reveal,2.1,True,True,0.043055555555555555,0,0.04309895833333333,4,0.03875868055555556,0,0,0
float32-sized,fx-torn-reveal,0.3,True,True,0.039952256944444445,0,0.03478732638888889,0,0.031141493055555556,0,0,0
float32-sized,fx-torn-reveal,0.9,True,True,0.06499565972222222,0,0.06197916666666667,4,0.06710069444444444,0,0,0
float32-sized,fx-torn-reveal,1.5,True,True,0.07291666666666667,0,0.07376302083333333,4,0.06879340277777778,0,0,0
float32-sized,fx-torn-reveal,2.1,True,True,0.07808159722222222,0,0.06647135416666666,4,0.068359375,0,0,0
float32-sized,fx-disco,0.3,True,True,0.06547309027777778,0,0.0626953125,4,0.06697048611111112,0,0,0
float32-sized,fx-disco,0.9,True,True,0.06916232638888889,0,0.062000868055555554,4,0.06299913194444444,0,0,0
float32-sized,fx-disco,1.5,True,True,0.061675347222222225,0,0.06499565972222222,4,0.05978732638888889,0,0,0
float32-sized,fx-disco,2.1,True,True,0.06879340277777778,0,0.055859375,4,0.05802951388888889,0,0,0
float32-sized,fx-laser-show,0.3,True,True,0.05928819444444444,0,0.05640190972222222,4,0.059027777777777776,0,0,0
float32-sized,fx-laser-show,0.9,True,True,0.070703125,0,0.05967881944444445,4,0.05082465277777778,0,0,0
float32-sized,fx-laser-show,1.5,True,True,0.05492621527777778,0,0.05067274305555555,4,0.0474609375,0,0,0
float32-sized,fx-laser-show,2.1,True,True,0.056727430555555555,0,0.05946180555555555,4,0.05564236111111111,0,0,0
float32-sized,fx-club-lights,0.3,True,True,0.06273871527777777,0,0.06677517361111111,4,0.05390625,0,0,0
float32-sized,fx-club-lights,0.9,True,True,0.07096354166666667,0,0.0715060763888889,4,0.06061197916666667,0,0,0
float32-sized,fx-club-lights,1.5,True,True,0.07647569444444445,0,0.0802734375,4,0.06456163194444445,0,0,0
float32-sized,fx-club-lights,2.1,True,True,0.06323784722222223,0,0.062174479166666664,4,0.05536024305555556,0,0,0
float32-sized,fx-beat-zoom,0.3,True,True,0.05078125,0,0.043229166666666666,4,0.039561631944444446,0,0,0
float32-sized,fx-beat-zoom,0.9,True,True,0.048502604166666664,0,0.03830295138888889,0,0.03741319444444444,0,0,0
float32-sized,fx-beat-zoom,1.5,True,True,0.04663628472222222,0,0.040234375,0,0.04038628472222222,0,0,0
float32-sized,fx-beat-zoom,2.1,True,True,0.07706163194444444,0,0.07369791666666667,4,0.072265625,0,0,0
float32-sized,fx-mirror-ball,0.3,True,True,0.21009114583333333,8,0.2954644097222222,4,0.3069661458333333,8,0,0
float32-sized,fx-mirror-ball,0.9,True,True,0.2384982638888889,8,0.2662109375,4,0.30638020833333335,8,0,0
float32-sized,fx-mirror-ball,1.5,True,True,0.19858940972222222,8,0.19279513888888888,4,0.24233940972222223,8,0,0
float32-sized,fx-mirror-ball,2.1,True,True,0.19926215277777778,8,0.21957465277777777,4,0.23938802083333333,8,0,0
float32-sized,fx-confetti,0.3,True,True,0.05479600694444445,0,0.05295138888888889,4,0.04967447916666667,0,0,0
float32-sized,fx-confetti,0.9,True,True,0.05284288194444445,0,0.049717881944444445,4,0.048285590277777776,0,0,0
float32-sized,fx-confetti,1.5,True,True,0.05733506944444444,0,0.05043402777777778,4,0.052734375,0,0,0
float32-sized,fx-confetti,2.1,True,True,0.05381944444444445,0,0.0515625,4,0.046788194444444445,0,0,0
float32-sized,fx-colour-cycle,0.3,True,True,0.10364583333333334,8,0.11733940972222222,4,0.14561631944444445,8,0,0
float32-sized,fx-colour-cycle,0.9,True,True,0.13548177083333332,8,0.08917100694444445,4,0.1376953125,8,0,0
float32-sized,fx-colour-cycle,1.5,True,True,0.15013020833333332,8,0.11148003472222222,4,0.11681857638888889,8,0,0
float32-sized,fx-colour-cycle,2.1,True,True,0.1427951388888889,8,0.13289930555555557,4,0.0908203125,8,0,0
float32-sized,fx-balloons,0.3,True,True,0.052018229166666666,0,0.04348958333333333,4,0.05123697916666667,0,0,0
float32-sized,fx-balloons,0.9,True,True,0.047591145833333334,0,0.045985243055555555,4,0.056206597222222224,0,0,0
float32-sized,fx-balloons,1.5,True,True,0.04841579861111111,0,0.04544270833333333,4,0.03641493055555556,0,0,0
float32-sized,fx-balloons,2.1,True,True,0.04865451388888889,0,0.046440972222222224,4,0.039496527777777776,0,0,0
float32-sized,fx-earthquake,0.3,True,True,0.13626302083333333,8,0.13819444444444445,4,0.12411024305555556,8,0,0
float32-sized,fx-earthquake,0.9,True,True,0.14281684027777777,8,0.13292100694444445,4,0.1292751736111111,8,0,0
float32-sized,fx-earthquake,1.5,True,True,0.14242621527777777,8,0.13836805555555556,4,0.12797309027777778,8,0,0
float32-sized,fx-earthquake,2.1,True,True,0.14463975694444445,8,0.1349392361111111,4,0.12734375,8,0,0
float32-sized,fx-swirl,0.3,True,True,0.14244791666666667,8,0.13120659722222222,4,0.12914496527777777,8,0,0
float32-sized,fx-swirl,0.9,True,True,0.13995225694444444,8,0.1361328125,4,0.12990451388888888,8,0,0
float32-sized,fx-swirl,1.5,True,True,0.13081597222222222,8,0.14249131944444443,4,0.125390625,8,0,0
float32-sized,fx-swirl,2.1,True,True,0.14047309027777777,8,0.13615451388888888,4,0.1267578125,8,0,0
float32-sized,fx-spin,0.3,True,True,0.09737413194444444,8,0.0853515625,4,0.07434895833333334,0,0,0
float32-sized,fx-spin,0.9,True,True,0.09848090277777778,8,0.08142361111111111,4,0.06974826388888888,0,0,0
float32-sized,fx-spin,1.5,True,True,0.10073784722222222,8,0.08993055555555556,4,0.07571614583333333,0,0,0
float32-sized,fx-spin,2.1,True,True,0.10088975694444445,8,0.09212239583333333,4,0.07760416666666667,0,0,0
float32-sized,fx-bounce,0.3,True,True,0.09305555555555556,8,0.08984375,4,0.09292534722222222,8,0,0
float32-sized,fx-bounce,0.9,True,True,0.09207899305555556,8,0.09309895833333333,4,0.08116319444444445,0,0,0
float32-sized,fx-bounce,1.5,True,True,0.09691840277777777,8,0.08563368055555555,4,0.08658854166666667,8,0,0
float32-sized,fx-bounce,2.1,True,True,0.09372829861111111,8,0.09411892361111111,4,0.08784722222222222,8,0,0
float32-sized,fx-zoom-pulse,0.3,True,True,0.13899739583333334,8,0.1325954861111111,4,0.13231336805555555,8,0,0
float32-sized,fx-zoom-pulse,0.9,True,True,0.13995225694444444,8,0.1362847222222222,4,0.12115885416666666,8,0,0
float32-sized,fx-zoom-pulse,1.5,True,True,0.14793836805555555,8,0.14021267361111112,4,0.128125,8,0,0
float32-sized,fx-zoom-pulse,2.1,True,True,0.1370876736111111,8,0.14466145833333333,4,0.12881944444444443,8,0,0
float32-sized,fx-heartbeat,0.3,True,True,0.09767795138888889,8,0.09435763888888889,4,0.08337673611111111,8,0,0
float32-sized,fx-heartbeat,0.9,True,True,0.05119357638888889,0,0.041276041666666666,4,0.040473090277777776,0,0,0
float32-sized,fx-heartbeat,1.5,True,True,0.07699652777777778,0,0.06553819444444445,4,0.0666015625,0,0,0
float32-sized,fx-heartbeat,2.1,True,True,0.10473090277777777,8,0.08828125,4,0.09151475694444444,8,0,0
float32-sized,fx-light-leak,0.3,True,True,0.048676215277777775,0,0.04220920138888889,4,0.041449652777777776,0,0,0
float32-sized,fx-light-leak,0.9,True,True,0.04715711805555556,0,0.04772135416666667,4,0.04240451388888889,0,0,0
float32-sized,fx-light-leak,1.5,True,True,0.052018229166666666,0,0.050629340277777775,4,0.04299045138888889,0,0,0
float32-sized,fx-light-leak,2.1,True,True,0.05661892361111111,0,0.055078125,4,0.05199652777777778,0,0,0
float32-sized,fx-lens-flare,0.3,True,True,0.11538628472222222,8,0.1150390625,4,0.11358506944444445,8,0,0
float32-sized,fx-lens-flare,0.9,True,True,0.11184895833333333,8,0.11553819444444445,4,0.10677083333333333,8,0,0
float32-sized,fx-lens-flare,1.5,True,True,0.11564670138888888,8,0.11239149305555556,4,0.10581597222222222,8,0,0
float32-sized,fx-lens-flare,2.1,True,True,0.11551649305555556,8,0.12196180555555555,4,0.10475260416666667,8,0,0
float32-sized,fx-bokeh,0.3,True,True,0.08984375,8,0.0886501736111111,4,0.08624131944444445,8,0,0
float32-sized,fx-bokeh,0.9,True,True,0.09513888888888888,8,0.08704427083333334,4,0.09125434027777778,8,0,0
float32-sized,fx-bokeh,1.5,True,True,0.09047309027777778,8,0.09283854166666666,4,0.08031684027777777,0,0,0
float32-sized,fx-bokeh,2.1,True,True,0.09748263888888889,8,0.0920138888888889,4,0.07994791666666666,0,0,0
float32-sized,fx-sunbeam,0.3,True,True,0.07332899305555556,0,0.0646701388888889,4,0.0736328125,0,0,0
float32-sized,fx-sunbeam,0.9,True,True,0.055121527777777776,0,0.051258680555555554,4,0.051909722222222225,0,0,0
float32-sized,fx-sunbeam,1.5,True,True,0.05967881944444445,0,0.04934895833333333,4,0.05496961805555556,0,0,0
float32-sized,fx-sunbeam,2.1,True,True,0.05848524305555555,0,0.05262586805555555,4,0.04982638888888889,0,0,0
float32-sized,fx-rainbow-leak,0.3,True,True,0.0619140625,0,0.04993489583333333,4,0.04871961805555555,0,0,0
float32-sized,fx-rainbow-leak,0.9,True,True,0.047026909722222225,0,0.04561631944444444,4,0.042252604166666666,0,0,0
float32-sized,fx-rainbow-leak,1.5,True,True,0.05080295138888889,0,0.04984809027777778,4,0.039149305555555555,0,0,0
float32-sized,fx-rainbow-leak,2.1,True,True,0.056098090277777776,0,0.059071180555555554,4,0.052083333333333336,0,0,0
float32-sized,fx-bloom,0.3,True,True,0.10366753472222222,8,0.12293836805555555,4,0.11117621527777778,8,0,0
float32-sized,fx-bloom,0.9,True,True,0.10340711805555555,8,0.1273871527777778,4,0.11085069444444444,8,0,0
float32-sized,fx-bloom,1.5,True,True,0.10813802083333333,8,0.128515625,4,0.10536024305555555,8,0,0
float32-sized,fx-bloom,2.1,True,True,0.10362413194444445,8,0.1264105902777778,4,0.10310329861111112,8,0,0
float32-sized,fx-neon-edges,0.3,True,True,0.3316189236111111,8,0.17769097222222222,4,0.20805121527777778,8,0,0
float32-sized,fx-neon-edges,0.9,True,True,0.3353515625,8,0.23997395833333332,4,0.13645833333333332,8,0,0
float32-sized,fx-neon-edges,1.5,True,True,0.33404947916666666,8,0.30789930555555556,4,0.12013888888888889,8,0,0
float32-sized,fx-neon-edges,2.1,True,True,0.2658203125,8,0.3310763888888889,4,0.11864149305555556,8,0,0
float32-sized,fx-starburst,0.3,True,True,0.08895399305555556,8,0.07990451388888889,4,0.0755859375,0,0,0
float32-sized,fx-starburst,0.9,True,True,0.08639322916666667,8,0.08016493055555556,4,0.07033420138888889,0,0,0
float32-sized,fx-starburst,1.5,True,True,0.08628472222222222,8,0.08561197916666667,4,0.07165798611111111,0,0,0
float32-sized,fx-starburst,2.1,True,True,0.09173177083333334,8,0.0769314236111111,4,0.06727430555555555,0,0,0
float32-sized,fx-split-2,0.3,True,True,0.06770833333333333,0,0.06397569444444444,4,0.06770833333333333,0,0,0
float32-sized,fx-split-2,0.9,True,True,0.06870659722222222,0,0.05911458333333333,4,0.0580078125,0,0,0
float32-sized,fx-split-2,1.5,True,True,0.0673828125,0,0.06475694444444445,4,0.07222222222222222,0,0,0
float32-sized,fx-split-2,2.1,True,True,0.07348090277777777,0,0.05954861111111111,4,0.05603298611111111,0,0,0
float32-sized,fx-stack-2,0.3,True,True,0.07719184027777778,0,0.07881944444444444,4,0.073046875,0,0,0
float32-sized,fx-stack-2,0.9,True,True,0.07808159722222222,0,0.0783420138888889,4,0.07799479166666666,0,0,0
float32-sized,fx-stack-2,1.5,True,True,0.08292100694444444,0,0.08042534722222222,4,0.06768663194444445,0,0,0
float32-sized,fx-stack-2,2.1,True,True,0.087109375,8,0.07261284722222222,4,0.07026909722222222,0,0,0
float32-sized,fx-split-3,0.3,True,True,0.07738715277777777,0,0.07845052083333333,4,0.08220486111111111,0,0,0
float32-sized,fx-split-3,0.9,True,True,0.09069010416666666,8,0.08795572916666666,4,0.07317708333333334,0,0,0
float32-sized,fx-split-3,1.5,True,True,0.08752170138888889,8,0.08142361111111111,4,0.07571614583333333,0,0,0
float32-sized,fx-split-3,2.1,True,True,0.09680989583333334,8,0.0833984375,4,0.08776041666666666,8,0,0
float32-sized,fx-grid-4,0.3,True,True,0.2595703125,8,0.209375,4,0.2595703125,8,0,0
float32-sized,fx-grid-4,0.9,True,True,0.26851128472222224,8,0.21412760416666668,4,0.26851128472222224,8,0,0
float32-sized,fx-grid-4,1.5,True,True,0.28409288194444443,8,0.22413194444444445,4,0.28409288194444443,8,0,0
float32-sized,fx-grid-4,2.1,True,True,0.2642578125,8,0.23461371527777777,4,0.2642578125,8,0,0
float32-sized,fx-grid-9,0.3,True,True,0.062413194444444445,0,0.04537760416666667,4,0.05785590277777778,0,0,0
float32-sized,fx-grid-9,0.9,True,True,0.06258680555555556,0,0.056141493055555554,4,0.0388671875,0,0,0
float32-sized,fx-grid-9,1.5,True,True,0.0333984375,0,0.05358072916666667,4,0.05705295138888889,0,0,0
float32-sized,fx-grid-9,2.1,True,True,0.05950520833333333,0,0.06245659722222222,4,0.05802951388888889,0,0,0
float32-sized,fx-mirror-lr,0.3,True,True,0.03585069444444444,0,0.03259548611111111,0,0.04014756944444445,0,0,0
float32-sized,fx-mirror-lr,0.9,True,True,0.039149305555555555,0,0.04084201388888889,4,0.039539930555555554,0,0,0
float32-sized,fx-mirror-lr,1.5,True,True,0.040364583333333336,0,0.02868923611111111,0,0.037196180555555555,0,0,0
float32-sized,fx-mirror-lr,2.1,True,True,0.034678819444444446,0,0.036631944444444446,0,0.043793402777777775,0,0,0
float32-sized,fx-mirror-tb,0.3,True,True,0.07254774305555556,0,0.06284722222222222,4,0.05078125,0,0,0
float32-sized,fx-mirror-tb,0.9,True,True,0.07380642361111112,0,0.06128472222222222,4,0.05529513888888889,0,0,0
float32-sized,fx-mirror-tb,1.5,True,True,0.06885850694444444,0,0.06545138888888889,4,0.055338541666666664,0,0,0
float32-sized,fx-mirror-tb,2.1,True,True,0.0708984375,0,0.06631944444444444,4,0.059895833333333336,0,0,0
float32-sized,fx-kaleido-4,0.3,True,True,0.0892578125,8,0.07269965277777778,4,0.06851128472222222,0,0,0
float32-sized,fx-kaleido-4,0.9,True,True,0.09019097222222222,8,0.07473958333333333,4,0.07873263888888889,0,0,0
float32-sized,fx-kaleido-4,1.5,True,True,0.07795138888888889,0,0.07864583333333333,4,0.07506510416666666,0,0,0
float32-sized,fx-kaleido-4,2.1,True,True,0.09279513888888889,8,0.0700954861111111,4,0.06636284722222222,0,0,0
float32-sized,fx-rgb-panes,0.3,True,True,0.20234375,8,0.2815755208333333,4,0.2630642361111111,8,0,0
float32-sized,fx-rgb-panes,0.9,True,True,0.20499131944444443,8,0.28606770833333334,4,0.26953125,8,0,0
float32-sized,fx-rgb-panes,1.5,True,True,0.2035590277777778,8,0.2782986111111111,4,0.24147135416666668,8,0,0
float32-sized,fx-rgb-panes,2.1,True,True,0.20509982638888888,8,0.27912326388888886,4,0.24184027777777778,8,0,0
float32-sized,fx-grid-flash,0.3,True,True,0.09188368055555556,8,0.07625868055555556,4,0.07769097222222222,0,0,0
float32-sized,fx-grid-flash,0.9,True,True,0.11807725694444444,8,0.07365451388888888,4,0.07914496527777778,0,0,0
float32-sized,fx-grid-flash,1.5,True,True,0.08598090277777778,8,0.083203125,4,0.09040798611111112,8,0,0
float32-sized,fx-grid-flash,2.1,True,True,0.08057725694444444,0,0.07855902777777778,4,0.06595052083333333,0,0,0
float32-sized,fx-pencil-sketch,0.3,True,True,0.2126953125,8,0.2107638888888889,4,0.2072482638888889,8,0,0
float32-sized,fx-pencil-sketch,0.9,True,True,0.266015625,8,0.25733506944444445,4,0.27118055555555554,8,0,0
float32-sized,fx-pencil-sketch,1.5,True,True,0.260546875,8,0.2647786458333333,4,0.26536458333333335,8,0,0
float32-sized,fx-pencil-sketch,2.1,True,True,0.2946831597222222,8,0.29424913194444446,4,0.3003472222222222,8,0,0
float32-sized,fx-marker-lines,0.3,True,True,0.14064670138888888,8,0.20516493055555557,4,0.1842013888888889,8,0,0
float32-sized,fx-marker-lines,0.9,True,True,0.17159288194444444,8,0.22506510416666667,4,0.21260850694444444,8,0,0
float32-sized,fx-marker-lines,1.5,True,True,0.17838541666666666,8,0.2271484375,4,0.20950520833333333,8,0,0
float32-sized,fx-marker-lines,2.1,True,True,0.1732855902777778,8,0.228125,4,0.22072482638888888,8,0,0
float32-sized,fx-spray-neon,0.3,True,True,0.23407118055555556,8,0.14351128472222222,4,0.09945746527777778,8,0,0
float32-sized,fx-spray-neon,0.9,True,True,0.2492404513888889,8,0.15342881944444445,4,0.10579427083333333,8,0,0
float32-sized,fx-spray-neon,1.5,True,True,0.24830729166666668,8,0.14286024305555556,4,0.10831163194444444,8,0,0
float32-sized,fx-spray-neon,2.1,True,True,0.24711371527777778,8,0.1476345486111111,4,0.11343315972222222,8,0,0
float32-sized,fx-comic-print,0.3,True,True,0.1480685763888889,8,0.1691189236111111,4,0.16705729166666666,8,0,0
float32-sized,fx-comic-print,0.9,True,True,0.1451388888888889,8,0.17154947916666666,4,0.16048177083333334,8,0,0
float32-sized,fx-comic-print,1.5,True,True,0.15755208333333334,8,0.16812065972222223,4,0.1527777777777778,8,0,0
float32-sized,fx-comic-print,2.1,True,True,0.14097222222222222,8,0.1733940972222222,4,0.15813802083333334,8,0,0
float32-sized,fx-chalkboard,0.3,True,True,0.18057725694444443,8,0.17643229166666666,4,0.18624131944444444,8,0,0
float32-sized,fx-chalkboard,0.9,True,True,0.24097222222222223,8,0.24210069444444443,4,0.24622395833333333,8,0,0
float32-sized,fx-chalkboard,1.5,True,True,0.23328993055555555,8,0.24268663194444445,4,0.23997395833333332,8,0,0
float32-sized,fx-chalkboard,2.1,True,True,0.2657335069444444,8,0.26705729166666664,4,0.2711588541666667,8,0,0
float32-sized,fx-scribble-frame,0.3,True,True,0.074609375,0,0.0700954861111111,4,0.06866319444444445,0,0,0
float32-sized,fx-scribble-frame,0.9,True,True,0.07235243055555556,0,0.07126736111111111,4,0.07174479166666667,0,0,0
float32-sized,fx-scribble-frame,1.5,True,True,0.07669270833333333,0,0.07805989583333334,4,0.07102864583333333,0,0,0
float32-sized,fx-scribble-frame,2.1,True,True,0.08118489583333334,0,0.06950954861111111,4,0.07042100694444445,0,0,0
float32-sized,fx-confetti-burst,0.3,False,False,2.6965928819444445,107,2.4594401041666667,77,2.3826171875,83,0,0
float32-sized,fx-confetti-burst,0.9,False,False,1.3544270833333334,58,1.5055121527777777,57,1.6874565972222222,74,0,0
float32-sized,fx-confetti-burst,1.5,False,False,1.0500434027777779,49,1.1668619791666666,53,1.1270182291666666,41,0,0
float32-sized,fx-confetti-burst,2.1,False,False,0.9568142361111112,33,0.8999131944444444,33,1.125368923611111,33,0,0
float32-sized,fx-gold-glitter,0.3,True,True,0.06569010416666667,0,0.05768229166666667,4,0.05041232638888889,0,0,0
float32-sized,fx-gold-glitter,0.9,True,True,0.07124565972222222,0,0.06017795138888889,4,0.05249565972222222,0,0,0
float32-sized,fx-gold-glitter,1.5,True,True,0.06907552083333333,0,0.06215277777777778,4,0.05596788194444444,0,0,0
float32-sized,fx-gold-glitter,2.1,True,True,0.07380642361111112,0,0.06115451388888889,4,0.05635850694444444,0,0,0
float32-sized,fx-heart-rain,0.3,True,True,0.05392795138888889,0,0.048003472222222225,4,0.042469618055555554,0,0,0
float32-sized,fx-heart-rain,0.9,True,True,0.05659722222222222,0,0.04815538194444444,4,0.04357638888888889,0,0,0
float32-sized,fx-heart-rain,1.5,True,True,0.06384548611111111,0,0.046332465277777776,4,0.042144097222222225,0,0,0
float32-sized,fx-heart-rain,2.1,True,True,0.0693359375,0,0.05088975694444445,4,0.04607204861111111,0,0,0
float32-sized,fx-bubbles,0.3,True,True,0.06788194444444444,0,0.061957465277777776,4,0.06048177083333333,0,0,0
float32-sized,fx-bubbles,0.9,True,True,0.07189670138888889,0,0.06432291666666666,4,0.06449652777777778,0,0,0
float32-sized,fx-bubbles,1.5,True,True,0.07200520833333333,0,0.06981336805555556,4,0.0661892361111111,0,0,0
float32-sized,fx-bubbles,2.1,True,True,0.07634548611111111,0,0.06527777777777778,4,0.06534288194444444,0,0,0
float32-sized,fx-star-pop,0.3,True,True,0.05987413194444444,0,0.05896267361111111,4,0.05154079861111111,0,0,0
float32-sized,fx-star-pop,0.9,True,True,0.05314670138888889,0,0.04485677083333333,4,0.04665798611111111,0,0,0
float32-sized,fx-star-pop,1.5,True,True,0.06041666666666667,0,0.05308159722222222,4,0.047135416666666666,0,0,0
float32-sized,fx-star-pop,2.1,True,True,0.0806640625,0,0.07282986111111112,4,0.05538194444444444,0,0,0
float32-sized,fx-petals,0.3,True,True,0.0673828125,0,0.04142795138888889,4,0.0431640625,0,0,0
float32-sized,fx-petals,0.9,True,True,0.06940104166666666,0,0.044140625,4,0.04375,0,0,0
float32-sized,fx-petals,1.5,True,True,0.06942274305555556,0,0.04641927083333333,4,0.042078993055555555,0,0,0
float32-sized,fx-petals,2.1,True,True,0.06898871527777778,0,0.049891493055555555,4,0.04934895833333333,0,0,0
float32-sized,fx-snowfall,0.3,False,False,1.6568142361111111,49,1.8098524305555554,56,2.018185763888889,65,0,0
float32-sized,fx-snowfall,0.9,False,False,1.7237196180555556,50,1.8621961805555556,57,2.0518663194444446,65,0,0
float32-sized,fx-snowfall,1.5,False,False,1.698415798611111,50,1.8647786458333333,56,2.0658203125,65,0,0
float32-sized,fx-snowfall,2.1,False,False,1.7102213541666667,50,1.8588107638888889,53,2.0657118055555554,58,0,0
float32-sized,fx-sparkler,0.3,True,True,0.11512586805555555,8,0.11393229166666667,4,0.12302517361111111,8,0,0
float32-sized,fx-sparkler,0.9,True,True,0.11130642361111111,8,0.11321614583333334,4,0.13023003472222222,8,0,0
float32-sized,fx-sparkler,1.5,True,True,0.12647569444444445,8,0.12180989583333333,4,0.11087239583333333,8,0,0
float32-sized,fx-sparkler,2.1,True,True,0.11378038194444444,8,0.11512586805555555,4,0.12081163194444444,8,0,0
float32-sized,fx-pixelate,0.3,True,True,0.08986545138888889,8,0.10453559027777778,4,0.09778645833333334,8,0,0
float32-sized,fx-pixelate,0.9,True,True,0.08311631944444445,8,0.10021701388888889,4,0.08331163194444445,8,0,0
float32-sized,fx-pixelate,1.5,True,True,0.09880642361111111,8,0.10405815972222222,4,0.08444010416666667,8,0,0
float32-sized,fx-pixelate,2.1,True,True,0.09448784722222223,8,0.09722222222222222,4,0.08439670138888888,8,0,0
float32-sized,fx-pixel-scan,0.3,True,True,0.08159722222222222,0,0.0826171875,4,0.08617621527777777,8,0,0
float32-sized,fx-pixel-scan,0.9,True,True,0.08025173611111111,0,0.07923177083333334,4,0.0857421875,8,0,0
float32-sized,fx-pixel-scan,1.5,True,True,0.08038194444444445,0,0.08370225694444444,4,0.07743055555555556,0,0,0
float32-sized,fx-pixel-scan,2.1,True,True,0.0884765625,8,0.0773654513888889,4,0.0751953125,0,0,0
float32-sized,fx-mosaic-pulse,0.3,True,True,0.09782986111111111,8,0.08422309027777777,4,0.080859375,0,0,0
float32-sized,fx-mosaic-pulse,0.9,True,True,0.080078125,0,0.08094618055555555,4,0.07506510416666666,0,0,0
float32-sized,fx-mosaic-pulse,1.5,True,True,0.08732638888888888,8,0.12352430555555556,4,0.08821614583333333,8,0,0
float32-sized,fx-mosaic-pulse,2.1,False,False,1.7195963541666666,49,1.5427734375,40,1.3627387152777777,33,0,0
float32-sized,fx-eight-bit,0.3,False,False,9.571940104166666,50,8.477973090277779,49,8.985264756944444,50,0,0
float32-sized,fx-eight-bit,0.9,False,False,9.605360243055555,50,8.846592881944444,49,8.708615451388889,50,0,0
float32-sized,fx-eight-bit,1.5,False,False,9.585264756944444,50,8.998697916666666,49,8.540104166666667,50,0,0
float32-sized,fx-eight-bit,2.1,False,False,9.527821180555556,50,8.540060763888889,49,8.465473090277778,50,0,0
float32-sized,fx-pixel-sort,0.3,True,True,0.18057725694444443,8,0.1763237847222222,4,0.18237847222222223,8,0,0
float32-sized,fx-pixel-sort,0.9,True,True,0.1956814236111111,8,0.18422309027777778,4,0.20436197916666668,8,0,0
float32-sized,fx-pixel-sort,1.5,True,True,0.18155381944444443,8,0.16527777777777777,4,0.18430989583333332,8,0,0
float32-sized,fx-pixel-sort,2.1,True,True,0.18895399305555555,8,0.17024739583333334,4,0.1857638888888889,8,0,0
float32-sized,fx-pixel-breakdown,0.3,True,True,0.09171006944444444,8,0.0833984375,4,0.08982204861111111,8,0,0
float32-sized,fx-pixel-breakdown,0.9,True,True,0.1771918402777778,8,0.19919704861111112,4,0.20336371527777777,8,0,0
float32-sized,fx-pixel-breakdown,1.5,True,True,0.17309027777777777,8,0.18726128472222223,4,0.19305555555555556,8,0,0
float32-sized,fx-pixel-breakdown,2.1,True,True,0.10390625,0,0.0955078125,4,0.09210069444444445,0,0,0
float32-sized,fx-beads,0.3,True,True,0.049153645833333336,0,0.04676649305555555,4,0.04422743055555556,0,0,0
float32-sized,fx-beads,0.9,True,True,0.05199652777777778,0,0.04624565972222222,4,0.04296875,0,0,0
float32-sized,fx-beads,1.5,True,True,0.06130642361111111,0,0.05043402777777778,4,0.03845486111111111,0,0,0
float32-sized,fx-beads,2.1,True,True,0.05611979166666667,0,0.053233506944444446,4,0.04822048611111111,0,0,0
float32-sized,fx-led-wall,0.3,True,True,0.07467447916666667,0,0.08374565972222223,4,0.083984375,8,0,0
float32-sized,fx-led-wall,0.9,True,True,0.07795138888888889,0,0.08830295138888888,4,0.08483072916666666,8,0,0
float32-sized,fx-led-wall,1.5,True,True,0.07875434027777778,0,0.08862847222222223,4,0.0841796875,8,0,0
float32-sized,fx-led-wall,2.1,True,True,0.08763020833333333,8,0.08439670138888888,4,0.08656684027777778,8,0,0
float32-sized,fx-cross-stitch,0.3,True,True,0.06276041666666667,0,0.0560546875,4,0.08506944444444445,8,0,0
float32-sized,fx-cross-stitch,0.9,True,True,0.06061197916666667,0,0.053233506944444446,4,0.09555121527777778,8,0,0
float32-sized,fx-cross-stitch,1.5,True,True,0.05731336805555556,0,0.05627170138888889,4,0.09375,8,0,0
float32-sized,fx-cross-stitch,2.1,True,True,0.06204427083333333,0,0.056315104166666664,4,0.08823784722222222,8,0,0
float32-sized,fx-toy-bricks,0.3,True,True,0.1150173611111111,8,0.09991319444444445,4,0.07970920138888889,0,0,0
float32-sized,fx-toy-bricks,0.9,True,True,0.10668402777777777,8,0.1008029513888889,4,0.08739149305555556,8,0,0
float32-sized,fx-toy-bricks,1.5,True,True,0.09796006944444445,8,0.10208333333333333,4,0.08611111111111111,8,0,0
float32-sized,fx-toy-bricks,2.1,True,True,0.09997829861111111,8,0.10366753472222222,4,0.08426649305555556,8,0,0
float32-sized,fx-pixel-glitch,0.3,True,True,0.07706163194444444,0,0.0833984375,4,0.0732421875,0,0,0
float32-sized,fx-pixel-glitch,0.9,True,True,0.09351128472222223,8,0.07836371527777777,4,0.08133680555555556,0,0,0
float32-sized,fx-pixel-glitch,1.5,True,True,0.08016493055555556,0,0.08374565972222223,4,0.07651909722222222,0,0,0
float32-sized,fx-pixel-glitch,2.1,True,True,0.08674045138888889,8,0.07584635416666667,4,0.07575954861111112,0,0,0
float32-sized,fx-rgb-split,0.3,True,True,0.11812065972222222,8,0.06729600694444444,4,0.06078559027777778,0,0,0
float32-sized,fx-rgb-split,0.9,True,True,0.13969184027777778,8,0.06864149305555556,4,0.07491319444444444,0,0,0
float32-sized,fx-rgb-split,1.5,True,True,0.10883246527777778,8,0.07046440972222222,4,0.08943142361111112,8,0,0
float32-sized,fx-rgb-split,2.1,True,True,0.09906684027777778,8,0.06729600694444444,4,0.05438368055555556,0,0,0
float32-sized,fx-digital-blocks,0.3,True,True,0.03819444444444445,0,0.03643663194444444,0,0.04485677083333333,0,0,0
float32-sized,fx-digital-blocks,0.9,True,True,0.04001736111111111,0,0.038172743055555555,0,0.04993489583333333,0,0,0
float32-sized,fx-digital-blocks,1.5,True,True,0.04754774305555556,0,0.03778211805555556,0,0.046050347222222225,0,0,0
float32-sized,fx-digital-blocks,2.1,True,True,0.04210069444444445,0,0.039887152777777775,0,0.05243055555555556,0,0,0
float32-sized,fx-vhs,0.3,False,False,4.5784722222222225,17,4.598394097222222,13,4.601540798611111,17,0,0
float32-sized,fx-vhs,0.9,False,False,4.529275173611111,17,4.544118923611111,13,4.5662109375,17,0,0
float32-sized,fx-vhs,1.5,False,False,4.546592881944444,17,4.551302083333334,13,4.540321180555556,17,0,0
float32-sized,fx-vhs,2.1,False,False,4.585373263888889,17,4.585611979166667,13,4.594921875,17,0,0
float32-sized,fx-scanline-jitter,0.3,True,True,0.09424913194444444,8,0.08359375,4,0.09563802083333334,8,0,0
float32-sized,fx-scanline-jitter,0.9,True,True,0.094140625,8,0.09340277777777778,4,0.09615885416666667,8,0,0
float32-sized,fx-scanline-jitter,1.5,True,True,0.09893663194444445,8,0.08257378472222222,4,0.09220920138888888,8,0,0
float32-sized,fx-scanline-jitter,2.1,True,True,0.0935546875,8,0.08298611111111111,4,0.09973958333333334,8,0,0
float32-sized,fx-datamosh,0.3,True,True,0.0900390625,0,0.08350694444444444,4,0.08834635416666667,0,0,0
float32-sized,fx-datamosh,0.9,True,True,0.07432725694444445,0,0.06019965277777778,4,0.06773003472222222,0,0,0
float32-sized,fx-datamosh,1.5,True,True,0.06705729166666667,0,0.05748697916666667,4,0.05570746527777778,0,0,0
float32-sized,fx-datamosh,2.1,True,True,0.08921440972222222,0,0.07293836805555555,4,0.07491319444444444,0,0,0
float32-sized,fx-signal-loss,0.3,True,True,0.0740234375,0,0.06948784722222222,4,0.07209201388888889,0,0,0
float32-sized,fx-signal-loss,0.9,False,False,14.636827256944445,148,14.598567708333333,150,14.628428819444444,148,0,0
float32-sized,fx-signal-loss,1.5,True,True,0.07291666666666667,0,0.07376302083333333,4,0.06879340277777778,0,0,0
float32-sized,fx-signal-loss,2.1,False,False,7.283919270833334,132,7.255251736111111,134,7.276171875,132,0,0
float32-sized,fx-chroma-wave,0.3,True,True,0.16161024305555555,8,0.0984375,4,0.16310763888888888,8,0,0
float32-sized,fx-chroma-wave,0.9,True,True,0.15826822916666666,8,0.09440104166666667,4,0.15737847222222223,8,0,0
float32-sized,fx-chroma-wave,1.5,True,True,0.16647135416666667,8,0.09383680555555556,4,0.1677734375,8,0,0
float32-sized,fx-chroma-wave,2.1,True,True,0.16710069444444445,8,0.09670138888888889,4,0.16694878472222222,8,0,0
float32-sized,fx-bad-tv,0.3,False,False,7.224283854166667,25,7.260980902777778,21,7.2615234375,25,0,0
float32-sized,fx-bad-tv,0.9,False,False,7.173003472222222,25,7.191796875,21,7.1760850694444445,25,0,0
float32-sized,fx-bad-tv,1.5,False,False,7.190559895833333,25,7.219683159722222,21,7.210894097222222,25,0,0
float32-sized,fx-bad-tv,2.1,False,False,7.231032986111111,25,7.259223090277778,21,7.270355902777778,25,0,0
float32-sized,fx-glitch-flash,0.3,True,True,0.04544270833333333,0,0.043467881944444446,4,0.04544270833333333,0,0,0
float32-sized,fx-glitch-flash,0.9,True,True,0.08747829861111112,8,0.07708333333333334,4,0.08433159722222222,8,0,0
float32-sized,fx-glitch-flash,1.5,True,True,0.045811631944444445,0,0.04021267361111111,0,0.045811631944444445,0,0,0
float32-sized,fx-glitch-flash,2.1,True,True,0.04299045138888889,0,0.04210069444444445,4,0.04299045138888889,0,0,0
float32-sized,fx-vhs-rewind,0.3,False,False,6.247504340277778,17,6.284201388888889,17,6.295746527777778,17,0,0
float32-sized,fx-vhs-rewind,0.9,False,False,6.349587673611111,17,6.388671875,17,6.3655381944444445,17,0,0
float32-sized,fx-vhs-rewind,1.5,False,False,6.374262152777778,17,6.4146484375,17,6.412087673611111,17,0,0
float32-sized,fx-vhs-rewind,2.1,True,True,0.14720052083333332,8,0.1380642361111111,4,0.14103732638888888,8,0,0
float32-sized,fx-film-8mm,0.3,False,False,10.421158854166666,33,10.485850694444444,29,10.48068576388889,33,0,0
float32-sized,fx-film-8mm,0.9,False,False,11.290603298611112,33,11.380967881944445,32,11.37966579861111,33,0,0
float32-sized,fx-film-8mm,1.5,False,False,11.177387152777778,33,11.263802083333333,32,11.170833333333333,33,0,0
float32-sized,fx-film-8mm,2.1,True,True,0.12222222222222222,8,0.11866319444444444,4,0.0949435763888889,8,0,0
float32-sized,fx-old-tv,0.3,False,False,6.331901041666667,24,6.415147569444445,20,6.387456597222222,24,0,0
float32-sized,fx-old-tv,0.9,False,False,6.405121527777778,25,6.4957465277777775,21,6.455338541666666,25,0,0
float32-sized,fx-old-tv,1.5,False,False,6.46171875,25,6.508832465277778,20,6.518576388888889,25,0,0
float32-sized,fx-old-tv,2.1,True,True,0.06573350694444445,0,0.06820746527777778,4,0.06803385416666667,0,0,0
float32-sized,fx-film-burn-leak,0.3,True,True,0.05546875,0,0.04626736111111111,4,0.04609375,0,0,0
float32-sized,fx-film-burn-leak,0.9,True,True,0.05329861111111111,0,0.05026041666666667,4,0.04348958333333333,0,0,0
float32-sized,fx-film-burn-leak,1.5,True,True,0.04993489583333333,0,0.052256944444444446,4,0.04286024305555555,0,0,0
float32-sized,fx-film-burn-leak,2.1,True,True,0.05173611111111111,0,0.05503472222222222,4,0.0509765625,0,0,0
float32-sized,fx-faded-print,0.3,True,True,0.12020399305555556,8,0.09921875,4,0.0673828125,0,0,0
float32-sized,fx-faded-print,0.9,True,True,0.11920572916666666,8,0.09789496527777777,4,0.07044270833333334,0,0,0
float32-sized,fx-faded-print,1.5,True,True,0.12252604166666667,8,0.10240885416666666,4,0.06931423611111111,0,0,0
float32-sized,fx-faded-print,2.1,True,True,0.12165798611111112,8,0.10462239583333334,4,0.07065972222222222,0,0,0
float32-sized,fx-seventies,0.3,False,False,4.77890625,17,5.041189236111111,16,5.0989366319444445,17,0,0
float32-sized,fx-seventies,0.9,False,False,4.785546875,17,5.117838541666667,16,5.142795138888889,17,0,0
float32-sized,fx-seventies,1.5,False,False,4.868098958333333,17,5.144986979166666,16,5.206814236111111,17,0,0
float32-sized,fx-seventies,2.1,True,True,0.0866970486111111,8,0.08546006944444444,4,0.05737847222222222,0,0,0
float32-sized,fx-dust-scratches,0.3,True,True,0.09231770833333333,0,0.08752170138888889,4,0.09168836805555555,0,0,0
float32-sized,fx-dust-scratches,0.9,True,True,0.07717013888888889,0,0.07495659722222223,4,0.081640625,0,0,0
float32-sized,fx-dust-scratches,1.5,True,True,0.14401041666666667,0,0.14809027777777778,4,0.14429253472222223,0,0,0
float32-sized,fx-dust-scratches,2.1,True,True,0.115234375,0,0.10538194444444444,4,0.10748697916666666,0,0,0
float32-sized,fx-cmyk-print,0.3,False,False,0.6306857638888889,9,2.1123914930555556,45,2.108420138888889,49,0,0
float32-sized,fx-cmyk-print,0.9,False,False,0.6266927083333333,9,2.096072048611111,45,2.1029296875,49,0,0
float32-sized,fx-cmyk-print,1.5,False,False,0.6111111111111112,9,2.0405598958333333,45,2.0960286458333335,42,0,0
float32-sized,fx-cmyk-print,2.1,False,False,0.6179470486111112,9,2.078342013888889,45,2.070073784722222,42,0,0
float32-sized,fx-sepia-flicker,0.3,True,True,0.09752604166666666,8,0.08927951388888888,4,0.07139756944444445,0,0,0
float32-sized,fx-sepia-flicker,0.9,True,True,0.09233940972222222,8,0.08741319444444444,4,0.06803385416666667,0,0,0
float32-sized,fx-sepia-flicker,1.5,True,True,0.1232638888888889,8,0.10540364583333334,4,0.0755859375,0,0,0
float32-sized,fx-sepia-flicker,2.1,True,True,0.105078125,8,0.10223524305555555,4,0.08168402777777778,0,0,0
float32-sized,fx-tr-vertical-blur,0.3,True,True,0.07669270833333333,0,0.06165364583333333,4,0.06940104166666666,0,0,0
float32-sized,fx-tr-vertical-blur,0.9,True,True,0.06831597222222222,0,0.07562934027777778,4,0.06134982638888889,0,0,0
float32-sized,fx-tr-vertical-blur,1.5,True,True,0.05279947916666667,0,0.06226128472222222,4,0.07341579861111111,0,0,0
float32-sized,fx-tr-vertical-blur,2.1,True,True,0.03641493055555556,0,0.039887152777777775,0,0.04739583333333333,0,0,0
float32-sized,fx-tr-slam-merge,0.3,True,True,0.15112847222222223,8,0.1271267361111111,4,0.094921875,8,0,0
float32-sized,fx-tr-slam-merge,0.9,True,True,0.1447482638888889,8,0.14635416666666667,4,0.09264322916666666,8,0,0
float32-sized,fx-tr-slam-merge,1.5,True,True,0.1314670138888889,8,0.12489149305555555,4,0.11341145833333334,8,0,0
float32-sized,fx-tr-slam-merge,2.1,True,True,0.12721354166666668,8,0.11178385416666667,4,0.10759548611111111,8,0,0
float32-sized,fx-tr-heat-flicks,0.3,True,True,0.02894965277777778,0,0.02328559027777778,0,0.018229166666666668,0,0,0
float32-sized,fx-tr-heat-flicks,0.9,True,True,0.0328125,0,0.03962673611111111,0,0.028428819444444444,0,0,0
float32-sized,fx-tr-heat-flicks,1.5,True,True,0.07059461805555556,0,0.0521484375,4,0.0431640625,0,0,0
float32-sized,fx-tr-heat-flicks,2.1,True,True,0.039388020833333336,0,0.03404947916666667,0,0.04576822916666667,0,0,0
float32-sized,fx-tr-glare,0.3,True,True,0.039496527777777776,0,0.038585069444444446,0,0.04680989583333333,0,0,0
float32-sized,fx-tr-glare,0.9,True,True,0.066796875,0,0.06312934027777778,4,0.06032986111111111,0,0,0
float32-sized,fx-tr-glare,1.5,True,True,0.04578993055555555,0,0.04585503472222222,4,0.04147135416666667,0,0,0
float32-sized,fx-tr-glare,2.1,True,True,0.0576171875,0,0.04299045138888889,4,0.03381076388888889,0,0,0
float32-sized,fx-tr-cutout-scan,0.3,True,True,0.06493055555555556,0,0.06158854166666667,4,0.06412760416666667,0,0,0
float32-sized,fx-tr-cutout-scan,0.9,True,True,0.05,0,0.045746527777777775,4,0.05071614583333333,0,0,0
float32-sized,fx-tr-cutout-scan,1.5,True,True,0.06634114583333334,0,0.054210069444444446,4,0.06447482638888889,0,0,0
float32-sized,fx-tr-cutout-scan,2.1,True,True,0.10279947916666667,8,0.10171440972222222,4,0.09244791666666667,8,0,0
float32-sized,fx-tr-fake-zoom,0.3,True,True,0.07317708333333334,0,0.07330729166666666,4,0.09032118055555556,8,0,0
float32-sized,fx-tr-fake-zoom,0.9,True,True,0.07293836805555555,0,0.07782118055555555,4,0.09233940972222222,8,0,0
float32-sized,fx-tr-fake-zoom,1.5,True,True,0.1410590277777778,8,0.13101128472222223,4,0.14055989583333334,8,0,0
float32-sized,fx-tr-fake-zoom,2.1,True,True,0.1126953125,8,0.10540364583333334,4,0.12113715277777778,8,0,0
float32-sized,fx-tr-zoom-swipe,0.3,True,True,0.08587239583333334,8,0.06987847222222222,4,0.055989583333333336,0,0,0
float32-sized,fx-tr-zoom-swipe,0.9,True,True,0.1130859375,8,0.09919704861111112,4,0.06697048611111112,0,0,0
float32-sized,fx-tr-zoom-swipe,1.5,True,True,0.09696180555555556,8,0.09092881944444445,4,0.09696180555555556,8,0,0
float32-sized,fx-tr-zoom-swipe,2.1,True,True,0.07217881944444444,0,0.07471788194444444,4,0.07217881944444444,0,0,0
float32-sized,fx-tr-panel-clasp,0.3,True,True,0.09448784722222223,8,0.09819878472222222,4,0.09915364583333333,8,0,0
float32-sized,fx-tr-panel-clasp,0.9,True,True,0.064453125,0,0.06017795138888889,4,0.05828993055555556,0,0,0
float32-sized,fx-tr-panel-clasp,1.5,True,True,0.03884548611111111,0,0.03504774305555555,0,0.037651909722222224,0,0,0
float32-sized,fx-tr-panel-clasp,2.1,True,True,0.056098090277777776,0,0.05082465277777778,4,0.053168402777777776,0,0,0
float32-sized,fx-tr-heatwave-flash,0.3,True,True,0.05026041666666667,0,0.06378038194444445,4,0.06512586805555555,0,0,0
float32-sized,fx-tr-heatwave-flash,0.9,True,True,0.1283203125,8,0.13352864583333332,4,0.13480902777777778,8,0,0
float32-sized,fx-tr-heatwave-flash,1.5,True,True,0.16408420138888888,8,0.14819878472222223,4,0.10028211805555555,8,0,0
float32-sized,fx-tr-heatwave-flash,2.1,True,True,0.09275173611111111,8,0.08192274305555555,4,0.05275607638888889,0,0,0
float32-sized,fx-tr-mix,0.3,True,True,0.036328125,0,0.03532986111111111,0,0.04431423611111111,0,0,0
float32-sized,fx-tr-mix,0.9,True,True,0.06595052083333333,0,0.07452256944444445,4,0.08359375,8,0,0
float32-sized,fx-tr-mix,1.5,True,True,0.09188368055555556,8,0.06807725694444444,4,0.04986979166666667,0,0,0
float32-sized,fx-tr-mix,2.1,True,True,0.04945746527777778,0,0.03526475694444445,0,0.02749565972222222,0,0,0
float32-sized,fx-tr-black-fade,0.3,True,True,0.15034722222222222,8,0.13995225694444444,4,0.14622395833333332,8,0,0
float32-sized,fx-tr-black-fade,0.9,True,True,0.0505859375,0,0.07651909722222222,4,0.048676215277777775,0,0,0
float32-sized,fx-tr-black-fade,1.5,True,True,0.0861328125,8,0.10088975694444445,4,0.09895833333333333,8,0,0
float32-sized,fx-tr-black-fade,2.1,True,True,0.19485677083333333,8,0.22068142361111112,4,0.23561197916666668,8,0,0
float32-sized,fx-tr-white-flash,0.3,True,True,0.1681640625,8,0.046397569444444446,4,0.0396484375,0,0,0
float32-sized,fx-tr-white-flash,0.9,True,True,0.023741319444444443,0,0.03741319444444444,0,0.0326171875,0,0,0
float32-sized,fx-tr-white-flash,1.5,True,True,0.04424913194444444,0,0.04487847222222222,4,0.044379340277777776,0,0,0
float32-sized,fx-tr-white-flash,2.1,True,True,0.05759548611111111,0,0.055577256944444445,4,0.0652126736111111,0,0,0
float32-sized,fx-tr-blur,0.3,True,True,0.057703993055555555,0,0.048003472222222225,4,0.03917100694444445,0,0,0
float32-sized,fx-tr-blur,0.9,True,True,0.09372829861111111,8,0.08348524305555556,4,0.053059895833333336,0,0,0
float32-sized,fx-tr-blur,1.5,True,True,0.07697482638888889,0,0.06994357638888889,4,0.07697482638888889,0,0,0
float32-sized,fx-tr-blur,2.1,True,True,0.04796006944444445,0,0.04733072916666667,4,0.04796006944444445,0,0,0
float32-sized,fx-tr-blink,0.3,True,True,0.10062934027777778,8,0.10299479166666667,4,0.102734375,8,0,0
float32-sized,fx-tr-blink,0.9,True,True,0.08120659722222222,0,0.0767578125,4,0.07901475694444444,0,0,0
float32-sized,fx-tr-blink,1.5,True,True,0.04782986111111111,0,0.042317708333333336,4,0.04854600694444444,0,0,0
float32-sized,fx-tr-blink,2.1,True,True,0.057530381944444445,0,0.051280381944444446,4,0.05407986111111111,0,0,0
float32-sized,fx-tr-pull-in,0.3,True,True,0.12404513888888889,8,0.11953125,4,0.13589409722222223,8,0,0
float32-sized,fx-tr-pull-in,0.9,True,True,0.12345920138888888,8,0.11879340277777778,4,0.12335069444444445,8,0,0
float32-sized,fx-tr-pull-in,1.5,True,True,0.12562934027777778,8,0.10588107638888888,4,0.08595920138888889,8,0,0
float32-sized,fx-tr-pull-in,2.1,True,True,0.16015625,8,0.13133680555555555,4,0.0943359375,8,0,0
float32-sized,fx-tr-pull-out,0.3,True,True,0.06903211805555555,0,0.06903211805555555,4,0.06903211805555555,0,0,0
float32-sized,fx-tr-pull-out,0.9,True,True,0.08120659722222222,0,0.08196614583333334,4,0.08120659722222222,0,0,0
float32-sized,fx-tr-pull-out,1.5,True,True,0.09444444444444444,8,0.063671875,4,0.05872395833333333,0,0,0
float32-sized,fx-tr-pull-out,2.1,True,True,0.04921875,0,0.04342447916666667,4,0.04071180555555556,0,0,0
float32-sized,fx-tr-zoom-spin,0.3,True,True,0.10015190972222222,8,0.10705295138888889,4,0.10277777777777777,8,0,0
float32-sized,fx-tr-zoom-spin,0.9,True,True,0.06043836805555555,0,0.07152777777777777,4,0.06512586805555555,0,0,0
float32-sized,fx-tr-zoom-spin,1.5,True,True,0.09485677083333334,8,0.08229166666666667,4,0.08940972222222222,8,0,0
float32-sized,fx-tr-zoom-spin,2.1,True,True,0.08504774305555556,8,0.08556857638888889,4,0.0974392361111111,8,0,0
float32-sized,fx-tr-rotate-cw,0.3,True,True,0.1583767361111111,8,0.13283420138888888,4,0.098046875,8,0,0
float32-sized,fx-tr-rotate-cw,0.9,True,True,0.1333550347222222,8,0.10512152777777778,4,0.08845486111111112,8,0,0
float32-sized,fx-tr-rotate-cw,1.5,True,True,0.08051215277777778,0,0.07230902777777778,4,0.06501736111111112,0,0,0
float32-sized,fx-tr-rotate-cw,2.1,True,True,0.1189236111111111,8,0.11065538194444445,4,0.10616319444444444,8,0,0
float32-sized,fx-tr-rotate-ccw,0.3,True,True,0.06171875,0,0.054839409722222225,4,0.04537760416666667,0,0,0
float32-sized,fx-tr-rotate-ccw,0.9,True,True,0.11299913194444444,8,0.07176649305555556,4,0.06462673611111111,0,0,0
float32-sized,fx-tr-rotate-ccw,1.5,True,True,0.03821614583333333,0,0.04976128472222222,4,0.057465277777777775,0,0,0
float32-sized,fx-tr-rotate-ccw,2.1,True,True,0.06139322916666667,0,0.06653645833333334,4,0.08057725694444444,0,0,0
float32-sized,fx-tr-shake,0.3,True,True,0.046397569444444446,0,0.04407552083333333,4,0.053211805555555554,0,0,0
float32-sized,fx-tr-shake,0.9,True,True,0.0869140625,8,0.12048611111111111,4,0.10538194444444444,8,0,0
float32-sized,fx-tr-shake,1.5,True,True,0.1513671875,8,0.07777777777777778,4,0.05757378472222222,0,0,0
float32-sized,fx-tr-shake,2.1,True,True,0.06944444444444445,0,0.05670572916666667,4,0.04709201388888889,0,0,0
float32-sized,fx-tr-whip-left,0.3,True,True,0.12593315972222222,8,0.11351996527777777,4,0.10835503472222222,8,0,0
float32-sized,fx-tr-whip-left,0.9,True,True,0.07894965277777778,0,0.07528211805555556,4,0.06827256944444444,0,0,0
float32-sized,fx-tr-whip-left,1.5,True,True,0.09420572916666667,8,0.10342881944444444,4,0.10091145833333333,8,0,0
float32-sized,fx-tr-whip-left,2.1,True,True,0.1642578125,8,0.15635850694444445,4,0.16319444444444445,8,0,0
float32-sized,fx-tr-whip-right,0.3,True,True,0.05536024305555556,0,0.07237413194444445,4,0.10464409722222222,8,0,0
float32-sized,fx-tr-whip-right,0.9,True,True,0.047265625,0,0.0478515625,4,0.049370659722222224,0,0,0
float32-sized,fx-tr-whip-right,1.5,True,True,0.1257595486111111,8,0.09555121527777778,4,0.10872395833333333,8,0,0
float32-sized,fx-tr-whip-right,2.1,True,True,0.11434461805555556,8,0.10069444444444445,4,0.11536458333333334,8,0,0
float32-sized,fx-tr-whip-up,0.3,True,True,0.12797309027777778,8,0.1008029513888889,4,0.057421875,0,0,0
float32-sized,fx-tr-whip-up,0.9,True,True,0.11603732638888889,8,0.09340277777777778,4,0.055121527777777776,0,0,0
float32-sized,fx-tr-whip-up,1.5,True,True,0.08244357638888888,0,0.08598090277777778,4,0.08244357638888888,0,0,0
float32-sized,fx-tr-whip-up,2.1,True,True,0.19301215277777778,8,0.20655381944444445,4,0.19301215277777778,8,0,0
float32-sized,fx-tr-whip-down,0.3,True,True,0.1486328125,8,0.14242621527777777,4,0.13871527777777778,8,0,0
float32-sized,fx-tr-whip-down,0.9,True,True,0.07458767361111111,0,0.0810546875,4,0.08255208333333333,8,0,0
float32-sized,fx-tr-whip-down,1.5,True,True,0.06703559027777778,0,0.06831597222222222,4,0.05514322916666667,0,0,0
float32-sized,fx-tr-whip-down,2.1,True,True,0.13289930555555557,8,0.12762586805555556,4,0.14242621527777777,8,0,0
float32-sized,fx-tr-slide-left,0.3,True,True,0.17547743055555556,8,0.17903645833333334,4,0.16529947916666668,8,0,0
float32-sized,fx-tr-slide-left,0.9,True,True,0.14607204861111112,8,0.13871527777777778,4,0.12953559027777778,8,0,0
float32-sized,fx-tr-slide-left,1.5,True,True,0.124609375,8,0.11577690972222222,4,0.09776475694444445,8,0,0
float32-sized,fx-tr-slide-left,2.1,True,True,0.19036458333333334,8,0.16178385416666666,4,0.09967447916666666,8,0,0
float32-sized,fx-tr-slide-right,0.3,True,True,0.11764322916666667,8,0.12415364583333334,4,0.11764322916666667,8,0,0
float32-sized,fx-tr-slide-right,0.9,True,True,0.0910373263888889,8,0.0890842013888889,4,0.0910373263888889,8,0,0
float32-sized,fx-tr-slide-right,1.5,True,True,0.08910590277777777,8,0.227734375,4,0.057356770833333334,0,0,0
float32-sized,fx-tr-slide-right,2.1,True,True,0.11189236111111112,8,0.0708984375,4,0.06853298611111111,0,0,0
float32-sized,fx-tr-slide-up,0.3,True,True,0.16536458333333334,8,0.16809895833333333,4,0.1447482638888889,8,0,0
float32-sized,fx-tr-slide-up,0.9,True,True,0.07740885416666667,0,0.07072482638888888,4,0.06890190972222222,0,0,0
float32-sized,fx-tr-slide-up,1.5,True,True,0.04407552083333333,0,0.03307291666666667,0,0.034266493055555555,0,0,0
float32-sized,fx-tr-slide-up,2.1,True,True,0.12078993055555555,8,0.11966145833333333,4,0.1361328125,8,0,0
float32-sized,fx-tr-slide-down,0.3,True,True,0.142578125,8,0.12875434027777777,4,0.1107421875,8,0,0
float32-sized,fx-tr-slide-down,0.9,True,True,0.08151041666666667,0,0.06516927083333333,4,0.05067274305555555,0,0,0
float32-sized,fx-tr-slide-down,1.5,True,True,0.09930555555555555,8,0.09769965277777778,4,0.09924045138888889,8,0,0
float32-sized,fx-tr-slide-down,2.1,True,True,0.1316189236111111,8,0.11397569444444444,4,0.10922309027777778,8,0,0
float32-sized,fx-tr-squeeze,0.3,True,True,0.04837239583333333,0,0.037586805555555554,0,0.03389756944444444,0,0,0
float32-sized,fx-tr-squeeze,0.9,True,True,0.04099392361111111,0,0.035980902777777775,0,0.03246527777777778,0,0,0
float32-sized,fx-tr-squeeze,1.5,True,True,0.03595920138888889,0,0.04175347222222222,4,0.04880642361111111,0,0,0
float32-sized,fx-tr-squeeze,2.1,True,True,0.06545138888888889,0,0.062413194444444445,4,0.06712239583333333,0,0,0
float32-sized,fx-tr-circle,0.3,True,True,0.036328125,0,0.03532986111111111,0,0.04431423611111111,0,0,0
float32-sized,fx-tr-circle,0.9,True,True,0.03732638888888889,0,0.03875868055555556,0,0.04789496527777778,0,0,0
float32-sized,fx-tr-circle,1.5,True,True,0.04982638888888889,0,0.04136284722222222,4,0.031749131944444446,0,0,0
float32-sized,fx-tr-circle,2.1,True,True,0.04945746527777778,0,0.03517795138888889,0,0.02749565972222222,0,0,0
float32-sized,fx-tr-heart,0.3,True,True,0.06338975694444444,0,0.054600694444444445,4,0.06156684027777778,0,0,0
float32-sized,fx-tr-heart,0.9,True,True,0.05625,0,0.045073784722222225,4,0.0458984375,0,0,0
float32-sized,fx-tr-heart,1.5,True,True,0.07526041666666666,0,0.06929253472222222,4,0.07697482638888889,0,0,0
float32-sized,fx-tr-heart,2.1,True,True,0.09470486111111111,8,0.09422743055555556,4,0.09301215277777777,8,0,0
float32-sized,fx-tr-star,0.3,True,True,0.034331597222222225,0,0.0328125,0,0.03819444444444445,0,0,0
float32-sized,fx-tr-star,0.9,True,True,0.0384765625,0,0.03430989583333333,0,0.04103732638888889,0,0,0
float32-sized,fx-tr-star,1.5,True,True,0.05635850694444444,0,0.05700954861111111,4,0.060004340277777776,0,0,0
float32-sized,fx-tr-star,2.1,True,True,0.05577256944444445,0,0.0541015625,4,0.06221788194444444,0,0,0
float32-sized,fx-tr-diamond,0.3,True,True,0.043511284722222224,0,0.03732638888888889,0,0.034440104166666666,0,0,0
float32-sized,fx-tr-diamond,0.9,True,True,0.048111979166666666,0,0.0421875,4,0.029383680555555555,0,0,0
float32-sized,fx-tr-diamond,1.5,True,True,0.045811631944444445,0,0.04021267361111111,0,0.045811631944444445,0,0,0
float32-sized,fx-tr-diamond,2.1,True,True,0.04299045138888889,0,0.04210069444444445,4,0.04299045138888889,0,0,0
float32-sized,fx-tr-clock,0.3,True,True,0.09448784722222223,8,0.09826388888888889,4,0.09898003472222222,8,0,0
float32-sized,fx-tr-clock,0.9,True,True,0.06553819444444445,0,0.06043836805555555,4,0.062413194444444445,0,0,0
float32-sized,fx-tr-clock,1.5,True,True,0.03611111111111111,0,0.03519965277777778,0,0.037825520833333334,0,0,0
float32-sized,fx-tr-clock,2.1,True,True,0.056098090277777776,0,0.05056423611111111,4,0.053168402777777776,0,0,0
float32-sized,fx-tr-blinds,0.3,True,True,0.04778645833333333,0,0.06013454861111111,4,0.06134982638888889,0,0,0
float32-sized,fx-tr-blinds,0.9,True,True,0.034657118055555554,0,0.036566840277777776,0,0.03832465277777778,0,0,0
float32-sized,fx-tr-blinds,1.5,True,True,0.05036892361111111,0,0.047764756944444445,4,0.03422309027777778,0,0,0
float32-sized,fx-tr-blinds,2.1,True,True,0.07957899305555556,0,0.06729600694444444,4,0.045811631944444445,0,0,0
float32-sized,fx-tr-doors,0.3,True,True,0.04544270833333333,0,0.043467881944444446,4,0.04544270833333333,0,0,0
float32-sized,fx-tr-doors,0.9,True,True,0.03064236111111111,0,0.03090277777777778,0,0.03064236111111111,0,0,0
float32-sized,fx-tr-doors,1.5,True,True,0.021809895833333332,0,0.0171875,0,0.018663194444444444,0,0,0
float32-sized,fx-tr-doors,2.1,True,True,0.02947048611111111,0,0.02282986111111111,0,0.022894965277777776,0,0,0
float32-sized,fx-tr-glitch,0.3,True,True,0.07393663194444444,0,0.05881076388888889,4,0.0705295138888889,0,0,0
float32-sized,fx-tr-glitch,0.9,True,True,0.12740885416666667,8,0.0697265625,4,0.09479166666666666,8,0,0
float32-sized,fx-tr-glitch,1.5,True,True,0.09565972222222222,8,0.07131076388888889,4,0.08220486111111111,0,0,0
float32-sized,fx-tr-glitch,2.1,True,True,0.042469618055555554,0,0.05026041666666667,4,0.06208767361111111,0,0,0
float32-sized,fx-tr-rgb-split,0.3,True,True,0.11927083333333334,8,0.0673828125,4,0.07580295138888889,0,0,0
float32-sized,fx-tr-rgb-split,0.9,True,True,0.1685763888888889,8,0.14351128472222222,4,0.10933159722222222,8,0,0
float32-sized,fx-tr-rgb-split,1.5,True,True,0.12879774305555555,8,0.13671875,4,0.10889756944444444,8,0,0
float32-sized,fx-tr-rgb-split,2.1,True,True,0.1251736111111111,8,0.05212673611111111,4,0.10217013888888889,8,0,0
float32-sized,fx-tr-pixelate,0.3,True,True,0.0802734375,0,0.0788845486111111,4,0.06349826388888889,0,0,0
float32-sized,fx-tr-pixelate,0.9,True,True,0.07144097222222222,0,0.07964409722222222,4,0.0654296875,0,0,0
float32-sized,fx-tr-pixelate,1.5,True,True,0.08602430555555556,8,0.06631944444444444,4,0.10125868055555555,8,0,0
float32-sized,fx-tr-pixelate,2.1,True,True,0.07417534722222222,0,0.07473958333333333,4,0.08563368055555555,8,0,0
float32-sized,fx-tr-swirl,0.3,True,True,0.08949652777777778,8,0.101171875,4,0.10553385416666666,8,0,0
float32-sized,fx-tr-swirl,0.9,True,True,0.08053385416666667,0,0.08982204861111111,4,0.10321180555555555,8,0,0
float32-sized,fx-tr-swirl,1.5,True,True,0.11193576388888889,8,0.08756510416666667,4,0.07758246527777778,0,0,0
float32-sized,fx-tr-swirl,2.1,True,True,0.1064453125,8,0.08637152777777778,4,0.075,0,0,0
float32-sized,fx-tr-ripple,0.3,True,True,0.09075520833333334,8,0.07957899305555556,4,0.08153211805555556,0,0,0
float32-sized,fx-tr-ripple,0.9,True,True,0.11451822916666667,8,0.11004774305555555,4,0.10073784722222222,8,0,0
float32-sized,fx-tr-ripple,1.5,True,True,0.15983072916666666,8,0.161328125,4,0.1706814236111111,8,0,0
float32-sized,fx-tr-ripple,2.1,True,True,0.14522569444444444,8,0.14381510416666668,4,0.1469184027777778,8,0,0
float32-sized,fx-tr-flare,0.3,True,True,0.07684461805555555,0,0.03361545138888889,0,0.03819444444444445,0,0,0
float32-sized,fx-tr-flare,0.9,False,True,0.04422743055555556,0,0.06171875,4,0.07849392361111111,0,0,0
float32-sized,fx-tr-flare,1.5,True,True,0.29672309027777777,8,0.11091579861111112,4,0.10186631944444445,8,0,0
float32-sized,fx-tr-flare,2.1,True,True,0.05740017361111111,0,0.0548828125,4,0.06256510416666666,0,0,0
float32-sized,fx-tr-film-burn,0.3,True,True,0.043511284722222224,0,0.03732638888888889,0,0.034440104166666666,0,0,0
float32-sized,fx-tr-film-burn,0.9,True,True,0.0373046875,0,0.04418402777777778,4,0.026671006944444443,0,0,0
float32-sized,fx-tr-film-burn,1.5,True,True,0.05015190972222222,0,0.04496527777777778,4,0.03619791666666667,0,0,0
float32-sized,fx-tr-film-burn,2.1,True,True,0.04299045138888889,0,0.04210069444444445,4,0.04299045138888889,0,0,0
float32-sized,fx-tr-kaleido,0.3,True,True,0.09448784722222223,8,0.09887152777777777,4,0.09950086805555555,8,0,0
float32-sized,fx-tr-kaleido,0.9,True,True,0.1736545138888889,8,0.18255208333333334,4,0.1882595486111111,8,0,0
float32-sized,fx-tr-kaleido,1.5,True,True,0.08786892361111111,8,0.08315972222222222,4,0.06746961805555556,0,0,0
float32-sized,fx-tr-kaleido,2.1,True,True,0.056098090277777776,0,0.050933159722222225,4,0.053168402777777776,0,0,0
float32-sized,fx-tr-flash-zoom,0.3,True,True,0.07408854166666666,0,0.08452690972222222,4,0.09029947916666667,8,0,0
float32-sized,fx-tr-flash-zoom,0.9,True,True,0.1424045138888889,8,0.13561197916666667,4,0.14659288194444445,8,0,0
float32-sized,fx-tr-flash-zoom,1.5,True,True,0.17465277777777777,8,0.13676215277777778,4,0.10930989583333334,8,0,0
float32-sized,fx-tr-flash-zoom,2.1,True,True,0.14908854166666666,8,0.12398003472222222,4,0.0916015625,8,0,0
float32-sized,fx-tr-stripes,0.3,True,True,0.04526909722222222,0,0.04338107638888889,4,0.04526909722222222,0,0,0
float32-sized,fx-tr-stripes,0.9,True,True,0.030967881944444445,0,0.028754340277777776,0,0.030967881944444445,0,0,0
float32-sized,fx-tr-stripes,1.5,True,True,0.024088541666666668,0,0.01694878472222222,0,0.017144097222222224,0,0,0
float32-sized,fx-tr-stripes,2.1,True,True,0.02947048611111111,0,0.022743055555555555,0,0.022547743055555555,0,0,0
float32-sized,fx-ov-glitter-rain,0.3,True,True,0.15108506944444444,8,0.12979600694444443,4,0.14348958333333334,8,0,0
float32-sized,fx-ov-glitter-rain,0.9,True,True,0.15303819444444444,8,0.13559027777777777,4,0.13739149305555556,8,0,0
float32-sized,fx-ov-glitter-rain,1.5,True,True,0.1567925347222222,8,0.1329861111111111,4,0.14837239583333334,8,0,0
float32-sized,fx-ov-glitter-rain,2.1,True,True,0.13960503472222222,8,0.13313802083333334,4,0.14871961805555556,8,0,0
float32-sized,fx-ov-gold-dust,0.3,True,True,0.037999131944444445,0,0.037651909722222224,0,0.03522135416666667,0,0,0
float32-sized,fx-ov-gold-dust,0.9,True,True,0.040364583333333336,0,0.03706597222222222,0,0.029405381944444444,0,0,0
float32-sized,fx-ov-gold-dust,1.5,True,True,0.03641493055555556,0,0.03344184027777778,0,0.03185763888888889,0,0,0
float32-sized,fx-ov-gold-dust,2.1,True,True,0.034678819444444446,0,0.034266493055555555,0,0.0396484375,0,0,0
float32-sized,fx-ov-bokeh-gold,0.3,True,True,0.05562065972222222,0,0.047309027777777776,4,0.0484375,0,0,0
float32-sized,fx-ov-bokeh-gold,0.9,True,True,0.053624131944444445,0,0.04939236111111111,4,0.05112847222222222,0,0,0
float32-sized,fx-ov-bokeh-gold,1.5,True,True,0.05138888888888889,0,0.04455295138888889,4,0.04798177083333333,0,0,0
float32-sized,fx-ov-bokeh-gold,2.1,True,True,0.057703993055555555,0,0.048394097222222224,4,0.048285590277777776,0,0,0
float32-sized,fx-ov-bokeh-pink,0.3,True,True,0.04635416666666667,0,0.027756076388888887,0,0.05757378472222222,0,0,0
float32-sized,fx-ov-bokeh-pink,0.9,True,True,0.04869791666666667,0,0.030230034722222222,0,0.057465277777777775,0,0,0
float32-sized,fx-ov-bokeh-pink,1.5,True,True,0.045073784722222225,0,0.028754340277777776,0,0.048914930555555555,0,0,0
float32-sized,fx-ov-bokeh-pink,2.1,True,True,0.04826388888888889,0,0.026584201388888888,0,0.05635850694444444,0,0,0
float32-sized,fx-ov-sparks,0.3,True,True,0.049088541666666666,0,0.059765625,4,0.05203993055555556,0,0,0
float32-sized,fx-ov-sparks,0.9,True,True,0.06065538194444445,0,0.0689453125,4,0.05212673611111111,0,0,0
float32-sized,fx-ov-sparks,1.5,True,True,0.062348090277777775,0,0.06260850694444445,4,0.05423177083333333,0,0,0
float32-sized,fx-ov-sparks,2.1,True,True,0.06861979166666667,0,0.06799045138888889,4,0.05618489583333333,0,0,0
float32-sized,fx-ov-embers,0.3,True,True,0.14440104166666667,8,0.12263454861111112,4,0.0974392361111111,8,0,0
float32-sized,fx-ov-embers,0.9,True,True,0.1451171875,8,0.11770833333333333,4,0.10141059027777778,8,0,0
float32-sized,fx-ov-embers,1.5,True,True,0.12881944444444443,8,0.11731770833333334,4,0.096484375,8,0,0
float32-sized,fx-ov-embers,2.1,True,True,0.12808159722222223,8,0.11831597222222222,4,0.10572916666666667,8,0,0
float32-sized,fx-ov-smoke,0.3,True,True,0.0609375,0,0.05596788194444444,4,0.056727430555555555,0,0,0
float32-sized,fx-ov-smoke,0.9,True,True,0.05412326388888889,0,0.05798611111111111,4,0.05705295138888889,0,0,0
float32-sized,fx-ov-smoke,1.5,True,True,0.04880642361111111,0,0.058441840277777775,4,0.057530381944444445,0,0,0
float32-sized,fx-ov-smoke,2.1,True,True,0.053233506944444446,0,0.05709635416666667,4,0.058333333333333334,0,0,0
float32-sized,fx-ov-fog-white,0.3,True,True,0.0666015625,0,0.06584201388888888,4,0.06345486111111111,0,0,0
float32-sized,fx-ov-fog-white,0.9,True,True,0.06838107638888889,0,0.06401909722222222,4,0.07365451388888888,0,0,0
float32-sized,fx-ov-fog-white,1.5,True,True,0.0732421875,0,0.06940104166666666,4,0.07534722222222222,0,0,0
float32-sized,fx-ov-fog-white,2.1,True,True,0.07354600694444445,0,0.066796875,4,0.07224392361111111,0,0,0
float32-sized,fx-ov-neon-ring,0.3,True,True,0.04008246527777778,0,0.04021267361111111,0,0.03923611111111111,0,0,0
float32-sized,fx-ov-neon-ring,0.9,True,True,0.03767361111111111,0,0.03973524305555556,0,0.03682725694444444,0,0,0
float32-sized,fx-ov-neon-ring,1.5,True,True,0.03689236111111111,0,0.03708767361111111,0,0.034375,0,0,0
float32-sized,fx-ov-neon-ring,2.1,True,True,0.03537326388888889,0,0.03689236111111111,0,0.039952256944444445,0,0,0
float32-sized,fx-ov-neon-hearts,0.3,True,True,0.04027777777777778,0,0.032942708333333334,0,0.028276909722222222,0,0,0
float32-sized,fx-ov-neon-hearts,0.9,True,True,0.03630642361111111,0,0.03400607638888889,0,0.032139756944444445,0,0,0
float32-sized,fx-ov-neon-hearts,1.5,True,True,0.032769097222222224,0,0.03589409722222222,0,0.03517795138888889,0,0,0
float32-sized,fx-ov-neon-hearts,2.1,True,True,0.031141493055555556,0,0.03135850694444445,0,0.03446180555555556,0,0,0
float32-sized,fx-ov-galaxy,0.3,True,True,0.048285590277777776,0,0.046484375,4,0.04157986111111111,0,0,0
float32-sized,fx-ov-galaxy,0.9,True,True,0.05099826388888889,0,0.04164496527777778,4,0.044596354166666664,0,0,0
float32-sized,fx-ov-galaxy,1.5,True,True,0.05238715277777778,0,0.04088541666666667,0,0.04333767361111111,0,0,0
float32-sized,fx-ov-galaxy,2.1,True,True,0.04809027777777778,0,0.038736979166666664,0,0.048003472222222225,0,0,0
float32-sized,fx-ov-fireflies,0.3,True,True,0.17682291666666666,8,0.11885850694444444,4,0.07330729166666666,0,0,0
float32-sized,fx-ov-fireflies,0.9,True,True,0.17176649305555555,8,0.1216796875,4,0.07274305555555556,0,0,0
float32-sized,fx-ov-fireflies,1.5,True,True,0.18463541666666666,8,0.12009548611111111,4,0.07947048611111111,0,0,0
float32-sized,fx-ov-fireflies,2.1,True,True,0.1759765625,8,0.12196180555555555,4,0.0802951388888889,0,0,0
float32-sized,fx-ov-magic-dust,0.3,True,True,0.04657118055555556,0,0.044769965277777775,4,0.07727864583333334,0,0,0
float32-sized,fx-ov-magic-dust,0.9,True,True,0.05462239583333333,0,0.041905381944444445,4,0.08023003472222222,0,0,0
float32-sized,fx-ov-magic-dust,1.5,True,True,0.050390625,0,0.043467881944444446,4,0.06338975694444444,0,0,0
float32-sized,fx-ov-magic-dust,2.1,True,True,0.050130208333333336,0,0.046158854166666666,4,0.09144965277777778,8,0,0
float32-sized,fx-ov-swirl,0.3,True,True,0.03619791666666667,0,0.03502604166666667,0,0.02912326388888889,0,0,0
float32-sized,fx-ov-swirl,0.9,True,True,0.03713107638888889,0,0.035481770833333336,0,0.037434895833333336,0,0,0
float32-sized,fx-ov-swirl,1.5,True,True,0.032421875,0,0.03400607638888889,0,0.0373046875,0,0,0
float32-sized,fx-ov-swirl,2.1,True,True,0.033637152777777776,0,0.03226996527777778,0,0.03517795138888889,0,0,0
float32-sized,fx-ov-sparkle-white,0.3,True,True,0.0724609375,0,0.05855034722222222,4,0.05807291666666667,0,0,0
float32-sized,fx-ov-sparkle-white,0.9,True,True,0.07623697916666666,0,0.0595703125,4,0.05813802083333333,0,0,0
float32-sized,fx-ov-sparkle-white,1.5,True,True,0.07406684027777778,0,0.06573350694444445,4,0.0654296875,0,0,0
float32-sized,fx-ov-sparkle-white,2.1,True,True,0.08263888888888889,0,0.060460069444444445,4,0.06085069444444444,0,0,0
float32-sized,fx-ov-glitter,0.3,True,True,0.06890190972222222,0,0.05325520833333333,4,0.04704861111111111,0,0,0
float32-sized,fx-ov-glitter,0.9,True,True,0.07135416666666666,0,0.053211805555555554,4,0.049153645833333336,0,0,0
float32-sized,fx-ov-glitter,1.5,True,True,0.07228732638888889,0,0.05232204861111111,4,0.051106770833333336,0,0,0
float32-sized,fx-ov-glitter,2.1,True,True,0.06727430555555555,0,0.05583767361111111,4,0.05180121527777778,0,0,0
float32-sized,fx-ov-hearts-pink,0.3,False,False,1.6617838541666667,58,0.4288411458333333,12,1.0307291666666667,41,0,0
float32-sized,fx-ov-hearts-pink,0.9,False,False,1.9763237847222221,90,0.4820963541666667,16,1.2639105902777779,74,0,0
float32-sized,fx-ov-hearts-pink,1.5,False,False,1.6850043402777777,49,0.5134114583333333,20,1.2344618055555556,66,0,0
float32-sized,fx-ov-hearts-pink,2.1,False,False,0.9562717013888888,33,0.4675347222222222,16,0.9942491319444444,57,0,0
float32-sized,fx-ov-stars,0.3,True,True,0.07417534722222222,0,0.06929253472222222,0,0.062065972222222224,0,0,0
float32-sized,fx-ov-stars,0.9,True,True,0.059071180555555554,0,0.05568576388888889,0,0.05505642361111111,0,0,0
float32-sized,fx-ov-stars,1.5,True,True,0.07016059027777778,0,0.06909722222222223,0,0.065625,0,0,0
float32-sized,fx-ov-stars,2.1,True,True,0.08888888888888889,0,0.08519965277777777,0,0.08298611111111111,0,0,0
float32-sized,fx-ov-confetti,0.3,True,True,0.0744357638888889,0,0.06786024305555556,4,0.053624131944444445,0,0,0
float32-sized,fx-ov-confetti,0.9,True,True,0.08283420138888889,8,0.06501736111111112,4,0.05607638888888889,0,0,0
float32-sized,fx-ov-confetti,1.5,True,True,0.07868923611111112,0,0.06527777777777778,4,0.048741319444444445,0,0,0
float32-sized,fx-ov-confetti,2.1,True,True,0.07298177083333333,0,0.06890190972222222,4,0.054144965277777776,0,0,0
float32-sized,fx-ov-snow,0.3,True,True,0.031792534722222224,0,0.029991319444444445,0,0.02150607638888889,0,0,0
float32-sized,fx-ov-snow,0.9,True,True,0.03739149305555556,0,0.03274739583333333,0,0.030360243055555555,0,0,0
float32-sized,fx-ov-snow,1.5,True,True,0.03871527777777778,0,0.031966145833333334,0,0.02992621527777778,0,0,0
float32-sized,fx-ov-snow,2.1,True,True,0.03532986111111111,0,0.026822916666666665,0,0.027213541666666667,0,0,0
float32-sized,fx-ov-rain,0.3,True,True,0.14986979166666667,8,0.1654079861111111,4,0.20082465277777778,8,0,0
float32-sized,fx-ov-rain,0.9,True,True,0.15084635416666667,8,0.16549479166666667,4,0.2075737847222222,8,0,0
float32-sized,fx-ov-rain,1.5,True,True,0.14639756944444443,8,0.16380208333333332,4,0.20831163194444444,8,0,0
float32-sized,fx-ov-rain,2.1,True,True,0.15440538194444445,8,0.156640625,4,0.19989149305555556,8,0,0
float32-sized,fx-ov-bubbles,0.3,True,True,0.030598958333333332,0,0.018988715277777776,0,0.03430989583333333,0,0,0
float32-sized,fx-ov-bubbles,0.9,True,True,0.033919270833333334,0,0.021809895833333332,0,0.03517795138888889,0,0,0
float32-sized,fx-ov-bubbles,1.5,True,True,0.030859375,0,0.021527777777777778,0,0.0265625,0,0,0
float32-sized,fx-ov-bubbles,2.1,True,True,0.026888020833333335,0,0.019856770833333332,0,0.035590277777777776,0,0,0
float32-sized,fx-ov-leak-warm,0.3,True,True,0.10314670138888889,8,0.08565538194444444,4,0.06924913194444444,0,0,0
float32-sized,fx-ov-leak-warm,0.9,True,True,0.10054253472222222,8,0.0900390625,4,0.07428385416666666,0,0,0
float32-sized,fx-ov-leak-warm,1.5,True,True,0.09665798611111111,8,0.09108072916666667,4,0.0700954861111111,0,0,0
float32-sized,fx-ov-leak-warm,2.1,True,True,0.09372829861111111,8,0.08862847222222223,4,0.0732421875,0,0,0
float32-sized,fx-ov-leak-pink,0.3,True,True,0.12315538194444445,8,0.13828125,4,0.13470052083333334,8,0,0
float32-sized,fx-ov-leak-pink,0.9,True,True,0.12337239583333333,8,0.1345486111111111,4,0.11946614583333333,8,0,0
float32-sized,fx-ov-leak-pink,1.5,True,True,0.11401909722222223,8,0.1292751736111111,4,0.1274956597222222,8,0,0
float32-sized,fx-ov-leak-pink,2.1,True,True,0.11397569444444444,8,0.13055555555555556,4,0.11937934027777777,8,0,0
float32-sized,fx-ov-leak-blue,0.3,True,True,0.09351128472222223,8,0.08819444444444445,4,0.08639322916666667,8,0,0
float32-sized,fx-ov-leak-blue,0.9,True,True,0.08561197916666667,8,0.08838975694444444,4,0.08526475694444445,8,0,0
float32-sized,fx-ov-leak-blue,1.5,True,True,0.09075520833333334,8,0.08391927083333334,4,0.08884548611111111,8,0,0
float32-sized,fx-ov-leak-blue,2.1,True,True,0.09032118055555556,8,0.08122829861111111,4,0.08326822916666667,8,0,0
float32-sized,fx-ov-light-streaks,0.3,False,False,2.8436631944444444,74,3.6444661458333334,98,4.568381076388889,132,0,0
float32-sized,fx-ov-light-streaks,0.9,False,False,1.5875868055555555,33,2.440407986111111,61,3.3491319444444443,83,0,0
float32-sized,fx-ov-light-streaks,1.5,False,False,3.620681423611111,90,5.008224826388889,126,6.439301215277778,164,0,0
float32-sized,fx-ov-light-streaks,2.1,False,False,4.349565972222222,107,5.733138020833334,134,7.1978515625,173,0,0
float32-sized,fx-ov-stage-lights,0.3,True,True,0.03517795138888889,0,0.03947482638888889,0,0.03511284722222222,0,0,0
float32-sized,fx-ov-stage-lights,0.9,True,True,0.041102430555555555,0,0.0376953125,0,0.03962673611111111,0,0,0
float32-sized,fx-ov-stage-lights,1.5,True,True,0.03689236111111111,0,0.032725694444444446,0,0.03747829861111111,0,0,0
float32-sized,fx-ov-stage-lights,2.1,True,True,0.04008246527777778,0,0.03641493055555556,0,0.03680555555555556,0,0,0
float32-sized,fx-ov-prism-flare,0.3,True,True,0.09720052083333333,8,0.0876736111111111,4,0.06354166666666666,0,0,0
float32-sized,fx-ov-prism-flare,0.9,True,True,0.11731770833333334,8,0.0978732638888889,4,0.075,0,0,0
float32-sized,fx-ov-prism-flare,1.5,True,True,0.11644965277777777,8,0.09175347222222222,4,0.06560329861111111,0,0,0
float32-sized,fx-ov-prism-flare,2.1,True,True,0.11573350694444444,8,0.10412326388888889,4,0.07428385416666666,0,0,0
float32-sized,fx-ov-flare-gold,0.3,True,True,0.13893229166666668,8,0.12647569444444445,4,0.080859375,0,0,0
float32-sized,fx-ov-flare-gold,0.9,True,True,0.15425347222222222,8,0.1275390625,4,0.09246961805555555,8,0,0
float32-sized,fx-ov-flare-gold,1.5,True,True,0.14555121527777778,8,0.12124565972222222,4,0.08229166666666667,8,0,0
float32-sized,fx-ov-flare-gold,2.1,True,True,0.14210069444444445,8,0.11924913194444445,4,0.08971354166666666,8,0,0
float32-sized,fx-ov-sun-rays,0.3,True,True,0.1083984375,8,0.10753038194444445,4,0.1062282986111111,8,0,0
float32-sized,fx-ov-sun-rays,0.9,True,True,0.11427951388888889,8,0.10247395833333334,4,0.10709635416666667,8,0,0
float32-sized,fx-ov-sun-rays,1.5,True,True,0.10598958333333333,8,0.09615885416666667,4,0.10857204861111111,8,0,0
float32-sized,fx-ov-sun-rays,2.1,True,True,0.11206597222222223,8,0.1017578125,4,0.10677083333333333,8,0,0
float32-sized,fx-ov-spotlight,0.3,True,True,0.08350694444444444,0,0.07185329861111112,4,0.0818142361111111,8,0,0
float32-sized,fx-ov-spotlight,0.9,True,True,0.07081163194444444,0,0.07059461805555556,4,0.07621527777777778,0,0,0
float32-sized,fx-ov-spotlight,1.5,True,True,0.05772569444444445,0,0.06236979166666667,4,0.07033420138888889,0,0,0
float32-sized,fx-ov-spotlight,2.1,True,True,0.06545138888888889,0,0.05828993055555556,4,0.06686197916666667,0,0,0
float32-sized,fx-ov-bg-purple-smoke,0.3,True,True,0.020551215277777778,0,0.006966145833333334,0,0.03812934027777778,0,0,0
float32-sized,fx-ov-bg-purple-smoke,0.9,True,True,0.02087673611111111,0,0.008485243055555555,0,0.04353298611111111,0,0,0
float32-sized,fx-ov-bg-purple-smoke,1.5,True,True,0.025802951388888887,0,0.006944444444444444,0,0.04203559027777778,0,0,0
float32-sized,fx-ov-bg-purple-smoke,2.1,True,True,0.0189453125,0,0.0069010416666666664,0,0.043294270833333336,0,0,0
float32-sized,fx-ov-bg-pastel-ink,0.3,True,True,0.008528645833333333,0,0.05423177083333333,4,0.04194878472222222,0,0,0
float32-sized,fx-ov-bg-pastel-ink,0.9,True,True,0.012000868055555556,0,0.051605902777777775,4,0.04453125,0,0,0
float32-sized,fx-ov-bg-pastel-ink,1.5,True,True,0.011002604166666667,0,0.053211805555555554,4,0.04952256944444444,0,0,0
float32-sized,fx-ov-bg-pastel-ink,2.1,True,True,0.007877604166666666,0,0.06493055555555556,4,0.041840277777777775,0,0,0
float32-sized,fx-ov-bg-pink-gradient,0.3,True,True,0.0020833333333333333,0,0.017621527777777778,0,0.0681640625,0,0,0
float32-sized,fx-ov-bg-pink-gradient,0.9,True,True,0.001974826388888889,0,0.01755642361111111,0,0.06720920138888889,0,0,0
float32-sized,fx-ov-bg-pink-gradient,1.5,True,True,0.0011067708333333333,0,0.017990451388888887,0,0.06755642361111111,0,0,0
float32-sized,fx-ov-bg-pink-gradient,2.1,True,True,0.002018229166666667,0,0.017534722222222222,0,0.06703559027777778,0,0,0
float32-sized,fx-ov-bg-blue-hearts,0.3,True,True,0.016189236111111113,0,0.028059895833333334,0,0.06927083333333334,0,0,0
float32-sized,fx-ov-bg-blue-hearts,0.9,True,True,0.014019097222222223,0,0.029817708333333335,0,0.06864149305555556,0,0,0
float32-sized,fx-ov-bg-blue-hearts,1.5,True,True,0.019097222222222224,0,0.028211805555555556,0,0.07063802083333333,0,0,0
float32-sized,fx-ov-bg-blue-hearts,2.1,True,True,0.018012152777777776,0,0.030750868055555554,0,0.07654079861111111,0,0,0
float32-sized,fx-ov-bg-pink-bokeh,0.3,True,True,0.05416666666666667,0,0.019835069444444443,0,0.04216579861111111,0,0,0
float32-sized,fx-ov-bg-pink-bokeh,0.9,True,True,0.05134548611111111,0,0.01325954861111111,0,0.0349609375,0,0,0
float32-sized,fx-ov-bg-pink-bokeh,1.5,True,True,0.053624131944444445,0,0.010286458333333333,0,0.03413628472222222,0,0,0
float32-sized,fx-ov-bg-pink-bokeh,2.1,True,True,0.05173611111111111,0,0.016037326388888887,0,0.03687065972222222,0,0,0
float32-sized,fx-ov-bg-golden-band,0.3,True,True,0.008116319444444445,0,0.0044921875,0,0.004427083333333333,0,0,0
float32-sized,fx-ov-bg-golden-band,0.9,True,True,0.0072265625,0,0.004231770833333333,0,0.003949652777777778,0,0,0
float32-sized,fx-ov-bg-golden-band,1.5,True,True,0.0069010416666666664,0,0.004340277777777778,0,0.0039713541666666664,0,0,0
float32-sized,fx-ov-bg-golden-band,2.1,True,True,0.0057074652777777775,0,0.005772569444444445,0,0.0045138888888888885,0,0,0
float32-sized,fx-ov-bg-blue-smoke,0.3,True,True,0.011436631944444444,0,0.009505208333333333,0,0.01597222222222222,0,0,0
float32-sized,fx-ov-bg-blue-smoke,0.9,True,True,0.019032118055555554,0,0.009830729166666666,0,0.01792534722222222,0,0,0
float32-sized,fx-ov-bg-blue-smoke,1.5,True,True,0.01484375,0,0.0109375,0,0.020377604166666667,0,0,0
float32-sized,fx-ov-bg-blue-smoke,2.1,True,True,0.015147569444444444,0,0.010677083333333334,0,0.022894965277777776,0,0,0
float32-sized,fx-ov-bg-soft-gradient,0.3,True,True,0.060069444444444446,0,0,0,0.016145833333333335,0,0,0
float32-sized,fx-ov-bg-soft-gradient,0.9,True,True,0.06134982638888889,0,0,0,0.014583333333333334,0,0,0
float32-sized,fx-ov-bg-soft-gradient,1.5,True,True,0.0587890625,0,0,0,0.01423611111111111,0,0,0
float32-sized,fx-ov-bg-soft-gradient,2.1,True,True,0.06059027777777778,0,0,0,0.0140625,0,0,0
float32-sized,fx-ov-bg-light-wall,0.3,True,True,0.02927517361111111,0,0.040928819444444445,4,0.03888888888888889,0,0,0
float32-sized,fx-ov-bg-light-wall,0.9,True,True,0.024609375,0,0.03235677083333333,0,0.03389756944444444,0,0,0
float32-sized,fx-ov-bg-light-wall,1.5,True,True,0.03292100694444444,0,0.03333333333333333,0,0.04006076388888889,0,0,0
float32-sized,fx-ov-bg-light-wall,2.1,True,True,0.028971354166666668,0,0.03819444444444445,0,0.042252604166666666,0,0,0
float32-sized,fx-ov-bg-3d-shapes,0.3,False,False,13.133485243055556,124,12.945290798611111,126,11.836219618055555,124,0,0
float32-sized,fx-ov-bg-3d-shapes,0.9,False,False,13.106857638888888,124,12.9126953125,126,11.822157118055555,124,0,0
float32-sized,fx-ov-bg-3d-shapes,1.5,False,False,12.997417534722222,124,12.796245659722222,126,11.711067708333333,124,0,0
float32-sized,fx-ov-bg-3d-shapes,2.1,False,False,12.775108506944445,124,12.587977430555556,126,11.535308159722222,124,0,0
float32-sized,fx-ov-bg-red-hearts,0.3,True,True,0.02183159722222222,0,0.0005208333333333333,0,0.0007161458333333333,0,0,0
float32-sized,fx-ov-bg-red-hearts,0.9,True,True,0.01950954861111111,0,0.00034722222222222224,0,0.0003689236111111111,0,0,0
float32-sized,fx-ov-bg-red-hearts,1.5,True,True,0.019422743055555556,0,0.0005208333333333333,0,0.0005425347222222222,0,0,0
float32-sized,fx-ov-bg-red-hearts,2.1,True,True,0.019986979166666665,0,0.00078125,0,0.0007161458333333333,0,0,0
float32-sized,fx-ov-sc-aurora,0.3,True,True,0.005577256944444445,0,0.01955295138888889,0,0.019813368055555555,0,0,0
float32-sized,fx-ov-sc-aurora,0.9,True,True,0.006553819444444445,0,0.016861979166666666,0,0.016796875,0,0,0
float32-sized,fx-ov-sc-aurora,1.5,True,True,0.0054904513888888885,0,0.0154296875,0,0.015559895833333334,0,0,0
float32-sized,fx-ov-sc-aurora,2.1,True,True,0.005186631944444444,0,0.012348090277777777,0,0.01384548611111111,0,0,0
float32-sized,fx-ov-sc-milky-way,0.3,True,True,0.01838107638888889,0,0.0126953125,0,0.018294270833333334,0,0,0
float32-sized,fx-ov-sc-milky-way,0.9,True,True,0.014431423611111112,0,0.011197916666666667,0,0.018771701388888888,0,0,0
float32-sized,fx-ov-sc-milky-way,1.5,True,True,0.01545138888888889,0,0.010546875,0,0.015407986111111112,0,0,0
float32-sized,fx-ov-sc-milky-way,2.1,True,True,0.017339409722222223,0,0.012022569444444445,0,0.018836805555555555,0,0,0
float32-sized,fx-ov-sc-sunset-sea,0.3,True,True,0.031684027777777776,0,0.026584201388888888,0,0.02673611111111111,0,0,0
float32-sized,fx-ov-sc-sunset-sea,0.9,True,True,0.029014756944444445,0,0.028732638888888887,0,0.02894965277777778,0,0,0
float32-sized,fx-ov-sc-sunset-sea,1.5,True,True,0.02749565972222222,0,0.028211805555555556,0,0.027061631944444445,0,0,0
float32-sized,fx-ov-sc-sunset-sea,2.1,True,True,0.030143229166666667,0,0.027625868055555555,0,0.0263671875,0,0,0
float32-sized,fx-ov-sc-moon-dunes,0.3,True,True,0.008029513888888888,0,0.0115234375,0,0.0181640625,0,0,0
float32-sized,fx-ov-sc-moon-dunes,0.9,True,True,0.010677083333333334,0,0.010286458333333333,0,0.017013888888888887,0,0,0
float32-sized,fx-ov-sc-moon-dunes,1.5,True,True,0.008203125,0,0.010091145833333334,0,0.016514756944444445,0,0,0
float32-sized,fx-ov-sc-moon-dunes,2.1,True,True,0.008984375,0,0.010677083333333334,0,0.017534722222222222,0,0,0
float32-sized,fx-ov-sc-clouds,0.3,True,True,0.00896267361111111,0,0.02165798611111111,0,0.08313802083333334,0,0,0
float32-sized,fx-ov-sc-clouds,0.9,True,True,0.013020833333333334,0,0.025347222222222222,0,0.0857204861111111,8,0,0
float32-sized,fx-ov-sc-clouds,1.5,True,True,0.018098958333333335,0,0.03153211805555556,0,0.08391927083333334,0,0,0
float32-sized,fx-ov-sc-clouds,2.1,True,True,0.024348958333333334,0,0.035416666666666666,0,0.08433159722222222,0,0,0
float32-sized,fx-ov-sc-snowy-night,0.3,True,True,0.04791666666666667,0,0.03546006944444444,0,0.06189236111111111,0,0,0
float32-sized,fx-ov-sc-snowy-night,0.9,True,True,0.047764756944444445,0,0.037434895833333336,0,0.053624131944444445,0,0,0
float32-sized,fx-ov-sc-snowy-night,1.5,True,True,0.04876302083333333,0,0.03767361111111111,0,0.05390625,0,0,0
float32-sized,fx-ov-sc-snowy-night,2.1,True,True,0.04635416666666667,0,0.03522135416666667,0,0.059136284722222224,0,0,0
float32-sized,fx-ov-sc-ocean,0.3,True,True,0.037369791666666666,0,0.06397569444444444,4,0.053276909722222224,0,0,0
float32-sized,fx-ov-sc-ocean,0.9,True,True,0.03630642361111111,0,0.06399739583333333,4,0.046375868055555554,0,0,0
float32-sized,fx-ov-sc-ocean,1.5,True,True,0.03654513888888889,0,0.06319444444444444,4,0.03307291666666667,0,0,0
float32-sized,fx-ov-sc-ocean,2.1,True,True,0.03582899305555556,0,0.06432291666666666,4,0.02847222222222222,0,0,0
float32-sized,fx-ov-sc-shooting-stars,0.3,True,True,0.0012803819444444444,0,0.0013237847222222223,0,0.0028862847222222224,0,0,0
float32-sized,fx-ov-sc-shooting-stars,0.9,True,True,0.1029296875,0,0.1086154513888889,0,0.11015625,0,0,0
float32-sized,fx-ov-sc-shooting-stars,1.5,True,True,0.38591579861111114,8,0.4073350694444444,4,0.40381944444444445,8,0,0
float32-sized,fx-ov-sc-shooting-stars,2.1,True,True,0.39622395833333335,8,0.3818576388888889,4,0.4258029513888889,0,0,0
float32-sized,fx-ov-tr-colour-wipe,0.3,True,True,0.06864149305555556,0,0.0656467013888889,4,0.06015625,0,0,0
float32-sized,fx-ov-tr-colour-wipe,0.9,True,True,0,0,0,0,0,0,0,0
float32-sized,fx-ov-tr-colour-wipe,1.5,True,True,0.0876736111111111,8,0.0849609375,4,0.08240017361111111,0,0,0
float32-sized,fx-ov-tr-colour-wipe,2.1,True,True,0.07198350694444444,0,0.06486545138888888,4,0.06592881944444444,0,0,0
float32-sized,fx-ov-tr-diamond,0.3,False,True,0,0,0,0,0,0,0,0
float32-sized,fx-ov-tr-diamond,0.9,False,True,0,0,0,0,0,0,0,0
float32-sized,fx-ov-tr-diamond,1.5,True,True,0.06872829861111111,0,0.05759548611111111,4,0.06345486111111111,0,0,0
float32-sized,fx-ov-tr-diamond,2.1,False,True,0,0,0,0,0,0,0,0
float32-sized,fx-ov-tr-shape-pop,0.3,True,True,0.06529947916666666,0,0.05047743055555556,4,0.04505208333333333,0,0,0
float32-sized,fx-ov-tr-shape-pop,0.9,True,True,0.0019314236111111112,0,0.0017795138888888889,0,0.0024305555555555556,0,0,0
float32-sized,fx-ov-tr-shape-pop,1.5,True,True,0.04071180555555556,0,0.026801215277777776,0,0.024479166666666666,0,0,0
float32-sized,fx-ov-tr-shape-pop,2.1,True,True,0.06432291666666666,0,0.0521484375,4,0.050520833333333334,0,0,0
float32-sized,fx-ov-tr-glow-blob,0.3,True,True,0.006032986111111111,0,0.003689236111111111,0,0.005815972222222222,0,0,0
float32-sized,fx-ov-tr-glow-blob,0.9,True,True,0,0,0,0,0,0,0,0
float32-sized,fx-ov-tr-glow-blob,1.5,True,True,0.0021484375,0,0.0034071180555555556,0,0.003949652777777778,0,0,0
float32-sized,fx-ov-tr-glow-blob,2.1,True,True,0.007335069444444444,0,0.009526909722222223,0,0.010503472222222223,0,0,0
float32-sized,fx-ov-tr-fire-wipe,0.3,True,True,0.04375,0,0.05036892361111111,4,0.03511284722222222,0,0,0
float32-sized,fx-ov-tr-fire-wipe,0.9,True,True,0.05015190972222222,0,0.04088541666666667,4,0.021788194444444443,0,0,0
float32-sized,fx-ov-tr-fire-wipe,1.5,True,True,0.04652777777777778,0,0.04266493055555556,4,0.035872395833333334,0,0,0
float32-sized,fx-ov-tr-fire-wipe,2.1,True,True,0.052473958333333334,0,0.04884982638888889,4,0.040538194444444446,0,0,0
float32-sized,fx-ov-tr-ink,0.3,True,True,0.013888888888888888,0,0.013368055555555555,0,0.008723958333333334,0,0,0
float32-sized,fx-ov-tr-ink,0.9,True,True,0,0,0,0,0,0,0,0
float32-sized,fx-ov-tr-ink,1.5,True,True,0.009830729166666666,0,0.009157986111111112,0,0.0035807291666666665,0,0,0
float32-sized,fx-ov-tr-ink,2.1,True,True,0.01953125,0,0.015538194444444445,0,0.010525173611111112,0,0,0
float32-sized,fx-ov-tr-stripes,0.3,True,True,0.07723524305555556,0,0.07903645833333334,4,0.06907552083333333,0,0,0
float32-sized,fx-ov-tr-stripes,0.9,True,True,0.0014539930555555556,0,0.0008897569444444444,0,0.0010633680555555555,0,0,0
float32-sized,fx-ov-tr-stripes,1.5,True,True,0.05538194444444444,0,0.051280381944444446,4,0.052821180555555555,0,0,0
float32-sized,fx-ov-tr-stripes,2.1,True,True,0.08131510416666667,0,0.07432725694444445,4,0.07191840277777778,0,0,0
float32-sized,fx-ov-tr-iris,0.3,True,True,0.07003038194444444,0,0.05262586805555555,4,0.05384114583333333,0,0,0
float32-sized,fx-ov-tr-iris,0.9,True,True,0,0,0,0,0,0,0,0
float32-sized,fx-ov-tr-iris,1.5,True,True,0.06872829861111111,0,0.05759548611111111,4,0.06345486111111111,0,0,0
float32-sized,fx-ov-tr-iris,2.1,True,True,0.07938368055555556,0,0.05319010416666667,4,0.0556640625,0,0,0
float32-sized,fx-ov-tr-light-burst,0.3,False,False,9.277777777777779,99,8.304796006944445,89,8.406141493055555,91,0,0
float32-sized,fx-ov-tr-light-burst,0.9,False,False,2.712152777777778,49,2.4154296875,40,2.361067708333333,41,0,0
float32-sized,fx-ov-tr-light-burst,1.5,False,False,0.8339626736111111,17,0.8211371527777778,13,0.8506510416666667,17,0,0
float32-sized,fx-ov-tr-light-burst,2.1,False,False,9.340581597222222,107,8.353407118055555,93,8.408333333333333,91,0,0
float32-sized,fx-ov-tr-scribble,0.3,False,False,7.073328993055555,197,1.9680338541666667,49,4.787847222222222,140,0,0
float32-sized,fx-ov-tr-scribble,0.9,False,False,21.122526041666667,222,7.49296875,73,14.561197916666666,164,0,0
float32-sized,fx-ov-tr-scribble,1.5,False,False,6.170160590277778,172,3.320920138888889,69,4.4990234375,123,0,0
float32-sized,fx-ov-tr-scribble,2.1,False,False,6.225065104166666,189,1.781423611111111,49,4.1477647569444445,124,0,0
float32-sized,fx-ov-el-speed-lines,0.3,True,True,0.05490451388888889,0,0.05373263888888889,4,0.05490451388888889,0,0,0
float32-sized,fx-ov-el-speed-lines,0.9,True,True,0.04717881944444444,0,0.04503038194444445,4,0.04717881944444444,0,0,0
float32-sized,fx-ov-el-speed-lines,1.5,True,True,0.047591145833333334,0,0.04216579861111111,0,0.047591145833333334,0,0,0
float32-sized,fx-ov-el-speed-lines,2.1,True,True,0.0474609375,0,0.046961805555555555,4,0.0474609375,0,0,0
float32-sized,fx-ov-el-lightning,0.3,True,True,0.05427517361111111,0,0.04164496527777778,4,0.05080295138888889,0,0,0
float32-sized,fx-ov-el-lightning,0.9,False,False,3.0803602430555554,66,2.922482638888889,69,3.2069661458333334,75,0,0
float32-sized,fx-ov-el-lightning,1.5,True,True,0.025802951388888887,0,0.027300347222222222,0,0.03122829861111111,0,0,0
float32-sized,fx-ov-el-lightning,2.1,True,True,0.031119791666666667,0,0.030381944444444444,0,0.037934027777777775,0,0,0
float32-sized,fx-ov-el-moon,0.3,True,True,0.051106770833333336,0,0.05138888888888889,4,0.051497395833333334,0,0,0
float32-sized,fx-ov-el-moon,0.9,True,True,0.04490017361111111,0,0.04665798611111111,4,0.04576822916666667,0,0,0
float32-sized,fx-ov-el-moon,1.5,True,True,0.04924045138888889,0,0.04861111111111111,4,0.04203559027777778,0,0,0
float32-sized,fx-ov-el-moon,2.1,True,True,0.04889322916666667,0,0.04646267361111111,4,0.05227864583333333,0,0,0
float32-sized,fx-ov-el-smoke-puff,0.3,True,True,0.08324652777777777,8,0.07727864583333334,4,0.05481770833333333,0,0,0
float32-sized,fx-ov-el-smoke-puff,0.9,True,True,0.11030815972222222,8,0.09607204861111111,4,0.0634765625,0,0,0
float32-sized,fx-ov-el-smoke-puff,1.5,True,True,0.12682291666666667,8,0.10696614583333333,4,0.07209201388888889,0,0,0
float32-sized,fx-ov-el-smoke-puff,2.1,True,True,0.13407118055555556,8,0.12000868055555555,4,0.08396267361111111,8,0,0
float32-sized,fx-ov-el-scan-line,0.3,True,True,0.03875868055555556,0,0.03969184027777778,0,0.031575520833333336,0,0,0
float32-sized,fx-ov-el-scan-line,0.9,True,True,0.04010416666666667,0,0.031749131944444446,0,0.04320746527777778,0,0,0
float32-sized,fx-ov-el-scan-line,1.5,True,True,0.03376736111111111,0,0.049305555555555554,4,0.039214409722222225,0,0,0
float32-sized,fx-ov-el-scan-line,2.1,True,True,0.03739149305555556,0,0.04138454861111111,4,0.04631076388888889,0,0,0
float32-sized,fx-ov-el-stars-rating,0.3,True,True,0.07005208333333333,0,0.06328125,4,0.047417534722222224,0,0,0
float32-sized,fx-ov-el-stars-rating,0.9,True,True,0.07660590277777778,0,0.057291666666666664,4,0.051323784722222224,0,0,0
float32-sized,fx-ov-el-stars-rating,1.5,True,True,0.0705295138888889,0,0.05987413194444444,4,0.04077690972222222,0,0,0
float32-sized,fx-ov-el-stars-rating,2.1,True,True,0.06393229166666667,0,0.0619140625,4,0.04670138888888889,0,0,0
float32-sized,fx-ov-film-dust,0.3,False,False,5.514908854166666,17,5.60390625,16,5.550325520833334,17,0,0
float32-sized,fx-ov-film-dust,0.9,False,False,5.397873263888889,17,5.365733506944444,16,5.345876736111111,17,0,0
float32-sized,fx-ov-film-dust,1.5,False,False,5.0078125,17,5.1058159722222225,16,5.035590277777778,17,0,0
float32-sized,fx-ov-film-dust,2.1,False,False,5.049782986111111,17,5.033658854166666,17,4.9948133680555555,17,0,0
float32-sized,fx-ov-grain,0.3,False,False,19.094683159722223,58,19.170399305555556,56,19.094683159722223,58,0,0
float32-sized,fx-ov-grain,0.9,False,False,17.475130208333333,58,17.560264756944445,53,17.475130208333333,58,0,0
float32-sized,fx-ov-grain,1.5,False,False,15.683854166666666,57,15.778450520833333,53,15.683854166666666,57,0,0
float32-sized,fx-ov-grain,2.1,False,False,14.579405381944444,57,14.648003472222221,53,14.579405381944444,57,0,0
float32-sized,fx-ov-vhs,0.3,False,False,6.563411458333333,24,6.5671875,20,6.587087673611111,24,0,0
float32-sized,fx-ov-vhs,0.9,False,False,5.415646701388889,17,5.422113715277778,20,5.412217881944445,17,0,0
float32-sized,fx-ov-vhs,1.5,False,False,3.937131076388889,17,3.9439453125,20,3.9803602430555554,17,0,0
float32-sized,fx-ov-vhs,2.1,False,False,2.9205078125,17,2.897873263888889,20,2.9172743055555554,17,0,0
float32-sized,fx-ov-halftone,0.3,True,True,0.04485677083333333,0,0.027473958333333333,0,0.0375,0,0,0
float32-sized,fx-ov-halftone,0.9,True,True,0.04600694444444445,0,0.027907986111111113,0,0.03470052083333333,0,0,0
float32-sized,fx-ov-halftone,1.5,True,True,0.04073350694444444,0,0.029253472222222222,0,0.025824652777777776,0,0,0
float32-sized,fx-ov-halftone,2.1,True,True,0.0337890625,0,0.024522569444444444,0,0.037934027777777775,0,0,0
float32-sized,fx-ov-paper,0.3,True,True,0.11061197916666667,8,0.08882378472222222,4,0.07764756944444444,0,0,0
float32-sized,fx-ov-paper,0.9,True,True,0.12534722222222222,8,0.08977864583333334,4,0.07044270833333334,0,0,0
float32-sized,fx-ov-paper,1.5,True,True,0.11477864583333333,8,0.08797743055555556,4,0.07337239583333334,0,0,0
float32-sized,fx-ov-paper,2.1,True,True,0.11668836805555556,8,0.08452690972222222,4,0.07332899305555556,0,0,0
float32-sized,fx-ov-burnt-edges,0.3,True,True,0.10160590277777778,8,0.1166015625,4,0.05227864583333333,0,0,0
float32-sized,fx-ov-burnt-edges,0.9,True,True,0.10212673611111112,8,0.11024305555555555,4,0.055164930555555554,0,0,0
float32-sized,fx-ov-burnt-edges,1.5,True,True,0.099609375,8,0.10674913194444445,4,0.04780815972222222,0,0,0
float32-sized,fx-ov-burnt-edges,2.1,True,True,0.10169270833333334,8,0.11512586805555555,4,0.05572916666666667,0,0,0
float32-sized,fx-ov-frame-film,0.3,True,True,0.05911458333333333,0,0.051041666666666666,4,0.04665798611111111,0,0,0
float32-sized,fx-ov-frame-film,0.9,True,True,0.06204427083333333,0,0.0498046875,4,0.04626736111111111,0,0,0
float32-sized,fx-ov-frame-film,1.5,True,True,0.06187065972222222,0,0.04787326388888889,4,0.05297309027777778,0,0,0
float32-sized,fx-ov-frame-film,2.1,True,True,0.059722222222222225,0,0.051844618055555555,4,0.051671006944444445,0,0,0
float32-sized,fx-ov-frame-polaroid,0.3,True,True,0.06870659722222222,0,0.05041232638888889,4,0.05590277777777778,0,0,0
float32-sized,fx-ov-frame-polaroid,0.9,True,True,0.0685763888888889,0,0.05002170138888889,4,0.057530381944444445,0,0,0
float32-sized,fx-ov-frame-polaroid,1.5,True,True,0.07059461805555556,0,0.05457899305555555,4,0.06664496527777777,0,0,0
float32-sized,fx-ov-frame-polaroid,2.1,True,True,0.07586805555555555,0,0.04945746527777778,4,0.05570746527777778,0,0,0
float32-sized,fx-ov-frame-neon-pink,0.3,True,True,0.06052517361111111,0,0.07413194444444444,4,0.039496527777777776,0,0,0
float32-sized,fx-ov-frame-neon-pink,0.9,True,True,0.042816840277777775,0,0.03671875,0,0.06408420138888889,0,0,0
float32-sized,fx-ov-frame-neon-pink,1.5,True,True,0.030837673611111113,0,0.039713541666666664,0,0.07259114583333333,0,0,0
float32-sized,fx-ov-frame-neon-pink,2.1,True,True,0.0435546875,0,0.04674479166666667,4,0.0724609375,0,0,0
float32-sized,fx-ov-frame-neon-blue,0.3,True,True,0.15503472222222223,8,0.1076171875,4,0.14212239583333333,8,0,0
float32-sized,fx-ov-frame-neon-blue,0.9,True,True,0.12365451388888889,8,0.11417100694444444,4,0.1203125,8,0,0
float32-sized,fx-ov-frame-neon-blue,1.5,True,True,0.11881510416666667,8,0.12506510416666666,4,0.09991319444444445,8,0,0
float32-sized,fx-ov-frame-neon-blue,2.1,True,True,0.13077256944444443,8,0.13841145833333332,4,0.10872395833333333,8,0,0
float32-sized,fx-ov-frame-neon-gold,0.3,True,True,0.1383029513888889,8,0.0810546875,4,0.07413194444444444,0,0,0
float32-sized,fx-ov-frame-neon-gold,0.9,True,True,0.093359375,8,0.09318576388888888,4,0.05310329861111111,0,0,0
float32-sized,fx-ov-frame-neon-gold,1.5,True,True,0.0568359375,0,0.09210069444444445,4,0.0560546875,0,0,0
float32-sized,fx-ov-frame-neon-gold,2.1,True,True,0.06981336805555556,0,0.11087239583333333,4,0.07953559027777778,0,0,0
float32-sized,fx-ov-frame-rec,0.3,True,True,0.031119791666666667,0,0.016644965277777778,0,0.03257378472222222,0,0,0
float32-sized,fx-ov-frame-rec,0.9,True,True,0.032378472222222225,0,0.019422743055555556,0,0.031966145833333334,0,0,0
float32-sized,fx-ov-frame-rec,1.5,True,True,0.028797743055555554,0,0.019140625,0,0.022981770833333335,0,0,0
float32-sized,fx-ov-frame-rec,2.1,True,True,0.026931423611111113,0,0.017664930555555555,0,0.03359375,0,0,0
float32-sized,fx-ov-frame-vignette,0.3,True,True,0.09188368055555556,8,0.09281684027777778,4,0.09116753472222222,8,0,0
float32-sized,fx-ov-frame-vignette,0.9,True,True,0.09778645833333334,8,0.09338107638888889,4,0.0861328125,8,0,0
float32-sized,fx-ov-frame-vignette,1.5,True,True,0.09891493055555556,8,0.09309895833333333,4,0.08676215277777778,8,0,0
float32-sized,fx-ov-frame-vignette,2.1,True,True,0.09338107638888889,8,0.08884548611111111,4,0.08606770833333334,8,0,0
float32-sized,fx-ov-frame-grid,0.3,True,True,0.07191840277777778,0,0.06631944444444444,4,0.05032552083333333,0,0,0
float32-sized,fx-ov-frame-grid,0.9,True,True,0.08053385416666667,0,0.06204427083333333,4,0.05262586805555555,0,0,0
float32-sized,fx-ov-frame-grid,1.5,True,True,0.07484809027777778,0,0.0626953125,4,0.04487847222222222,0,0,0
float32-sized,fx-ov-frame-grid,2.1,True,True,0.06898871527777778,0,0.0652126736111111,4,0.05047743055555556,0,0,0
float32-sized,fx-ov-leak-green,0.3,True,True,0.056163194444444446,0,0.05863715277777778,4,0.04993489583333333,0,0,0
float32-sized,fx-ov-leak-green,0.9,True,True,0.052994791666666666,0,0.061046006944444446,4,0.04848090277777778,0,0,0
float32-sized,fx-ov-leak-green,1.5,True,True,0.04934895833333333,0,0.06597222222222222,4,0.05559895833333333,0,0,0
float32-sized,fx-ov-leak-green,2.1,True,True,0.05123697916666667,0,0.07013888888888889,4,0.0517578125,0,0,0
float32-sized,fx-ov-leak-purple,0.3,True,True,0.0564453125,0,0.05703125,4,0.055013020833333336,0,0,0
float32-sized,fx-ov-leak-purple,0.9,True,True,0.055121527777777776,0,0.052582465277777775,4,0.05325520833333333,0,0,0
float32-sized,fx-ov-leak-purple,1.5,True,True,0.05572916666666667,0,0.0568359375,4,0.06345486111111111,0,0,0
float32-sized,fx-ov-leak-purple,2.1,True,True,0.06449652777777778,0,0.05401475694444444,4,0.0685546875,0,0,0
float32-sized,fx-ov-leak-red,0.3,True,True,0.05,0,0.05703125,4,0.049891493055555555,0,0,0
float32-sized,fx-ov-leak-red,0.9,True,True,0.059092881944444446,0,0.052582465277777775,4,0.04956597222222222,0,0,0
float32-sized,fx-ov-leak-red,1.5,True,True,0.06267361111111111,0,0.0568359375,4,0.05141059027777778,0,0,0
float32-sized,fx-ov-leak-red,2.1,True,True,0.06417100694444444,0,0.05401475694444444,4,0.05568576388888889,0,0,0
float32-sized,fx-ov-flare-blue,0.3,True,True,0.13550347222222223,8,0.13070746527777777,4,0.1373046875,8,0,0
float32-sized,fx-ov-flare-blue,0.9,True,True,0.1576171875,8,0.15401475694444444,4,0.1379123263888889,8,0,0
float32-sized,fx-ov-flare-blue,1.5,True,True,0.15813802083333334,8,0.1567925347222222,4,0.13381076388888888,8,0,0
float32-sized,fx-ov-flare-blue,2.1,True,True,0.16419270833333333,8,0.1544704861111111,4,0.13838975694444444,8,0,0
float32-sized,fx-ov-lightning,0.3,True,True,0.04665798611111111,0,0.06551649305555556,4,0.08059895833333333,0,0,0
float32-sized,fx-ov-lightning,0.9,True,True,0.07016059027777778,0,0.0525390625,4,0.054947916666666666,0,0,0
float32-sized,fx-ov-lightning,1.5,True,True,0.06872829861111111,0,0.05759548611111111,4,0.06345486111111111,0,0,0
float32-sized,fx-ov-lightning,2.1,True,True,0.07938368055555556,0,0.05319010416666667,4,0.0556640625,0,0,0
float32-sized,fx-ov-bokeh-blue,0.3,True,True,0.03767361111111111,0,0.032552083333333336,0,0.05759548611111111,0,0,0
float32-sized,fx-ov-bokeh-blue,0.9,True,True,0.03602430555555555,0,0.03704427083333333,0,0.05970052083333333,0,0,0
float32-sized,fx-ov-bokeh-blue,1.5,True,True,0.03381076388888889,0,0.03448350694444444,0,0.049479166666666664,0,0,0
float32-sized,fx-ov-bokeh-blue,2.1,True,True,0.037434895833333336,0,0.03502604166666667,0,0.05588107638888889,0,0,0
float32-sized,fx-ov-bokeh-rainbow,0.3,True,True,0.03767361111111111,0,0.04431423611111111,4,0.05659722222222222,0,0,0
float32-sized,fx-ov-bokeh-rainbow,0.9,True,True,0.03602430555555555,0,0.04353298611111111,4,0.05381944444444445,0,0,0
float32-sized,fx-ov-bokeh-rainbow,1.5,True,True,0.03381076388888889,0,0.043359375,4,0.044487847222222224,0,0,0
float32-sized,fx-ov-bokeh-rainbow,2.1,True,True,0.037434895833333336,0,0.0453125,4,0.05375434027777778,0,0,0
float32-sized,fx-ov-sparkle-pink,0.3,True,True,0.037434895833333336,0,0.031901041666666664,0,0.031640625,0,0,0
float32-sized,fx-ov-sparkle-pink,0.9,True,True,0.033051215277777775,0,0.030403645833333333,0,0.03361545138888889,0,0,0
float32-sized,fx-ov-sparkle-pink,1.5,True,True,0.031184895833333334,0,0.03042534722222222,0,0.03439670138888889,0,0,0
float32-sized,fx-ov-sparkle-pink,2.1,True,True,0.03585069444444444,0,0.03220486111111111,0,0.04370659722222222,0,0,0
float32-sized,fx-ov-sparkle-blue,0.3,True,True,0.03498263888888889,0,0.033854166666666664,0,0.035069444444444445,0,0,0
float32-sized,fx-ov-sparkle-blue,0.9,True,True,0.028819444444444446,0,0.03279079861111111,0,0.0376953125,0,0,0
float32-sized,fx-ov-sparkle-blue,1.5,True,True,0.027408854166666666,0,0.03315972222222222,0,0.037825520833333334,0,0,0
float32-sized,fx-ov-sparkle-blue,2.1,True,True,0.032486979166666666,0,0.03383246527777778,0,0.0435546875,0,0,0
float32-sized,fx-ov-hearts-red,0.3,False,False,1.6617838541666667,58,0.4527126736111111,12,0.4982638888888889,9,0,0
float32-sized,fx-ov-hearts-red,0.9,False,False,1.9763237847222221,90,0.5130208333333334,16,0.6171657986111111,25,0,0
float32-sized,fx-ov-hearts-red,1.5,False,False,1.6850043402777777,49,0.5447265625,20,0.5810980902777778,25,0,0
float32-sized,fx-ov-hearts-red,2.1,False,False,0.9562717013888888,33,0.49832899305555556,16,0.44131944444444443,16,0,0
float32-sized,fx-ov-fog-pink,0.3,True,True,0.13155381944444444,8,0.12612847222222223,4,0.11744791666666667,8,0,0
float32-sized,fx-ov-fog-pink,0.9,True,True,0.13235677083333333,8,0.12838541666666667,4,0.1193359375,8,0,0
float32-sized,fx-ov-fog-pink,1.5,True,True,0.1273220486111111,8,0.12823350694444444,4,0.11820746527777778,8,0,0
float32-sized,fx-ov-fog-pink,2.1,True,True,0.13120659722222222,8,0.11861979166666667,4,0.11575520833333333,8,0,0
float32-sized,fx-ov-fog-blue,0.3,True,True,0.13057725694444444,8,0.1224609375,4,0.11859809027777778,8,0,0
float32-sized,fx-ov-fog-blue,0.9,True,True,0.141015625,8,0.12413194444444445,4,0.11974826388888889,8,0,0
float32-sized,fx-ov-fog-blue,1.5,True,True,0.12782118055555555,8,0.12797309027777778,4,0.11868489583333333,8,0,0
float32-sized,fx-ov-fog-blue,2.1,True,True,0.12914496527777777,8,0.11608072916666666,4,0.11649305555555556,8,0,0
float32-sized,fx-ov-wash-sunset,0.3,True,True,0.10206163194444444,8,0.08639322916666667,4,0.05963541666666667,0,0,0
float32-sized,fx-ov-wash-sunset,0.9,True,True,0.10447048611111111,8,0.08012152777777778,4,0.06228298611111111,0,0,0
float32-sized,fx-ov-wash-sunset,1.5,True,True,0.096484375,8,0.08404947916666666,4,0.05813802083333333,0,0,0
float32-sized,fx-ov-wash-sunset,2.1,True,True,0.09898003472222222,8,0.08274739583333333,4,0.06128472222222222,0,0,0
float32-sized,fx-ov-wash-ocean,0.3,True,True,0.1017795138888889,8,0.07667100694444444,4,0.15132378472222222,8,0,0
float32-sized,fx-ov-wash-ocean,0.9,True,True,0.09301215277777777,8,0.07176649305555556,4,0.14683159722222222,8,0,0
float32-sized,fx-ov-wash-ocean,1.5,True,True,0.1013454861111111,8,0.06976996527777778,4,0.1394314236111111,8,0,0
float32-sized,fx-ov-wash-ocean,2.1,True,True,0.09963107638888889,8,0.07556423611111111,4,0.14375,8,0,0
float32-sized,fx-ov-wash-rose,0.3,True,True,0.10206163194444444,8,0.08276909722222223,4,0.07131076388888889,0,0,0
float32-sized,fx-ov-wash-rose,0.9,True,True,0.10447048611111111,8,0.08016493055555556,4,0.06907552083333333,0,0,0
float32-sized,fx-ov-wash-rose,1.5,True,True,0.096484375,8,0.07962239583333333,4,0.07078993055555556,0,0,0
float32-sized,fx-ov-wash-rose,2.1,True,True,0.09898003472222222,8,0.08059895833333333,4,0.060872395833333336,0,0,0
float32-sized,fx-ov-wash-neon,0.3,True,True,0.09422743055555556,8,0.08732638888888888,4,0.06315104166666667,0,0,0
float32-sized,fx-ov-wash-neon,0.9,True,True,0.10577256944444445,8,0.08057725694444444,4,0.05792100694444444,0,0,0
float32-sized,fx-ov-wash-neon,1.5,True,True,0.10594618055555556,8,0.08541666666666667,4,0.06050347222222222,0,0,0
float32-sized,fx-ov-wash-neon,2.1,True,True,0.10314670138888889,8,0.08446180555555556,4,0.0623046875,0,0,0
float32-sized,fx-ov-wash-gold,0.3,True,True,0.10377604166666667,8,0.08541666666666667,4,0.05963541666666667,0,0,0
float32-sized,fx-ov-wash-gold,0.9,True,True,0.09856770833333334,8,0.08138020833333333,4,0.06228298611111111,0,0,0
float32-sized,fx-ov-wash-gold,1.5,True,True,0.10425347222222223,8,0.08292100694444444,4,0.05813802083333333,0,0,0
float32-sized,fx-ov-wash-gold,2.1,True,True,0.10334201388888889,8,0.0832248263888889,4,0.06128472222222222,0,0,0
float32-sized,fx-ov-rainbow,0.3,True,True,0.10629340277777778,8,0.11241319444444445,4,0.0720486111111111,0,0,0
float32-sized,fx-ov-rainbow,0.9,True,True,0.10631510416666666,8,0.10985243055555556,4,0.07699652777777778,0,0,0
float32-sized,fx-ov-rainbow,1.5,True,True,0.11128472222222222,8,0.11399739583333333,4,0.07654079861111111,0,0,0
float32-sized,fx-ov-rainbow,2.1,True,True,0.0998046875,8,0.10766059027777777,4,0.07936197916666667,0,0,0
float32-sized,fx-ov-frame-neon-green,0.3,True,True,0.048980034722222225,0,0.09162326388888889,4,0.06597222222222222,0,0,0
float32-sized,fx-ov-frame-neon-green,0.9,True,True,0.041015625,0,0.04066840277777778,4,0.05503472222222222,0,0,0
float32-sized,fx-ov-frame-neon-green,1.5,True,True,0.03888888888888889,0,0.025434027777777778,0,0.04494357638888889,0,0,0
float32-sized,fx-ov-frame-neon-green,2.1,True,True,0.03322482638888889,0,0.03257378472222222,0,0.08276909722222223,8,0,0
float16,fx-shake,0.3,False,False,0.4843967013888889,9,0.4839409722222222,4,0.5053602430555556,9,0,0
float16,fx-shake,0.9,True,True,0.09392361111111111,8,0.09027777777777778,4,0.0947265625,8,0,0
float16,fx-shake,1.5,False,False,1.5427734375,9,1.5314670138888888,12,1.5626302083333334,16,0,0
float16,fx-shake,2.1,False,False,7.130034722222222,65,7.026106770833334,65,7.203450520833333,74,0,0
float16,fx-blur,0.3,True,True,0.04516059027777778,0,0.03997395833333333,0,0.03413628472222222,0,0,0
float16,fx-blur,0.9,True,True,0.04205729166666667,0,0.041102430555555555,4,0.037109375,0,0,0
float16,fx-blur,1.5,True,True,0.0404296875,0,0.04073350694444444,4,0.03767361111111111,0,0,0
float16,fx-blur,2.1,True,True,0.04407552083333333,0,0.041493055555555554,4,0.03739149305555556,0,0,0
float16,fx-ct-edge-glow,0.3,True,True,0.06742621527777778,0,0.08255208333333333,4,0.09932725694444444,8,0,0
float16,fx-ct-edge-glow,0.9,True,True,0.05792100694444444,0,0.08693576388888889,4,0.09503038194444445,8,0,0
float16,fx-ct-edge-glow,1.5,True,True,0.06920572916666666,0,0.08098958333333334,4,0.08708767361111111,8,0,0
float16,fx-ct-edge-glow,2.1,True,True,0.06636284722222222,0,0.08311631944444445,4,0.09483506944444445,8,0,0
float16,fx-cc-slash-reveal,0.3,False,False,4.117947048611111,124,4.0900390625,129,4.120876736111111,131,0,0
float16,fx-cc-slash-reveal,0.9,True,True,0.12858072916666666,8,0.13988715277777777,4,0.13760850694444443,8,0,0
float16,fx-cc-slash-reveal,1.5,True,True,0.09978298611111111,8,0.09487847222222222,4,0.0974609375,8,0,0
float16,fx-cc-slash-reveal,2.1,False,False,5.759830729166667,148,5.684505208333333,142,5.697200520833333,148,0,0
float16,fx-cc-black-flash,0.3,True,True,0.07521701388888889,0,0.06694878472222222,4,0.06395399305555556,0,0,0
float16,fx-cc-black-flash,0.9,True,True,0.07606336805555555,0,0.0705078125,4,0.06328125,0,0,0
float16,fx-cc-black-flash,1.5,True,True,0.07721354166666666,0,0.07415364583333334,4,0.05455729166666667,0,0,0
float16,fx-cc-black-flash,2.1,True,True,0.07217881944444444,0,0.06794704861111112,4,0.06032986111111111,0,0,0
float16,fx-cc-diamond-zoom,0.3,True,True,0.09437934027777778,8,0.10203993055555556,4,0.09027777777777778,8,0,0
float16,fx-cc-diamond-zoom,0.9,True,True,0.07990451388888889,0,0.07845052083333333,4,0.07528211805555556,0,0,0
float16,fx-cc-diamond-zoom,1.5,True,True,0.10381944444444445,8,0.09092881944444445,4,0.08355034722222222,8,0,0
float16,fx-cc-diamond-zoom,2.1,True,True,0.09674479166666666,8,0.09118923611111111,4,0.08878038194444444,8,0,0
float16,fx-ct-error-quake,0.3,False,False,21.858506944444443,115,17.895789930555555,113,21.980772569444444,140,0,0
float16,fx-ct-error-quake,0.9,True,True,0.06636284722222222,0,0.05607638888888889,4,0.057465277777777775,0,0,0
float16,fx-ct-error-quake,1.5,True,True,0.06067708333333333,0,0.05653211805555555,4,0.06297743055555556,0,0,0
float16,fx-ct-error-quake,2.1,False,False,1.3924262152777778,25,2.672504340277778,65,2.8728732638888888,74,0,0
float16,fx-ct-explosion,0.3,True,True,0.03229166666666667,0,0.03381076388888889,0,0.028645833333333332,0,0,0
float16,fx-ct-explosion,0.9,True,True,0.056727430555555555,0,0.04837239583333333,4,0.037651909722222224,0,0,0
float16,fx-ct-explosion,1.5,True,True,0.04659288194444444,0,0.04440104166666667,4,0.035004340277777775,0,0,0
float16,fx-ct-explosion,2.1,True,True,0.013997395833333334,0,0.026866319444444446,0,0.03348524305555556,0,0,0
float16,fx-ct-scene-cut,0.3,False,False,40.9734375,140,41.66215277777778,142,44.720638020833334,148,0,0
float16,fx-ct-scene-cut,0.9,False,False,94.72265625,156,96.07834201388889,157,95.67198350694444,157,0,0
float16,fx-ct-scene-cut,1.5,False,False,94.01497395833333,156,95.44403211805556,158,94.92235243055555,156,0,0
float16,fx-ct-scene-cut,2.1,False,False,93.60154079861111,148,95.03767361111112,150,94.54151475694445,149,0,0
float16,fx-ct-sharpen-edges,0.3,True,True,0.183984375,8,0.17180989583333334,4,0.15915798611111112,8,0,0
float16,fx-ct-sharpen-edges,0.9,True,True,0.18170572916666666,8,0.16905381944444445,4,0.1669921875,8,0,0
float16,fx-ct-sharpen-edges,1.5,True,True,0.1841362847222222,8,0.16551649305555555,4,0.16642795138888888,8,0,0
float16,fx-ct-sharpen-edges,2.1,True,True,0.17662760416666667,8,0.16276041666666666,4,0.1558810763888889,8,0,0
float16,fx-ct-game-over,0.3,True,True,0.024717881944444443,0,0.026822916666666665,0,0.024544270833333333,0,0,0
float16,fx-ct-game-over,0.9,True,True,0.024609375,0,0.02578125,0,0.02443576388888889,0,0,0
float16,fx-ct-game-over,1.5,True,True,0.024652777777777777,0,0.025694444444444443,0,0.024479166666666666,0,0,0
float16,fx-ct-game-over,2.1,True,True,0.03283420138888889,0,0.028971354166666668,0,0.032660590277777776,0,0,0
float16,fx-cc-shiny-stack,0.3,False,False,10.542599826388889,74,11.150412326388889,81,11.756966145833333,82,0,0
float16,fx-cc-shiny-stack,0.9,False,False,17.40288628472222,148,18.310850694444444,150,18.393793402777778,156,0,0
float16,fx-cc-shiny-stack,1.5,False,False,17.41579861111111,140,18.032921006944445,146,17.915104166666666,149,0,0
float16,fx-cc-shiny-stack,2.1,False,False,4.551171875,49,4.846440972222222,49,5.103993055555556,49,0,0
float16,fx-cc-dance-flash,0.3,False,True,0.33858506944444444,8,0.23858506944444444,4,0.2724392361111111,8,0,0
float16,fx-cc-dance-flash,0.9,True,True,0.3491753472222222,8,0.2240668402777778,4,0.2620442708333333,8,0,0
float16,fx-cc-dance-flash,1.5,True,True,0.3248697916666667,8,0.24650607638888888,4,0.2607638888888889,8,0,0
float16,fx-cc-dance-flash,2.1,True,True,0.33639322916666664,8,0.23151041666666666,4,0.2752821180555556,8,0,0
float16,fx-ct-glass-breaking,0.3,False,False,7.571050347222222,107,7.200607638888889,97,7.544140625,99,0,0
float16,fx-ct-glass-breaking,0.9,False,False,7.570486111111111,107,7.104969618055556,98,7.4322265625,99,0,0
float16,fx-ct-glass-breaking,1.5,False,False,8.287413194444444,107,7.930989583333333,105,8.432486979166667,107,0,0
float16,fx-ct-glass-breaking,2.1,False,False,7.570247395833333,107,7.1412977430555555,101,7.472135416666666,99,0,0
float16,fx-ct-negative-panels,0.3,True,True,0.056901041666666666,0,0.04583333333333333,4,0.05837673611111111,0,0,0
float16,fx-ct-negative-panels,0.9,True,True,0.056098090277777776,0,0.04967447916666667,4,0.06605902777777778,0,0,0
float16,fx-ct-negative-panels,1.5,True,True,0.05447048611111111,0,0.05075954861111111,4,0.05991753472222222,0,0,0
float16,fx-ct-negative-panels,2.1,False,False,47.03671875,206,50.107769097222224,223,64.88758680555556,247,0,0
float16,fx-ct-darken-flash,0.3,True,True,0.031749131944444446,0,0.03205295138888889,0,0.023893229166666665,0,0,0
float16,fx-ct-darken-flash,0.9,True,True,0.04602864583333333,0,0.043684895833333334,4,0.039496527777777776,0,0,0
float16,fx-ct-darken-flash,1.5,True,True,0.04529079861111111,0,0.04309895833333333,4,0.03511284722222222,0,0,0
float16,fx-ct-darken-flash,2.1,True,True,0.04626736111111111,0,0.04845920138888889,4,0.04789496527777778,0,0,0
float16,fx-horizontal-open,0.3,True,True,0.006944444444444444,0,0.0078125,0,0.006705729166666666,0,0,0
float16,fx-horizontal-open,0.9,True,True,0.025347222222222222,0,0.026627604166666666,0,0.023177083333333334,0,0,0
float16,fx-horizontal-open,1.5,True,True,0.049370659722222224,0,0.04754774305555556,4,0.0421875,0,0,0
float16,fx-horizontal-open,2.1,True,True,0.07515190972222222,0,0.063671875,4,0.06460503472222222,0,0,0
float16,fx-ct-fireplace,0.3,False,False,1.6268229166666666,33,1.0221571180555555,20,0.2866970486111111,9,0,0
float16,fx-ct-fireplace,0.9,False,False,1.9013888888888888,41,1.2117621527777778,28,0.34713541666666664,9,0,0
float16,fx-ct-fireplace,1.5,False,False,1.8368489583333334,41,1.1833984375,25,0.3331380208333333,9,0,0
float16,fx-ct-fireplace,2.1,False,False,1.7176649305555556,41,1.0580946180555555,24,0.30557725694444443,9,0,0
float16,fx-fade-in,0.3,True,True,0.0069010416666666664,0,0.00703125,0,0.005078125,0,0,0
float16,fx-fade-in,0.9,True,True,0.04440104166666667,0,0.048828125,4,0.04704861111111111,0,0,0
float16,fx-fade-in,1.5,True,True,0.10230034722222223,8,0.08381076388888889,4,0.06684027777777778,0,0,0
float16,fx-fade-in,2.1,True,True,0.06675347222222222,0,0.0576171875,4,0.053125,0,0,0
float16,fx-ct-neon,0.3,True,True,0.07903645833333334,0,0.10394965277777778,4,0.10564236111111111,8,0,0
float16,fx-ct-neon,0.9,True,True,0.08819444444444445,8,0.10989583333333333,4,0.10223524305555555,8,0,0
float16,fx-ct-neon,1.5,True,True,0.0873046875,8,0.11358506944444445,4,0.10210503472222222,8,0,0
float16,fx-ct-neon,2.1,True,True,0.07973090277777778,0,0.10985243055555556,4,0.10336371527777778,8,0,0
float16,fx-ct-vignette-noir,0.3,False,False,3.978125,17,3.9920138888888888,12,3.978125,17,0,0
float16,fx-ct-vignette-noir,0.9,False,False,3.6657335069444446,17,3.6932942708333334,12,3.6657335069444446,17,0,0
float16,fx-ct-vignette-noir,1.5,False,False,3.4735243055555554,17,3.4876085069444445,12,3.4735243055555554,17,0,0
float16,fx-ct-vignette-noir,2.1,False,False,3.1948567708333333,17,3.189214409722222,12,3.1948567708333333,17,0,0
float16,fx-ct-dreamy-halo,0.3,True,True,0.055338541666666664,0,0.06117621527777778,4,0.068359375,0,0,0
float16,fx-ct-dreamy-halo,0.9,True,True,0.060004340277777776,0,0.054144965277777776,4,0.06844618055555556,0,0,0
float16,fx-ct-dreamy-halo,1.5,True,True,0.05611979166666667,0,0.056792534722222225,4,0.06931423611111111,0,0,0
float16,fx-ct-dreamy-halo,2.1,True,True,0.059830729166666666,0,0.054839409722222225,4,0.0734375,0,0,0
float16,fx-ct-lightning-crack,0.3,False,False,11.737282986111111,148,12.413563368055556,154,13.114670138888888,156,0,0
float16,fx-ct-lightning-crack,0.9,True,True,0.053211805555555554,0,0.053168402777777776,4,0.05366753472222222,0,0,0
float16,fx-ct-lightning-crack,1.5,False,False,8.153125,132,8.613411458333333,138,9.110850694444444,140,0,0
float16,fx-ct-lightning-crack,2.1,True,True,0.07947048611111111,0,0.08372395833333333,4,0.08539496527777778,8,0,0
float16,fx-ct-narrow-focus,0.3,True,True,0.007400173611111111,0,0.008094618055555556,0,0.007400173611111111,0,0,0
float16,fx-ct-narrow-focus,0.9,True,True,0.026866319444444446,0,0.030967881944444445,0,0.026866319444444446,0,0,0
float16,fx-ct-narrow-focus,1.5,True,True,0.029752604166666665,0,0.028776041666666665,0,0.029752604166666665,0,0,0
float16,fx-ct-narrow-focus,2.1,True,True,0.026323784722222222,0,0.029166666666666667,0,0.026323784722222222,0,0,0
float16,fx-vignette,0.3,False,False,9.318402777777777,25,9.380989583333333,29,9.297135416666666,25,0,0
float16,fx-vignette,0.9,False,False,8.861176215277778,25,8.954839409722222,29,8.864670138888888,25,0,0
float16,fx-vignette,1.5,False,False,8.3498046875,25,8.427213541666667,28,8.36540798611111,25,0,0
float16,fx-vignette,2.1,False,False,8.045963541666667,25,8.103776041666666,28,8.040342881944444,25,0,0
float16,fx-ct-offset-slice,0.3,True,True,0.03771701388888889,0,0.029730902777777776,0,0.02556423611111111,0,0,0
float16,fx-ct-offset-slice,0.9,False,False,7.946701388888889,148,6.739084201388889,125,6.690407986111111,115,0,0
float16,fx-ct-offset-slice,1.5,True,True,0.11976996527777778,0,0.09626736111111112,4,0.09403211805555556,0,0,0
float16,fx-ct-offset-slice,2.1,True,True,0.03107638888888889,0,0.023133680555555557,0,0.025325520833333334,0,0,0
float16,fx-zoom-lens,0.3,True,True,0.07033420138888889,0,0.06547309027777778,4,0.06284722222222222,0,0,0
float16,fx-zoom-lens,0.9,True,True,0.05709635416666667,0,0.053211805555555554,4,0.05329861111111111,0,0,0
float16,fx-zoom-lens,1.5,True,True,0.06694878472222222,0,0.06378038194444445,4,0.07141927083333334,0,0,0
float16,fx-zoom-lens,2.1,True,True,0.0693359375,0,0.0646701388888889,4,0.06351996527777778,0,0,0
float16,fx-ct-picture-bumps,0.3,True,True,0.08055555555555556,0,0.08502604166666666,4,0.07111545138888889,0,0,0
float16,fx-ct-picture-bumps,0.9,True,True,0.047374131944444446,0,0.04168836805555556,4,0.03669704861111111,0,0,0
float16,fx-ct-picture-bumps,1.5,True,True,0.06551649305555556,0,0.07660590277777778,4,0.06801215277777778,0,0,0
float16,fx-ct-picture-bumps,2.1,True,True,0.057118055555555554,0,0.05692274305555556,4,0.05486111111111111,0,0,0
float16,fx-ct-background-fit,0.3,True,True,0.011176215277777778,0,0.009787326388888889,0,0.008333333333333333,0,0,0
float16,fx-ct-background-fit,0.9,True,True,0.11979166666666667,8,0.1083984375,4,0.0832248263888889,8,0,0
float16,fx-ct-background-fit,1.5,True,True,0.06675347222222222,0,0.06555989583333334,4,0.05855034722222222,0,0,0
float16,fx-ct-background-fit,2.1,True,True,0.07814670138888889,0,0.06879340277777778,4,0.06510416666666667,0,0,0
float16,fx-ct-astral,0.3,True,True,0.054144965277777776,0,0.04852430555555556,4,0.04533420138888889,0,0,0
float16,fx-ct-astral,0.9,True,True,0.07437065972222222,0,0.06525607638888889,4,0.05974392361111111,0,0,0
float16,fx-ct-astral,1.5,True,True,0.05657552083333333,0,0.04854600694444444,4,0.04162326388888889,0,0,0
float16,fx-ct-astral,2.1,True,True,0.08374565972222223,8,0.06560329861111111,4,0.06388888888888888,0,0,0
float16,fx-cc-wobbly-flash,0.3,True,True,0.06901041666666667,0,0.06922743055555555,4,0.06588541666666667,0,0,0
float16,fx-cc-wobbly-flash,0.9,True,True,0.07562934027777778,0,0.06746961805555556,4,0.0662109375,0,0,0
float16,fx-cc-wobbly-flash,1.5,True,True,0.07057291666666667,0,0.05920138888888889,4,0.06174045138888889,0,0,0
float16,fx-cc-wobbly-flash,2.1,True,True,0.06640625,0,0.06121961805555556,4,0.05401475694444444,0,0,0
float16,fx-cc-feverish,0.3,True,True,0.03240017361111111,0,0.04631076388888889,4,0.03975694444444444,0,0,0
float16,fx-cc-feverish,0.9,False,False,6.577604166666666,17,18.32890625,29,14.484830729166667,25,0,0
float16,fx-cc-feverish,1.5,True,True,0.03046875,0,0.04613715277777778,4,0.038411458333333336,0,0,0
float16,fx-cc-feverish,2.1,True,True,0.029752604166666665,0,0.04884982638888889,4,0.03865017361111111,0,0,0
float16,fx-ct-tension-zoom,0.3,True,True,0.074609375,0,0.07289496527777778,4,0.07191840277777778,0,0,0
float16,fx-ct-tension-zoom,0.9,True,True,0.06875,0,0.06773003472222222,4,0.06480034722222222,0,0,0
float16,fx-ct-tension-zoom,1.5,True,True,0.06825086805555555,0,0.065234375,4,0.06905381944444444,0,0,0
float16,fx-ct-tension-zoom,2.1,True,True,0.07766927083333333,0,0.07237413194444445,4,0.06803385416666667,0,0,0
float16,fx-ct-negative,0.3,True,True,0.04754774305555556,0,0.041276041666666666,4,0.0396484375,0,0,0
float16,fx-ct-negative,0.9,True,True,0.04602864583333333,0,0.043684895833333334,4,0.039496527777777776,0,0,0
float16,fx-ct-negative,1.5,True,True,0.04529079861111111,0,0.04309895833333333,4,0.03511284722222222,0,0,0
float16,fx-ct-negative,2.1,True,True,0.045073784722222225,0,0.045182291666666666,4,0.039388020833333336,0,0,0
float16,fx-ct-cut-shift,0.3,False,False,6.949826388888889,91,7.577973090277778,93,8.136458333333334,107,0,0
float16,fx-ct-cut-shift,0.9,True,True,0.05180121527777778,0,0.057530381944444445,4,0.05486111111111111,0,0,0
float16,fx-ct-cut-shift,1.5,False,False,7.150390625,75,7.328233506944445,77,7.579318576388889,74,0,0
float16,fx-ct-cut-shift,2.1,True,True,0.21825086805555555,8,0.21829427083333333,4,0.23174913194444444,8,0,0
float16,fx-ct-effect-mashup,0.3,True,True,0.016015625,0,0.013585069444444445,0,0.010590277777777778,0,0,0
float16,fx-ct-effect-mashup,0.9,True,True,0.033116319444444445,0,0.022417534722222222,0,0.024153645833333334,0,0,0
float16,fx-ct-effect-mashup,1.5,True,True,0.05653211805555555,0,0.04848090277777778,4,0.044769965277777775,0,0,0
float16,fx-ct-effect-mashup,2.1,True,True,0.05266927083333333,0,0.04318576388888889,4,0.04073350694444444,0,0,0
float16,fx-ct-hexagonal-spot,0.3,True,True,0.031032986111111112,0,0.03012152777777778,0,0.025499131944444444,0,0,0
float16,fx-ct-hexagonal-spot,0.9,True,True,0.0244140625,0,0.024739583333333332,0,0.022764756944444443,0,0,0
float16,fx-ct-hexagonal-spot,1.5,True,True,0.018663194444444444,0,0.014756944444444444,0,0.014713541666666666,0,0,0
float16,fx-ct-hexagonal-spot,2.1,True,True,0.03009982638888889,0,0.029709201388888887,0,0.023394097222222222,0,0,0
float16,fx-ct-broken-shine,0.3,True,True,0.05158420138888889,0,0.04917534722222222,4,0.05173611111111111,0,0,0
float16,fx-ct-broken-shine,0.9,True,True,0.03967013888888889,0,0.042881944444444445,4,0.04138454861111111,0,0,0
float16,fx-ct-broken-shine,1.5,True,True,0.04663628472222222,0,0.040234375,0,0.04038628472222222,0,0,0
float16,fx-ct-broken-shine,2.1,True,True,0.041905381944444445,0,0.042078993055555555,4,0.04490017361111111,0,0,0
float16,fx-cc-move-cloud,0.3,True,True,0.020399305555555556,0,0.012478298611111112,0,0.012152777777777778,0,0,0
float16,fx-cc-move-cloud,0.9,True,True,0.04865451388888889,0,0.0421875,4,0.029383680555555555,0,0,0
float16,fx-cc-move-cloud,1.5,True,True,0.04982638888888889,0,0.04136284722222222,4,0.031749131944444446,0,0,0
float16,fx-cc-move-cloud,2.1,True,True,0.020724826388888888,0,0.01857638888888889,0,0.013519965277777778,0,0,0
float16,fx-ct-grim-neo,0.3,True,True,0.04027777777777778,0,0.04331597222222222,4,0.04079861111111111,0,0,0
float16,fx-ct-grim-neo,0.9,True,True,0.04548611111111111,0,0.042816840277777775,4,0.04359809027777778,0,0,0
float16,fx-ct-grim-neo,1.5,True,True,0.044140625,0,0.049956597222222225,4,0.04422743055555556,0,0,0
float16,fx-ct-grim-neo,2.1,True,True,0.04993489583333333,0,0.050390625,4,0.0501953125,0,0,0
float16,fx-ct-chaotic-heat,0.3,False,False,24.313324652777776,99,25.786328125,138,15.292469618055556,83,0,0
float16,fx-ct-chaotic-heat,0.9,False,False,2.194900173611111,17,2.771506076388889,25,1.3153211805555556,17,0,0
float16,fx-ct-chaotic-heat,1.5,False,False,29.430186631944444,123,35.3060546875,154,18.30544704861111,140,0,0
float16,fx-ct-chaotic-heat,2.1,False,False,8.98125,131,8.737717013888888,121,4.741037326388889,107,0,0
float16,fx-ct-delicate-rays,0.3,True,True,0.11091579861111112,8,0.0988498263888889,4,0.10486111111111111,8,0,0
float16,fx-ct-delicate-rays,0.9,True,True,0.10744357638888889,8,0.09223090277777778,4,0.08606770833333334,8,0,0
float16,fx-ct-delicate-rays,1.5,True,True,0.10620659722222223,8,0.09741753472222223,4,0.08365885416666667,8,0,0
float16,fx-ct-delicate-rays,2.1,True,True,0.10770399305555556,8,0.09587673611111111,4,0.08995225694444445,8,0,0
float16,fx-ct-shine-zoom,0.3,True,True,0.015386284722222223,0,0.014105902777777778,0,0.011111111111111112,0,0,0
float16,fx-ct-shine-zoom,0.9,True,True,0.012782118055555555,0,0.012000868055555556,0,0.013563368055555556,0,0,0
float16,fx-ct-shine-zoom,1.5,True,True,0.07269965277777778,0,0.06603732638888889,4,0.06280381944444445,0,0,0
float16,fx-ct-shine-zoom,2.1,True,True,0.012391493055555555,0,0.015190972222222222,0,0.012348090277777777,0,0,0
float16,fx-ct-magical-tome,0.3,True,True,0.040928819444444445,0,0.041167534722222225,4,0.03600260416666667,0,0,0
float16,fx-ct-magical-tome,0.9,True,True,0.04333767361111111,0,0.03723958333333333,0,0.032725694444444446,0,0,0
float16,fx-ct-magical-tome,1.5,True,True,0.04596354166666667,0,0.04314236111111111,4,0.03135850694444445,0,0,0
float16,fx-ct-magical-tome,2.1,True,True,0.044205729166666666,0,0.04114583333333333,4,0.03708767361111111,0,0,0
float16,fx-ct-phone-cube,0.3,True,True,0.045985243055555555,0,0.04266493055555556,4,0.04470486111111111,0,0,0
float16,fx-ct-phone-cube,0.9,True,True,0.04685329861111111,0,0.04251302083333333,4,0.03982204861111111,0,0,0
float16,fx-ct-phone-cube,1.5,True,True,0.038237847222222225,0,0.03969184027777778,0,0.03819444444444445,0,0,0
float16,fx-ct-phone-cube,2.1,True,True,0.04474826388888889,0,0.04201388888888889,4,0.0412109375,0,0,0
float16,fx-ct-grim-reaper,0.3,True,True,0.03459201388888889,0,0.039322916666666666,0,0.03654513888888889,0,0,0
float16,fx-ct-grim-reaper,0.9,True,True,0.03315972222222222,0,0.03585069444444444,0,0.03721788194444445,0,0,0
float16,fx-ct-grim-reaper,1.5,True,True,0.032660590277777776,0,0.030078125,0,0.03630642361111111,0,0,0
float16,fx-ct-grim-reaper,2.1,True,True,0.0294921875,0,0.03211805555555555,0,0.03463541666666667,0,0,0
float16,fx-ct-phone-zoom,0.3,True,True,0.045399305555555554,0,0.043402777777777776,4,0.044661458333333334,0,0,0
float16,fx-ct-phone-zoom,0.9,True,True,0.06330295138888889,0,0.05952690972222222,4,0.06334635416666666,0,0,0
float16,fx-ct-phone-zoom,1.5,True,True,0.12766927083333332,8,0.12925347222222222,4,0.12003038194444444,8,0,0
float16,fx-ct-phone-zoom,2.1,True,True,0.04830729166666667,0,0.04481336805555555,4,0.04587673611111111,0,0,0
float16,fx-cc-chromatic,0.3,True,True,0.05737847222222222,0,0.05256076388888889,4,0.07105034722222223,0,0,0
float16,fx-cc-chromatic,0.9,True,True,0.057703993055555555,0,0.0537109375,4,0.07884114583333333,0,0,0
float16,fx-cc-chromatic,1.5,True,True,0.05212673611111111,0,0.048111979166666666,4,0.04572482638888889,0,0,0
float16,fx-cc-chromatic,2.1,True,True,0.06375868055555556,0,0.059027777777777776,4,0.06239149305555555,0,0,0
float16,fx-cc-ripple,0.3,True,True,0.13843315972222223,8,0.12526041666666668,4,0.11417100694444444,8,0,0
float16,fx-cc-ripple,0.9,True,True,0.128515625,8,0.12269965277777778,4,0.12369791666666667,8,0,0
float16,fx-cc-ripple,1.5,True,True,0.09435763888888889,8,0.09411892361111111,4,0.08541666666666667,8,0,0
float16,fx-cc-ripple,2.1,True,True,0.13040364583333333,8,0.12764756944444444,4,0.1208767361111111,8,0,0
float16,fx-cc-retro-flicker,0.3,False,False,9.422743055555555,25,9.445203993055555,28,9.40217013888889,25,0,0
float16,fx-cc-retro-flicker,0.9,False,False,8.705360243055555,25,8.901822916666667,28,8.971310763888889,25,0,0
float16,fx-cc-retro-flicker,1.5,False,False,8.5845703125,25,8.527625868055555,25,8.446744791666667,25,0,0
float16,fx-cc-retro-flicker,2.1,False,False,11.482964409722221,41,10.932161458333333,40,10.279796006944444,33,0,0
float16,fx-cc-handheld,0.3,True,True,0.0771484375,0,0.08016493055555556,4,0.07263454861111111,0,0,0
float16,fx-cc-handheld,0.9,True,True,0.09644097222222223,8,0.08836805555555556,4,0.08036024305555556,0,0,0
float16,fx-cc-handheld,1.5,True,True,0.08103298611111111,0,0.08804253472222222,4,0.07504340277777778,0,0,0
float16,fx-cc-handheld,2.1,True,True,0.08038194444444445,0,0.08031684027777777,4,0.07671440972222222,0,0,0
float16,fx-cc-film-wave,0.3,True,True,0.11898871527777778,8,0.11629774305555556,4,0.11903211805555555,8,0,0
float16,fx-cc-film-wave,0.9,True,True,0.11516927083333334,8,0.1173828125,4,0.10755208333333334,8,0,0
float16,fx-cc-film-wave,1.5,True,True,0.12252604166666667,8,0.11953125,4,0.10794270833333333,8,0,0
float16,fx-cc-film-wave,2.1,True,True,0.12916666666666668,8,0.11453993055555556,4,0.10844184027777778,8,0,0
float16,fx-cc-wiggle-flicker,0.3,False,False,32.904058159722226,156,33.03359375,170,33.51256510416667,189,0,0
float16,fx-cc-wiggle-flicker,0.9,False,False,24.190733506944444,132,24.197764756944444,134,23.779991319444445,140,0,0
float16,fx-cc-wiggle-flicker,1.5,False,False,2.0411892361111112,25,1.7099392361111112,16,2.7022135416666666,25,0,0
float16,fx-cc-wiggle-flicker,2.1,False,False,10.451519097222222,91,10.378624131944445,97,10.595703125,107,0,0
float16,fx-cc-bw-slider,0.3,True,True,0.08973524305555555,8,0.08580729166666666,4,0.07977430555555555,0,0,0
float16,fx-cc-bw-slider,0.9,True,True,0.08917100694444445,8,0.09444444444444444,4,0.08600260416666666,8,0,0
float16,fx-cc-bw-slider,1.5,True,True,0.08179253472222223,0,0.08077256944444444,4,0.07601996527777778,0,0,0
float16,fx-cc-bw-slider,2.1,True,True,0.0923828125,8,0.09058159722222223,4,0.09036458333333333,8,0,0
float16,fx-cc-hex-split,0.3,False,False,5.645008680555556,83,5.215104166666666,77,4.684092881944444,66,0,0
float16,fx-cc-hex-split,0.9,False,False,7.7942925347222225,99,7.186197916666667,89,6.449739583333334,82,0,0
float16,fx-cc-hex-split,1.5,False,False,7.622916666666667,99,6.975086805555556,93,6.212760416666667,82,0,0
float16,fx-cc-hex-split,2.1,False,False,6.711762152777778,99,6.161610243055556,89,5.477690972222222,75,0,0
float16,fx-cc-shimmer-360,0.3,True,True,0.0769314236111111,0,0.07124565972222222,4,0.059657118055555555,0,0,0
float16,fx-cc-shimmer-360,0.9,True,True,0.05492621527777778,0,0.047309027777777776,4,0.051171875,0,0,0
float16,fx-cc-shimmer-360,1.5,True,True,0.06197916666666667,0,0.04889322916666667,4,0.043858506944444445,0,0,0
float16,fx-cc-shimmer-360,2.1,True,True,0.04911024305555556,0,0.05427517361111111,4,0.04841579861111111,0,0,0
float16,fx-cc-dynamic-blur,0.3,True,True,0.04533420138888889,0,0.04618055555555556,4,0.04537760416666667,0,0,0
float16,fx-cc-dynamic-blur,0.9,True,True,0.05681423611111111,0,0.05227864583333333,4,0.04911024305555556,0,0,0
float16,fx-cc-dynamic-blur,1.5,True,True,0.057530381944444445,0,0.05499131944444444,4,0.060069444444444446,0,0,0
float16,fx-cc-dynamic-blur,2.1,True,True,0.045464409722222224,0,0.04105902777777778,4,0.04711371527777778,0,0,0
float16,fx-cc-rebound-swing,0.3,True,True,0.1003689236111111,8,0.09776475694444445,4,0.08804253472222222,8,0,0
float16,fx-cc-rebound-swing,0.9,True,True,0.1023220486111111,8,0.09149305555555555,4,0.0847439236111111,8,0,0
float16,fx-cc-rebound-swing,1.5,True,True,0.10379774305555556,8,0.0954861111111111,4,0.08628472222222222,8,0,0
float16,fx-cc-rebound-swing,2.1,True,True,0.09429253472222222,8,0.09266493055555555,4,0.08799913194444445,8,0,0
float16,fx-cc-cut-twist,0.3,True,True,0.10516493055555555,8,0.09225260416666667,4,0.09578993055555556,8,0,0
float16,fx-cc-cut-twist,0.9,True,True,0.11241319444444445,8,0.09874131944444445,4,0.10538194444444444,8,0,0
float16,fx-cc-cut-twist,1.5,True,True,0.09066840277777778,8,0.09010416666666667,4,0.09437934027777778,8,0,0
float16,fx-cc-cut-twist,2.1,True,True,0.11651475694444445,8,0.09839409722222223,4,0.10562065972222222,8,0,0
float16,fx-cc-bg-copies,0.3,True,True,0.22161458333333334,8,0.19010416666666666,4,0.1533203125,0,0,0
float16,fx-cc-bg-copies,0.9,True,True,0.20457899305555555,8,0.17055121527777778,4,0.14194878472222222,0,0,0
float16,fx-cc-bg-copies,1.5,True,True,0.1966796875,0,0.16636284722222222,4,0.1355685763888889,0,0,0
float16,fx-cc-bg-copies,2.1,True,True,0.2082248263888889,8,0.1710720486111111,4,0.15249565972222223,0,0,0
float16,fx-cc-camera-punch,0.3,True,True,0.07330729166666666,0,0.07109375,4,0.0715060763888889,0,0,0
float16,fx-cc-camera-punch,0.9,True,True,0.06998697916666667,0,0.06547309027777778,4,0.06599392361111112,0,0,0
float16,fx-cc-camera-punch,1.5,True,True,0.06631944444444444,0,0.065625,4,0.06864149305555556,0,0,0
float16,fx-cc-camera-punch,2.1,True,True,0.059375,0,0.06256510416666666,4,0.05405815972222222,0,0,0
float16,fx-cc-heart-ascent,0.3,False,False,1.1489149305555555,9,0.6803168402777777,12,0.6216579861111111,8,0,0
float16,fx-cc-heart-ascent,0.9,False,False,1.6387369791666666,33,0.7516493055555555,37,0.9083767361111111,9,0,0
float16,fx-cc-heart-ascent,1.5,False,False,1.630056423611111,41,0.7616970486111111,37,0.9621961805555556,16,0,0
float16,fx-cc-heart-ascent,2.1,False,False,1.725217013888889,41,0.9361328125,45,1.0589409722222223,25,0,0
float16,fx-cc-butterfly,0.3,True,True,0.0751953125,0,0.07035590277777778,4,0.06555989583333334,0,0,0
float16,fx-cc-butterfly,0.9,True,True,0.07044270833333334,0,0.06484375,4,0.07020399305555555,0,0,0
float16,fx-cc-butterfly,1.5,True,True,0.09405381944444445,8,0.0748046875,4,0.0847439236111111,0,0,0
float16,fx-cc-butterfly,2.1,True,True,0.0808376736111111,0,0.07628038194444445,4,0.07109375,0,0,0
float16,fx-cc-butterfly-dream,0.3,True,True,0.04485677083333333,0,0.04266493055555556,4,0.05036892361111111,0,0,0
float16,fx-cc-butterfly-dream,0.9,True,True,0.053862847222222225,0,0.043229166666666666,4,0.0515625,0,0,0
float16,fx-cc-butterfly-dream,1.5,True,True,0.045572916666666664,0,0.04592013888888889,4,0.05119357638888889,0,0,0
float16,fx-cc-butterfly-dream,2.1,True,True,0.049891493055555555,0,0.045247395833333336,4,0.0501953125,0,0,0
float16,fx-cc-leak-warm,0.3,True,True,0.040234375,0,0.06032986111111111,4,0.08231336805555556,8,0,0
float16,fx-cc-leak-warm,0.9,True,True,0.041276041666666666,0,0.06375868055555556,4,0.0830078125,8,0,0
float16,fx-cc-leak-warm,1.5,True,True,0.040863715277777775,0,0.06243489583333333,4,0.07862413194444444,0,0,0
float16,fx-cc-leak-warm,2.1,True,True,0.04171006944444444,0,0.055989583333333336,4,0.07764756944444444,0,0,0
float16,fx-cc-leak-neon,0.3,True,True,0.05177951388888889,0,0.04390190972222222,4,0.04348958333333333,0,0,0
float16,fx-cc-leak-neon,0.9,True,True,0.047352430555555554,0,0.04342447916666667,4,0.04594184027777778,0,0,0
float16,fx-cc-leak-neon,1.5,True,True,0.03993055555555555,0,0.0431640625,4,0.02966579861111111,0,0,0
float16,fx-cc-leak-neon,2.1,True,True,0.04761284722222222,0,0.04157986111111111,4,0.03376736111111111,0,0,0
float16,fx-cc-vignette-rose,0.3,True,True,0.04919704861111111,0,0.0447265625,4,0.046158854166666666,0,0,0
float16,fx-cc-vignette-rose,0.9,True,True,0.054535590277777775,0,0.042643229166666664,4,0.04468315972222222,0,0,0
float16,fx-cc-vignette-rose,1.5,True,True,0.04871961805555555,0,0.04652777777777778,4,0.047526041666666664,0,0,0
float16,fx-cc-vignette-rose,2.1,True,True,0.055121527777777776,0,0.04453125,4,0.04559461805555556,0,0,0
float16,fx-cc-falling-petals,0.3,True,True,0.08068576388888889,0,0.06731770833333334,4,0.06462673611111111,0,0,0
float16,fx-cc-falling-petals,0.9,True,True,0.067578125,0,0.07445746527777777,4,0.06447482638888889,0,0,0
float16,fx-cc-falling-petals,1.5,True,True,0.08776041666666666,0,0.06697048611111112,4,0.06495225694444444,0,0,0
float16,fx-cc-falling-petals,2.1,True,True,0.089453125,0,0.06351996527777778,4,0.059722222222222225,0,0,0
float16,fx-cc-smoky-focus,0.3,True,True,0.04911024305555556,0,0.0439453125,4,0.0447265625,0,0,0
float16,fx-cc-smoky-focus,0.9,True,True,0.05447048611111111,0,0.047265625,4,0.048328993055555554,0,0,0
float16,fx-cc-smoky-focus,1.5,True,True,0.04913194444444444,0,0.04694010416666667,4,0.040690104166666664,0,0,0
float16,fx-cc-smoky-focus,2.1,True,True,0.04767795138888889,0,0.047591145833333334,4,0.040625,0,0,0
float16,fx-cc-vintage-film,0.3,False,False,8.697417534722222,25,8.3306640625,25,7.8453559027777775,25,0,0
float16,fx-cc-vintage-film,0.9,False,False,9.790538194444444,33,9.194314236111111,28,8.36701388888889,25,0,0
float16,fx-cc-vintage-film,1.5,False,False,11.780338541666667,42,10.993033854166667,41,9.807356770833334,33,0,0
float16,fx-cc-vintage-film,2.1,False,False,5.469270833333334,17,5.450564236111111,20,5.447178819444445,17,0,0
float16,fx-cc-stellar,0.3,True,True,0.08428819444444445,8,0.08917100694444445,4,0.09166666666666666,8,0,0
float16,fx-cc-stellar,0.9,True,True,0.085546875,8,0.09303385416666667,4,0.09631076388888889,8,0,0
float16,fx-cc-stellar,1.5,True,True,0.09140625,8,0.10414496527777778,4,0.10162760416666666,8,0,0
float16,fx-cc-stellar,2.1,True,True,0.10078125,8,0.10464409722222222,4,0.10353732638888889,8,0,0
float16,fx-cc-border-current,0.3,True,True,0.055989583333333336,0,0.04609375,4,0.043055555555555555,0,0,0
float16,fx-cc-border-current,0.9,True,True,0.05134548611111111,0,0.04522569444444444,4,0.04168836805555556,0,0,0
float16,fx-cc-border-current,1.5,True,True,0.044661458333333334,0,0.044422743055555554,4,0.04396701388888889,0,0,0
float16,fx-cc-border-current,2.1,True,True,0.04963107638888889,0,0.04136284722222222,4,0.04162326388888889,0,0,0
float16,fx-cc-ink-spill,0.3,True,True,0.05985243055555556,0,0.04583333333333333,4,0.05078125,0,0,0
float16,fx-cc-ink-spill,0.9,True,True,0.014518229166666667,0,0.012803819444444444,0,0.013324652777777777,0,0,0
float16,fx-cc-ink-spill,1.5,True,True,0.010394965277777777,0,0.010438368055555555,0,0.01286892361111111,0,0,0
float16,fx-cc-ink-spill,2.1,True,True,0.06577690972222222,0,0.0650390625,4,0.06560329861111111,0,0,0
float16,fx-cc-exploding-love,0.3,False,False,8.511349826388889,140,4.1546875,69,3.880620659722222,58,0,0
float16,fx-cc-exploding-love,0.9,False,False,2.9765625,66,1.7596788194444444,40,1.6448784722222223,33,0,0
float16,fx-cc-exploding-love,1.5,True,True,0.1548394097222222,8,0.11323784722222222,4,0.1044921875,8,0,0
float16,fx-cc-exploding-love,2.1,False,False,6.314474826388889,115,3.5439019097222224,65,3.2805555555555554,57,0,0
float16,fx-cc-damaged-vignette,0.3,True,True,0.045008680555555555,0,0.037890625,0,0.029861111111111113,0,0,0
float16,fx-cc-damaged-vignette,0.9,True,True,0.04338107638888889,0,0.03869357638888889,0,0.029079861111111112,0,0,0
float16,fx-cc-damaged-vignette,1.5,True,True,0.0412109375,0,0.0390625,0,0.03285590277777778,0,0,0
float16,fx-cc-damaged-vignette,2.1,True,True,0.04498697916666667,0,0.037608506944444446,0,0.031510416666666666,0,0,0
float16,fx-cc-firefly,0.3,False,False,2.9328993055555554,50,2.6567491319444443,52,1.3916232638888888,25,0,0
float16,fx-cc-firefly,0.9,False,False,6.898459201388889,107,6.017426215277778,97,2.9879774305555555,49,0,0
float16,fx-cc-firefly,1.5,False,False,6.433506944444445,99,5.674869791666667,89,2.871657986111111,49,0,0
float16,fx-cc-firefly,2.1,False,False,4.515603298611111,74,4.040473090277778,73,2.052756076388889,33,0,0
float16,fx-cc-misty-tint,0.3,True,True,0.08081597222222223,0,0.07612847222222222,4,0.08296440972222222,8,0,0
float16,fx-cc-misty-tint,0.9,True,True,0.07756076388888888,0,0.0769314236111111,4,0.07970920138888889,0,0,0
float16,fx-cc-misty-tint,1.5,True,True,0.07977430555555555,0,0.08285590277777778,4,0.08031684027777777,0,0,0
float16,fx-cc-misty-tint,2.1,True,True,0.07927517361111111,0,0.07371961805555556,4,0.07413194444444444,0,0,0
float16,fx-cc-sepia-cool,0.3,False,False,3.6274739583333333,16,3.6276258680555555,12,3.6497178819444445,16,0,0
float16,fx-cc-sepia-cool,0.9,False,False,3.3608723958333333,9,3.361458333333333,12,3.346267361111111,16,0,0
float16,fx-cc-sepia-cool,1.5,False,False,3.138411458333333,9,3.134396701388889,12,3.1116536458333335,9,0,0
float16,fx-cc-sepia-cool,2.1,False,False,2.862109375,9,2.860698784722222,12,2.878645833333333,9,0,0
float16,fx-cc-snow-night,0.3,True,True,0.07955729166666667,0,0.08726128472222222,4,0.09631076388888889,8,0,0
float16,fx-cc-snow-night,0.9,True,True,0.08513454861111111,8,0.09177517361111111,4,0.0949435763888889,8,0,0
float16,fx-cc-snow-night,1.5,True,True,0.08821614583333333,8,0.09392361111111111,4,0.09765625,8,0,0
float16,fx-cc-snow-night,2.1,True,True,0.08344184027777778,8,0.08980034722222222,4,0.09368489583333334,8,0,0
float16,fx-cc-rain,0.3,True,True,0.051171875,0,0.04147135416666667,4,0.05088975694444445,0,0,0
float16,fx-cc-rain,0.9,True,True,0.04845920138888889,0,0.040190972222222225,0,0.05611979166666667,0,0,0
float16,fx-cc-rain,1.5,True,True,0.05203993055555556,0,0.03828125,0,0.0552734375,0,0,0
float16,fx-cc-rain,2.1,True,True,0.04233940972222222,0,0.045421006944444446,4,0.04858940972222222,0,0,0
float16,fx-cc-rose-bloom,0.3,False,False,1.6174045138888888,66,1.2893880208333333,56,0.9447265625,32,0,0
float16,fx-cc-rose-bloom,0.9,False,False,1.4174479166666667,50,1.313650173611111,57,0.8785373263888889,32,0,0
float16,fx-cc-rose-bloom,1.5,False,False,2.135959201388889,91,0.9139539930555556,37,0.6381510416666667,25,0,0
float16,fx-cc-rose-bloom,2.1,False,False,2.869748263888889,123,0.9683810763888889,33,0.9098524305555555,25,0,0
float16,fx-cc-sparkle-shine,0.3,True,True,0.06397569444444444,0,0.054774305555555555,4,0.053211805555555554,0,0,0
float16,fx-cc-sparkle-shine,0.9,True,True,0.06551649305555556,0,0.05303819444444444,4,0.05243055555555556,0,0,0
float16,fx-cc-sparkle-shine,1.5,True,True,0.06451822916666666,0,0.062022569444444446,4,0.05635850694444444,0,0,0
float16,fx-cc-sparkle-shine,2.1,True,True,0.06807725694444444,0,0.05985243055555556,4,0.05340711805555556,0,0,0
float16,fx-cc-color-pixel,0.3,True,True,0.25603298611111114,0,0.16675347222222223,0,0.1166015625,0,0,0
float16,fx-cc-color-pixel,0.9,True,True,0.24192708333333332,0,0.14186197916666668,0,0.06807725694444444,0,0,0
float16,fx-cc-color-pixel,1.5,True,True,0.049305555555555554,0,0.12354600694444444,0,0.09594184027777777,0,0,0
float16,fx-cc-color-pixel,2.1,True,True,0.0478515625,0,0.12532552083333334,0,0.11775173611111112,0,0,0
float16,fx-cc-pixel-blocks,0.3,True,True,0.08969184027777778,8,0.0904296875,4,0.06833767361111111,0,0,0
float16,fx-cc-pixel-blocks,0.9,True,True,0.08565538194444444,8,0.06558159722222222,4,0.06647135416666666,0,0,0
float16,fx-cc-pixel-blocks,1.5,True,True,0.11419270833333334,8,0.10802951388888889,4,0.09409722222222222,8,0,0
float16,fx-cc-pixel-blocks,2.1,True,True,0.11590711805555555,8,0.09264322916666666,4,0.07823350694444445,0,0,0
float16,fx-cc-pixel-mutant,0.3,True,True,0.06644965277777778,0,0.05486111111111111,4,0.0375,0,0,0
float16,fx-cc-pixel-mutant,0.9,False,False,3.700065104166667,107,3.760177951388889,117,3.810807291666667,107,0,0
float16,fx-cc-pixel-mutant,1.5,True,True,0.06111111111111111,0,0.07059461805555556,4,0.0779296875,0,0,0
float16,fx-cc-pixel-mutant,2.1,True,True,0.040863715277777775,0,0.04652777777777778,4,0.04826388888888889,0,0,0
float16,fx-cc-pixel-art,0.3,True,True,0.08604600694444445,0,0.041666666666666664,0,0.0695529513888889,0,0,0
float16,fx-cc-pixel-art,0.9,True,True,0.059027777777777776,0,0.07033420138888889,0,0.0271484375,0,0,0
float16,fx-cc-pixel-art,1.5,True,True,0.04307725694444445,0,0.14069010416666666,0,0.05364583333333333,0,0,0
float16,fx-cc-pixel-art,2.1,True,True,0.05952690972222222,0,0.08500434027777778,0,0.05848524305555555,0,0,0
float16,fx-cc-pixel-universe,0.3,True,True,0.04552951388888889,0,0.039149305555555555,0,0.036219618055555555,0,0,0
float16,fx-cc-pixel-universe,0.9,True,True,0.03389756944444444,0,0.03413628472222222,0,0.037586805555555554,0,0,0
float16,fx-cc-pixel-universe,1.5,True,True,0.04212239583333333,0,0.03687065972222222,0,0.03235677083333333,0,0,0
float16,fx-cc-pixel-universe,2.1,True,True,0.047417534722222224,0,0.04314236111111111,4,0.041341145833333336,0,0,0
float16,fx-pb-pixel-scan,0.3,True,True,0.04754774305555556,0,0.041276041666666666,4,0.03982204861111111,0,0,0
float16,fx-pb-pixel-scan,0.9,True,True,0.05171440972222222,0,0.04876302083333333,4,0.04924045138888889,0,0,0
float16,fx-pb-pixel-scan,1.5,True,True,0.046375868055555554,0,0.04509548611111111,4,0.03561197916666667,0,0,0
float16,fx-pb-pixel-scan,2.1,True,True,0.045073784722222225,0,0.045182291666666666,4,0.039388020833333336,0,0,0
float16,fx-pb-flip-phone,0.3,True,True,0.024652777777777777,0,0.02328559027777778,0,0.026888020833333335,0,0,0
float16,fx-pb-flip-phone,0.9,True,True,0.02478298611111111,0,0.024891493055555554,0,0.022243923611111112,0,0,0
float16,fx-pb-flip-phone,1.5,True,True,0.02478298611111111,0,0.024283854166666667,0,0.023958333333333335,0,0,0
float16,fx-pb-flip-phone,2.1,True,True,0.030013020833333334,0,0.02443576388888889,0,0.021940104166666665,0,0,0
float16,fx-pb-pixel-creation,0.3,True,True,0.08402777777777778,8,0.06584201388888888,4,0.03752170138888889,0,0,0
float16,fx-pb-pixel-creation,0.9,True,True,0.05766059027777778,0,0.07039930555555556,4,0.061024305555555554,0,0,0
float16,fx-pb-pixel-creation,1.5,False,False,1.5343098958333334,49,1.4762586805555555,45,1.3666015625,41,0,0
float16,fx-pb-pixel-creation,2.1,True,True,0.055989583333333336,0,0.015885416666666666,0,0.013302951388888888,0,0,0
float16,fx-pb-pixel-breakdown,0.3,True,True,0.050130208333333336,0,0.048111979166666666,4,0.04105902777777778,0,0,0
float16,fx-pb-pixel-breakdown,0.9,True,True,0.24578993055555556,0,0.24789496527777777,4,0.24856770833333333,0,0,0
float16,fx-pb-pixel-breakdown,1.5,True,True,0.01935763888888889,0,0.022157118055555557,0,0.01970486111111111,0,0,0
float16,fx-pb-pixel-breakdown,2.1,True,True,0.018359375,0,0.019813368055555555,0,0.019401041666666667,0,0,0
float16,fx-pb-losing-hp,0.3,True,True,0.05021701388888889,0,0.04251302083333333,4,0.03884548611111111,0,0,0
float16,fx-pb-losing-hp,0.9,True,True,0.08333333333333333,8,0.06486545138888888,4,0.06247829861111111,0,0,0
float16,fx-pb-losing-hp,1.5,True,True,0.048350694444444446,0,0.06655815972222222,4,0.06408420138888889,0,0,0
float16,fx-pb-losing-hp,2.1,True,True,0.05319010416666667,0,0.0486328125,4,0.04709201388888889,0,0,0
float16,fx-pb-sweet-party,0.3,False,False,4.592317708333334,164,3.0078993055555556,137,2.5160590277777777,107,0,0
float16,fx-pb-sweet-party,0.9,False,False,5.5969835069444445,165,3.5723741319444446,121,3.504253472222222,124,0,0
float16,fx-pb-sweet-party,1.5,False,False,5.565538194444445,164,3.544791666666667,113,3.5210069444444443,115,0,0
float16,fx-pb-sweet-party,2.1,False,False,5.1759765625,164,3.288216145833333,109,2.954231770833333,115,0,0
float16,fx-pb-popping-bow,0.3,True,True,0.06451822916666666,0,0.051432291666666664,4,0.039322916666666666,0,0,0
float16,fx-pb-popping-bow,0.9,True,True,0.06909722222222223,0,0.051671006944444445,4,0.03893229166666667,0,0,0
float16,fx-pb-popping-bow,1.5,True,True,0.06549479166666666,0,0.051171875,4,0.033854166666666664,0,0,0
float16,fx-pb-popping-bow,2.1,True,True,0.06655815972222222,0,0.047309027777777776,4,0.03756510416666667,0,0,0
float16,fx-pb-misty-tint,0.3,True,True,0.05036892361111111,0,0.05249565972222222,4,0.04984809027777778,0,0,0
float16,fx-pb-misty-tint,0.9,True,True,0.05434027777777778,0,0.05197482638888889,4,0.048741319444444445,0,0,0
float16,fx-pb-misty-tint,1.5,True,True,0.053515625,0,0.05319010416666667,4,0.05180121527777778,0,0,0
float16,fx-pb-misty-tint,2.1,True,True,0.05462239583333333,0,0.056141493055555554,4,0.053211805555555554,0,0,0
float16,fx-pb-game-boy,0.3,True,True,0.040364583333333336,0,0.03901909722222222,0,0.022786458333333332,0,0,0
float16,fx-pb-game-boy,0.9,True,True,0.03493923611111111,0,0.03283420138888889,0,0.028059895833333334,0,0,0
float16,fx-pb-game-boy,1.5,True,True,0.017339409722222223,0,0.017621527777777778,0,0.019010416666666665,0,0,0
float16,fx-pb-game-boy,2.1,True,True,0.030837673611111113,0,0.027625868055555555,0,0.02163628472222222,0,0,0
float16,fx-pb-pixel-dissolve,0.3,True,True,0.0890842013888889,8,0.07482638888888889,4,0.08096788194444444,0,0,0
float16,fx-pb-pixel-dissolve,0.9,True,True,0.04711371527777778,0,0.05054253472222222,4,0.05381944444444445,0,0,0
float16,fx-pb-pixel-dissolve,1.5,True,True,0.018598090277777778,0,0.019661458333333333,0,0.0166015625,0,0,0
float16,fx-pb-pixel-dissolve,2.1,True,True,0.02456597222222222,0,0.027105034722222223,0,0.02183159722222222,0,0,0
float16,fx-pb-bead-art,0.3,True,True,0.0427734375,0,0.04756944444444444,0,0.06349826388888889,0,0,0
float16,fx-pb-bead-art,0.9,True,True,0.081640625,0,0.08174913194444444,0,0.035004340277777775,0,0,0
float16,fx-pb-bead-art,1.5,True,True,0.07252604166666667,0,0.05206163194444444,0,0.04333767361111111,0,0,0
float16,fx-pb-bead-art,2.1,True,True,0.05193142361111111,0,0.05108506944444444,0,0.0712890625,0,0,0
float16,fx-pb-pixel-rain,0.3,True,True,0.0861545138888889,8,0.0847439236111111,4,0.08802083333333334,8,0,0
float16,fx-pb-pixel-rain,0.9,True,True,0.08509114583333334,8,0.08611111111111111,4,0.0865234375,8,0,0
float16,fx-pb-pixel-rain,1.5,True,True,0.09246961805555555,8,0.09357638888888889,4,0.08997395833333334,8,0,0
float16,fx-pb-pixel-rain,2.1,True,True,0.10907118055555555,8,0.1033203125,4,0.10460069444444445,0,0,0
float16,fx-st-phone-3d,0.3,True,True,0.034505208333333336,0,0.03528645833333333,0,0.03810763888888889,0,0,0
float16,fx-st-phone-3d,0.9,True,True,0.04129774305555556,0,0.04129774305555556,4,0.04112413194444445,0,0,0
float16,fx-st-phone-3d,1.5,True,True,0.03993055555555555,0,0.04010416666666667,0,0.042426215277777776,0,0,0
float16,fx-st-phone-3d,2.1,True,True,0.04309895833333333,0,0.03958333333333333,0,0.04153645833333333,0,0,0
float16,fx-st-card-deck,0.3,True,True,0.04370659722222222,0,0.038519965277777776,0,0.03381076388888889,0,0,0
float16,fx-st-card-deck,0.9,True,True,0.03962673611111111,0,0.03791232638888889,0,0.033463541666666666,0,0,0
float16,fx-st-card-deck,1.5,True,True,0.03046875,0,0.03194444444444444,0,0.028233506944444445,0,0,0
float16,fx-st-card-deck,2.1,True,True,0.04205729166666667,0,0.0408203125,4,0.03526475694444445,0,0,0
float16,fx-st-polaroid,0.3,True,True,0.04372829861111111,0,0.04509548611111111,4,0.03413628472222222,0,0,0
float16,fx-st-polaroid,0.9,True,True,0.05724826388888889,0,0.05405815972222222,4,0.05047743055555556,0,0,0
float16,fx-st-polaroid,1.5,True,True,0.06276041666666667,0,0.05911458333333333,4,0.05262586805555555,0,0,0
float16,fx-st-polaroid,2.1,True,True,0.055121527777777776,0,0.05750868055555555,4,0.04620225694444444,0,0,0
float16,fx-st-retro-tv,0.3,True,True,0.04066840277777778,0,0.036610243055555554,0,0.032725694444444446,0,0,0
float16,fx-st-retro-tv,0.9,True,True,0.031011284722222223,0,0.03526475694444445,0,0.03446180555555556,0,0,0
float16,fx-st-retro-tv,1.5,False,False,0.38799913194444446,9,0.35855034722222223,4,0.29852430555555554,8,0,0
float16,fx-st-retro-tv,2.1,True,True,0.30386284722222223,8,0.275390625,4,0.23231336805555555,8,0,0
float16,fx-st-billboard,0.3,True,True,0.019835069444444443,0,0.021223958333333334,0,0.02068142361111111,0,0,0
float16,fx-st-billboard,0.9,True,True,0.023220486111111112,0,0.018967013888888887,0,0.02087673611111111,0,0,0
float16,fx-st-billboard,1.5,True,True,0.0251953125,0,0.0201171875,0,0.017100694444444446,0,0,0
float16,fx-st-billboard,2.1,True,True,0.021158854166666668,0,0.018012152777777776,0,0.018337673611111112,0,0,0
float16,fx-st-film-strip,0.3,True,True,0.13897569444444444,8,0.12322048611111111,4,0.10638020833333334,8,0,0
float16,fx-st-film-strip,0.9,False,False,0.6166449652777778,16,0.5179253472222223,12,0.36636284722222223,9,0,0
float16,fx-st-film-strip,1.5,False,False,1.354665798611111,17,1.1723958333333333,12,0.8699869791666667,9,0,0
float16,fx-st-film-strip,2.1,False,False,1.3078559027777779,17,1.1366102430555556,12,0.8833333333333333,9,0,0
float16,fx-st-fanned-cards,0.3,True,True,0.03012152777777778,0,0.024175347222222223,0,0.02426215277777778,0,0,0
float16,fx-st-fanned-cards,0.9,True,True,0.03127170138888889,0,0.027994791666666668,0,0.02424045138888889,0,0,0
float16,fx-st-fanned-cards,1.5,True,True,0.027907986111111113,0,0.027300347222222222,0,0.023046875,0,0,0
float16,fx-st-fanned-cards,2.1,True,True,0.025151909722222223,0,0.02476128472222222,0,0.019856770833333332,0,0,0
float16,fx-st-glass-card,0.3,True,True,0.05555555555555555,0,0.055859375,4,0.04809027777777778,0,0,0
float16,fx-st-glass-card,0.9,True,True,0.058919270833333336,0,0.051215277777777776,4,0.05266927083333333,0,0,0
float16,fx-st-glass-card,1.5,True,True,0.05952690972222222,0,0.05978732638888889,4,0.050520833333333334,0,0,0
float16,fx-st-glass-card,2.1,True,True,0.058268229166666664,0,0.05553385416666667,4,0.049544270833333334,0,0,0
float16,fx-ne-frame,0.3,True,True,0.04674479166666667,0,0.042881944444444445,4,0.042708333333333334,0,0,0
float16,fx-ne-frame,0.9,False,False,1.7065755208333333,17,1.8620876736111112,17,1.8766276041666667,24,0,0
float16,fx-ne-frame,1.5,True,True,0.04318576388888889,0,0.04268663194444444,4,0.040190972222222225,0,0,0
float16,fx-ne-frame,2.1,True,True,0.04153645833333333,0,0.043684895833333334,4,0.03780381944444444,0,0,0
float16,fx-ne-ring,0.3,True,True,0.040234375,0,0.03741319444444444,0,0.035807291666666664,0,0,0
float16,fx-ne-ring,0.9,False,False,2.2062065972222222,25,0.5538194444444444,8,1.6307291666666666,24,0,0
float16,fx-ne-ring,1.5,True,True,0.03901909722222222,0,0.037890625,0,0.03109809027777778,0,0,0
float16,fx-ne-ring,2.1,True,True,0.04279513888888889,0,0.03819444444444445,0,0.03216145833333333,0,0,0
float16,fx-ne-heart,0.3,True,True,0.045746527777777775,0,0.042078993055555555,4,0.040863715277777775,0,0,0
float16,fx-ne-heart,0.9,True,True,0.04138454861111111,0,0.04108072916666667,4,0.03958333333333333,0,0,0
float16,fx-ne-heart,1.5,True,True,0.04186197916666667,0,0.03934461805555556,0,0.034830729166666664,0,0,0
float16,fx-ne-heart,2.1,True,True,0.04526909722222222,0,0.044769965277777775,4,0.037196180555555555,0,0,0
float16,fx-ne-edges,0.3,False,False,0.3355902777777778,8,0.2872395833333333,4,0.4318576388888889,9,0,0
float16,fx-ne-edges,0.9,False,False,0.34073350694444443,8,0.23617621527777777,4,0.40238715277777776,9,0,0
float16,fx-ne-edges,1.5,False,False,0.33880208333333334,8,0.2513454861111111,4,0.4065755208333333,9,0,0
float16,fx-ne-edges,2.1,False,False,0.2888671875,8,0.2749565972222222,4,0.41976996527777777,9,0,0
float16,fx-ne-cyberpunk,0.3,True,True,0.10496961805555556,8,0.05366753472222222,4,0.09715711805555556,8,0,0
float16,fx-ne-cyberpunk,0.9,True,True,0.10575086805555556,8,0.05106336805555556,4,0.10002170138888888,8,0,0
float16,fx-ne-cyberpunk,1.5,True,True,0.10453559027777778,8,0.0560546875,4,0.09782986111111111,8,0,0
float16,fx-ne-cyberpunk,2.1,True,True,0.11343315972222222,8,0.054839409722222225,4,0.09483506944444445,8,0,0
float16,fx-ne-tunnel,0.3,True,True,0.04348958333333333,0,0.041840277777777775,4,0.03704427083333333,0,0,0
float16,fx-ne-tunnel,0.9,True,True,0.03513454861111111,0,0.04498697916666667,4,0.03420138888888889,0,0,0
float16,fx-ne-tunnel,1.5,True,True,0.040364583333333336,0,0.041015625,4,0.0373046875,0,0,0
float16,fx-ne-tunnel,2.1,True,True,0.03602430555555555,0,0.04401041666666667,4,0.028819444444444446,0,0,0
float16,fx-ne-lightning,0.3,True,True,0.05115017361111111,0,0.0421875,4,0.041514756944444446,0,0,0
float16,fx-ne-lightning,0.9,True,True,0.04522569444444444,0,0.03836805555555556,0,0.039388020833333336,0,0,0
float16,fx-ne-lightning,1.5,True,True,0.0501953125,0,0.04301215277777778,4,0.04055989583333333,0,0,0
float16,fx-ne-lightning,2.1,True,True,0.04592013888888889,0,0.04680989583333333,4,0.03669704861111111,0,0,0
float16,fx-ne-scan,0.3,True,True,0.07161458333333333,0,0.07350260416666667,4,0.07296006944444444,0,0,0
float16,fx-ne-scan,0.9,True,True,0.07601996527777778,0,0.083203125,4,0.0857421875,8,0,0
float16,fx-ne-scan,1.5,True,True,0.08997395833333334,8,0.09921875,4,0.08919270833333333,8,0,0
float16,fx-ne-scan,2.1,True,True,0.07309027777777778,0,0.06723090277777778,4,0.07000868055555555,0,0,0
float16,fx-ne-scribble,0.3,True,True,0.04624565972222222,0,0.04307725694444445,4,0.040581597222222224,0,0,0
float16,fx-ne-scribble,0.9,True,True,0.04774305555555555,0,0.04587673611111111,4,0.04348958333333333,0,0,0
float16,fx-ne-scribble,1.5,True,True,0.04950086805555556,0,0.044032118055555555,4,0.038411458333333336,0,0,0
float16,fx-ne-scribble,2.1,True,True,0.04837239583333333,0,0.047135416666666666,4,0.045182291666666666,0,0,0
float16,fx-ne-synthwave,0.3,True,True,0.09947916666666666,8,0.0740017361111111,4,0.03344184027777778,0,0,0
float16,fx-ne-synthwave,0.9,True,True,0.10151909722222222,8,0.07146267361111111,4,0.0359375,0,0,0
float16,fx-ne-synthwave,1.5,True,True,0.11178385416666667,8,0.0810546875,4,0.027408854166666666,0,0,0
float16,fx-ne-synthwave,2.1,True,True,0.11338975694444445,8,0.07376302083333333,4,0.028363715277777778,0,0,0
float16,fx-ne-stars,0.3,False,False,7.278472222222222,115,4.231401909722222,69,8.052408854166666,132,0,0
float16,fx-ne-stars,0.9,False,False,6.3590277777777775,82,6.298567708333334,105,5.836046006944445,90,0,0
float16,fx-ne-stars,1.5,False,False,6.146571180555555,91,4.1630859375,65,7.013454861111111,123,0,0
float16,fx-ne-stars,2.1,False,False,6.734765625,83,7.2981987847222225,109,5.7815538194444445,90,0,0
float16,fx-cr-sparkle-burst,0.3,False,False,4.094704861111111,83,4.137434895833334,93,3.6290147569444446,83,0,0
float16,fx-cr-sparkle-burst,0.9,False,False,0.33402777777777776,9,0.32734375,8,0.2836371527777778,9,0,0
float16,fx-cr-sparkle-burst,1.5,False,False,2.990212673611111,66,2.8823133680555557,69,2.496115451388889,58,0,0
float16,fx-cr-sparkle-burst,2.1,False,False,4.761197916666666,99,4.851497395833333,110,4.327951388888889,107,0,0
float16,fx-cr-glitter-rain,0.3,True,True,0.06935763888888889,0,0.06128472222222222,4,0.054036458333333336,0,0,0
float16,fx-cr-glitter-rain,0.9,True,True,0.0744140625,0,0.06193576388888889,4,0.05520833333333333,0,0,0
float16,fx-cr-glitter-rain,1.5,True,True,0.07658420138888888,0,0.06812065972222223,4,0.05625,0,0,0
float16,fx-cr-glitter-rain,2.1,True,True,0.08111979166666666,0,0.06864149305555556,4,0.056141493055555554,0,0,0
float16,fx-cr-rainbow-prism,0.3,True,True,0.048567708333333334,0,0.04255642361111111,4,0.04032118055555556,0,0,0
float16,fx-cr-rainbow-prism,0.9,True,True,0.04956597222222222,0,0.04251302083333333,4,0.0419921875,0,0,0
float16,fx-cr-rainbow-prism,1.5,True,True,0.03715277777777778,0,0.039539930555555554,0,0.03333333333333333,0,0,0
float16,fx-cr-rainbow-prism,2.1,True,True,0.044205729166666666,0,0.045182291666666666,4,0.0392578125,0,0,0
float16,fx-cr-anamorphic,0.3,True,True,0.058854166666666666,0,0.07328559027777778,4,0.06907552083333333,0,0,0
float16,fx-cr-anamorphic,0.9,True,True,0.06794704861111112,0,0.05985243055555556,4,0.06573350694444445,0,0,0
float16,fx-cr-anamorphic,1.5,True,True,0.05451388888888889,0,0.06091579861111111,4,0.0669921875,0,0,0
float16,fx-cr-anamorphic,2.1,True,True,0.05842013888888889,0,0.05577256944444445,4,0.05670572916666667,0,0,0
float16,fx-cr-matrix,0.3,True,True,0.06037326388888889,0,0.061089409722222224,4,0.06306423611111112,0,0,0
float16,fx-cr-matrix,0.9,True,True,0.0646484375,0,0.07183159722222222,4,0.05842013888888889,0,0,0
float16,fx-cr-matrix,1.5,True,True,0.05687934027777778,0,0.05857204861111111,4,0.06048177083333333,0,0,0
float16,fx-cr-matrix,2.1,True,True,0.07795138888888889,0,0.09971788194444445,4,0.08272569444444444,0,0,0
float16,fx-cr-signal-lost,0.3,False,False,5.805208333333334,91,5.8041015625,93,5.8451171875,91,0,0
float16,fx-cr-signal-lost,0.9,False,False,5.792816840277778,91,5.780425347222222,89,5.760177951388889,91,0,0
float16,fx-cr-signal-lost,1.5,False,False,11.226128472222221,107,11.228841145833334,109,11.22771267361111,107,0,0
float16,fx-cr-signal-lost,2.1,False,False,35.73077256944445,132,41.2279296875,134,45.35824652777778,140,0,0
float16,fx-cr-slice-drift,0.3,True,True,0.05783420138888889,0,0.04717881944444444,4,0.06916232638888889,0,0,0
float16,fx-cr-slice-drift,0.9,True,True,0.06254340277777778,0,0.06330295138888889,4,0.07065972222222222,0,0,0
float16,fx-cr-slice-drift,1.5,True,True,0.066015625,0,0.05329861111111111,4,0.07456597222222222,0,0,0
float16,fx-cr-slice-drift,2.1,True,True,0.057421875,0,0.046723090277777775,4,0.06998697916666667,0,0,0
float16,fx-cr-camcorder,0.3,True,True,0.0908203125,8,0.08611111111111111,4,0.08381076388888889,8,0,0
float16,fx-cr-camcorder,0.9,True,True,0.08938802083333333,8,0.08791232638888889,4,0.08645833333333333,8,0,0
float16,fx-cr-camcorder,1.5,True,True,0.08576388888888889,8,0.08763020833333333,4,0.08537326388888888,8,0,0
float16,fx-cr-camcorder,2.1,True,True,0.09142795138888889,8,0.0861545138888889,4,0.07782118055555555,0,0,0
float16,fx-cr-projector,0.3,False,False,3.1203993055555554,9,2.5393446180555554,8,1.8753038194444445,9,0,0
float16,fx-cr-projector,0.9,False,False,2.486740451388889,9,2.0012803819444445,8,1.5214192708333334,9,0,0
float16,fx-cr-projector,1.5,False,False,1.2736328125,9,1.1240885416666666,8,0.8754340277777778,9,0,0
float16,fx-cr-projector,2.1,False,False,0.8965277777777778,9,0.7407335069444444,5,0.5824869791666667,9,0,0
float16,fx-cr-comic-pop,0.3,True,True,0.12230902777777777,8,0.14500868055555555,4,0.10264756944444445,8,0,0
float16,fx-cr-comic-pop,0.9,True,True,0.1755859375,8,0.1583984375,4,0.10299479166666667,8,0,0
float16,fx-cr-comic-pop,1.5,True,True,0.10857204861111111,8,0.12098524305555555,4,0.09767795138888889,8,0,0
float16,fx-cr-comic-pop,2.1,True,True,0.11354166666666667,8,0.11786024305555555,4,0.10221354166666667,8,0,0
float16,fx-cr-dreamy,0.3,True,True,0.051323784722222224,0,0.04876302083333333,4,0.0501953125,0,0,0
float16,fx-cr-dreamy,0.9,True,True,0.05080295138888889,0,0.051106770833333336,4,0.05123697916666667,0,0,0
float16,fx-cr-dreamy,1.5,True,True,0.04973958333333333,0,0.04841579861111111,4,0.04787326388888889,0,0,0
float16,fx-cr-dreamy,2.1,True,True,0.05180121527777778,0,0.04796006944444445,4,0.05041232638888889,0,0,0
float16,fx-cr-kaleido-bloom,0.3,True,True,0.11365017361111111,8,0.11286892361111112,4,0.1189236111111111,8,0,0
float16,fx-cr-kaleido-bloom,0.9,True,True,0.11759982638888888,8,0.11475694444444444,4,0.10726996527777778,8,0,0
float16,fx-cr-kaleido-bloom,1.5,True,True,0.117578125,8,0.1220703125,4,0.09587673611111111,8,0,0
float16,fx-cr-kaleido-bloom,2.1,True,True,0.12649739583333333,8,0.11586371527777778,4,0.10032552083333333,8,0,0
float16,fx-cr-zoom-burst,0.3,True,True,0.04733072916666667,0,0.05499131944444444,4,0.04611545138888889,0,0,0
float16,fx-cr-zoom-burst,0.9,True,True,0.050282118055555554,0,0.039778645833333334,0,0.03904079861111111,0,0,0
float16,fx-cr-zoom-burst,1.5,True,True,0.04663628472222222,0,0.040234375,0,0.04038628472222222,0,0,0
float16,fx-cr-zoom-burst,2.1,True,True,0.05112847222222222,0,0.05188802083333333,4,0.05579427083333333,0,0,0
float16,fx-cr-ring-reveal,0.3,True,True,0.06304253472222222,0,0.05562065972222222,4,0.05464409722222222,0,0,0
float16,fx-cr-ring-reveal,0.9,True,True,0.06410590277777778,0,0.053125,4,0.05134548611111111,0,0,0
float16,fx-cr-ring-reveal,1.5,True,True,0.06306423611111112,0,0.060698784722222225,4,0.05559895833333333,0,0,0
float16,fx-cr-ring-reveal,2.1,True,True,0.05444878472222222,0,0.050694444444444445,4,0.04327256944444444,0,0,0
float16,fx-cr-flash-cut,0.3,True,True,0.07293836805555555,0,0.05768229166666667,4,0.06156684027777778,0,0,0
float16,fx-cr-flash-cut,0.9,True,True,0.1968967013888889,8,0.18502604166666667,4,0.1986111111111111,8,0,0
float16,fx-cr-flash-cut,1.5,True,True,0.06842447916666666,0,0.05926649305555556,4,0.06773003472222222,0,0,0
float16,fx-cr-flash-cut,2.1,True,True,0.04913194444444444,0,0.04227430555555556,4,0.043511284722222224,0,0,0
float16,fx-cr-rgb-strobe,0.3,True,True,0.04754774305555556,0,0.041276041666666666,4,0.03982204861111111,0,0,0
float16,fx-cr-rgb-strobe,0.9,True,True,0.021744791666666666,0,0.05279947916666667,4,0.024479166666666666,0,0,0
float16,fx-cr-rgb-strobe,1.5,True,True,0.04529079861111111,0,0.04309895833333333,4,0.03511284722222222,0,0,0
float16,fx-cr-rgb-strobe,2.1,True,True,0.019118923611111113,0,0.05284288194444445,4,0.022135416666666668,0,0,0
float16,fx-cr-aurora,0.3,True,True,0.08125,0,0.07751736111111111,4,0.07076822916666667,0,0,0
float16,fx-cr-aurora,0.9,True,True,0.07875434027777778,0,0.07934027777777777,4,0.0695529513888889,0,0,0
float16,fx-cr-aurora,1.5,True,True,0.07853732638888888,0,0.07727864583333334,4,0.07369791666666667,0,0,0
float16,fx-cr-aurora,2.1,True,True,0.07706163194444444,0,0.07786458333333333,4,0.06571180555555556,0,0,0
float16,fx-cr-heart-pulse,0.3,True,True,0.0763671875,0,0.07439236111111111,4,0.0626953125,0,0,0
float16,fx-cr-heart-pulse,0.9,True,True,0.07680121527777778,0,0.06872829861111111,4,0.059765625,0,0,0
float16,fx-cr-heart-pulse,1.5,True,True,0.04782986111111111,0,0.04461805555555556,4,0.03650173611111111,0,0,0
float16,fx-cr-heart-pulse,2.1,True,True,0.07612847222222222,0,0.07777777777777778,4,0.06551649305555556,0,0,0
float16,fx-cr-twinkle-sky,0.3,True,True,0.09296875,8,0.08094618055555555,4,0.083984375,8,0,0
float16,fx-cr-twinkle-sky,0.9,True,True,0.0890625,8,0.085546875,4,0.08016493055555556,0,0,0
float16,fx-cr-twinkle-sky,1.5,True,True,0.09448784722222223,8,0.08663194444444444,4,0.08684895833333334,8,0,0
float16,fx-cr-twinkle-sky,2.1,True,True,0.09383680555555556,8,0.08893229166666666,4,0.08331163194444445,0,0,0
float16,fx-cr-tri-split,0.3,False,False,8.456293402777778,58,8.08515625,61,7.8515625,74,0,0
float16,fx-cr-tri-split,0.9,False,False,4.883615451388889,57,4.666254340277778,57,4.645421006944445,66,0,0
float16,fx-cr-tri-split,1.5,False,False,10.709049479166667,58,10.144097222222221,61,9.737456597222222,74,0,0
float16,fx-cr-tri-split,2.1,False,False,4.262738715277778,50,4.008268229166666,53,3.803342013888889,58,0,0
float16,fx-mt-velocity,0.3,True,True,0.07482638888888889,0,0.06569010416666667,4,0.06354166666666666,0,0,0
float16,fx-mt-velocity,0.9,True,True,0.07183159722222222,0,0.06868489583333333,4,0.06430121527777778,0,0,0
float16,fx-mt-velocity,1.5,True,True,0.07124565972222222,0,0.0671657986111111,4,0.06773003472222222,0,0,0
float16,fx-mt-velocity,2.1,True,True,0.06898871527777778,0,0.0654296875,4,0.06282552083333333,0,0,0
float16,fx-mt-beat-rotate,0.3,True,True,0.08706597222222222,8,0.07358940972222222,4,0.07799479166666666,0,0,0
float16,fx-mt-beat-rotate,0.9,True,True,0.07575954861111112,0,0.06968315972222222,4,0.07272135416666667,0,0,0
float16,fx-mt-beat-rotate,1.5,True,True,0.0775390625,0,0.07037760416666666,4,0.07862413194444444,0,0,0
float16,fx-mt-beat-rotate,2.1,True,True,0.08157552083333333,0,0.07144097222222222,4,0.07411024305555555,0,0,0
float16,fx-mt-photo-snap,0.3,True,True,0.04689670138888889,0,0.038172743055555555,0,0.04858940972222222,0,0,0
float16,fx-mt-photo-snap,0.9,False,False,2.057595486111111,17,2.0455946180555555,20,2.1224609375,25,0,0
float16,fx-mt-photo-snap,1.5,False,False,22.236979166666668,164,22.3111328125,166,23.070008680555556,164,0,0
float16,fx-mt-photo-snap,2.1,True,True,0.037890625,0,0.04290364583333333,4,0.05366753472222222,0,0,0
float16,fx-mt-zoom-shake,0.3,False,False,1.9114583333333333,9,1.8167317708333333,8,1.7465277777777777,9,0,0
float16,fx-mt-zoom-shake,0.9,True,True,0.24763454861111112,8,0.24637586805555556,4,0.224609375,8,0,0
float16,fx-mt-zoom-shake,1.5,False,False,15.221831597222222,74,14.422938368055556,65,13.6392578125,66,0,0
float16,fx-mt-zoom-shake,2.1,False,False,9.545920138888889,50,9.193120659722222,49,8.7189453125,49,0,0
float16,fx-mt-split-swipe,0.3,True,True,0.04333767361111111,0,0.03723958333333333,0,0.034092881944444445,0,0,0
float16,fx-mt-split-swipe,0.9,True,True,0.047938368055555555,0,0.0421875,4,0.029036458333333334,0,0,0
float16,fx-mt-split-swipe,1.5,True,True,0.04945746527777778,0,0.041102430555555555,4,0.031575520833333336,0,0,0
float16,fx-mt-split-swipe,2.1,True,True,0.06590711805555556,0,0.055924479166666666,4,0.048980034722222225,0,0,0
float16,fx-mt-blur-punch,0.3,True,True,0.06844618055555556,0,0.06043836805555555,4,0.05407986111111111,0,0,0
float16,fx-mt-blur-punch,0.9,True,True,0.06245659722222222,0,0.06002604166666667,4,0.05073784722222222,0,0,0
float16,fx-mt-blur-punch,1.5,True,True,0.05594618055555556,0,0.05234375,4,0.04728732638888889,0,0,0
float16,fx-mt-blur-punch,2.1,True,True,0.05234375,0,0.05032552083333333,4,0.04292534722222222,0,0,0
float16,fx-mt-mirror-beat,0.3,True,True,0.04778645833333333,0,0.06013454861111111,4,0.06134982638888889,0,0,0
float16,fx-mt-mirror-beat,0.9,True,True,0.05232204861111111,0,0.06302083333333333,4,0.06124131944444444,0,0,0
float16,fx-mt-mirror-beat,1.5,True,True,0.05635850694444444,0,0.05700954861111111,4,0.060004340277777776,0,0,0
float16,fx-mt-mirror-beat,2.1,True,True,0.0650390625,0,0.05883246527777778,4,0.06024305555555556,0,0,0
float16,fx-mt-step-zoom,0.3,True,True,0.09602864583333333,8,0.09392361111111111,4,0.09055989583333333,8,0,0
float16,fx-mt-step-zoom,0.9,True,True,0.09958767361111111,8,0.09748263888888889,4,0.08860677083333333,8,0,0
float16,fx-mt-step-zoom,1.5,True,True,0.10592447916666667,8,0.1001953125,4,0.09444444444444444,8,0,0
float16,fx-mt-step-zoom,2.1,True,True,0.1047092013888889,8,0.09552951388888889,4,0.08967013888888889,8,0,0
float16,fx-mt-rgb-punch,0.3,True,True,0.07391493055555555,0,0.05588107638888889,4,0.05470920138888889,0,0,0
float16,fx-mt-rgb-punch,0.9,True,True,0.062000868055555554,0,0.05520833333333333,4,0.06236979166666667,0,0,0
float16,fx-mt-rgb-punch,1.5,True,True,0.06197916666666667,0,0.055815972222222225,4,0.06790364583333333,0,0,0
float16,fx-mt-rgb-punch,2.1,True,True,0.0736328125,0,0.05384114583333333,4,0.05444878472222222,0,0,0
float16,fx-mt-dutch-tilt,0.3,True,True,0.13580729166666666,8,0.12018229166666666,4,0.11744791666666667,8,0,0
float16,fx-mt-dutch-tilt,0.9,True,True,0.125390625,8,0.11983506944444444,4,0.11998697916666666,8,0,0
float16,fx-mt-dutch-tilt,1.5,True,True,0.13452690972222223,8,0.12888454861111112,4,0.116015625,8,0,0
float16,fx-mt-dutch-tilt,2.1,True,True,0.13092447916666666,8,0.12293836805555555,4,0.12003038194444444,8,0,0
float16,fx-mt-echo-zoom,0.3,True,True,0.051258680555555554,0,0.04307725694444445,4,0.047417534722222224,0,0,0
float16,fx-mt-echo-zoom,0.9,True,True,0.04845920138888889,0,0.04411892361111111,4,0.04194878472222222,0,0,0
float16,fx-mt-echo-zoom,1.5,True,True,0.04314236111111111,0,0.04822048611111111,4,0.04142795138888889,0,0,0
float16,fx-mt-echo-zoom,2.1,True,True,0.04756944444444444,0,0.04691840277777778,4,0.04194878472222222,0,0,0
float16,fx-mt-cinematic,0.3,True,True,0.11490885416666667,8,0.10026041666666667,4,0.093359375,8,0,0
float16,fx-mt-cinematic,0.9,True,True,0.11137152777777778,8,0.09680989583333334,4,0.09346788194444444,8,0,0
float16,fx-mt-cinematic,1.5,True,True,0.1164279513888889,8,0.11061197916666667,4,0.09622395833333333,8,0,0
float16,fx-mt-cinematic,2.1,True,True,0.11497395833333333,8,0.10651041666666666,4,0.09522569444444444,8,0,0
float16,fx-swing-card,0.3,True,True,0.08274739583333333,8,0.07491319444444444,4,0.0798828125,0,0,0
float16,fx-swing-card,0.9,True,True,0.06822916666666666,0,0.06922743055555555,4,0.06551649305555556,0,0,0
float16,fx-swing-card,1.5,True,True,0.09366319444444444,8,0.08650173611111112,4,0.08871527777777778,8,0,0
float16,fx-swing-card,2.1,True,True,0.07413194444444444,0,0.07172309027777778,4,0.07543402777777777,0,0,0
float16,fx-orbit-card,0.3,True,True,0.05082465277777778,0,0.04802517361111111,4,0.04279513888888889,0,0,0
float16,fx-orbit-card,0.9,True,True,0.05026041666666667,0,0.0498046875,4,0.04819878472222222,0,0,0
float16,fx-orbit-card,1.5,True,True,0.05625,0,0.05546875,4,0.043120659722222225,0,0,0
float16,fx-orbit-card,2.1,True,True,0.05358072916666667,0,0.052191840277777776,4,0.047417534722222224,0,0,0
float16,fx-flip-card,0.3,True,True,0.04691840277777778,0,0.043619791666666664,4,0.04259982638888889,0,0,0
float16,fx-flip-card,0.9,True,True,0.013064236111111112,0,0.013585069444444445,0,0.01384548611111111,0,0,0
float16,fx-flip-card,1.5,True,True,0.06009114583333333,0,0.053624131944444445,4,0.0548828125,0,0,0
float16,fx-flip-card,2.1,True,True,0.0166015625,0,0.012087673611111112,0,0.01640625,0,0,0
float16,fx-spin-card,0.3,True,True,0.08259548611111112,8,0.08200954861111111,4,0.07934027777777777,0,0,0
float16,fx-spin-card,0.9,True,True,0.08357204861111112,8,0.077734375,4,0.0730251736111111,0,0,0
float16,fx-spin-card,1.5,True,True,0.0810546875,0,0.08109809027777778,4,0.07408854166666666,0,0,0
float16,fx-spin-card,2.1,True,True,0.0810546875,0,0.08042534722222222,4,0.0763888888888889,0,0,0
float16,fx-phone-spin,0.3,True,True,0.02504340277777778,0,0.023546006944444444,0,0.019205729166666668,0,0,0
float16,fx-phone-spin,0.9,True,True,0.01091579861111111,0,0.013020833333333334,0,0.011610243055555556,0,0,0
float16,fx-phone-spin,1.5,True,True,0,0,8.680555555555556e-05,0,0.00017361111111111112,0,0,0
float16,fx-phone-spin,2.1,True,True,0.016558159722222222,0,0.014908854166666667,0,0.012456597222222223,0,0,0
float16,fx-cube-spin,0.3,True,True,0.020638020833333333,0,0.019769965277777777,0,0.023741319444444443,0,0,0
float16,fx-cube-spin,0.9,True,True,0.02016059027777778,0,0.020768229166666666,0,0.014388020833333333,0,0,0
float16,fx-cube-spin,1.5,True,True,0.017664930555555555,0,0.021788194444444443,0,0.01937934027777778,0,0,0
float16,fx-cube-spin,2.1,True,True,0.023741319444444443,0,0.01970486111111111,0,0.0205078125,0,0,0
float16,fx-cube-tumble,0.3,True,True,0.01723090277777778,0,0.016384548611111112,0,0.014040798611111112,0,0,0
float16,fx-cube-tumble,0.9,True,True,0.014887152777777777,0,0.014908854166666667,0,0.012434895833333333,0,0,0
float16,fx-cube-tumble,1.5,True,True,0.014713541666666666,0,0.013519965277777778,0,0.011263020833333333,0,0,0
float16,fx-cube-tumble,2.1,True,True,0.014149305555555556,0,0.01228298611111111,0,0.0107421875,0,0,0
float16,fx-dice-roll,0.3,True,True,0.01521267361111111,0,0.011002604166666667,0,0.01130642361111111,0,0,0
float16,fx-dice-roll,0.9,True,True,0.010460069444444444,0,0.009331597222222222,0,0.007942708333333333,0,0,0
float16,fx-dice-roll,1.5,True,True,0.009505208333333333,0,0.00920138888888889,0,0.007313368055555556,0,0,0
float16,fx-dice-roll,2.1,True,True,0.011848958333333333,0,0.010698784722222222,0,0.009982638888888888,0,0,0
float16,fx-globe,0.3,True,True,0.056206597222222224,0,0.06226128472222222,4,0.05082465277777778,0,0,0
float16,fx-globe,0.9,True,True,0.05763888888888889,0,0.05766059027777778,4,0.052734375,0,0,0
float16,fx-globe,1.5,True,True,0.05334201388888889,0,0.05883246527777778,4,0.053450520833333334,0,0,0
float16,fx-globe,2.1,True,True,0.0623046875,0,0.06295572916666667,4,0.053797743055555555,0,0,0
float16,fx-crystal-ball,0.3,True,True,0.11167534722222222,8,0.10939670138888889,4,0.10110677083333333,8,0,0
float16,fx-crystal-ball,0.9,True,True,0.11566840277777778,8,0.11334635416666666,4,0.10798611111111112,8,0,0
float16,fx-crystal-ball,1.5,True,True,0.11022135416666666,8,0.11341145833333334,4,0.10913628472222223,8,0,0
float16,fx-crystal-ball,2.1,True,True,0.11130642361111111,8,0.11189236111111112,4,0.10809461805555555,8,0,0
float16,fx-tunnel,0.3,True,True,0.10696614583333333,8,0.11438802083333334,4,0.09811197916666667,8,0,0
float16,fx-tunnel,0.9,True,True,0.10486111111111111,8,0.11419270833333334,4,0.10444878472222222,8,0,0
float16,fx-tunnel,1.5,True,True,0.10546875,8,0.11519097222222222,4,0.09487847222222222,8,0,0
float16,fx-tunnel,2.1,True,True,0.10900607638888889,8,0.09694010416666667,4,0.08754340277777778,8,0,0
float16,fx-mirror-room,0.3,True,True,0.0455078125,0,0.04210069444444445,4,0.04618055555555556,0,0,0
float16,fx-mirror-room,0.9,True,True,0.03993055555555555,0,0.05238715277777778,4,0.044835069444444445,0,0,0
float16,fx-mirror-room,1.5,True,True,0.05388454861111111,0,0.0451171875,4,0.042708333333333334,0,0,0
float16,fx-mirror-room,2.1,True,True,0.06783854166666667,0,0.061024305555555554,4,0.05692274305555556,0,0,0
float16,fx-spiral-tunnel,0.3,True,True,0.07233072916666666,0,0.0710720486111111,4,0.060221354166666664,0,0,0
float16,fx-spiral-tunnel,0.9,True,True,0.06942274305555556,0,0.06438802083333334,4,0.059092881944444446,0,0,0
float16,fx-spiral-tunnel,1.5,True,True,0.07977430555555555,0,0.0767578125,4,0.07228732638888889,0,0,0
float16,fx-spiral-tunnel,2.1,True,True,0.08168402777777778,0,0.07944878472222222,4,0.069921875,0,0,0
float16,fx-hyperspace,0.3,False,False,2.81328125,90,2.9203776041666667,97,3.2987413194444444,107,0,0
float16,fx-hyperspace,0.9,False,False,3.191015625,99,3.2879774305555554,105,3.624978298611111,124,0,0
float16,fx-hyperspace,1.5,False,False,3.544184027777778,107,3.684223090277778,114,4.104427083333333,131,0,0
float16,fx-hyperspace,2.1,False,False,3.673220486111111,107,3.7794921875,114,4.180642361111111,132,0,0
float16,fx-star-rush,0.3,False,False,4.466558159722222,107,4.9705078125,113,5.478125,123,0,0
float16,fx-star-rush,0.9,False,False,6.728342013888889,148,7.443120659722222,166,8.158745659722221,181,0,0
float16,fx-star-rush,1.5,False,False,5.994292534722222,132,6.636870659722222,146,7.273958333333334,157,0,0
float16,fx-star-rush,2.1,False,False,5.971506076388889,132,6.58046875,150,7.178537326388889,165,0,0
float16,fx-carousel,0.3,False,False,0.7411458333333333,9,0.7380859375,12,0.7241102430555556,9,0,0
float16,fx-carousel,0.9,False,False,0.9595269097222222,9,0.9326388888888889,12,0.9216579861111112,9,0,0
float16,fx-carousel,1.5,False,False,0.7422309027777778,9,0.7265625,8,0.7181423611111111,9,0,0
float16,fx-carousel,2.1,False,False,0.5223958333333333,9,0.5094618055555555,8,0.48680555555555555,9,0,0
float16,fx-kaleido-drill,0.3,True,True,0.12591145833333334,8,0.12248263888888888,4,0.11983506944444444,8,0,0
float16,fx-kaleido-drill,0.9,True,True,0.1146484375,8,0.11423611111111111,4,0.11184895833333333,8,0,0
float16,fx-kaleido-drill,1.5,True,True,0.11996527777777778,8,0.11213107638888889,4,0.11449652777777777,8,0,0
float16,fx-kaleido-drill,2.1,True,True,0.11206597222222223,8,0.09928385416666667,4,0.1109375,8,0,0
float16,fx-tiny-planet,0.3,True,True,0.10394965277777778,8,0.1021484375,4,0.09325086805555556,8,0,0
float16,fx-tiny-planet,0.9,True,True,0.10240885416666666,8,0.09615885416666667,4,0.09576822916666666,8,0,0
float16,fx-tiny-planet,1.5,True,True,0.10473090277777777,8,0.10544704861111111,4,0.10251736111111111,8,0,0
float16,fx-tiny-planet,2.1,True,True,0.11482204861111112,8,0.10766059027777777,4,0.09110243055555556,8,0,0
float16,fx-infinite-zoom,0.3,True,True,0.05733506944444444,0,0.044097222222222225,4,0.04924045138888889,0,0,0
float16,fx-infinite-zoom,0.9,True,True,0.05980902777777778,0,0.04663628472222222,4,0.05095486111111111,0,0,0
float16,fx-infinite-zoom,1.5,True,True,0.05846354166666667,0,0.0478515625,4,0.057183159722222224,0,0,0
float16,fx-infinite-zoom,2.1,True,True,0.054839409722222225,0,0.04694010416666667,4,0.054188368055555554,0,0,0
float16,fx-cylinder,0.3,True,True,0.08878038194444444,8,0.08003472222222222,4,0.07990451388888889,0,0,0
float16,fx-cylinder,0.9,True,True,0.08025173611111111,0,0.08311631944444445,4,0.07413194444444444,0,0,0
float16,fx-cylinder,1.5,True,True,0.07556423611111111,0,0.08342013888888888,4,0.07267795138888888,0,0,0
float16,fx-cylinder,2.1,True,True,0.0728515625,0,0.078515625,4,0.0793185763888889,0,0,0
float16,fx-neon-stage,0.3,True,True,0.030707465277777776,0,0.023741319444444443,0,0.026844618055555554,0,0,0
float16,fx-neon-stage,0.9,True,True,0.024305555555555556,0,0.023654513888888888,0,0.021245659722222223,0,0,0
float16,fx-neon-stage,1.5,True,True,0.023372395833333334,0,0.020811631944444443,0,0.02282986111111111,0,0,0
float16,fx-neon-stage,2.1,True,True,0.026909722222222224,0,0.023307291666666667,0,0.02619357638888889,0,0,0
float16,fx-fade-out,0.3,True,True,0.08036024305555556,0,0.07434895833333334,4,0.06299913194444444,0,0,0
float16,fx-fade-out,0.9,True,True,0.04952256944444444,0,0.0451171875,4,0.039214409722222225,0,0,0
float16,fx-fade-out,1.5,True,True,0.003884548611111111,0,0.004253472222222222,0,0.005512152777777778,0,0,0
float16,fx-fade-out,2.1,True,True,0,0,0,0,0,0,0,0
float16,fx-white-flash,0.3,True,True,0.06009114583333333,0,0.043684895833333334,4,0.0458984375,0,0,0
float16,fx-white-flash,0.9,True,True,0.04602864583333333,0,0.043684895833333334,4,0.039496527777777776,0,0,0
float16,fx-white-flash,1.5,True,True,0.0421875,0,0.036783854166666664,0,0.0361328125,0,0,0
float16,fx-white-flash,2.1,True,True,0.045073784722222225,0,0.045182291666666666,4,0.039388020833333336,0,0,0
float16,fx-blink,0.3,True,True,0.05078125,0,0.04314236111111111,4,0.039388020833333336,0,0,0
float16,fx-blink,0.9,True,True,0.02068142361111111,0,0.021788194444444443,0,0.02673611111111111,0,0,0
float16,fx-blink,1.5,True,True,0.04663628472222222,0,0.040234375,0,0.04038628472222222,0,0,0
float16,fx-blink,2.1,True,True,0.04650607638888889,0,0.03982204861111111,0,0.03904079861111111,0,0,0
float16,fx-motion-blur,0.3,True,True,0.06981336805555556,0,0.0646484375,4,0.06332465277777778,0,0,0
float16,fx-motion-blur,0.9,True,True,0.0710720486111111,0,0.06681857638888888,4,0.06358506944444445,0,0,0
float16,fx-motion-blur,1.5,True,True,0.06488715277777778,0,0.06410590277777778,4,0.06686197916666667,0,0,0
float16,fx-motion-blur,2.1,True,True,0.062174479166666664,0,0.06499565972222222,4,0.05991753472222222,0,0,0
float16,fx-mini-zoom,0.3,True,True,0.07621527777777778,0,0.07393663194444444,4,0.0611328125,0,0,0
float16,fx-mini-zoom,0.9,True,True,0.0744357638888889,0,0.06983506944444444,4,0.061197916666666664,0,0,0
float16,fx-mini-zoom,1.5,True,True,0.07894965277777778,0,0.06937934027777778,4,0.06731770833333334,0,0,0
float16,fx-mini-zoom,2.1,True,True,0.07565104166666667,0,0.07196180555555555,4,0.06332465277777778,0,0,0
float16,fx-camera-shake,0.3,True,True,0.12914496527777777,8,0.13029513888888888,4,0.12055121527777778,8,0,0
float16,fx-camera-shake,0.9,True,True,0.124609375,8,0.11156684027777777,4,0.11399739583333333,8,0,0
float16,fx-camera-shake,1.5,True,True,0.14329427083333332,8,0.13871527777777778,4,0.13079427083333334,8,0,0
float16,fx-camera-shake,2.1,True,True,0.13142361111111112,8,0.12213541666666666,4,0.11707899305555555,8,0,0
float16,fx-film-grain,0.3,False,False,9.550325520833333,33,9.665581597222221,32,9.6466796875,33,0,0
float16,fx-film-grain,0.9,False,False,9.706336805555555,33,9.76875,32,9.768294270833334,33,0,0
float16,fx-film-grain,1.5,False,False,9.695399305555556,33,9.795073784722222,32,9.841493055555556,33,0,0
float16,fx-film-grain,2.1,False,False,9.6796875,33,9.754622395833334,32,9.769292534722222,33,0,0
float16,fx-cinema,0.3,True,True,0.08580729166666666,8,0.05633680555555556,4,0.06968315972222222,0,0,0
float16,fx-cinema,0.9,True,True,0.08483072916666666,8,0.05668402777777778,4,0.0673828125,0,0,0
float16,fx-cinema,1.5,True,True,0.08478732638888889,8,0.05980902777777778,4,0.06332465277777778,0,0,0
float16,fx-cinema,2.1,True,True,0.08328993055555556,8,0.055013020833333336,4,0.06579861111111111,0,0,0
float16,fx-vertical-open,0.3,True,True,0.005729166666666666,0,0.006814236111111111,0,0.006098090277777778,0,0,0
float16,fx-vertical-open,0.9,True,True,0.045182291666666666,0,0.0345703125,0,0.03463541666666667,0,0,0
float16,fx-vertical-open,1.5,True,True,0.06306423611111112,0,0.060698784722222225,4,0.05559895833333333,0,0,0
float16,fx-vertical-open,2.1,True,True,0.06675347222222222,0,0.0576171875,4,0.053125,0,0,0
float16,fx-camera-focus,0.3,True,True,0.04375,0,0.043120659722222225,4,0.04279513888888889,0,0,0
float16,fx-camera-focus,0.9,True,True,0.04123263888888889,0,0.0431640625,4,0.04572482638888889,0,0,0
float16,fx-camera-focus,1.5,True,True,0.059071180555555554,0,0.053211805555555554,4,0.05232204861111111,0,0,0
float16,fx-camera-focus,2.1,True,True,0.06529947916666666,0,0.056206597222222224,4,0.05499131944444444,0,0,0
float16,fx-spin-blur,0.3,True,True,0.0638671875,0,0.06165364583333333,4,0.06176215277777778,0,0,0
float16,fx-spin-blur,0.9,True,True,0.05629340277777778,0,0.05525173611111111,4,0.06345486111111111,0,0,0
float16,fx-spin-blur,1.5,True,True,0.06770833333333333,0,0.06453993055555556,4,0.054361979166666664,0,0,0
float16,fx-spin-blur,2.1,True,True,0.0700954861111111,0,0.06456163194444445,4,0.061675347222222225,0,0,0
float16,fx-swing,0.3,True,True,0.08001302083333334,0,0.06968315972222222,4,0.059418402777777775,0,0,0
float16,fx-swing,0.9,True,True,0.07927517361111111,0,0.06877170138888888,4,0.056966145833333336,0,0,0
float16,fx-swing,1.5,True,True,0.07829861111111111,0,0.06918402777777778,4,0.06495225694444444,0,0,0
float16,fx-swing,2.1,True,True,0.06961805555555556,0,0.06642795138888889,4,0.06482204861111111,0,0,0
float16,fx-low-exposure,0.3,True,True,0.04212239583333333,0,0.04353298611111111,4,0.03498263888888889,0,0,0
float16,fx-low-exposure,0.9,True,True,0.04114583333333333,0,0.046723090277777775,4,0.03240017361111111,0,0,0
float16,fx-low-exposure,1.5,True,True,0.046549479166666664,0,0.04223090277777778,4,0.03253038194444444,0,0,0
float16,fx-low-exposure,2.1,True,True,0.04016927083333333,0,0.03973524305555556,0,0.03828125,0,0,0
float16,fx-hazy,0.3,True,True,0.0661892361111111,0,0.06937934027777778,4,0.06710069444444444,0,0,0
float16,fx-hazy,0.9,True,True,0.0705295138888889,0,0.07202690972222223,4,0.062065972222222224,0,0,0
float16,fx-hazy,1.5,True,True,0.07740885416666667,0,0.07662760416666667,4,0.06306423611111112,0,0,0
float16,fx-hazy,2.1,True,True,0.07756076388888888,0,0.07322048611111111,4,0.0599609375,0,0,0
float16,fx-to-colour,0.3,True,True,0.09372829861111111,8,0.09125434027777778,4,0.0892578125,8,0,0
float16,fx-to-colour,0.9,True,True,0.09225260416666667,8,0.09151475694444444,4,0.0880859375,8,0,0
float16,fx-to-colour,1.5,True,True,0.09151475694444444,8,0.07428385416666666,4,0.08213975694444445,0,0,0
float16,fx-to-colour,2.1,True,True,0.07808159722222222,0,0.06647135416666666,4,0.068359375,0,0,0
float16,fx-colorize,0.3,True,True,0.05779079861111111,0,0.05010850694444444,4,0.03643663194444444,0,0,0
float16,fx-colorize,0.9,True,True,0.05959201388888889,0,0.04778645833333333,4,0.034678819444444446,0,0,0
float16,fx-colorize,1.5,True,True,0.06553819444444445,0,0.04787326388888889,4,0.035308159722222225,0,0,0
float16,fx-colorize,2.1,True,True,0.055815972222222225,0,0.04724392361111111,4,0.04108072916666667,0,0,0
float16,fx-tilt-shift,0.3,True,True,0.08806423611111111,8,0.07951388888888888,4,0.08194444444444444,0,0,0
float16,fx-tilt-shift,0.9,True,True,0.07881944444444444,0,0.08255208333333333,4,0.08101128472222222,0,0,0
float16,fx-tilt-shift,1.5,True,True,0.08858506944444444,8,0.08786892361111111,4,0.0744140625,0,0,0
float16,fx-tilt-shift,2.1,True,True,0.08331163194444445,8,0.08148871527777778,4,0.07669270833333333,0,0,0
float16,fx-iris-open,0.3,True,True,0.06419270833333333,0,0.05939670138888889,4,0.061610243055555555,0,0,0
float16,fx-iris-open,0.9,True,True,0.07016059027777778,0,0.0681423611111111,4,0.07536892361111111,0,0,0
float16,fx-iris-open,1.5,True,True,0.07291666666666667,0,0.07376302083333333,4,0.06879340277777778,0,0,0
float16,fx-iris-open,2.1,True,True,0.07808159722222222,0,0.06647135416666666,4,0.068359375,0,0,0
float16,fx-iris-close,0.3,True,True,0.06059027777777778,0,0.05384114583333333,4,0.05277777777777778,0,0,0
float16,fx-iris-close,0.9,True,True,0.06351996527777778,0,0.05249565972222222,4,0.051171875,0,0,0
float16,fx-iris-close,1.5,True,True,0.004144965277777778,0,0.0028211805555555555,0,0.00234375,0,0,0
float16,fx-iris-close,2.1,True,True,0,0,0,0,0,0,0,0
float16,fx-slide-reveal,0.3,True,True,0.0627170138888889,0,0.05188802083333333,4,0.0486328125,0,0,0
float16,fx-slide-reveal,0.9,True,True,0.11981336805555555,8,0.10305989583333333,4,0.07712673611111111,0,0,0
float16,fx-slide-reveal,1.5,True,True,0.09763454861111111,8,0.0876953125,4,0.055338541666666664,0,0,0
float16,fx-slide-reveal,2.1,True,True,0.07957899305555556,0,0.06729600694444444,4,0.045811631944444445,0,0,0
float16,fx-zoom-intro,0.3,True,True,0.06180555555555556,0,0.06187065972222222,4,0.059136284722222224,0,0,0
float16,fx-zoom-intro,0.9,True,True,0.13016493055555556,8,0.12068142361111112,4,0.10874565972222222,8,0,0
float16,fx-zoom-intro,1.5,True,True,0.12612847222222223,8,0.12504340277777778,4,0.12280815972222223,8,0,0
float16,fx-zoom-intro,2.1,True,True,0.07879774305555555,0,0.06692708333333333,4,0.06872829861111111,0,0,0
float16,fx-blur-in,0.3,True,True,0.03528645833333333,0,0.026627604166666666,0,0.0251953125,0,0,0
float16,fx-blur-in,0.9,True,True,0.07105034722222223,0,0.05933159722222222,4,0.05807291666666667,0,0,0
float16,fx-blur-in,1.5,True,True,0.09001736111111111,8,0.08415798611111111,4,0.07530381944444445,0,0,0
float16,fx-blur-in,2.1,True,True,0.06675347222222222,0,0.0576171875,4,0.053125,0,0,0
float16,fx-blur-out,0.3,True,True,0.07317708333333334,0,0.07235243055555556,4,0.061197916666666664,0,0,0
float16,fx-blur-out,0.9,True,True,0.030837673611111113,0,0.030013020833333334,0,0.021875,0,0,0
float16,fx-blur-out,1.5,True,True,0.005837673611111111,0,0.00546875,0,0.0052517361111111115,0,0,0
float16,fx-blur-out,2.1,True,True,0,0,0,0,0,0,0,0
float16,fx-curtain,0.3,True,True,0.016341145833333334,0,0.012847222222222222,0,0.01408420138888889,0,0,0
float16,fx-curtain,0.9,True,True,0.03220486111111111,0,0.028407118055555555,0,0.03504774305555555,0,0,0
float16,fx-curtain,1.5,True,True,0.03882378472222222,0,0.03192274305555556,0,0.040581597222222224,0,0,0
float16,fx-curtain,2.1,True,True,0.03973524305555556,0,0.03404947916666667,0,0.04559461805555556,0,0,0
float16,fx-the-end,0.3,True,True,0.05677083333333333,0,0.04997829861111111,4,0.048567708333333334,0,0,0
float16,fx-the-end,0.9,True,True,0.034895833333333334,0,0.02964409722222222,0,0.028428819444444444,0,0,0
float16,fx-the-end,1.5,True,True,0.005230034722222222,0,0.007161458333333333,0,0.004969618055555555,0,0,0
float16,fx-the-end,2.1,True,True,0,0,0,0,0,0,0,0
float16,fx-flash-in,0.3,True,True,0.022916666666666665,0,0.025694444444444443,0,0.02085503472222222,0,0,0
float16,fx-flash-in,0.9,True,True,0.05499131944444444,0,0.051909722222222225,4,0.04203559027777778,0,0,0
float16,fx-flash-in,1.5,True,True,0.04529079861111111,0,0.04309895833333333,4,0.03511284722222222,0,0,0
float16,fx-flash-in,2.1,True,True,0.045073784722222225,0,0.045182291666666666,4,0.039388020833333336,0,0,0
float16,fx-glitch-in,0.3,True,True,0.02736545138888889,0,0.015863715277777777,0,0.0173828125,0,0,0
float16,fx-glitch-in,0.9,True,True,0.06174045138888889,0,0.05217013888888889,4,0.0630859375,0,0,0
float16,fx-glitch-in,1.5,True,True,0.05353732638888889,0,0.028645833333333332,0,0.05447048611111111,0,0,0
float16,fx-glitch-in,2.1,True,True,0.02947048611111111,0,0.02282986111111111,0,0.022894965277777776,0,0,0
float16,fx-film-burn,0.3,True,True,0.0740234375,0,0.06948784722222222,4,0.07209201388888889,0,0,0
float16,fx-film-burn,0.9,True,True,0.05509982638888889,0,0.057118055555555554,4,0.05301649305555556,0,0,0
float16,fx-film-burn,1.5,True,True,0,0,0.005121527777777778,0,0.013237847222222222,0,0,0
float16,fx-film-burn,2.1,True,True,0,0,0,0,0.00017361111111111112,0,0,0
float16,fx-shutter,0.3,True,True,0.06059027777777778,0,0.05384114583333333,4,0.05277777777777778,0,0,0
float16,fx-shutter,0.9,True,True,0.0010416666666666667,0,0.00017361111111111112,0,0.00034722222222222224,0,0,0
float16,fx-shutter,1.5,True,True,0.06306423611111112,0,0.060698784722222225,4,0.05559895833333333,0,0,0
float16,fx-shutter,2.1,True,True,0.06675347222222222,0,0.0576171875,4,0.053125,0,0,0
float16,fx-heart-reveal,0.3,True,True,0.014301215277777777,0,0.00993923611111111,0,0.010655381944444445,0,0,0
float16,fx-heart-reveal,0.9,True,True,0.0404296875,0,0.03778211805555556,0,0.0337890625,0,0,0
float16,fx-heart-reveal,1.5,True,True,0.04194878472222222,0,0.03893229166666667,0,0.03342013888888889,0,0,0
float16,fx-heart-reveal,2.1,True,True,0.042881944444444445,0,0.04153645833333333,4,0.037369791666666666,0,0,0
float16,fx-torn-reveal,0.3,True,True,0.039952256944444445,0,0.03478732638888889,0,0.031141493055555556,0,0,0
float16,fx-torn-reveal,0.9,True,True,0.06499565972222222,0,0.06197916666666667,4,0.06710069444444444,0,0,0
float16,fx-torn-reveal,1.5,True,True,0.07291666666666667,0,0.07376302083333333,4,0.06879340277777778,0,0,0
float16,fx-torn-reveal,2.1,True,True,0.07808159722222222,0,0.06647135416666666,4,0.068359375,0,0,0
float16,fx-disco,0.3,True,True,0.03259548611111111,0,0.037022569444444445,0,0.0359375,0,0,0
float16,fx-disco,0.9,True,True,0.03860677083333333,0,0.03396267361111111,0,0.03550347222222222,0,0,0
float16,fx-disco,1.5,True,True,0.04038628472222222,0,0.03589409722222222,0,0.03836805555555556,0,0,0
float16,fx-disco,2.1,True,True,0.03665364583333333,0,0.033463541666666666,0,0.03572048611111111,0,0,0
float16,fx-laser-show,0.3,True,True,0.03958333333333333,0,0.03142361111111111,0,0.029513888888888888,0,0,0
float16,fx-laser-show,0.9,True,True,0.038671875,0,0.03413628472222222,0,0.03064236111111111,0,0,0
float16,fx-laser-show,1.5,True,True,0.0361328125,0,0.030729166666666665,0,0.030946180555555557,0,0,0
float16,fx-laser-show,2.1,True,True,0.029969618055555557,0,0.030078125,0,0.03185763888888889,0,0,0
float16,fx-club-lights,0.3,True,True,0.04388020833333333,0,0.04455295138888889,4,0.036675347222222224,0,0,0
float16,fx-club-lights,0.9,True,True,0.04576822916666667,0,0.04487847222222222,4,0.04388020833333333,0,0,0
float16,fx-club-lights,1.5,True,True,0.04880642361111111,0,0.053233506944444446,4,0.04292534722222222,0,0,0
float16,fx-club-lights,2.1,True,True,0.03990885416666667,0,0.041167534722222225,4,0.03806423611111111,0,0,0
float16,fx-beat-zoom,0.3,True,True,0.05078125,0,0.043229166666666666,4,0.039561631944444446,0,0,0
float16,fx-beat-zoom,0.9,True,True,0.048502604166666664,0,0.03830295138888889,0,0.03741319444444444,0,0,0
float16,fx-beat-zoom,1.5,True,True,0.04663628472222222,0,0.040234375,0,0.04038628472222222,0,0,0
float16,fx-beat-zoom,2.1,True,True,0.06631944444444444,0,0.06545138888888889,4,0.06733940972222222,0,0,0
float16,fx-mirror-ball,0.3,True,True,0.2068142361111111,8,0.2682074652777778,4,0.3028645833333333,8,0,0
float16,fx-mirror-ball,0.9,True,True,0.2349175347222222,8,0.24049479166666668,4,0.30375434027777776,8,0,0
float16,fx-mirror-ball,1.5,True,True,0.19383680555555555,8,0.16430121527777777,4,0.23897569444444444,8,0,0
float16,fx-mirror-ball,2.1,True,True,0.19331597222222222,8,0.19331597222222222,4,0.23598090277777778,8,0,0
float16,fx-confetti,0.3,True,True,0.051953125,0,0.048177083333333336,4,0.048394097222222224,0,0,0
float16,fx-confetti,0.9,True,True,0.049370659722222224,0,0.044097222222222225,4,0.04333767361111111,0,0,0
float16,fx-confetti,1.5,True,True,0.05256076388888889,0,0.047026909722222225,4,0.04852430555555556,0,0,0
float16,fx-confetti,2.1,True,True,0.04911024305555556,0,0.04683159722222222,4,0.04338107638888889,0,0,0
float16,fx-colour-cycle,0.3,True,True,0.09227430555555556,8,0.09173177083333334,4,0.118359375,8,0,0
float16,fx-colour-cycle,0.9,True,True,0.11946614583333333,8,0.07315538194444444,4,0.11692708333333333,8,0,0
float16,fx-colour-cycle,1.5,True,True,0.13083767361111112,8,0.09663628472222222,4,0.101953125,8,0,0
float16,fx-colour-cycle,2.1,True,True,0.12124565972222222,8,0.11299913194444444,4,0.08389756944444444,8,0,0
float16,fx-balloons,0.3,True,True,0.0451171875,0,0.03947482638888889,0,0.04878472222222222,0,0,0
float16,fx-balloons,0.9,True,True,0.04262152777777778,0,0.04266493055555556,4,0.05440538194444444,0,0,0
float16,fx-balloons,1.5,True,True,0.04461805555555556,0,0.039713541666666664,0,0.032877604166666664,0,0,0
float16,fx-balloons,2.1,True,True,0.042426215277777776,0,0.041558159722222224,4,0.03617621527777778,0,0,0
float16,fx-earthquake,0.3,True,True,0.11666666666666667,8,0.12350260416666667,4,0.11519097222222222,8,0,0
float16,fx-earthquake,0.9,True,True,0.12586805555555555,8,0.1166015625,4,0.12068142361111112,8,0,0
float16,fx-earthquake,1.5,True,True,0.1236328125,8,0.12319878472222222,4,0.12048611111111111,8,0,0
float16,fx-earthquake,2.1,True,True,0.12779947916666667,8,0.11888020833333333,4,0.11573350694444444,8,0,0
float16,fx-swirl,0.3,True,True,0.12625868055555556,8,0.11397569444444444,4,0.1189453125,8,0,0
float16,fx-swirl,0.9,True,True,0.12287326388888889,8,0.12063802083333333,4,0.12111545138888889,8,0,0
float16,fx-swirl,1.5,True,True,0.11614583333333334,8,0.12897135416666666,4,0.1150173611111111,8,0,0
float16,fx-swirl,2.1,True,True,0.12758246527777778,8,0.12280815972222223,4,0.11792534722222223,8,0,0
float16,fx-spin,0.3,True,True,0.07669270833333333,0,0.0671875,4,0.0626953125,0,0,0
float16,fx-spin,0.9,True,True,0.08107638888888889,0,0.06532118055555555,4,0.06067708333333333,0,0,0
float16,fx-spin,1.5,True,True,0.07749565972222222,0,0.06987847222222222,4,0.0627170138888889,0,0,0
float16,fx-spin,2.1,True,True,0.07805989583333334,0,0.06950954861111111,4,0.06395399305555556,0,0,0
float16,fx-bounce,0.3,True,True,0.07779947916666667,0,0.07152777777777777,4,0.07489149305555555,0,0,0
float16,fx-bounce,0.9,True,True,0.07098524305555555,0,0.07376302083333333,4,0.0697265625,0,0,0
float16,fx-bounce,1.5,True,True,0.07775607638888889,0,0.065625,4,0.07139756944444445,0,0,0
float16,fx-bounce,2.1,True,True,0.07300347222222223,0,0.07228732638888889,4,0.06898871527777778,0,0,0
float16,fx-zoom-pulse,0.3,True,True,0.12194010416666666,8,0.11829427083333334,4,0.1208767361111111,8,0,0
float16,fx-zoom-pulse,0.9,True,True,0.12341579861111111,8,0.12020399305555556,4,0.10985243055555556,8,0,0
float16,fx-zoom-pulse,1.5,True,True,0.13374565972222222,8,0.12463107638888889,4,0.12109375,8,0,0
float16,fx-zoom-pulse,2.1,True,True,0.12556423611111112,8,0.12884114583333334,4,0.11866319444444444,8,0,0
float16,fx-heartbeat,0.3,True,True,0.07326388888888889,0,0.07272135416666667,4,0.0705078125,0,0,0
float16,fx-heartbeat,0.9,True,True,0.05119357638888889,0,0.041276041666666666,4,0.040473090277777776,0,0,0
float16,fx-heartbeat,1.5,True,True,0.0724609375,0,0.06295572916666667,4,0.06341145833333334,0,0,0
float16,fx-heartbeat,2.1,True,True,0.07881944444444444,0,0.06657986111111111,4,0.06909722222222223,0,0,0
float16,fx-light-leak,0.3,True,True,0.04722222222222222,0,0.04125434027777778,4,0.040190972222222225,0,0,0
float16,fx-light-leak,0.9,True,True,0.04572482638888889,0,0.045073784722222225,4,0.04010416666666667,0,0,0
float16,fx-light-leak,1.5,True,True,0.046158854166666666,0,0.045247395833333336,4,0.03745659722222222,0,0,0
float16,fx-light-leak,2.1,True,True,0.047200520833333336,0,0.046050347222222225,4,0.04405381944444445,0,0,0
float16,fx-lens-flare,0.3,True,True,0.080859375,0,0.08580729166666666,4,0.08960503472222223,8,0,0
float16,fx-lens-flare,0.9,True,True,0.09010416666666667,8,0.08680555555555555,4,0.08287760416666666,8,0,0
float16,fx-lens-flare,1.5,True,True,0.08491753472222222,8,0.08602430555555556,4,0.08363715277777778,8,0,0
float16,fx-lens-flare,2.1,True,True,0.08467881944444444,8,0.09151475694444444,4,0.08385416666666666,8,0,0
float16,fx-bokeh,0.3,True,True,0.08118489583333334,0,0.07905815972222222,4,0.08272569444444444,8,0,0
float16,fx-bokeh,0.9,True,True,0.08444010416666667,8,0.07849392361111111,4,0.08734809027777778,8,0,0
float16,fx-bokeh,1.5,True,True,0.08094618055555555,0,0.084375,4,0.07465277777777778,0,0,0
float16,fx-bokeh,2.1,True,True,0.08524305555555556,8,0.07999131944444444,4,0.07473958333333333,0,0,0
float16,fx-sunbeam,0.3,True,True,0.04761284722222222,0,0.043055555555555555,4,0.04756944444444444,0,0,0
float16,fx-sunbeam,0.9,True,True,0.042816840277777775,0,0.03585069444444444,0,0.037825520833333334,0,0,0
float16,fx-sunbeam,1.5,True,True,0.04685329861111111,0,0.03884548611111111,0,0.04114583333333333,0,0,0
float16,fx-sunbeam,2.1,True,True,0.044487847222222224,0,0.04034288194444444,0,0.038975694444444445,0,0,0
float16,fx-rainbow-leak,0.3,True,True,0.04869791666666667,0,0.04220920138888889,4,0.04381510416666667,0,0,0
float16,fx-rainbow-leak,0.9,True,True,0.045399305555555554,0,0.04429253472222222,4,0.041015625,0,0,0
float16,fx-rainbow-leak,1.5,True,True,0.04767795138888889,0,0.045572916666666664,4,0.03556857638888889,0,0,0
float16,fx-rainbow-leak,2.1,True,True,0.0466796875,0,0.0458984375,4,0.04602864583333333,0,0,0
float16,fx-bloom,0.3,True,True,0.0958984375,8,0.11063368055555556,4,0.1042751736111111,8,0,0
float16,fx-bloom,0.9,True,True,0.09444444444444444,8,0.1134982638888889,4,0.10154079861111111,8,0,0
float16,fx-bloom,1.5,True,True,0.09568142361111111,8,0.11564670138888888,4,0.09513888888888888,8,0,0
float16,fx-bloom,2.1,True,True,0.09446614583333333,8,0.11471354166666667,4,0.09576822916666666,8,0,0
float16,fx-neon-edges,0.3,True,True,0.32858072916666664,8,0.16586371527777777,4,0.20015190972222222,8,0,0
float16,fx-neon-edges,0.9,True,True,0.33687065972222224,8,0.229296875,4,0.13257378472222223,8,0,0
float16,fx-neon-edges,1.5,True,True,0.32699652777777777,8,0.29767795138888886,4,0.11944444444444445,8,0,0
float16,fx-neon-edges,2.1,True,True,0.2572482638888889,8,0.3268229166666667,4,0.11490885416666667,8,0,0
float16,fx-starburst,0.3,True,True,0.05779079861111111,0,0.04845920138888889,4,0.05169270833333333,0,0,0
float16,fx-starburst,0.9,True,True,0.05509982638888889,0,0.04958767361111111,4,0.04715711805555556,0,0,0
float16,fx-starburst,1.5,True,True,0.052408854166666664,0,0.052473958333333334,4,0.0494140625,0,0,0
float16,fx-starburst,2.1,True,True,0.0603515625,0,0.04503038194444445,4,0.04711371527777778,0,0,0
float16,fx-split-2,0.3,True,True,0.06770833333333333,0,0.06397569444444444,4,0.06770833333333333,0,0,0
float16,fx-split-2,0.9,True,True,0.06870659722222222,0,0.05911458333333333,4,0.0580078125,0,0,0
float16,fx-split-2,1.5,True,True,0.0673828125,0,0.06475694444444445,4,0.07222222222222222,0,0,0
float16,fx-split-2,2.1,True,True,0.07348090277777777,0,0.05954861111111111,4,0.05603298611111111,0,0,0
float16,fx-stack-2,0.3,True,True,0.07719184027777778,0,0.07881944444444444,4,0.073046875,0,0,0
float16,fx-stack-2,0.9,True,True,0.07808159722222222,0,0.0783420138888889,4,0.07799479166666666,0,0,0
float16,fx-stack-2,1.5,True,True,0.08292100694444444,0,0.08042534722222222,4,0.06768663194444445,0,0,0
float16,fx-stack-2,2.1,True,True,0.087109375,8,0.07261284722222222,4,0.07026909722222222,0,0,0
float16,fx-split-3,0.3,True,True,0.07738715277777777,0,0.07845052083333333,4,0.08220486111111111,0,0,0
float16,fx-split-3,0.9,True,True,0.09069010416666666,8,0.08795572916666666,4,0.07317708333333334,0,0,0
float16,fx-split-3,1.5,True,True,0.08752170138888889,8,0.08142361111111111,4,0.07571614583333333,0,0,0
float16,fx-split-3,2.1,True,True,0.09680989583333334,8,0.0833984375,4,0.08776041666666666,8,0,0
float16,fx-grid-4,0.3,True,True,0.056792534722222225,0,0.05286458333333333,4,0.056792534722222225,0,0,0
float16,fx-grid-4,0.9,True,True,0.04576822916666667,0,0.039778645833333334,0,0.04576822916666667,0,0,0
float16,fx-grid-4,1.5,True,True,0.05757378472222222,0,0.05373263888888889,4,0.05757378472222222,0,0,0
float16,fx-grid-4,2.1,True,True,0.05627170138888889,0,0.04880642361111111,4,0.05627170138888889,0,0,0
float16,fx-grid-9,0.3,True,True,0.062413194444444445,0,0.044596354166666664,4,0.05629340277777778,0,0,0
float16,fx-grid-9,0.9,True,True,0.05789930555555556,0,0.05431857638888889,4,0.0388671875,0,0,0
float16,fx-grid-9,1.5,True,True,0.0333984375,0,0.05279947916666667,4,0.05705295138888889,0,0,0
float16,fx-grid-9,2.1,True,True,0.05950520833333333,0,0.05985243055555556,4,0.05490451388888889,0,0,0
float16,fx-mirror-lr,0.3,True,True,0.03585069444444444,0,0.03259548611111111,0,0.04014756944444445,0,0,0
float16,fx-mirror-lr,0.9,True,True,0.039149305555555555,0,0.04084201388888889,4,0.039539930555555554,0,0,0
float16,fx-mirror-lr,1.5,True,True,0.040364583333333336,0,0.02868923611111111,0,0.037196180555555555,0,0,0
float16,fx-mirror-lr,2.1,True,True,0.034678819444444446,0,0.036631944444444446,0,0.043793402777777775,0,0,0
float16,fx-mirror-tb,0.3,True,True,0.07254774305555556,0,0.06284722222222222,4,0.05078125,0,0,0
float16,fx-mirror-tb,0.9,True,True,0.07380642361111112,0,0.06128472222222222,4,0.05529513888888889,0,0,0
float16,fx-mirror-tb,1.5,True,True,0.06885850694444444,0,0.06545138888888889,4,0.055338541666666664,0,0,0
float16,fx-mirror-tb,2.1,True,True,0.0708984375,0,0.06631944444444444,4,0.059895833333333336,0,0,0
float16,fx-kaleido-4,0.3,True,True,0.0892578125,8,0.07269965277777778,4,0.06851128472222222,0,0,0
float16,fx-kaleido-4,0.9,True,True,0.09019097222222222,8,0.07473958333333333,4,0.07873263888888889,0,0,0
float16,fx-kaleido-4,1.5,True,True,0.07795138888888889,0,0.07864583333333333,4,0.07506510416666666,0,0,0
float16,fx-kaleido-4,2.1,True,True,0.09279513888888889,8,0.0700954861111111,4,0.06636284722222222,0,0,0
float16,fx-rgb-panes,0.3,True,True,0.03676215277777778,0,0.042578125,4,0.03422309027777778,0,0,0
float16,fx-rgb-panes,0.9,True,True,0.03177083333333333,0,0.041341145833333336,4,0.03624131944444445,0,0,0
float16,fx-rgb-panes,1.5,True,True,0.038585069444444446,0,0.05049913194444444,4,0.04405381944444445,0,0,0
float16,fx-rgb-panes,2.1,True,True,0.03589409722222222,0,0.049609375,4,0.042144097222222225,0,0,0
float16,fx-grid-flash,0.3,True,True,0.05060763888888889,0,0.052300347222222224,4,0.05750868055555555,0,0,0
float16,fx-grid-flash,0.9,True,True,0.06963975694444445,0,0.05646701388888889,4,0.052408854166666664,0,0,0
float16,fx-grid-flash,1.5,True,True,0.04620225694444444,0,0.063671875,4,0.05303819444444444,0,0,0
float16,fx-grid-flash,2.1,True,True,0.04142795138888889,0,0.058159722222222224,4,0.03821614583333333,0,0,0
float16,fx-pencil-sketch,0.3,True,True,0.1762152777777778,8,0.17764756944444443,4,0.1700954861111111,8,0,0
float16,fx-pencil-sketch,0.9,True,True,0.23142361111111112,8,0.22688802083333334,4,0.23830295138888888,8,0,0
float16,fx-pencil-sketch,1.5,True,True,0.22996961805555555,8,0.23131510416666667,4,0.2291232638888889,8,0,0
float16,fx-pencil-sketch,2.1,True,True,0.2610894097222222,8,0.2570746527777778,4,0.2642578125,8,0,0
float16,fx-marker-lines,0.3,True,True,0.13621961805555555,8,0.13997395833333334,4,0.17999131944444444,8,0,0
float16,fx-marker-lines,0.9,True,True,0.16890190972222222,8,0.16506076388888888,4,0.21052517361111112,8,0,0
float16,fx-marker-lines,1.5,True,True,0.1769748263888889,8,0.16744791666666667,4,0.20802951388888888,8,0,0
float16,fx-marker-lines,2.1,True,True,0.1687717013888889,8,0.16790364583333334,4,0.21903211805555556,8,0,0
float16,fx-spray-neon,0.3,True,True,0.22198350694444444,8,0.13851996527777777,4,0.07111545138888889,0,0,0
float16,fx-spray-neon,0.9,True,True,0.23526475694444443,8,0.1490451388888889,4,0.07840711805555556,0,0,0
float16,fx-spray-neon,1.5,True,True,0.23797743055555556,8,0.1361328125,4,0.08051215277777778,0,0,0
float16,fx-spray-neon,2.1,True,True,0.23493923611111112,8,0.1419704861111111,4,0.07892795138888889,0,0,0
float16,fx-comic-print,0.3,True,True,0.049717881944444445,0,0.049544270833333334,0,0.05108506944444444,0,0,0
float16,fx-comic-print,0.9,True,True,0.046788194444444445,0,0.052191840277777776,0,0.04548611111111111,0,0,0
float16,fx-comic-print,1.5,True,True,0.0521484375,0,0.051106770833333336,0,0.04279513888888889,0,0,0
float16,fx-comic-print,2.1,True,True,0.048328993055555554,0,0.05525173611111111,0,0.04561631944444444,0,0,0
float16,fx-chalkboard,0.3,True,True,0.16336805555555556,8,0.1576171875,4,0.16082899305555556,8,0,0
float16,fx-chalkboard,0.9,True,True,0.22239583333333332,8,0.2201605902777778,4,0.221875,8,0,0
float16,fx-chalkboard,1.5,True,True,0.21356336805555556,8,0.22315538194444445,4,0.22176649305555557,8,0,0
float16,fx-chalkboard,2.1,True,True,0.2474392361111111,8,0.24507378472222222,4,0.2554470486111111,8,0,0
float16,fx-scribble-frame,0.3,True,True,0.06538628472222222,0,0.0609375,4,0.06130642361111111,0,0,0
float16,fx-scribble-frame,0.9,True,True,0.06328125,0,0.06306423611111112,4,0.06375868055555556,0,0,0
float16,fx-scribble-frame,1.5,True,True,0.06657986111111111,0,0.06859809027777777,4,0.0630859375,0,0,0
float16,fx-scribble-frame,2.1,True,True,0.07141927083333334,0,0.06015625,4,0.06427951388888889,0,0,0
float16,fx-confetti-burst,0.3,False,False,2.6901475694444446,107,2.449848090277778,77,2.374262152777778,83,0,0
float16,fx-confetti-burst,0.9,False,False,1.3463541666666667,58,1.4969184027777778,57,1.6751953125,74,0,0
float16,fx-confetti-burst,1.5,False,False,1.0436414930555555,49,1.1578559027777777,53,1.1180338541666666,41,0,0
float16,fx-confetti-burst,2.1,False,False,0.9495659722222223,33,0.8901041666666667,33,1.1180338541666666,33,0,0
float16,fx-gold-glitter,0.3,True,True,0.06219618055555556,0,0.05416666666666667,4,0.046484375,0,0,0
float16,fx-gold-glitter,0.9,True,True,0.06675347222222222,0,0.05668402777777778,4,0.04858940972222222,0,0,0
float16,fx-gold-glitter,1.5,True,True,0.06404079861111112,0,0.056553819444444445,4,0.05279947916666667,0,0,0
float16,fx-gold-glitter,2.1,True,True,0.06853298611111111,0,0.05596788194444444,4,0.05227864583333333,0,0,0
float16,fx-heart-rain,0.3,True,True,0.04969618055555555,0,0.04227430555555556,4,0.038628472222222224,0,0,0
float16,fx-heart-rain,0.9,True,True,0.052582465277777775,0,0.04529079861111111,4,0.04010416666666667,0,0,0
float16,fx-heart-rain,1.5,True,True,0.05698784722222222,0,0.04440104166666667,4,0.03797743055555555,0,0,0
float16,fx-heart-rain,2.1,True,True,0.06312934027777778,0,0.04819878472222222,4,0.04503038194444445,0,0,0
float16,fx-bubbles,0.3,True,True,0.06365017361111111,0,0.05785590277777778,4,0.057421875,0,0,0
float16,fx-bubbles,0.9,True,True,0.06762152777777777,0,0.06056857638888889,4,0.05835503472222222,0,0,0
float16,fx-bubbles,1.5,True,True,0.06588541666666667,0,0.06681857638888888,4,0.06345486111111111,0,0,0
float16,fx-bubbles,2.1,True,True,0.07256944444444445,0,0.06169704861111111,4,0.06189236111111111,0,0,0
float16,fx-star-pop,0.3,True,True,0.05792100694444444,0,0.050065104166666666,4,0.04424913194444444,0,0,0
float16,fx-star-pop,0.9,True,True,0.05210503472222222,0,0.043294270833333336,4,0.041840277777777775,0,0,0
float16,fx-star-pop,1.5,True,True,0.05939670138888889,0,0.0505859375,4,0.04266493055555556,0,0,0
float16,fx-star-pop,2.1,True,True,0.07957899305555556,0,0.06892361111111112,4,0.055013020833333336,0,0,0
float16,fx-petals,0.3,True,True,0.04969618055555555,0,0.041341145833333336,4,0.0416015625,0,0,0
float16,fx-petals,0.9,True,True,0.05601128472222222,0,0.04396701388888889,4,0.04201388888888889,0,0,0
float16,fx-petals,1.5,True,True,0.05789930555555556,0,0.046332465277777776,4,0.04014756944444445,0,0,0
float16,fx-petals,2.1,True,True,0.05763888888888889,0,0.04945746527777778,4,0.04635416666666667,0,0,0
float16,fx-snowfall,0.3,False,False,1.6537543402777777,49,1.80625,56,2.0165581597222224,65,0,0
float16,fx-snowfall,0.9,False,False,1.7206814236111112,50,1.8592447916666666,57,2.0490017361111112,65,0,0
float16,fx-snowfall,1.5,False,False,1.6961371527777778,50,1.8611762152777778,56,2.061111111111111,65,0,0
float16,fx-snowfall,2.1,False,False,1.7080512152777778,50,1.8551649305555555,53,2.0619791666666667,58,0,0
float16,fx-sparkler,0.3,True,True,0.08830295138888888,8,0.088671875,4,0.09789496527777777,8,0,0
float16,fx-sparkler,0.9,True,True,0.09333767361111112,8,0.09424913194444444,4,0.09867621527777778,8,0,0
float16,fx-sparkler,1.5,True,True,0.09976128472222222,8,0.095703125,4,0.08483072916666666,8,0,0
float16,fx-sparkler,2.1,True,True,0.08793402777777778,8,0.09040798611111112,4,0.09887152777777777,8,0,0
float16,fx-pixelate,0.3,True,True,0.06866319444444445,0,0.07478298611111112,4,0.0759765625,0,0,0
float16,fx-pixelate,0.9,True,True,0.06555989583333334,0,0.07387152777777778,4,0.056640625,0,0,0
float16,fx-pixelate,1.5,True,True,0.07000868055555555,0,0.07287326388888889,4,0.062174479166666664,0,0,0
float16,fx-pixelate,2.1,True,True,0.0763888888888889,0,0.07256944444444445,4,0.06573350694444445,0,0,0
float16,fx-pixel-scan,0.3,True,True,0.07623697916666666,0,0.07771267361111112,4,0.08422309027777777,8,0,0
float16,fx-pixel-scan,0.9,True,True,0.07510850694444444,0,0.07515190972222222,4,0.08363715277777778,8,0,0
float16,fx-pixel-scan,1.5,True,True,0.07842881944444445,0,0.08079427083333333,4,0.0763888888888889,0,0,0
float16,fx-pixel-scan,2.1,True,True,0.08559027777777778,8,0.07352430555555556,4,0.07272135416666667,0,0,0
float16,fx-mosaic-pulse,0.3,True,True,0.07510850694444444,0,0.06638454861111111,4,0.0646484375,0,0,0
float16,fx-mosaic-pulse,0.9,True,True,0.06215277777777778,0,0.05900607638888889,4,0.05757378472222222,0,0,0
float16,fx-mosaic-pulse,1.5,True,True,0.05405815972222222,0,0.10855034722222222,4,0.06117621527777778,0,0,0
float16,fx-mosaic-pulse,2.1,False,False,1.6842447916666667,49,1.5165798611111112,40,1.3497612847222222,33,0,0
float16,fx-eight-bit,0.3,False,False,9.520073784722221,50,8.46017795138889,49,8.970811631944445,50,0,0
float16,fx-eight-bit,0.9,False,False,9.554622395833333,50,8.830620659722221,49,8.6943359375,50,0,0
float16,fx-eight-bit,1.5,False,False,9.526519097222222,50,8.982986111111112,49,8.528450520833333,50,0,0
float16,fx-eight-bit,2.1,False,False,9.474262152777778,50,8.5228515625,49,8.45236545138889,50,0,0
float16,fx-pixel-sort,0.3,True,True,0.16497395833333334,8,0.1590060763888889,4,0.16176215277777778,8,0,0
float16,fx-pixel-sort,0.9,True,True,0.18157552083333334,8,0.1703125,4,0.19016927083333332,8,0,0
float16,fx-pixel-sort,1.5,True,True,0.16631944444444444,8,0.14989149305555555,4,0.1711154513888889,8,0,0
float16,fx-pixel-sort,2.1,True,True,0.17196180555555557,8,0.15227864583333334,4,0.16458333333333333,8,0,0
float16,fx-pixel-breakdown,0.3,True,True,0.08778211805555555,0,0.07673611111111112,4,0.08109809027777778,0,0,0
float16,fx-pixel-breakdown,0.9,True,True,0.15963541666666667,8,0.17628038194444445,4,0.16089409722222223,8,0,0
float16,fx-pixel-breakdown,1.5,True,True,0.14461805555555557,8,0.1646484375,4,0.15010850694444444,8,0,0
float16,fx-pixel-breakdown,2.1,True,True,0.09963107638888889,0,0.09290364583333334,4,0.08956163194444444,0,0,0
float16,fx-beads,0.3,True,True,0.037890625,0,0.03869357638888889,0,0.03608940972222222,0,0,0
float16,fx-beads,0.9,True,True,0.04223090277777778,0,0.036328125,0,0.03641493055555556,0,0,0
float16,fx-beads,1.5,True,True,0.04576822916666667,0,0.039149305555555555,0,0.031640625,0,0,0
float16,fx-beads,2.1,True,True,0.043467881944444446,0,0.040690104166666664,4,0.03830295138888889,0,0,0
float16,fx-led-wall,0.3,True,True,0.06614583333333333,0,0.06983506944444444,4,0.07966579861111112,0,0,0
float16,fx-led-wall,0.9,True,True,0.07003038194444444,0,0.08023003472222222,4,0.07970920138888889,0,0,0
float16,fx-led-wall,1.5,True,True,0.0677734375,0,0.07981770833333333,4,0.07601996527777778,0,0,0
float16,fx-led-wall,2.1,True,True,0.07977430555555555,0,0.0744357638888889,4,0.07779947916666667,0,0,0
float16,fx-cross-stitch,0.3,True,True,0.041666666666666664,0,0.0408203125,4,0.034027777777777775,0,0,0
float16,fx-cross-stitch,0.9,True,True,0.04435763888888889,0,0.03802083333333333,0,0.0392578125,0,0,0
float16,fx-cross-stitch,1.5,True,True,0.038736979166666664,0,0.039561631944444446,0,0.037261284722222225,0,0,0
float16,fx-cross-stitch,2.1,True,True,0.04353298611111111,0,0.03767361111111111,0,0.03643663194444444,0,0,0
float16,fx-toy-bricks,0.3,True,True,0.09268663194444444,8,0.08049045138888888,4,0.06395399305555556,0,0,0
float16,fx-toy-bricks,0.9,True,True,0.08081597222222223,0,0.07955729166666667,4,0.07630208333333334,0,0,0
float16,fx-toy-bricks,1.5,True,True,0.07701822916666666,0,0.07717013888888889,4,0.0748046875,0,0,0
float16,fx-toy-bricks,2.1,True,True,0.08153211805555556,0,0.08428819444444445,4,0.06931423611111111,0,0,0
float16,fx-pixel-glitch,0.3,True,True,0.0560546875,0,0.059895833333333336,4,0.05503472222222222,0,0,0
float16,fx-pixel-glitch,0.9,True,True,0.06310763888888889,0,0.055924479166666666,4,0.055230034722222224,0,0,0
float16,fx-pixel-glitch,1.5,True,True,0.06247829861111111,0,0.060004340277777776,4,0.06278211805555556,0,0,0
float16,fx-pixel-glitch,2.1,True,True,0.06447482638888889,0,0.05405815972222222,4,0.057139756944444446,0,0,0
float16,fx-rgb-split,0.3,True,True,0.11180555555555556,8,0.06729600694444444,4,0.05674913194444445,0,0,0
float16,fx-rgb-split,0.9,True,True,0.1123046875,8,0.06864149305555556,4,0.06707899305555555,0,0,0
float16,fx-rgb-split,1.5,True,True,0.09123263888888888,8,0.07046440972222222,4,0.08606770833333334,8,0,0
float16,fx-rgb-split,2.1,True,True,0.09867621527777778,8,0.06729600694444444,4,0.05366753472222222,0,0,0
float16,fx-digital-blocks,0.3,True,True,0.037109375,0,0.03459201388888889,0,0.041558159722222224,0,0,0
float16,fx-digital-blocks,0.9,True,True,0.0396484375,0,0.03626302083333333,0,0.04576822916666667,0,0,0
float16,fx-digital-blocks,1.5,True,True,0.04453125,0,0.03526475694444445,0,0.044661458333333334,0,0,0
float16,fx-digital-blocks,2.1,True,True,0.04188368055555555,0,0.037890625,0,0.05017361111111111,0,0,0
float16,fx-vhs,0.3,False,False,4.5775390625,17,4.597677951388889,13,4.600629340277778,17,0,0
float16,fx-vhs,0.9,False,False,4.530837673611111,17,4.5427734375,13,4.565668402777778,17,0,0
float16,fx-vhs,1.5,False,False,4.545421006944444,17,4.549045138888889,13,4.541145833333333,17,0,0
float16,fx-vhs,2.1,False,False,4.5873046875,17,4.583854166666667,13,4.594986979166666,17,0,0
float16,fx-scanline-jitter,0.3,True,True,0.03745659722222222,0,0.032703993055555554,0,0.026692708333333332,0,0,0
float16,fx-scanline-jitter,0.9,True,True,0.037196180555555555,0,0.03435329861111111,0,0.03422309027777778,0,0,0
float16,fx-scanline-jitter,1.5,True,True,0.037934027777777775,0,0.028385416666666666,0,0.029036458333333334,0,0,0
float16,fx-scanline-jitter,2.1,True,True,0.028580729166666666,0,0.03044704861111111,0,0.034331597222222225,0,0,0
float16,fx-datamosh,0.3,True,True,0.08923611111111111,0,0.08289930555555555,4,0.08851996527777778,0,0,0
float16,fx-datamosh,0.9,True,True,0.07037760416666666,0,0.058984375,4,0.06664496527777777,0,0,0
float16,fx-datamosh,1.5,True,True,0.06566840277777777,0,0.05651041666666667,4,0.05553385416666667,0,0,0
float16,fx-datamosh,2.1,True,True,0.08598090277777778,0,0.07094184027777778,4,0.07350260416666667,0,0,0
float16,fx-signal-loss,0.3,True,True,0.0740234375,0,0.06948784722222222,4,0.07209201388888889,0,0,0
float16,fx-signal-loss,0.9,False,False,14.633051215277778,148,14.597005208333334,150,14.625889756944444,148,0,0
float16,fx-signal-loss,1.5,True,True,0.07291666666666667,0,0.07376302083333333,4,0.06879340277777778,0,0,0
float16,fx-signal-loss,2.1,False,False,7.2822265625,132,7.253428819444444,134,7.275303819444445,132,0,0
float16,fx-chroma-wave,0.3,True,True,0.14663628472222223,8,0.0984375,4,0.1458984375,8,0,0
float16,fx-chroma-wave,0.9,True,True,0.13875868055555557,8,0.09440104166666667,4,0.14114583333333333,8,0,0
float16,fx-chroma-wave,1.5,True,True,0.1521701388888889,8,0.09383680555555556,4,0.14778645833333334,8,0,0
float16,fx-chroma-wave,2.1,True,True,0.14711371527777778,8,0.09670138888888889,4,0.1527777777777778,8,0,0
float16,fx-bad-tv,0.3,False,False,7.225043402777778,25,7.261176215277778,21,7.261848958333333,25,0,0
float16,fx-bad-tv,0.9,False,False,7.167447916666666,25,7.187868923611111,21,7.170095486111111,25,0,0
float16,fx-bad-tv,1.5,False,False,7.186935763888889,25,7.218836805555555,21,7.2119140625,25,0,0
float16,fx-bad-tv,2.1,False,False,7.234700520833333,25,7.256987847222222,21,7.266796875,25,0,0
float16,fx-glitch-flash,0.3,True,True,0.04544270833333333,0,0.043467881944444446,4,0.04544270833333333,0,0,0
float16,fx-glitch-flash,0.9,True,True,0.07000868055555555,0,0.06729600694444444,4,0.07749565972222222,0,0,0
float16,fx-glitch-flash,1.5,True,True,0.045811631944444445,0,0.04021267361111111,0,0.045811631944444445,0,0,0
float16,fx-glitch-flash,2.1,True,True,0.04299045138888889,0,0.04210069444444445,4,0.04299045138888889,0,0,0
float16,fx-vhs-rewind,0.3,False,False,6.245377604166666,17,6.282183159722222,17,6.294813368055555,17,0,0
float16,fx-vhs-rewind,0.9,False,False,6.350716145833333,17,6.3864149305555555,17,6.3665581597222225,17,0,0
float16,fx-vhs-rewind,1.5,False,False,6.371180555555555,17,6.413042534722222,17,6.412521701388889,17,0,0
float16,fx-vhs-rewind,2.1,True,True,0.13719618055555555,8,0.12541232638888888,4,0.1283637152777778,8,0,0
float16,fx-film-8mm,0.3,False,False,10.42107204861111,33,10.482660590277778,29,10.47578125,33,0,0
float16,fx-film-8mm,0.9,False,False,11.293229166666666,33,11.375868055555555,32,11.374891493055555,33,0,0
float16,fx-film-8mm,1.5,False,False,11.180533854166667,33,11.264149305555556,32,11.1685546875,33,0,0
float16,fx-film-8mm,2.1,True,True,0.10551215277777778,8,0.09876302083333334,4,0.07918836805555556,0,0,0
float16,fx-old-tv,0.3,False,False,6.332139756944445,24,6.412890625,20,6.382921006944445,24,0,0
float16,fx-old-tv,0.9,False,False,6.4068793402777775,25,6.494075520833333,21,6.452712673611111,25,0,0
float16,fx-old-tv,1.5,False,False,6.4603515625,25,6.508224826388889,20,6.519986979166666,25,0,0
float16,fx-old-tv,2.1,True,True,0.05251736111111111,0,0.05271267361111111,4,0.05243055555555556,0,0,0
float16,fx-film-burn-leak,0.3,True,True,0.05245225694444444,0,0.042534722222222224,4,0.04307725694444445,0,0,0
float16,fx-film-burn-leak,0.9,True,True,0.05095486111111111,0,0.04765625,4,0.04077690972222222,0,0,0
float16,fx-film-burn-leak,1.5,True,True,0.04544270833333333,0,0.04809027777777778,4,0.03706597222222222,0,0,0
float16,fx-film-burn-leak,2.1,True,True,0.046961805555555555,0,0.04906684027777778,4,0.04327256944444444,0,0,0
float16,fx-faded-print,0.3,True,True,0.0599609375,0,0.06460503472222222,4,0.0673828125,0,0,0
float16,fx-faded-print,0.9,True,True,0.05774739583333333,0,0.06647135416666666,4,0.07044270833333334,0,0,0
float16,fx-faded-print,1.5,True,True,0.06315104166666667,0,0.06840277777777778,4,0.06931423611111111,0,0,0
float16,fx-faded-print,2.1,True,True,0.06124131944444444,0,0.06831597222222222,4,0.07065972222222222,0,0,0
float16,fx-seventies,0.3,False,False,4.778862847222222,17,5.036675347222222,16,5.0962890625,17,0,0
float16,fx-seventies,0.9,False,False,4.789301215277778,17,5.11328125,16,5.139431423611111,17,0,0
float16,fx-seventies,1.5,False,False,4.866927083333334,17,5.140625,16,5.207161458333333,17,0,0
float16,fx-seventies,2.1,True,True,0.05709635416666667,0,0.0556640625,4,0.04318576388888889,0,0,0
float16,fx-dust-scratches,0.3,True,True,0.09231770833333333,0,0.08752170138888889,4,0.09168836805555555,0,0,0
float16,fx-dust-scratches,0.9,True,True,0.07717013888888889,0,0.07495659722222223,4,0.081640625,0,0,0
float16,fx-dust-scratches,1.5,True,True,0.14401041666666667,0,0.14809027777777778,4,0.14429253472222223,0,0,0
float16,fx-dust-scratches,2.1,True,True,0.115234375,0,0.10538194444444444,4,0.10748697916666666,0,0,0
float16,fx-cmyk-print,0.3,False,False,0.5033203125,9,2.1125,45,2.108528645833333,49,0,0
float16,fx-cmyk-print,0.9,False,False,0.4964409722222222,9,2.096115451388889,45,2.1020833333333333,49,0,0
float16,fx-cmyk-print,1.5,False,False,0.4853515625,9,2.041796875,45,2.0939236111111112,42,0,0
float16,fx-cmyk-print,2.1,False,False,0.4988064236111111,9,2.078537326388889,45,2.069683159722222,42,0,0
float16,fx-sepia-flicker,0.3,True,True,0.0689453125,0,0.06338975694444444,4,0.0517578125,0,0,0
float16,fx-sepia-flicker,0.9,True,True,0.06041666666666667,0,0.062413194444444445,4,0.0505859375,0,0,0
float16,fx-sepia-flicker,1.5,True,True,0.08292100694444444,0,0.07133246527777778,4,0.0533203125,0,0,0
float16,fx-sepia-flicker,2.1,True,True,0.0771484375,0,0.07161458333333333,4,0.05904947916666667,0,0,0
float16,fx-tr-vertical-blur,0.3,True,True,0.0695529513888889,0,0.053385416666666664,4,0.06315104166666667,0,0,0
float16,fx-tr-vertical-blur,0.9,True,True,0.048741319444444445,0,0.049370659722222224,4,0.04440104166666667,0,0,0
float16,fx-tr-vertical-blur,1.5,True,True,0.03240017361111111,0,0.0390625,0,0.04375,0,0,0
float16,fx-tr-vertical-blur,2.1,True,True,0.03658854166666667,0,0.03910590277777778,0,0.04650607638888889,0,0,0
float16,fx-tr-slam-merge,0.3,True,True,0.11382378472222222,8,0.10147569444444444,4,0.08702256944444445,8,0,0
float16,fx-tr-slam-merge,0.9,True,True,0.12059461805555556,8,0.12369791666666667,4,0.08687065972222222,8,0,0
float16,fx-tr-slam-merge,1.5,True,True,0.11488715277777778,8,0.10659722222222222,4,0.1032986111111111,8,0,0
float16,fx-tr-slam-merge,2.1,True,True,0.11215277777777778,8,0.0953125,4,0.09739583333333333,8,0,0
float16,fx-tr-heat-flicks,0.3,True,True,0.02894965277777778,0,0.02328559027777778,0,0.018229166666666668,0,0,0
float16,fx-tr-heat-flicks,0.9,True,True,0.02829861111111111,0,0.030859375,0,0.028428819444444444,0,0,0
float16,fx-tr-heat-flicks,1.5,True,True,0.07024739583333334,0,0.05049913194444444,4,0.0431640625,0,0,0
float16,fx-tr-heat-flicks,2.1,True,True,0.039388020833333336,0,0.03404947916666667,0,0.04576822916666667,0,0,0
float16,fx-tr-glare,0.3,True,True,0.037934027777777775,0,0.036393229166666666,0,0.04533420138888889,0,0,0
float16,fx-tr-glare,0.9,True,True,0.02087673611111111,0,0.020052083333333335,0,0.022526041666666666,0,0,0
float16,fx-tr-glare,1.5,True,True,0.024891493055555554,0,0.023046875,0,0.01506076388888889,0,0,0
float16,fx-tr-glare,2.1,True,True,0.05047743055555556,0,0.03786892361111111,0,0.031727430555555554,0,0,0
float16,fx-tr-cutout-scan,0.3,True,True,0.06493055555555556,0,0.05768229166666667,4,0.06412760416666667,0,0,0
float16,fx-tr-cutout-scan,0.9,True,True,0.04526909722222222,0,0.04292534722222222,4,0.04186197916666667,0,0,0
float16,fx-tr-cutout-scan,1.5,True,True,0.0609375,0,0.05188802083333333,4,0.05807291666666667,0,0,0
float16,fx-tr-cutout-scan,2.1,True,True,0.10262586805555556,8,0.09967447916666666,4,0.09192708333333334,8,0,0
float16,fx-tr-fake-zoom,0.3,True,True,0.07046440972222222,0,0.06254340277777778,4,0.07632378472222222,0,0,0
float16,fx-tr-fake-zoom,0.9,True,True,0.0689453125,0,0.06245659722222222,4,0.0751953125,0,0,0
float16,fx-tr-fake-zoom,1.5,True,True,0.09147135416666667,8,0.08958333333333333,4,0.0884765625,8,0,0
float16,fx-tr-fake-zoom,2.1,True,True,0.08062065972222222,0,0.07545572916666667,4,0.08815104166666667,8,0,0
float16,fx-tr-zoom-swipe,0.3,True,True,0.061675347222222225,0,0.05464409722222222,4,0.04748263888888889,0,0,0
float16,fx-tr-zoom-swipe,0.9,True,True,0.05635850694444444,0,0.04765625,4,0.04177517361111111,0,0,0
float16,fx-tr-zoom-swipe,1.5,True,True,0.06304253472222222,0,0.06043836805555555,4,0.06304253472222222,0,0,0
float16,fx-tr-zoom-swipe,2.1,True,True,0.056488715277777775,0,0.05772569444444445,4,0.056488715277777775,0,0,0
float16,fx-tr-panel-clasp,0.3,True,True,0.09448784722222223,8,0.09819878472222222,4,0.09915364583333333,8,0,0
float16,fx-tr-panel-clasp,0.9,True,True,0.06315104166666667,0,0.0587890625,4,0.0568359375,0,0,0
float16,fx-tr-panel-clasp,1.5,True,True,0.03615451388888889,0,0.030794270833333335,0,0.03396267361111111,0,0,0
float16,fx-tr-panel-clasp,2.1,True,True,0.056098090277777776,0,0.05082465277777778,4,0.053168402777777776,0,0,0
float16,fx-tr-heatwave-flash,0.3,True,True,0.05080295138888889,0,0.0632595486111111,4,0.06440972222222222,0,0,0
float16,fx-tr-heatwave-flash,0.9,True,True,0.08157552083333333,8,0.09292534722222222,4,0.08138020833333333,0,0,0
float16,fx-tr-heatwave-flash,1.5,True,True,0.11788194444444444,8,0.11000434027777778,4,0.07914496527777778,0,0,0
float16,fx-tr-heatwave-flash,2.1,True,True,0.08993055555555556,8,0.08053385416666667,4,0.05310329861111111,0,0,0
float16,fx-tr-mix,0.3,True,True,0.036328125,0,0.03532986111111111,0,0.04431423611111111,0,0,0
float16,fx-tr-mix,0.9,True,True,0.03708767361111111,0,0.04474826388888889,4,0.04900173611111111,0,0,0
float16,fx-tr-mix,1.5,True,True,0.05486111111111111,0,0.04364149305555556,4,0.03589409722222222,0,0,0
float16,fx-tr-mix,2.1,True,True,0.04945746527777778,0,0.03526475694444445,0,0.02749565972222222,0,0,0
float16,fx-tr-black-fade,0.3,True,True,0.09737413194444444,8,0.09262152777777778,4,0.09010416666666667,8,0,0
float16,fx-tr-black-fade,0.9,True,True,0.0505859375,0,0.054296875,4,0.048676215277777775,0,0,0
float16,fx-tr-black-fade,1.5,True,True,0.0861328125,8,0.08413628472222222,4,0.09895833333333333,8,0,0
float16,fx-tr-black-fade,2.1,True,True,0.13541666666666666,8,0.13211805555555556,4,0.12881944444444443,8,0,0
float16,fx-tr-white-flash,0.3,True,True,0.10167100694444445,8,0.046397569444444446,4,0.0396484375,0,0,0
float16,fx-tr-white-flash,0.9,True,True,0.023741319444444443,0,0.028993055555555557,0,0.0326171875,0,0,0
float16,fx-tr-white-flash,1.5,True,True,0.04424913194444444,0,0.03871527777777778,0,0.044379340277777776,0,0,0
float16,fx-tr-white-flash,2.1,True,True,0.057421875,0,0.055577256944444445,4,0.0650390625,0,0,0
float16,fx-tr-blur,0.3,True,True,0.04924045138888889,0,0.04320746527777778,4,0.037261284722222225,0,0,0
float16,fx-tr-blur,0.9,True,True,0.04689670138888889,0,0.03875868055555556,0,0.03263888888888889,0,0,0
float16,fx-tr-blur,1.5,True,True,0.04685329861111111,0,0.03999565972222222,0,0.04685329861111111,0,0,0
float16,fx-tr-blur,2.1,True,True,0.04544270833333333,0,0.04505208333333333,4,0.04544270833333333,0,0,0
float16,fx-tr-blink,0.3,True,True,0.10062934027777778,8,0.10299479166666667,4,0.102734375,8,0,0
float16,fx-tr-blink,0.9,True,True,0.06384548611111111,0,0.06729600694444444,4,0.06668836805555556,0,0,0
float16,fx-tr-blink,1.5,True,True,0.02734375,0,0.033116319444444445,0,0.031011284722222223,0,0,0
float16,fx-tr-blink,2.1,True,True,0.057530381944444445,0,0.051280381944444446,4,0.05407986111111111,0,0,0
float16,fx-tr-pull-in,0.3,True,True,0.07573784722222222,0,0.08519965277777777,4,0.08213975694444445,0,0,0
float16,fx-tr-pull-in,0.9,True,True,0.07547743055555556,0,0.074609375,4,0.07376302083333333,0,0,0
float16,fx-tr-pull-in,1.5,True,True,0.083203125,8,0.07513020833333334,4,0.06319444444444444,0,0,0
float16,fx-tr-pull-in,2.1,True,True,0.10924479166666666,8,0.09518229166666667,4,0.0787109375,0,0,0
float16,fx-tr-pull-out,0.3,True,True,0.055512152777777775,0,0.054839409722222225,4,0.055512152777777775,0,0,0
float16,fx-tr-pull-out,0.9,True,True,0.05065104166666667,0,0.051106770833333336,4,0.05065104166666667,0,0,0
float16,fx-tr-pull-out,1.5,True,True,0.05583767361111111,0,0.03704427083333333,0,0.034613715277777776,0,0,0
float16,fx-tr-pull-out,2.1,True,True,0.04140625,0,0.035872395833333334,0,0.03411458333333333,0,0,0
float16,fx-tr-zoom-spin,0.3,True,True,0.07599826388888889,0,0.0779079861111111,4,0.07970920138888889,0,0,0
float16,fx-tr-zoom-spin,0.9,True,True,0.04487847222222222,0,0.05080295138888889,4,0.05108506944444444,0,0,0
float16,fx-tr-zoom-spin,1.5,True,True,0.06041666666666667,0,0.05290798611111111,4,0.05603298611111111,0,0,0
float16,fx-tr-zoom-spin,2.1,True,True,0.05842013888888889,0,0.05950520833333333,4,0.06545138888888889,0,0,0
float16,fx-tr-rotate-cw,0.3,True,True,0.111328125,8,0.10245225694444444,4,0.08042534722222222,0,0,0
float16,fx-tr-rotate-cw,0.9,True,True,0.07999131944444444,0,0.07269965277777778,4,0.06052517361111111,0,0,0
float16,fx-tr-rotate-cw,1.5,True,True,0.06189236111111111,0,0.055924479166666666,4,0.05423177083333333,0,0,0
float16,fx-tr-rotate-cw,2.1,True,True,0.09813368055555556,8,0.08912760416666667,4,0.09207899305555556,8,0,0
float16,fx-tr-rotate-ccw,0.3,True,True,0.04663628472222222,0,0.03865017361111111,0,0.03181423611111111,0,0,0
float16,fx-tr-rotate-ccw,0.9,True,True,0.06048177083333333,0,0.03582899305555556,0,0.03728298611111111,0,0,0
float16,fx-tr-rotate-ccw,1.5,True,True,0.036783854166666664,0,0.03947482638888889,0,0.0443359375,0,0,0
float16,fx-tr-rotate-ccw,2.1,True,True,0.05974392361111111,0,0.05310329861111111,4,0.06519097222222223,0,0,0
float16,fx-tr-shake,0.3,True,True,0.04279513888888889,0,0.03865017361111111,0,0.04767795138888889,0,0,0
float16,fx-tr-shake,0.9,True,True,0.05726996527777778,0,0.07664930555555556,4,0.07628038194444445,0,0,0
float16,fx-tr-shake,1.5,True,True,0.07530381944444445,0,0.05807291666666667,4,0.047591145833333334,0,0,0
float16,fx-tr-shake,2.1,True,True,0.06434461805555555,0,0.050238715277777776,4,0.04583333333333333,0,0,0
float16,fx-tr-whip-left,0.3,True,True,0.10060763888888889,8,0.09236111111111112,4,0.095703125,8,0,0
float16,fx-tr-whip-left,0.9,True,True,0.06477864583333333,0,0.05824652777777778,4,0.05865885416666667,0,0,0
float16,fx-tr-whip-left,1.5,True,True,0.0779079861111111,0,0.0845703125,4,0.08203125,0,0,0
float16,fx-tr-whip-left,2.1,True,True,0.1418185763888889,8,0.137109375,4,0.14290364583333334,8,0,0
float16,fx-tr-whip-right,0.3,True,True,0.05470920138888889,0,0.06360677083333334,4,0.10073784722222222,8,0,0
float16,fx-tr-whip-right,0.9,True,True,0.046614583333333334,0,0.03786892361111111,0,0.04027777777777778,0,0,0
float16,fx-tr-whip-right,1.5,True,True,0.07039930555555556,0,0.054427083333333334,4,0.05831163194444444,0,0,0
float16,fx-tr-whip-right,2.1,True,True,0.07165798611111111,0,0.08229166666666667,4,0.07842881944444445,0,0,0
float16,fx-tr-whip-up,0.3,True,True,0.09279513888888889,8,0.05084635416666667,4,0.04978298611111111,0,0,0
float16,fx-tr-whip-up,0.9,True,True,0.0578125,0,0.05555555555555555,4,0.04008246527777778,0,0,0
float16,fx-tr-whip-up,1.5,True,True,0.04468315972222222,0,0.04845920138888889,4,0.04468315972222222,0,0,0
float16,fx-tr-whip-up,2.1,True,True,0.06176215277777778,0,0.06705729166666667,4,0.06176215277777778,0,0,0
float16,fx-tr-whip-down,0.3,True,True,0.13233506944444445,8,0.1294487847222222,4,0.1236328125,8,0,0
float16,fx-tr-whip-down,0.9,True,True,0.06525607638888889,0,0.06332465277777778,4,0.06694878472222222,0,0,0
float16,fx-tr-whip-down,1.5,True,True,0.055121527777777776,0,0.05095486111111111,4,0.04552951388888889,0,0,0
float16,fx-tr-whip-down,2.1,True,True,0.09509548611111111,8,0.07037760416666666,4,0.09266493055555555,8,0,0
float16,fx-tr-slide-left,0.3,True,True,0.11380208333333333,8,0.12973090277777777,4,0.09813368055555556,8,0,0
float16,fx-tr-slide-left,0.9,True,True,0.090234375,8,0.08352864583333333,4,0.0710720486111111,0,0,0
float16,fx-tr-slide-left,1.5,True,True,0.07799479166666666,0,0.08428819444444445,4,0.07641059027777777,0,0,0
float16,fx-tr-slide-left,2.1,True,True,0.13272569444444443,8,0.12504340277777778,4,0.07855902777777778,0,0,0
float16,fx-tr-slide-right,0.3,True,True,0.07502170138888889,0,0.09370659722222222,4,0.07502170138888889,0,0,0
float16,fx-tr-slide-right,0.9,True,True,0.06356336805555556,0,0.06362847222222222,4,0.06356336805555556,0,0,0
float16,fx-tr-slide-right,1.5,True,True,0.05466579861111111,0,0.04049479166666667,0,0.03279079861111111,0,0,0
float16,fx-tr-slide-right,2.1,True,True,0.066015625,0,0.04806857638888889,4,0.04175347222222222,0,0,0
float16,fx-tr-slide-up,0.3,True,True,0.10475260416666667,8,0.10121527777777778,4,0.10405815972222222,8,0,0
float16,fx-tr-slide-up,0.9,True,True,0.0685546875,0,0.06315104166666667,4,0.06317274305555555,0,0,0
float16,fx-tr-slide-up,1.5,True,True,0.03893229166666667,0,0.027300347222222222,0,0.030837673611111113,0,0,0
float16,fx-tr-slide-up,2.1,True,True,0.06393229166666667,0,0.06462673611111111,4,0.07454427083333333,0,0,0
float16,fx-tr-slide-down,0.3,True,True,0.09342447916666667,8,0.07777777777777778,4,0.06471354166666667,0,0,0
float16,fx-tr-slide-down,0.9,True,True,0.06727430555555555,0,0.05108506944444444,4,0.04388020833333333,0,0,0
float16,fx-tr-slide-down,1.5,True,True,0.09246961805555555,8,0.08765190972222223,4,0.0921875,8,0,0
float16,fx-tr-slide-down,2.1,True,True,0.10694444444444444,8,0.09921875,4,0.09657118055555555,8,0,0
float16,fx-tr-squeeze,0.3,True,True,0.040863715277777775,0,0.034830729166666664,0,0.031336805555555555,0,0,0
float16,fx-tr-squeeze,0.9,True,True,0.03372395833333333,0,0.028732638888888887,0,0.027842881944444446,0,0,0
float16,fx-tr-squeeze,1.5,True,True,0.03526475694444445,0,0.03812934027777778,0,0.041276041666666666,0,0,0
float16,fx-tr-squeeze,2.1,True,True,0.06443142361111111,0,0.05475260416666667,4,0.0615234375,0,0,0
float16,fx-tr-circle,0.3,True,True,0.036328125,0,0.03532986111111111,0,0.04431423611111111,0,0,0
float16,fx-tr-circle,0.9,True,True,0.03732638888888889,0,0.03875868055555556,0,0.04789496527777778,0,0,0
float16,fx-tr-circle,1.5,True,True,0.04982638888888889,0,0.04136284722222222,4,0.031749131944444446,0,0,0
float16,fx-tr-circle,2.1,True,True,0.04945746527777778,0,0.03517795138888889,0,0.02749565972222222,0,0,0
float16,fx-tr-heart,0.3,True,True,0.06338975694444444,0,0.054600694444444445,4,0.06156684027777778,0,0,0
float16,fx-tr-heart,0.9,True,True,0.054253472222222224,0,0.04255642361111111,4,0.044097222222222225,0,0,0
float16,fx-tr-heart,1.5,True,True,0.07365451388888888,0,0.06608072916666667,4,0.07356770833333333,0,0,0
float16,fx-tr-heart,2.1,True,True,0.09470486111111111,8,0.09422743055555556,4,0.09301215277777777,8,0,0
float16,fx-tr-star,0.3,True,True,0.034331597222222225,0,0.0328125,0,0.03819444444444445,0,0,0
float16,fx-tr-star,0.9,True,True,0.0384765625,0,0.03430989583333333,0,0.04103732638888889,0,0,0
float16,fx-tr-star,1.5,True,True,0.05635850694444444,0,0.05700954861111111,4,0.060004340277777776,0,0,0
float16,fx-tr-star,2.1,True,True,0.05577256944444445,0,0.0541015625,4,0.06221788194444444,0,0,0
float16,fx-tr-diamond,0.3,True,True,0.043511284722222224,0,0.03732638888888889,0,0.034440104166666666,0,0,0
float16,fx-tr-diamond,0.9,True,True,0.048111979166666666,0,0.0421875,4,0.029383680555555555,0,0,0
float16,fx-tr-diamond,1.5,True,True,0.045811631944444445,0,0.04021267361111111,0,0.045811631944444445,0,0,0
float16,fx-tr-diamond,2.1,True,True,0.04299045138888889,0,0.04210069444444445,4,0.04299045138888889,0,0,0
float16,fx-tr-clock,0.3,True,True,0.09448784722222223,8,0.09826388888888889,4,0.09898003472222222,8,0,0
float16,fx-tr-clock,0.9,True,True,0.06553819444444445,0,0.06043836805555555,4,0.062413194444444445,0,0,0
float16,fx-tr-clock,1.5,True,True,0.03611111111111111,0,0.03519965277777778,0,0.037825520833333334,0,0,0
float16,fx-tr-clock,2.1,True,True,0.056098090277777776,0,0.05056423611111111,4,0.053168402777777776,0,0,0
float16,fx-tr-blinds,0.3,True,True,0.04778645833333333,0,0.06013454861111111,4,0.06134982638888889,0,0,0
float16,fx-tr-blinds,0.9,True,True,0.034657118055555554,0,0.036566840277777776,0,0.03832465277777778,0,0,0
float16,fx-tr-blinds,1.5,True,True,0.05036892361111111,0,0.047764756944444445,4,0.03422309027777778,0,0,0
float16,fx-tr-blinds,2.1,True,True,0.07957899305555556,0,0.06729600694444444,4,0.045811631944444445,0,0,0
float16,fx-tr-doors,0.3,True,True,0.04544270833333333,0,0.043467881944444446,4,0.04544270833333333,0,0,0
float16,fx-tr-doors,0.9,True,True,0.03064236111111111,0,0.03090277777777778,0,0.03064236111111111,0,0,0
float16,fx-tr-doors,1.5,True,True,0.021809895833333332,0,0.0171875,0,0.018663194444444444,0,0,0
float16,fx-tr-doors,2.1,True,True,0.02947048611111111,0,0.02282986111111111,0,0.022894965277777776,0,0,0
float16,fx-tr-glitch,0.3,True,True,0.07111545138888889,0,0.05473090277777778,4,0.0669921875,0,0,0
float16,fx-tr-glitch,0.9,True,True,0.09055989583333333,8,0.05935329861111111,4,0.07411024305555555,0,0,0
float16,fx-tr-glitch,1.5,True,True,0.07630208333333334,0,0.053233506944444446,4,0.06015625,0,0,0
float16,fx-tr-glitch,2.1,True,True,0.038628472222222224,0,0.04787326388888889,4,0.05842013888888889,0,0,0
float16,fx-tr-rgb-split,0.3,True,True,0.10529513888888889,8,0.0673828125,4,0.07571614583333333,0,0,0
float16,fx-tr-rgb-split,0.9,True,True,0.13919270833333333,8,0.07719184027777778,4,0.09850260416666666,8,0,0
float16,fx-tr-rgb-split,1.5,True,True,0.11030815972222222,8,0.0881076388888889,4,0.09722222222222222,8,0,0
float16,fx-tr-rgb-split,2.1,True,True,0.11623263888888889,8,0.05212673611111111,4,0.094140625,8,0,0
float16,fx-tr-pixelate,0.3,True,True,0.0443359375,0,0.04798177083333333,4,0.042317708333333336,0,0,0
float16,fx-tr-pixelate,0.9,True,True,0.051909722222222225,0,0.05473090277777778,4,0.044422743055555554,0,0,0
float16,fx-tr-pixelate,1.5,True,True,0.07630208333333334,0,0.05835503472222222,4,0.07747395833333333,0,0,0
float16,fx-tr-pixelate,2.1,True,True,0.06892361111111112,0,0.06180555555555556,4,0.06671006944444445,0,0,0
float16,fx-tr-swirl,0.3,True,True,0.06371527777777777,0,0.06888020833333333,4,0.07120225694444444,0,0,0
float16,fx-tr-swirl,0.9,True,True,0.05577256944444445,0,0.0652126736111111,4,0.07588975694444444,0,0,0
float16,fx-tr-swirl,1.5,True,True,0.07196180555555555,0,0.060069444444444446,4,0.05822482638888889,0,0,0
float16,fx-tr-swirl,2.1,True,True,0.06948784722222222,0,0.05883246527777778,4,0.062022569444444446,0,0,0
float16,fx-tr-ripple,0.3,True,True,0.08697916666666666,8,0.07897135416666666,4,0.08016493055555556,0,0,0
float16,fx-tr-ripple,0.9,True,True,0.09290364583333334,8,0.09125434027777778,4,0.09010416666666667,8,0,0
float16,fx-tr-ripple,1.5,True,True,0.14461805555555557,8,0.14796006944444445,4,0.15390625,8,0,0
float16,fx-tr-ripple,2.1,True,True,0.1420355902777778,8,0.13960503472222222,4,0.1437282986111111,8,0,0
float16,fx-tr-flare,0.3,True,True,0.07684461805555555,0,0.03361545138888889,0,0.03819444444444445,0,0,0
float16,fx-tr-flare,0.9,False,True,0.03422309027777778,0,0.03619791666666667,0,0.049262152777777776,0,0,0
float16,fx-tr-flare,1.5,True,True,0.040364583333333336,0,0.043120659722222225,4,0.047591145833333334,0,0,0
float16,fx-tr-flare,2.1,True,True,0.05740017361111111,0,0.0548828125,4,0.06256510416666666,0,0,0
float16,fx-tr-film-burn,0.3,True,True,0.043511284722222224,0,0.03732638888888889,0,0.034440104166666666,0,0,0
float16,fx-tr-film-burn,0.9,True,True,0.03274739583333333,0,0.03125,0,0.024370659722222222,0,0,0
float16,fx-tr-film-burn,1.5,True,True,0.04396701388888889,0,0.035069444444444445,0,0.03357204861111111,0,0,0
float16,fx-tr-film-burn,2.1,True,True,0.04299045138888889,0,0.04210069444444445,4,0.04299045138888889,0,0,0
float16,fx-tr-kaleido,0.3,True,True,0.09448784722222223,8,0.09887152777777777,4,0.09950086805555555,8,0,0
float16,fx-tr-kaleido,0.9,True,True,0.1525173611111111,8,0.15826822916666666,4,0.15887586805555556,8,0,0
float16,fx-tr-kaleido,1.5,True,True,0.08031684027777777,0,0.0754123263888889,4,0.06447482638888889,0,0,0
float16,fx-tr-kaleido,2.1,True,True,0.056098090277777776,0,0.050933159722222225,4,0.053168402777777776,0,0,0
float16,fx-tr-flash-zoom,0.3,True,True,0.0607421875,0,0.07296006944444444,4,0.07391493055555555,0,0,0
float16,fx-tr-flash-zoom,0.9,True,True,0.09149305555555555,8,0.09377170138888889,4,0.09123263888888888,8,0,0
float16,fx-tr-flash-zoom,1.5,True,True,0.11729600694444445,8,0.10099826388888888,4,0.08561197916666667,8,0,0
float16,fx-tr-flash-zoom,2.1,True,True,0.10989583333333333,8,0.09928385416666667,4,0.08159722222222222,0,0,0
float16,fx-tr-stripes,0.3,True,True,0.04526909722222222,0,0.04338107638888889,4,0.04526909722222222,0,0,0
float16,fx-tr-stripes,0.9,True,True,0.030967881944444445,0,0.028754340277777776,0,0.030967881944444445,0,0,0
float16,fx-tr-stripes,1.5,True,True,0.024088541666666668,0,0.01694878472222222,0,0.017144097222222224,0,0,0
float16,fx-tr-stripes,2.1,True,True,0.02947048611111111,0,0.022743055555555555,0,0.022547743055555555,0,0,0
float16,fx-ov-glitter-rain,0.3,True,True,0.11629774305555556,8,0.09943576388888889,4,0.10837673611111111,8,0,0
float16,fx-ov-glitter-rain,0.9,True,True,0.11521267361111111,8,0.10258246527777778,4,0.10900607638888889,8,0,0
float16,fx-ov-glitter-rain,1.5,True,True,0.1166015625,8,0.10444878472222222,4,0.11512586805555555,8,0,0
float16,fx-ov-glitter-rain,2.1,True,True,0.1027560763888889,8,0.09867621527777778,4,0.11729600694444445,8,0,0
float16,fx-ov-gold-dust,0.3,True,True,0.032769097222222224,0,0.027473958333333333,0,0.028624131944444443,0,0,0
float16,fx-ov-gold-dust,0.9,True,True,0.03441840277777778,0,0.0267578125,0,0.02575954861111111,0,0,0
float16,fx-ov-gold-dust,1.5,True,True,0.032725694444444446,0,0.022048611111111113,0,0.027647569444444443,0,0,0
float16,fx-ov-gold-dust,2.1,True,True,0.030230034722222222,0,0.027256944444444445,0,0.03257378472222222,0,0,0
float16,fx-ov-bokeh-gold,0.3,True,True,0.05112847222222222,0,0.0419921875,4,0.03491753472222222,0,0,0
float16,fx-ov-bokeh-gold,0.9,True,True,0.051171875,0,0.043120659722222225,4,0.035698784722222224,0,0,0
float16,fx-ov-bokeh-gold,1.5,True,True,0.045811631944444445,0,0.039605034722222224,0,0.03739149305555556,0,0,0
float16,fx-ov-bokeh-gold,2.1,True,True,0.05115017361111111,0,0.043120659722222225,4,0.03795572916666667,0,0,0
float16,fx-ov-bokeh-pink,0.3,True,True,0.041514756944444446,0,0.0216796875,0,0.04479166666666667,0,0,0
float16,fx-ov-bokeh-pink,0.9,True,True,0.044097222222222225,0,0.02361111111111111,0,0.04544270833333333,0,0,0
float16,fx-ov-bokeh-pink,1.5,True,True,0.03934461805555556,0,0.023524305555555555,0,0.03682725694444444,0,0,0
float16,fx-ov-bokeh-pink,2.1,True,True,0.04197048611111111,0,0.023350694444444445,0,0.04372829861111111,0,0,0
float16,fx-ov-sparks,0.3,True,True,0.035698784722222224,0,0.040538194444444446,0,0.03882378472222222,0,0,0
float16,fx-ov-sparks,0.9,True,True,0.04680989583333333,0,0.04774305555555555,4,0.04066840277777778,0,0,0
float16,fx-ov-sparks,1.5,True,True,0.04917534722222222,0,0.04537760416666667,4,0.0427734375,0,0,0
float16,fx-ov-sparks,2.1,True,True,0.054210069444444446,0,0.052821180555555555,4,0.045421006944444446,0,0,0
float16,fx-ov-embers,0.3,True,True,0.10193142361111111,8,0.09051649305555555,4,0.07161458333333333,0,0,0
float16,fx-ov-embers,0.9,True,True,0.10104166666666667,8,0.08467881944444444,4,0.07907986111111111,0,0,0
float16,fx-ov-embers,1.5,True,True,0.09322916666666667,8,0.08626302083333333,4,0.07157118055555556,0,0,0
float16,fx-ov-embers,2.1,True,True,0.08509114583333334,8,0.0866970486111111,4,0.07701822916666666,0,0,0
float16,fx-ov-smoke,0.3,True,True,0.04869791666666667,0,0.03832465277777778,0,0.04333767361111111,0,0,0
float16,fx-ov-smoke,0.9,True,True,0.04490017361111111,0,0.04177517361111111,4,0.043619791666666664,0,0,0
float16,fx-ov-smoke,1.5,True,True,0.04286024305555555,0,0.042317708333333336,4,0.0400390625,0,0,0
float16,fx-ov-smoke,2.1,True,True,0.0427734375,0,0.04396701388888889,4,0.04698350694444445,0,0,0
float16,fx-ov-fog-white,0.3,True,True,0.04201388888888889,0,0.04756944444444444,4,0.04294704861111111,0,0,0
float16,fx-ov-fog-white,0.9,True,True,0.04884982638888889,0,0.04544270833333333,4,0.049609375,0,0,0
float16,fx-ov-fog-white,1.5,True,True,0.050130208333333336,0,0.04366319444444444,4,0.049262152777777776,0,0,0
float16,fx-ov-fog-white,2.1,True,True,0.04516059027777778,0,0.044032118055555555,4,0.044487847222222224,0,0,0
float16,fx-ov-neon-ring,0.3,True,True,0.020985243055555554,0,0.023003472222222224,0,0.02131076388888889,0,0,0
float16,fx-ov-neon-ring,0.9,True,True,0.020182291666666668,0,0.024370659722222222,0,0.017990451388888887,0,0,0
float16,fx-ov-neon-ring,1.5,True,True,0.0208984375,0,0.023307291666666667,0,0.018033854166666665,0,0,0
float16,fx-ov-neon-ring,2.1,True,True,0.02033420138888889,0,0.021614583333333333,0,0.020920138888888887,0,0,0
float16,fx-ov-neon-hearts,0.3,True,True,0.022395833333333334,0,0.021180555555555557,0,0.018815104166666666,0,0,0
float16,fx-ov-neon-hearts,0.9,True,True,0.017144097222222224,0,0.022200520833333334,0,0.01955295138888889,0,0,0
float16,fx-ov-neon-hearts,1.5,True,True,0.0123046875,0,0.021592881944444444,0,0.022743055555555555,0,0,0
float16,fx-ov-neon-hearts,2.1,True,True,0.015125868055555556,0,0.019140625,0,0.021701388888888888,0,0,0
float16,fx-ov-galaxy,0.3,True,True,0.04262152777777778,0,0.035004340277777775,0,0.03454861111111111,0,0,0
float16,fx-ov-galaxy,0.9,True,True,0.04112413194444445,0,0.031141493055555556,0,0.037196180555555555,0,0,0
float16,fx-ov-galaxy,1.5,True,True,0.043467881944444446,0,0.03142361111111111,0,0.03446180555555556,0,0,0
float16,fx-ov-galaxy,2.1,True,True,0.04201388888888889,0,0.02990451388888889,0,0.043294270833333336,0,0,0
float16,fx-ov-fireflies,0.3,True,True,0.04555121527777778,0,0.045073784722222225,4,0.046549479166666664,0,0,0
float16,fx-ov-fireflies,0.9,True,True,0.046375868055555554,0,0.047200520833333336,4,0.04602864583333333,0,0,0
float16,fx-ov-fireflies,1.5,True,True,0.05060763888888889,0,0.046397569444444446,4,0.04782986111111111,0,0,0
float16,fx-ov-fireflies,2.1,True,True,0.04715711805555556,0,0.04791666666666667,4,0.046440972222222224,0,0,0
float16,fx-ov-magic-dust,0.3,True,True,0.03400607638888889,0,0.02035590277777778,0,0.03361545138888889,0,0,0
float16,fx-ov-magic-dust,0.9,True,True,0.04079861111111111,0,0.02052951388888889,0,0.04027777777777778,0,0,0
float16,fx-ov-magic-dust,1.5,True,True,0.03830295138888889,0,0.021983506944444446,0,0.030381944444444444,0,0,0
float16,fx-ov-magic-dust,2.1,True,True,0.03786892361111111,0,0.021397569444444445,0,0.039561631944444446,0,0,0
float16,fx-ov-swirl,0.3,True,True,0.026584201388888888,0,0.024479166666666666,0,0.0177734375,0,0,0
float16,fx-ov-swirl,0.9,True,True,0.027256944444444445,0,0.022395833333333334,0,0.023155381944444445,0,0,0
float16,fx-ov-swirl,1.5,True,True,0.025086805555555557,0,0.022960069444444446,0,0.020594618055555555,0,0,0
float16,fx-ov-swirl,2.1,True,True,0.027430555555555555,0,0.0193359375,0,0.022699652777777777,0,0,0
float16,fx-ov-sparkle-white,0.3,True,True,0.0705078125,0,0.05792100694444444,4,0.05685763888888889,0,0,0
float16,fx-ov-sparkle-white,0.9,True,True,0.07458767361111111,0,0.05824652777777778,4,0.057074652777777776,0,0,0
float16,fx-ov-sparkle-white,1.5,True,True,0.07174479166666667,0,0.064453125,4,0.06473524305555556,0,0,0
float16,fx-ov-sparkle-white,2.1,True,True,0.08064236111111112,0,0.059418402777777775,4,0.06048177083333333,0,0,0
float16,fx-ov-glitter,0.3,True,True,0.06799045138888889,0,0.052821180555555555,4,0.046875,0,0,0
float16,fx-ov-glitter,0.9,True,True,0.07115885416666666,0,0.05295138888888889,4,0.049153645833333336,0,0,0
float16,fx-ov-glitter,1.5,True,True,0.07191840277777778,0,0.05206163194444444,4,0.051280381944444446,0,0,0
float16,fx-ov-glitter,2.1,True,True,0.06636284722222222,0,0.05529513888888889,4,0.05180121527777778,0,0,0
float16,fx-ov-hearts-pink,0.3,False,False,1.6617838541666667,58,0.42571614583333334,12,1.0305555555555554,41,0,0
float16,fx-ov-hearts-pink,0.9,False,False,1.9763237847222221,90,0.4786241319444444,16,1.2631944444444445,74,0,0
float16,fx-ov-hearts-pink,1.5,False,False,1.6848307291666667,49,0.5102864583333333,20,1.2332465277777778,66,0,0
float16,fx-ov-hearts-pink,2.1,False,False,0.9562717013888888,33,0.4651909722222222,16,0.9935329861111111,57,0,0
float16,fx-ov-stars,0.3,True,True,0.07434895833333334,0,0.0691189236111111,0,0.062065972222222224,0,0,0
float16,fx-ov-stars,0.9,True,True,0.059071180555555554,0,0.05559895833333333,0,0.05505642361111111,0,0,0
float16,fx-ov-stars,1.5,True,True,0.06998697916666667,0,0.06901041666666667,0,0.065625,0,0,0
float16,fx-ov-stars,2.1,True,True,0.0890625,0,0.08530815972222222,0,0.08315972222222222,0,0,0
float16,fx-ov-confetti,0.3,True,True,0.07371961805555556,0,0.06664496527777777,4,0.05171440972222222,0,0,0
float16,fx-ov-confetti,0.9,True,True,0.08235677083333333,0,0.06388888888888888,4,0.05486111111111111,0,0,0
float16,fx-ov-confetti,1.5,True,True,0.078125,0,0.06432291666666666,4,0.047699652777777775,0,0,0
float16,fx-ov-confetti,2.1,True,True,0.07194010416666667,0,0.06803385416666667,4,0.053450520833333334,0,0,0
float16,fx-ov-snow,0.3,True,True,0.03009982638888889,0,0.025868055555555554,0,0.018424479166666667,0,0,0
float16,fx-ov-snow,0.9,True,True,0.03556857638888889,0,0.02931857638888889,0,0.02717013888888889,0,0,0
float16,fx-ov-snow,1.5,True,True,0.03630642361111111,0,0.02847222222222222,0,0.026909722222222224,0,0,0
float16,fx-ov-snow,2.1,True,True,0.03253038194444444,0,0.025130208333333334,0,0.025065104166666668,0,0,0
float16,fx-ov-rain,0.3,True,True,0.10640190972222222,8,0.10828993055555555,4,0.10128038194444444,8,0,0
float16,fx-ov-rain,0.9,True,True,0.10412326388888889,8,0.11245659722222222,4,0.10368923611111111,8,0,0
float16,fx-ov-rain,1.5,True,True,0.10082465277777777,8,0.10607638888888889,4,0.10640190972222222,8,0,0
float16,fx-ov-rain,2.1,True,True,0.1066623263888889,8,0.10750868055555556,4,0.10336371527777778,8,0,0
float16,fx-ov-bubbles,0.3,True,True,0.03025173611111111,0,0.017513020833333334,0,0.03359375,0,0,0
float16,fx-ov-bubbles,0.9,True,True,0.03263888888888889,0,0.020594618055555555,0,0.03441840277777778,0,0,0
float16,fx-ov-bubbles,1.5,True,True,0.030512152777777777,0,0.0201171875,0,0.025499131944444444,0,0,0
float16,fx-ov-bubbles,2.1,True,True,0.02599826388888889,0,0.018467881944444445,0,0.03430989583333333,0,0,0
float16,fx-ov-leak-warm,0.3,True,True,0.06460503472222222,0,0.06193576388888889,4,0.05952690972222222,0,0,0
float16,fx-ov-leak-warm,0.9,True,True,0.06293402777777778,0,0.060221354166666664,4,0.06330295138888889,0,0,0
float16,fx-ov-leak-warm,1.5,True,True,0.06538628472222222,0,0.06065538194444445,4,0.05766059027777778,0,0,0
float16,fx-ov-leak-warm,2.1,True,True,0.05835503472222222,0,0.05755208333333333,4,0.05759548611111111,0,0,0
float16,fx-ov-leak-pink,0.3,True,True,0.08211805555555556,0,0.10171440972222222,4,0.09281684027777778,8,0,0
float16,fx-ov-leak-pink,0.9,True,True,0.08582899305555555,8,0.09778645833333334,4,0.08161892361111112,0,0,0
float16,fx-ov-leak-pink,1.5,True,True,0.07827690972222222,0,0.09468315972222222,4,0.08424479166666667,8,0,0
float16,fx-ov-leak-pink,2.1,True,True,0.07322048611111111,0,0.09099392361111111,4,0.07862413194444444,0,0,0
float16,fx-ov-leak-blue,0.3,True,True,0.04789496527777778,0,0.0447265625,4,0.04131944444444444,0,0,0
float16,fx-ov-leak-blue,0.9,True,True,0.048111979166666666,0,0.046723090277777775,4,0.04481336805555555,0,0,0
float16,fx-ov-leak-blue,1.5,True,True,0.05177951388888889,0,0.04618055555555556,4,0.04858940972222222,0,0,0
float16,fx-ov-leak-blue,2.1,True,True,0.05173611111111111,0,0.0396484375,0,0.0380859375,0,0,0
float16,fx-ov-light-streaks,0.3,False,False,2.839474826388889,74,3.636740451388889,98,4.562413194444445,132,0,0
float16,fx-ov-light-streaks,0.9,False,False,1.5823350694444445,33,2.4340928819444443,61,3.3461588541666667,83,0,0
float16,fx-ov-light-streaks,1.5,False,False,3.6182074652777776,90,5.003537326388889,122,6.4338975694444445,164,0,0
float16,fx-ov-light-streaks,2.1,False,False,4.348111979166666,107,5.730750868055556,134,7.192925347222222,173,0,0
float16,fx-ov-stage-lights,0.3,True,True,0.023372395833333334,0,0.024826388888888887,0,0.018077256944444446,0,0,0
float16,fx-ov-stage-lights,0.9,True,True,0.025629340277777777,0,0.02358940972222222,0,0.021245659722222223,0,0,0
float16,fx-ov-stage-lights,1.5,True,True,0.022178819444444445,0,0.020269097222222223,0,0.0203125,0,0,0
float16,fx-ov-stage-lights,2.1,True,True,0.025325520833333334,0,0.019270833333333334,0,0.022265625,0,0,0
float16,fx-ov-prism-flare,0.3,True,True,0.07387152777777778,0,0.07003038194444444,4,0.05447048611111111,0,0,0
float16,fx-ov-prism-flare,0.9,True,True,0.08628472222222222,8,0.07230902777777778,4,0.06247829861111111,0,0,0
float16,fx-ov-prism-flare,1.5,True,True,0.0802734375,0,0.06497395833333333,4,0.05021701388888889,0,0,0
float16,fx-ov-prism-flare,2.1,True,True,0.08057725694444444,0,0.07432725694444445,4,0.05876736111111111,0,0,0
float16,fx-ov-flare-gold,0.3,True,True,0.09186197916666666,8,0.09138454861111112,4,0.07078993055555556,0,0,0
float16,fx-ov-flare-gold,0.9,True,True,0.10798611111111112,8,0.08700086805555556,4,0.07923177083333334,0,0,0
float16,fx-ov-flare-gold,1.5,True,True,0.09837239583333333,8,0.08415798611111111,4,0.06701388888888889,0,0,0
float16,fx-ov-flare-gold,2.1,True,True,0.09064670138888889,8,0.08161892361111112,4,0.07582465277777778,0,0,0
float16,fx-ov-sun-rays,0.3,True,True,0.05251736111111111,0,0.05455729166666667,4,0.05017361111111111,0,0,0
float16,fx-ov-sun-rays,0.9,True,True,0.057183159722222224,0,0.055186631944444446,4,0.0548828125,0,0,0
float16,fx-ov-sun-rays,1.5,True,True,0.04869791666666667,0,0.05180121527777778,4,0.05236545138888889,0,0,0
float16,fx-ov-sun-rays,2.1,True,True,0.055815972222222225,0,0.053276909722222224,4,0.05182291666666667,0,0,0
float16,fx-ov-spotlight,0.3,True,True,0.05310329861111111,0,0.052300347222222224,4,0.051432291666666664,0,0,0
float16,fx-ov-spotlight,0.9,True,True,0.05197482638888889,0,0.05440538194444444,4,0.05197482638888889,0,0,0
float16,fx-ov-spotlight,1.5,True,True,0.045008680555555555,0,0.04997829861111111,4,0.05043402777777778,0,0,0
float16,fx-ov-spotlight,2.1,True,True,0.049891493055555555,0,0.04767795138888889,4,0.047591145833333334,0,0,0
float16,fx-ov-bg-purple-smoke,0.3,True,True,0.005121527777777778,0,0.0032552083333333335,0,0.007313368055555556,0,0,0
float16,fx-ov-bg-purple-smoke,0.9,True,True,0.0040581597222222225,0,0.0036024305555555558,0,0.0076605902777777775,0,0,0
float16,fx-ov-bg-purple-smoke,1.5,True,True,0.0064670138888888885,0,0.003515625,0,0.010091145833333334,0,0,0
float16,fx-ov-bg-purple-smoke,2.1,True,True,0.008550347222222223,0,0.0022786458333333335,0,0.010373263888888888,0,0,0
float16,fx-ov-bg-pastel-ink,0.3,True,True,0.0022786458333333335,0,0.0026041666666666665,0,0.003927951388888889,0,0,0
float16,fx-ov-bg-pastel-ink,0.9,True,True,0.004861111111111111,0,0.0025173611111111113,0,0.005316840277777778,0,0,0
float16,fx-ov-bg-pastel-ink,1.5,True,True,0.0034071180555555556,0,0.0016493055555555556,0,0.005772569444444445,0,0,0
float16,fx-ov-bg-pastel-ink,2.1,True,True,0.002322048611111111,0,0.0012152777777777778,0,0.004752604166666666,0,0,0
float16,fx-ov-bg-pink-gradient,0.3,True,True,0.0005425347222222222,0,0.0008680555555555555,0,0.0009114583333333333,0,0,0
float16,fx-ov-bg-pink-gradient,0.9,True,True,0.0005208333333333333,0,0.0006944444444444445,0,0.00017361111111111112,0,0,0
float16,fx-ov-bg-pink-gradient,1.5,True,True,0.0001953125,0,0.0008029513888888889,0,0.00017361111111111112,0,0,0
float16,fx-ov-bg-pink-gradient,2.1,True,True,0.00034722222222222224,0,0.0006076388888888889,0,0.0005425347222222222,0,0,0
float16,fx-ov-bg-blue-hearts,0.3,True,True,0.004796006944444445,0,0.005056423611111111,0,0.002191840277777778,0,0,0
float16,fx-ov-bg-blue-hearts,0.9,True,True,0.004079861111111111,0,0.005425347222222222,0,0.002191840277777778,0,0,0
float16,fx-ov-bg-blue-hearts,1.5,True,True,0.004665798611111111,0,0.0047309027777777775,0,0.0025173611111111113,0,0,0
float16,fx-ov-bg-blue-hearts,2.1,True,True,0.005967881944444444,0,0.006336805555555556,0,0.003125,0,0,0
float16,fx-ov-bg-pink-bokeh,0.3,True,True,0.009526909722222223,0,0.017795138888888888,0,0.01597222222222222,0,0,0
float16,fx-ov-bg-pink-bokeh,0.9,True,True,0.008528645833333333,0,0.0123046875,0,0.0125,0,0,0
float16,fx-ov-bg-pink-bokeh,1.5,True,True,0.008138020833333334,0,0.00861545138888889,0,0.007877604166666666,0,0,0
float16,fx-ov-bg-pink-bokeh,2.1,True,True,0.0087890625,0,0.014040798611111112,0,0.013758680555555555,0,0,0
float16,fx-ov-bg-golden-band,0.3,True,True,0.0014539930555555556,0,0.0014973958333333334,0,0.00034722222222222224,0,0,0
float16,fx-ov-bg-golden-band,0.9,True,True,0.0011284722222222221,0,0.0015190972222222222,0,0.0005425347222222222,0,0,0
float16,fx-ov-bg-golden-band,1.5,True,True,0.0010416666666666667,0,0.0013020833333333333,0,0.0005208333333333333,0,0,0
float16,fx-ov-bg-golden-band,2.1,True,True,0.00034722222222222224,0,0.0013237847222222223,0,0.0005208333333333333,0,0,0
float16,fx-ov-bg-blue-smoke,0.3,True,True,0.008246527777777778,0,0.006618923611111111,0,0.012717013888888889,0,0,0
float16,fx-ov-bg-blue-smoke,0.9,True,True,0.013237847222222222,0,0.007052951388888889,0,0.015559895833333334,0,0,0
float16,fx-ov-bg-blue-smoke,1.5,True,True,0.0109375,0,0.009288194444444444,0,0.014908854166666667,0,0,0
float16,fx-ov-bg-blue-smoke,2.1,True,True,0.011328125,0,0.009114583333333334,0,0.0169921875,0,0,0
float16,fx-ov-bg-soft-gradient,0.3,True,True,0,0,0,0,0,0,0,0
float16,fx-ov-bg-soft-gradient,0.9,True,True,0,0,0,0,0,0,0,0
float16,fx-ov-bg-soft-gradient,1.5,True,True,0,0,0,0,0,0,0,0
float16,fx-ov-bg-soft-gradient,2.1,True,True,0,0,0,0,0,0,0,0
float16,fx-ov-bg-light-wall,0.3,True,True,0.0012586805555555556,0,0.0009548611111111111,0,0.0008680555555555555,0,0,0
float16,fx-ov-bg-light-wall,0.9,True,True,0.00017361111111111112,0,0.0009765625,0,0.0005208333333333333,0,0,0
float16,fx-ov-bg-light-wall,1.5,True,True,0.0007595486111111111,0,0.001171875,0,0.0012369791666666666,0,0,0
float16,fx-ov-bg-light-wall,2.1,True,True,0.0012586805555555556,0,0.0009982638888888888,0,0.0009114583333333333,0,0,0
float16,fx-ov-bg-3d-shapes,0.3,False,False,13.08474392361111,124,12.8642578125,126,11.817621527777778,124,0,0
float16,fx-ov-bg-3d-shapes,0.9,False,False,13.056401909722222,124,12.832009548611111,126,11.804253472222221,124,0,0
float16,fx-ov-bg-3d-shapes,1.5,False,False,12.9453125,124,12.714865451388889,126,11.690494791666667,124,0,0
float16,fx-ov-bg-3d-shapes,2.1,False,False,12.722222222222221,124,12.506467013888889,126,11.5162109375,124,0,0
float16,fx-ov-bg-red-hearts,0.3,True,True,0.0016493055555555556,0,0.0005208333333333333,0,0.0007161458333333333,0,0,0
float16,fx-ov-bg-red-hearts,0.9,True,True,0.0009114583333333333,0,0.00026041666666666666,0,0.00017361111111111112,0,0,0
float16,fx-ov-bg-red-hearts,1.5,True,True,0.0007378472222222222,0,0.00043402777777777775,0,0.0007378472222222222,0,0,0
float16,fx-ov-bg-red-hearts,2.1,True,True,0.0010633680555555555,0,0.00078125,0,0.0005425347222222222,0,0,0
float16,fx-ov-sc-aurora,0.3,True,True,0.0016059027777777777,0,0.005208333333333333,0,0.005121527777777778,0,0,0
float16,fx-ov-sc-aurora,0.9,True,True,0.001953125,0,0.004296875,0,0.004231770833333333,0,0,0
float16,fx-ov-sc-aurora,1.5,True,True,0.00034722222222222224,0,0.002170138888888889,0,0.002191840277777778,0,0,0
float16,fx-ov-sc-aurora,2.1,True,True,0.0007161458333333333,0,0.001584201388888889,0,0.0020399305555555557,0,0,0
float16,fx-ov-sc-milky-way,0.3,True,True,0.007161458333333333,0,0.007790798611111111,0,0.008246527777777778,0,0,0
float16,fx-ov-sc-milky-way,0.9,True,True,0.004991319444444444,0,0.005685763888888889,0,0.008767361111111111,0,0,0
float16,fx-ov-sc-milky-way,1.5,True,True,0.006380208333333333,0,0.005056423611111111,0,0.0057074652777777775,0,0,0
float16,fx-ov-sc-milky-way,2.1,True,True,0.0078125,0,0.006705729166666666,0,0.007942708333333333,0,0,0
float16,fx-ov-sc-sunset-sea,0.3,True,True,0.0010633680555555555,0,0.0008680555555555555,0,0.0006944444444444445,0,0,0
float16,fx-ov-sc-sunset-sea,0.9,True,True,0.0006944444444444445,0,0.0014973958333333334,0,0,0,0,0
float16,fx-ov-sc-sunset-sea,1.5,True,True,0.001584201388888889,0,0.0006944444444444445,0,0.00034722222222222224,0,0,0
float16,fx-ov-sc-sunset-sea,2.1,True,True,0.0010633680555555555,0,0.0016493055555555556,0,0.0005642361111111111,0,0,0
float16,fx-ov-sc-moon-dunes,0.3,True,True,0.0001953125,0,0,0,0.0007161458333333333,0,0,0
float16,fx-ov-sc-moon-dunes,0.9,True,True,0.0007378472222222222,0,0.00017361111111111112,0,0.0007161458333333333,0,0,0
float16,fx-ov-sc-moon-dunes,1.5,True,True,0.000390625,0,0.00034722222222222224,0,0.0007378472222222222,0,0,0
float16,fx-ov-sc-moon-dunes,2.1,True,True,0.0003689236111111111,0,0.00026041666666666666,0,0.0005208333333333333,0,0,0
float16,fx-ov-sc-clouds,0.3,True,True,0.007139756944444444,0,0.004340277777777778,0,0.0010633680555555555,0,0,0
float16,fx-ov-sc-clouds,0.9,True,True,0.011935763888888888,0,0.007161458333333333,0,0.0012369791666666666,0,0,0
float16,fx-ov-sc-clouds,1.5,True,True,0.017469618055555556,0,0.010026041666666667,0,0.0019965277777777776,0,0,0
float16,fx-ov-sc-clouds,2.1,True,True,0.019205729166666668,0,0.013064236111111112,0,0.0017795138888888889,0,0,0
float16,fx-ov-sc-snowy-night,0.3,True,True,0.003515625,0,0.0052517361111111115,0,0.004318576388888889,0,0,0
float16,fx-ov-sc-snowy-night,0.9,True,True,0.004622395833333333,0,0.005143229166666667,0,0.004644097222222222,0,0,0
float16,fx-ov-sc-snowy-night,1.5,True,True,0.005815972222222222,0,0.004774305555555556,0,0.0041015625,0,0,0
float16,fx-ov-sc-snowy-night,2.1,True,True,0.004665798611111111,0,0.0040581597222222225,0,0.004253472222222222,0,0,0
float16,fx-ov-sc-ocean,0.3,True,True,0.0003689236111111111,0,0.0005208333333333333,0,0.0012586805555555556,0,0,0
float16,fx-ov-sc-ocean,0.9,True,True,0.00017361111111111112,0,0.0008029513888888889,0,0.001388888888888889,0,0,0
float16,fx-ov-sc-ocean,1.5,True,True,0.0005208333333333333,0,0.0006944444444444445,0,0.00078125,0,0,0
float16,fx-ov-sc-ocean,2.1,True,True,0.00034722222222222224,0,0.00078125,0,0.0010633680555555555,0,0,0
float16,fx-ov-sc-shooting-stars,0.3,True,True,0.0010850694444444445,0,0.00078125,0,0.0010850694444444445,0,0,0
float16,fx-ov-sc-shooting-stars,0.9,True,True,0.10219184027777778,0,0.10852864583333334,0,0.1083984375,0,0,0
float16,fx-ov-sc-shooting-stars,1.5,True,True,0.3846571180555556,8,0.406640625,4,0.40186631944444445,8,0,0
float16,fx-ov-sc-shooting-stars,2.1,True,True,0.3958767361111111,8,0.3814236111111111,4,0.42434895833333336,0,0,0
float16,fx-ov-tr-colour-wipe,0.3,True,True,0.06864149305555556,0,0.0656467013888889,4,0.06015625,0,0,0
float16,fx-ov-tr-colour-wipe,0.9,True,True,0,0,0,0,0,0,0,0
float16,fx-ov-tr-colour-wipe,1.5,True,True,0.0876736111111111,8,0.0849609375,4,0.08240017361111111,0,0,0
float16,fx-ov-tr-colour-wipe,2.1,True,True,0.07198350694444444,0,0.06486545138888888,4,0.06592881944444444,0,0,0
float16,fx-ov-tr-diamond,0.3,False,True,0,0,0,0,0,0,0,0
float16,fx-ov-tr-diamond,0.9,False,True,0,0,0,0,0,0,0,0
float16,fx-ov-tr-diamond,1.5,True,True,0.06872829861111111,0,0.05759548611111111,4,0.06345486111111111,0,0,0
float16,fx-ov-tr-diamond,2.1,False,True,0,0,0,0,0,0,0,0
float16,fx-ov-tr-shape-pop,0.3,True,True,0.06529947916666666,0,0.05047743055555556,4,0.04505208333333333,0,0,0
float16,fx-ov-tr-shape-pop,0.9,True,True,0.0019314236111111112,0,0.0017795138888888889,0,0.0024305555555555556,0,0,0
float16,fx-ov-tr-shape-pop,1.5,True,True,0.04071180555555556,0,0.026801215277777776,0,0.024479166666666666,0,0,0
float16,fx-ov-tr-shape-pop,2.1,True,True,0.06432291666666666,0,0.0521484375,4,0.050520833333333334,0,0,0
float16,fx-ov-tr-glow-blob,0.3,True,True,0.005013020833333334,0,0.001345486111111111,0,0.0022786458333333335,0,0,0
float16,fx-ov-tr-glow-blob,0.9,True,True,0,0,0,0,0,0,0,0
float16,fx-ov-tr-glow-blob,1.5,True,True,0.0012586805555555556,0,0.00034722222222222224,0,0.0005425347222222222,0,0,0
float16,fx-ov-tr-glow-blob,2.1,True,True,0.0030381944444444445,0,0.0015625,0,0.0033203125,0,0,0
float16,fx-ov-tr-fire-wipe,0.3,True,True,0.028732638888888887,0,0.02914496527777778,0,0.02458767361111111,0,0,0
float16,fx-ov-tr-fire-wipe,0.9,True,True,0.020399305555555556,0,0.014561631944444445,0,0.009809027777777778,0,0,0
float16,fx-ov-tr-fire-wipe,1.5,True,True,0.02575954861111111,0,0.024305555555555556,0,0.024175347222222223,0,0,0
float16,fx-ov-tr-fire-wipe,2.1,True,True,0.04266493055555556,0,0.02992621527777778,0,0.03285590277777778,0,0,0
float16,fx-ov-tr-ink,0.3,True,True,0.013715277777777778,0,0.012847222222222222,0,0.0083984375,0,0,0
float16,fx-ov-tr-ink,0.9,True,True,0,0,0,0,0,0,0,0
float16,fx-ov-tr-ink,1.5,True,True,0.008246527777777778,0,0.00822482638888889,0,0.0033854166666666668,0,0,0
float16,fx-ov-tr-ink,2.1,True,True,0.0177734375,0,0.014344618055555555,0,0.010199652777777778,0,0,0
float16,fx-ov-tr-stripes,0.3,True,True,0.07723524305555556,0,0.07903645833333334,4,0.06907552083333333,0,0,0
float16,fx-ov-tr-stripes,0.9,True,True,0.0014539930555555556,0,0.0008897569444444444,0,0.0010633680555555555,0,0,0
float16,fx-ov-tr-stripes,1.5,True,True,0.05538194444444444,0,0.051280381944444446,4,0.052821180555555555,0,0,0
float16,fx-ov-tr-stripes,2.1,True,True,0.08131510416666667,0,0.07432725694444445,4,0.07191840277777778,0,0,0
float16,fx-ov-tr-iris,0.3,True,True,0.07003038194444444,0,0.05262586805555555,4,0.05384114583333333,0,0,0
float16,fx-ov-tr-iris,0.9,True,True,0,0,0,0,0,0,0,0
float16,fx-ov-tr-iris,1.5,True,True,0.06872829861111111,0,0.05759548611111111,4,0.06345486111111111,0,0,0
float16,fx-ov-tr-iris,2.1,True,True,0.07938368055555556,0,0.05319010416666667,4,0.0556640625,0,0,0
float16,fx-ov-tr-light-burst,0.3,False,False,9.278016493055556,99,8.300499131944445,89,8.402300347222223,91,0,0
float16,fx-ov-tr-light-burst,0.9,False,False,2.7102864583333335,49,2.410785590277778,40,2.3578125,41,0,0
float16,fx-ov-tr-light-burst,1.5,False,False,0.8399522569444444,17,0.8137586805555556,13,0.8524305555555556,17,0,0
float16,fx-ov-tr-light-burst,2.1,False,False,9.337434895833333,107,8.346006944444444,93,8.399283854166667,91,0,0
float16,fx-ov-tr-scribble,0.3,False,False,7.072634548611111,197,1.9687282986111112,49,4.786783854166667,139,0,0
float16,fx-ov-tr-scribble,0.9,False,False,21.12261284722222,222,7.493272569444445,73,14.561783854166666,164,0,0
float16,fx-ov-tr-scribble,1.5,False,False,6.1696180555555555,172,3.320920138888889,69,4.499240451388889,123,0,0
float16,fx-ov-tr-scribble,2.1,False,False,6.224717881944445,189,1.7812717013888888,49,4.148893229166666,124,0,0
float16,fx-ov-el-speed-lines,0.3,True,True,0.05490451388888889,0,0.053559027777777775,4,0.05490451388888889,0,0,0
float16,fx-ov-el-speed-lines,0.9,True,True,0.04717881944444444,0,0.0443359375,4,0.04717881944444444,0,0,0
float16,fx-ov-el-speed-lines,1.5,True,True,0.047591145833333334,0,0.041731770833333334,0,0.047591145833333334,0,0,0
float16,fx-ov-el-speed-lines,2.1,True,True,0.0474609375,0,0.04626736111111111,4,0.0474609375,0,0,0
float16,fx-ov-el-lightning,0.3,True,True,0.05084635416666667,0,0.03728298611111111,0,0.04611545138888889,0,0,0
float16,fx-ov-el-lightning,0.9,False,False,3.0805338541666667,66,2.9213541666666667,69,3.204513888888889,75,0,0
float16,fx-ov-el-lightning,1.5,True,True,0.025802951388888887,0,0.027300347222222222,0,0.03122829861111111,0,0,0
float16,fx-ov-el-lightning,2.1,True,True,0.031119791666666667,0,0.030381944444444444,0,0.037934027777777775,0,0,0
float16,fx-ov-el-moon,0.3,True,True,0.03786892361111111,0,0.033463541666666666,0,0.037543402777777776,0,0,0
float16,fx-ov-el-moon,0.9,True,True,0.034331597222222225,0,0.031401909722222225,0,0.033637152777777776,0,0,0
float16,fx-ov-el-moon,1.5,True,True,0.03713107638888889,0,0.02990451388888889,0,0.03064236111111111,0,0,0
float16,fx-ov-el-moon,2.1,True,True,0.037999131944444445,0,0.030360243055555555,0,0.03795572916666667,0,0,0
float16,fx-ov-el-smoke-puff,0.3,True,True,0.06931423611111111,0,0.0650390625,4,0.046788194444444445,0,0,0
float16,fx-ov-el-smoke-puff,0.9,True,True,0.07845052083333333,0,0.06888020833333333,4,0.05479600694444445,0,0,0
float16,fx-ov-el-smoke-puff,1.5,True,True,0.08205295138888889,0,0.07194010416666667,4,0.054774305555555555,0,0,0
float16,fx-ov-el-smoke-puff,2.1,True,True,0.09613715277777778,8,0.08758680555555555,4,0.06365017361111111,0,0,0
float16,fx-ov-el-scan-line,0.3,True,True,0.03441840277777778,0,0.030577256944444443,0,0.02719184027777778,0,0,0
float16,fx-ov-el-scan-line,0.9,True,True,0.028624131944444443,0,0.028862847222222224,0,0.0306640625,0,0,0
float16,fx-ov-el-scan-line,1.5,True,True,0.030924479166666668,0,0.02795138888888889,0,0.034765625,0,0,0
float16,fx-ov-el-scan-line,2.1,True,True,0.03454861111111111,0,0.032877604166666664,0,0.037760416666666664,0,0,0
float16,fx-ov-el-stars-rating,0.3,True,True,0.06987847222222222,0,0.06310763888888889,4,0.04739583333333333,0,0,0
float16,fx-ov-el-stars-rating,0.9,True,True,0.07643229166666667,0,0.05720486111111111,4,0.05041232638888889,0,0,0
float16,fx-ov-el-stars-rating,1.5,True,True,0.0705295138888889,0,0.05944010416666667,4,0.04077690972222222,0,0,0
float16,fx-ov-el-stars-rating,2.1,True,True,0.06393229166666667,0,0.06156684027777778,4,0.04670138888888889,0,0,0
float16,fx-ov-film-dust,0.3,False,False,5.511610243055555,17,5.599674479166667,16,5.548611111111111,17,0,0
float16,fx-ov-film-dust,0.9,False,False,5.394205729166667,17,5.364431423611111,16,5.339822048611111,17,0,0
float16,fx-ov-film-dust,1.5,False,False,5.000802951388889,17,5.1022352430555555,16,5.030772569444444,17,0,0
float16,fx-ov-film-dust,2.1,False,False,5.044184027777778,17,5.031575520833333,17,4.989171006944445,17,0,0
float16,fx-ov-grain,0.3,False,False,19.09450954861111,58,19.169053819444443,56,19.09450954861111,58,0,0
float16,fx-ov-grain,0.9,False,False,17.466644965277776,58,17.552235243055556,53,17.466644965277776,58,0,0
float16,fx-ov-grain,1.5,False,False,15.671983506944445,57,15.764366319444445,53,15.671983506944445,57,0,0
float16,fx-ov-grain,2.1,False,False,14.564995659722221,57,14.634722222222223,53,14.564995659722221,57,0,0
float16,fx-ov-vhs,0.3,False,False,6.557834201388889,24,6.563541666666667,20,6.584743923611111,24,0,0
float16,fx-ov-vhs,0.9,False,False,5.40859375,17,5.410633680555556,20,5.401584201388889,17,0,0
float16,fx-ov-vhs,1.5,False,False,3.918576388888889,17,3.9247612847222224,20,3.968880208333333,17,0,0
float16,fx-ov-vhs,2.1,False,False,2.9015190972222222,17,2.8725477430555557,20,2.9001953125,17,0,0
float16,fx-ov-halftone,0.3,True,True,0.04485677083333333,0,0.026171875,0,0.0375,0,0,0
float16,fx-ov-halftone,0.9,True,True,0.04600694444444445,0,0.026953125,0,0.03470052083333333,0,0,0
float16,fx-ov-halftone,1.5,True,True,0.04073350694444444,0,0.02795138888888889,0,0.025824652777777776,0,0,0
float16,fx-ov-halftone,2.1,True,True,0.0337890625,0,0.022873263888888887,0,0.037934027777777775,0,0,0
float16,fx-ov-paper,0.3,True,True,0.07979600694444444,0,0.06818576388888889,4,0.06462673611111111,0,0,0
float16,fx-ov-paper,0.9,True,True,0.09372829861111111,8,0.07013888888888889,4,0.0615234375,0,0,0
float16,fx-ov-paper,1.5,True,True,0.08344184027777778,8,0.07042100694444445,4,0.06128472222222222,0,0,0
float16,fx-ov-paper,2.1,True,True,0.08042534722222222,0,0.0642578125,4,0.06330295138888889,0,0,0
float16,fx-ov-burnt-edges,0.3,True,True,0.09455295138888889,8,0.08819444444444445,4,0.0451171875,0,0,0
float16,fx-ov-burnt-edges,0.9,True,True,0.09574652777777778,8,0.08324652777777777,4,0.04602864583333333,0,0,0
float16,fx-ov-burnt-edges,1.5,True,True,0.0947265625,8,0.07925347222222222,4,0.03973524305555556,0,0,0
float16,fx-ov-burnt-edges,2.1,True,True,0.09440104166666667,8,0.08580729166666666,4,0.04806857638888889,0,0,0
float16,fx-ov-frame-film,0.3,True,True,0.05785590277777778,0,0.047309027777777776,4,0.04405381944444445,0,0,0
float16,fx-ov-frame-film,0.9,True,True,0.0609375,0,0.04529079861111111,4,0.04244791666666667,0,0,0
float16,fx-ov-frame-film,1.5,True,True,0.06056857638888889,0,0.045182291666666666,4,0.047591145833333334,0,0,0
float16,fx-ov-frame-film,2.1,True,True,0.05883246527777778,0,0.04750434027777778,4,0.04594184027777778,0,0,0
float16,fx-ov-frame-polaroid,0.3,True,True,0.06130642361111111,0,0.04884982638888889,4,0.04791666666666667,0,0,0
float16,fx-ov-frame-polaroid,0.9,True,True,0.06154513888888889,0,0.04819878472222222,4,0.049370659722222224,0,0,0
float16,fx-ov-frame-polaroid,1.5,True,True,0.06417100694444444,0,0.05266927083333333,4,0.05813802083333333,0,0,0
float16,fx-ov-frame-polaroid,2.1,True,True,0.07118055555555555,0,0.047200520833333336,4,0.05032552083333333,0,0,0
float16,fx-ov-frame-neon-pink,0.3,True,True,0.03480902777777778,0,0.03671875,0,0.037586805555555554,0,0,0
float16,fx-ov-frame-neon-pink,0.9,True,True,0.03307291666666667,0,0.03446180555555556,0,0.03984375,0,0,0
float16,fx-ov-frame-neon-pink,1.5,True,True,0.029405381944444444,0,0.03552517361111111,0,0.030403645833333333,0,0,0
float16,fx-ov-frame-neon-pink,2.1,True,True,0.03422309027777778,0,0.03161892361111111,0,0.0373046875,0,0,0
float16,fx-ov-frame-neon-blue,0.3,True,True,0.11705729166666666,8,0.08971354166666666,4,0.0925564236111111,8,0,0
float16,fx-ov-frame-neon-blue,0.9,True,True,0.10705295138888889,8,0.09854600694444444,4,0.09505208333333333,8,0,0
float16,fx-ov-frame-neon-blue,1.5,True,True,0.10256076388888889,8,0.10290798611111111,4,0.0925564236111111,8,0,0
float16,fx-ov-frame-neon-blue,2.1,True,True,0.0994140625,8,0.10162760416666666,4,0.09079861111111111,8,0,0
float16,fx-ov-frame-neon-gold,0.3,True,True,0.04607204861111111,0,0.04168836805555556,4,0.041167534722222225,0,0,0
float16,fx-ov-frame-neon-gold,0.9,True,True,0.04889322916666667,0,0.04390190972222222,4,0.04105902777777778,0,0,0
float16,fx-ov-frame-neon-gold,1.5,True,True,0.04118923611111111,0,0.045008680555555555,4,0.04325086805555556,0,0,0
float16,fx-ov-frame-neon-gold,2.1,True,True,0.045421006944444446,0,0.04474826388888889,4,0.04416232638888889,0,0,0
float16,fx-ov-frame-rec,0.3,True,True,0.02816840277777778,0,0.016644965277777778,0,0.03257378472222222,0,0,0
float16,fx-ov-frame-rec,0.9,True,True,0.03029513888888889,0,0.0193359375,0,0.031966145833333334,0,0,0
float16,fx-ov-frame-rec,1.5,True,True,0.027213541666666667,0,0.019140625,0,0.022981770833333335,0,0,0
float16,fx-ov-frame-rec,2.1,True,True,0.025173611111111112,0,0.017664930555555555,0,0.03359375,0,0,0
float16,fx-ov-frame-vignette,0.3,True,True,0.050238715277777776,0,0.05271267361111111,4,0.05377604166666667,0,0,0
float16,fx-ov-frame-vignette,0.9,True,True,0.050868055555555555,0,0.05336371527777778,4,0.05032552083333333,0,0,0
float16,fx-ov-frame-vignette,1.5,True,True,0.05008680555555556,0,0.052647569444444445,4,0.05349392361111111,0,0,0
float16,fx-ov-frame-vignette,2.1,True,True,0.04986979166666667,0,0.050303819444444446,4,0.05188802083333333,0,0,0
float16,fx-ov-frame-grid,0.3,True,True,0.07191840277777778,0,0.06631944444444444,4,0.05032552083333333,0,0,0
float16,fx-ov-frame-grid,0.9,True,True,0.08053385416666667,0,0.06204427083333333,4,0.05262586805555555,0,0,0
float16,fx-ov-frame-grid,1.5,True,True,0.07484809027777778,0,0.0626953125,4,0.04487847222222222,0,0,0
float16,fx-ov-frame-grid,2.1,True,True,0.06898871527777778,0,0.0652126736111111,4,0.05047743055555556,0,0,0
float16,fx-ov-leak-green,0.3,True,True,0.04205729166666667,0,0.033528645833333336,0,0.03561197916666667,0,0,0
float16,fx-ov-leak-green,0.9,True,True,0.04205729166666667,0,0.03993055555555555,0,0.03344184027777778,0,0,0
float16,fx-ov-leak-green,1.5,True,True,0.038519965277777776,0,0.037890625,0,0.03697916666666667,0,0,0
float16,fx-ov-leak-green,2.1,True,True,0.04088541666666667,0,0.04286024305555555,4,0.03522135416666667,0,0,0
float16,fx-ov-leak-purple,0.3,True,True,0.04060329861111111,0,0.037586805555555554,0,0.036284722222222225,0,0,0
float16,fx-ov-leak-purple,0.9,True,True,0.038736979166666664,0,0.03630642361111111,0,0.030815972222222224,0,0,0
float16,fx-ov-leak-purple,1.5,True,True,0.04021267361111111,0,0.03519965277777778,0,0.04416232638888889,0,0,0
float16,fx-ov-leak-purple,2.1,True,True,0.04845920138888889,0,0.03786892361111111,0,0.043446180555555554,0,0,0
float16,fx-ov-leak-red,0.3,True,True,0.039214409722222225,0,0.037586805555555554,0,0.03595920138888889,0,0,0
float16,fx-ov-leak-red,0.9,True,True,0.04273003472222222,0,0.03630642361111111,0,0.03878038194444444,0,0,0
float16,fx-ov-leak-red,1.5,True,True,0.0435546875,0,0.03519965277777778,0,0.03802083333333333,0,0,0
float16,fx-ov-leak-red,2.1,True,True,0.047200520833333336,0,0.03786892361111111,0,0.0404296875,0,0,0
float16,fx-ov-flare-blue,0.3,True,True,0.10557725694444445,8,0.10119357638888889,4,0.09984809027777777,8,0,0
float16,fx-ov-flare-blue,0.9,True,True,0.11694878472222223,8,0.11050347222222222,4,0.09537760416666667,8,0,0
float16,fx-ov-flare-blue,1.5,True,True,0.11254340277777777,8,0.1115451388888889,4,0.09563802083333334,8,0,0
float16,fx-ov-flare-blue,2.1,True,True,0.11204427083333333,8,0.1076388888888889,4,0.08949652777777778,8,0,0
float16,fx-ov-lightning,0.3,True,True,0.04665798611111111,0,0.06551649305555556,4,0.08059895833333333,0,0,0
float16,fx-ov-lightning,0.9,True,True,0.07016059027777778,0,0.0525390625,4,0.054947916666666666,0,0,0
float16,fx-ov-lightning,1.5,True,True,0.06872829861111111,0,0.05759548611111111,4,0.06345486111111111,0,0,0
float16,fx-ov-lightning,2.1,True,True,0.07938368055555556,0,0.05319010416666667,4,0.0556640625,0,0,0
float16,fx-ov-bokeh-blue,0.3,True,True,0.035069444444444445,0,0.027256944444444445,0,0.04676649305555555,0,0,0
float16,fx-ov-bokeh-blue,0.9,True,True,0.033745659722222224,0,0.03224826388888889,0,0.04869791666666667,0,0,0
float16,fx-ov-bokeh-blue,1.5,True,True,0.031163194444444445,0,0.0298828125,0,0.03643663194444444,0,0,0
float16,fx-ov-bokeh-blue,2.1,True,True,0.03446180555555556,0,0.029861111111111113,0,0.04485677083333333,0,0,0
float16,fx-ov-bokeh-rainbow,0.3,True,True,0.035069444444444445,0,0.034505208333333336,0,0.0423828125,0,0,0
float16,fx-ov-bokeh-rainbow,0.9,True,True,0.033745659722222224,0,0.03624131944444445,0,0.040125868055555555,0,0,0
float16,fx-ov-bokeh-rainbow,1.5,True,True,0.031163194444444445,0,0.03595920138888889,0,0.03192274305555556,0,0,0
float16,fx-ov-bokeh-rainbow,2.1,True,True,0.03446180555555556,0,0.03513454861111111,0,0.03878038194444444,0,0,0
float16,fx-ov-sparkle-pink,0.3,True,True,0.03615451388888889,0,0.03122829861111111,0,0.030707465277777776,0,0,0
float16,fx-ov-sparkle-pink,0.9,True,True,0.032313368055555555,0,0.02990451388888889,0,0.03309461805555555,0,0,0
float16,fx-ov-sparkle-pink,1.5,True,True,0.03042534722222222,0,0.029296875,0,0.03333333333333333,0,0,0
float16,fx-ov-sparkle-pink,2.1,True,True,0.03511284722222222,0,0.031749131944444446,0,0.04244791666666667,0,0,0
float16,fx-ov-sparkle-blue,0.3,True,True,0.033680555555555554,0,0.033116319444444445,0,0.03413628472222222,0,0,0
float16,fx-ov-sparkle-blue,0.9,True,True,0.028103298611111112,0,0.031640625,0,0.037369791666666666,0,0,0
float16,fx-ov-sparkle-blue,1.5,True,True,0.026866319444444446,0,0.031901041666666664,0,0.0369140625,0,0,0
float16,fx-ov-sparkle-blue,2.1,True,True,0.03250868055555556,0,0.033203125,0,0.04251302083333333,0,0,0
float16,fx-ov-hearts-red,0.3,False,False,1.6617838541666667,58,0.45028211805555557,12,0.49756944444444445,9,0,0
float16,fx-ov-hearts-red,0.9,False,False,1.9763237847222221,90,0.5105902777777778,16,0.6171657986111111,25,0,0
float16,fx-ov-hearts-red,1.5,False,False,1.6848307291666667,49,0.5421223958333333,20,0.5810980902777778,25,0,0
float16,fx-ov-hearts-red,2.1,False,False,0.9562717013888888,33,0.49737413194444446,16,0.44131944444444443,16,0,0
float16,fx-ov-fog-pink,0.3,True,True,0.10230034722222223,8,0.10251736111111111,4,0.08888888888888889,8,0,0
float16,fx-ov-fog-pink,0.9,True,True,0.10310329861111112,8,0.0988498263888889,4,0.09585503472222222,8,0,0
float16,fx-ov-fog-pink,1.5,True,True,0.09637586805555555,8,0.09678819444444445,4,0.09290364583333334,8,0,0
float16,fx-ov-fog-pink,2.1,True,True,0.09383680555555556,8,0.09075520833333334,4,0.08641493055555556,8,0,0
float16,fx-ov-fog-blue,0.3,True,True,0.10197482638888888,8,0.10101996527777778,4,0.09171006944444444,8,0,0
float16,fx-ov-fog-blue,0.9,True,True,0.11030815972222222,8,0.09565972222222222,4,0.09398871527777777,8,0,0
float16,fx-ov-fog-blue,1.5,True,True,0.09665798611111111,8,0.10149739583333334,4,0.09166666666666666,8,0,0
float16,fx-ov-fog-blue,2.1,True,True,0.0966796875,8,0.08812934027777777,4,0.08758680555555555,8,0,0
float16,fx-ov-wash-sunset,0.3,True,True,0.0404296875,0,0.04533420138888889,4,0.05212673611111111,0,0,0
float16,fx-ov-wash-sunset,0.9,True,True,0.041449652777777776,0,0.04236111111111111,4,0.05568576388888889,0,0,0
float16,fx-ov-wash-sunset,1.5,True,True,0.04266493055555556,0,0.04728732638888889,4,0.04956597222222222,0,0,0
float16,fx-ov-wash-sunset,2.1,True,True,0.041167534722222225,0,0.04620225694444444,4,0.053797743055555555,0,0,0
float16,fx-ov-wash-ocean,0.3,True,True,0.06447482638888889,0,0.04911024305555556,4,0.035872395833333334,0,0,0
float16,fx-ov-wash-ocean,0.9,True,True,0.05967881944444445,0,0.04318576388888889,4,0.03224826388888889,0,0,0
float16,fx-ov-wash-ocean,1.5,True,True,0.062890625,0,0.04572482638888889,4,0.033355034722222225,0,0,0
float16,fx-ov-wash-ocean,2.1,True,True,0.062348090277777775,0,0.0486328125,4,0.03125,0,0,0
float16,fx-ov-wash-rose,0.3,True,True,0.0404296875,0,0.0546875,4,0.04884982638888889,0,0,0
float16,fx-ov-wash-rose,0.9,True,True,0.041449652777777776,0,0.051323784722222224,4,0.04118923611111111,0,0,0
float16,fx-ov-wash-rose,1.5,True,True,0.04266493055555556,0,0.054535590277777775,4,0.04587673611111111,0,0,0
float16,fx-ov-wash-rose,2.1,True,True,0.041167534722222225,0,0.051844618055555555,4,0.037999131944444445,0,0,0
float16,fx-ov-wash-neon,0.3,True,True,0.040581597222222224,0,0.055186631944444446,4,0.03910590277777778,0,0,0
float16,fx-ov-wash-neon,0.9,True,True,0.044270833333333336,0,0.053971354166666666,4,0.03624131944444445,0,0,0
float16,fx-ov-wash-neon,1.5,True,True,0.05138888888888889,0,0.055512152777777775,4,0.03615451388888889,0,0,0
float16,fx-ov-wash-neon,2.1,True,True,0.04468315972222222,0,0.05633680555555556,4,0.03387586805555556,0,0,0
float16,fx-ov-wash-gold,0.3,True,True,0.04592013888888889,0,0.04010416666666667,0,0.05212673611111111,0,0,0
float16,fx-ov-wash-gold,0.9,True,True,0.04001736111111111,0,0.040364583333333336,0,0.05568576388888889,0,0,0
float16,fx-ov-wash-gold,1.5,True,True,0.0466796875,0,0.03917100694444445,0,0.04956597222222222,0,0,0
float16,fx-ov-wash-gold,2.1,True,True,0.04164496527777778,0,0.0392578125,0,0.053797743055555555,0,0,0
float16,fx-ov-rainbow,0.3,True,True,0.09032118055555556,8,0.08617621527777777,4,0.06853298611111111,0,0,0
float16,fx-ov-rainbow,0.9,True,True,0.0869140625,8,0.08470052083333333,4,0.07098524305555555,0,0,0
float16,fx-ov-rainbow,1.5,True,True,0.08780381944444444,8,0.08461371527777778,4,0.06966145833333333,0,0,0
float16,fx-ov-rainbow,2.1,True,True,0.08255208333333333,8,0.08385416666666666,4,0.06883680555555556,0,0,0
float16,fx-ov-frame-neon-green,0.3,True,True,0.038237847222222225,0,0.02306857638888889,0,0.03452690972222222,0,0,0
float16,fx-ov-frame-neon-green,0.9,True,True,0.03641493055555556,0,0.0220703125,0,0.04055989583333333,0,0,0
float16,fx-ov-frame-neon-green,1.5,True,True,0.034830729166666664,0,0.021006944444444446,0,0.029991319444444445,0,0,0
float16,fx-ov-frame-neon-green,2.1,True,True,0.0291015625,0,0.0205078125,0,0.030533854166666666,0,0,0
float32-round-even,fx-shake,0.3,False,False,0.49676649305555554,9,0.4935980902777778,4,0.5157118055555555,9,0,0
float32-round-even,fx-shake,0.9,True,True,0.10759548611111111,8,0.10891927083333333,4,0.10887586805555556,8,0,0
float32-round-even,fx-shake,1.5,False,False,1.5465277777777777,9,1.5361762152777778,12,1.5693359375,16,0,0
float32-round-even,fx-shake,2.1,False,False,7.134288194444444,65,7.027061631944444,65,7.201736111111111,74,0,0
float32-round-even,fx-blur,0.3,True,True,0.08650173611111112,8,0.0675998263888889,4,0.04984809027777778,0,0,0
float32-round-even,fx-blur,0.9,True,True,0.0783203125,0,0.0759548611111111,4,0.05377604166666667,0,0,0
float32-round-even,fx-blur,1.5,True,True,0.07105034722222223,0,0.06970486111111111,4,0.05572916666666667,0,0,0
float32-round-even,fx-blur,2.1,True,True,0.07701822916666666,0,0.07506510416666666,4,0.05243055555555556,0,0,0
float32-round-even,fx-ct-edge-glow,0.3,True,True,0.08511284722222222,8,0.10145399305555555,4,0.11280381944444444,8,0,0
float32-round-even,fx-ct-edge-glow,0.9,True,True,0.0828125,0,0.11048177083333334,4,0.10844184027777778,8,0,0
float32-round-even,fx-ct-edge-glow,1.5,True,True,0.14448784722222222,8,0.10700954861111112,4,0.10852864583333334,8,0,0
float32-round-even,fx-ct-edge-glow,2.1,True,True,0.10123697916666667,8,0.10169270833333334,4,0.1111328125,8,0,0
float32-round-even,fx-cc-slash-reveal,0.3,False,False,4.135720486111111,124,4.110221354166667,129,4.136610243055555,131,0,0
float32-round-even,fx-cc-slash-reveal,0.9,True,True,0.1362847222222222,8,0.14743923611111112,4,0.14793836805555555,8,0,0
float32-round-even,fx-cc-slash-reveal,1.5,True,True,0.09978298611111111,8,0.09487847222222222,4,0.0974609375,8,0,0
float32-round-even,fx-cc-slash-reveal,2.1,False,False,5.774348958333333,148,5.701605902777778,142,5.711436631944444,148,0,0
float32-round-even,fx-cc-black-flash,0.3,True,True,0.09431423611111112,8,0.08020833333333334,4,0.07621527777777778,0,0,0
float32-round-even,fx-cc-black-flash,0.9,True,True,0.098828125,8,0.08838975694444444,4,0.07706163194444444,0,0,0
float32-round-even,fx-cc-black-flash,1.5,True,True,0.09798177083333333,8,0.0884765625,4,0.06506076388888889,0,0,0
float32-round-even,fx-cc-black-flash,2.1,True,True,0.09197048611111111,8,0.08402777777777778,4,0.071484375,0,0,0
float32-round-even,fx-cc-diamond-zoom,0.3,True,True,0.11193576388888889,8,0.1334201388888889,4,0.1304253472222222,8,0,0
float32-round-even,fx-cc-diamond-zoom,0.9,True,True,0.10125868055555555,8,0.09828559027777778,4,0.09704861111111111,8,0,0
float32-round-even,fx-cc-diamond-zoom,1.5,True,True,0.12684461805555555,8,0.1103515625,4,0.098046875,8,0,0
float32-round-even,fx-cc-diamond-zoom,2.1,True,True,0.1140407986111111,8,0.12068142361111112,4,0.10661892361111111,8,0,0
float32-round-even,fx-ct-error-quake,0.3,False,False,21.863368055555554,115,17.897092013888887,113,21.985091145833334,140,0,0
float32-round-even,fx-ct-error-quake,0.9,True,True,0.06636284722222222,0,0.05607638888888889,4,0.057465277777777775,0,0,0
float32-round-even,fx-ct-error-quake,1.5,True,True,0.06067708333333333,0,0.05653211805555555,4,0.06297743055555556,0,0,0
float32-round-even,fx-ct-error-quake,2.1,False,False,1.3927951388888888,25,2.676193576388889,65,2.877907986111111,74,0,0
float32-round-even,fx-ct-explosion,0.3,True,True,0.05766059027777778,0,0.06712239583333333,4,0.037608506944444446,0,0,0
float32-round-even,fx-ct-explosion,0.9,True,True,0.08391927083333334,8,0.06182725694444444,4,0.045811631944444445,0,0,0
float32-round-even,fx-ct-explosion,1.5,True,True,0.06512586805555555,0,0.06809895833333333,4,0.04077690972222222,0,0,0
float32-round-even,fx-ct-explosion,2.1,True,True,0.03658854166666667,0,0.06694878472222222,4,0.07133246527777778,0,0,0
float32-round-even,fx-ct-scene-cut,0.3,False,False,40.97667100694444,140,41.658528645833336,142,44.72269965277778,148,0,0
float32-round-even,fx-ct-scene-cut,0.9,False,False,94.79646267361112,156,96.15219184027778,157,95.73799913194445,157,0,0
float32-round-even,fx-ct-scene-cut,1.5,False,False,93.98634982638889,156,95.41380208333334,158,94.89483506944444,156,0,0
float32-round-even,fx-ct-scene-cut,2.1,False,False,93.57389322916667,148,95.00852864583334,150,94.51569010416667,148,0,0
float32-round-even,fx-ct-sharpen-edges,0.3,True,True,0.20245225694444444,8,0.1833767361111111,4,0.17515190972222222,8,0,0
float32-round-even,fx-ct-sharpen-edges,0.9,True,True,0.19329427083333334,8,0.18057725694444443,4,0.18489583333333334,8,0,0
float32-round-even,fx-ct-sharpen-edges,1.5,True,True,0.19468315972222222,8,0.18111979166666667,4,0.1849392361111111,8,0,0
float32-round-even,fx-ct-sharpen-edges,2.1,True,True,0.19016927083333332,8,0.17651909722222223,4,0.16944444444444445,8,0,0
float32-round-even,fx-ct-game-over,0.3,True,True,0.04407552083333333,0,0.04626736111111111,4,0.04084201388888889,0,0,0
float32-round-even,fx-ct-game-over,0.9,True,True,0.04268663194444444,0,0.04307725694444445,4,0.039453125,0,0,0
float32-round-even,fx-ct-game-over,1.5,True,True,0.04568142361111111,0,0.04338107638888889,4,0.04244791666666667,0,0,0
float32-round-even,fx-ct-game-over,2.1,True,True,0.05134548611111111,0,0.047417534722222224,4,0.048111979166666666,0,0,0
float32-round-even,fx-cc-shiny-stack,0.3,False,False,10.536697048611112,74,11.145095486111112,81,11.758506944444445,82,0,0
float32-round-even,fx-cc-shiny-stack,0.9,False,False,17.398046875,148,18.309852430555555,150,18.39125434027778,156,0,0
float32-round-even,fx-cc-shiny-stack,1.5,False,False,17.422048611111112,140,18.040169270833335,146,17.9169921875,149,0,0
float32-round-even,fx-cc-shiny-stack,2.1,False,False,4.551063368055556,49,4.840993923611111,49,5.109223090277778,49,0,0
float32-round-even,fx-cc-dance-flash,0.3,False,True,0.34329427083333336,8,0.2429904513888889,4,0.27471788194444446,8,0,0
float32-round-even,fx-cc-dance-flash,0.9,True,True,0.3546875,8,0.2271050347222222,4,0.26089409722222223,8,0,0
float32-round-even,fx-cc-dance-flash,1.5,True,True,0.3311631944444444,8,0.24720052083333333,4,0.26471354166666666,8,0,0
float32-round-even,fx-cc-dance-flash,2.1,True,True,0.34036458333333336,8,0.23424479166666667,4,0.2777777777777778,8,0,0
float32-round-even,fx-ct-glass-breaking,0.3,False,False,7.579036458333333,107,7.211675347222222,97,7.551432291666667,99,0,0
float32-round-even,fx-ct-glass-breaking,0.9,False,False,7.577734375,107,7.114409722222222,98,7.436610243055555,99,0,0
float32-round-even,fx-ct-glass-breaking,1.5,False,False,8.291948784722223,107,7.9387803819444445,105,8.436588541666667,107,0,0
float32-round-even,fx-ct-glass-breaking,2.1,False,False,7.576866319444444,107,7.157139756944445,101,7.479361979166667,99,0,0
float32-round-even,fx-ct-negative-panels,0.3,True,True,0.107421875,8,0.04583333333333333,4,0.07625868055555556,0,0,0
float32-round-even,fx-ct-negative-panels,0.9,True,True,0.12918836805555556,8,0.04967447916666667,4,0.10512152777777778,8,0,0
float32-round-even,fx-ct-negative-panels,1.5,True,True,0.10082465277777777,8,0.05075954861111111,4,0.07797309027777778,0,0,0
float32-round-even,fx-ct-negative-panels,2.1,False,False,47.11137152777778,206,50.107769097222224,223,64.93532986111111,247,0,0
float32-round-even,fx-ct-darken-flash,0.3,True,True,0.031749131944444446,0,0.0767578125,4,0.023893229166666665,0,0,0
float32-round-even,fx-ct-darken-flash,0.9,True,True,0.04602864583333333,0,0.043684895833333334,4,0.039496527777777776,0,0,0
float32-round-even,fx-ct-darken-flash,1.5,True,True,0.04529079861111111,0,0.04309895833333333,4,0.03511284722222222,0,0,0
float32-round-even,fx-ct-darken-flash,2.1,True,True,0.0724609375,0,0.0730251736111111,4,0.05755208333333333,0,0,0
float32-round-even,fx-horizontal-open,0.3,True,True,0.006944444444444444,0,0.0078125,0,0.006705729166666666,0,0,0
float32-round-even,fx-horizontal-open,0.9,True,True,0.025347222222222222,0,0.026627604166666666,0,0.023177083333333334,0,0,0
float32-round-even,fx-horizontal-open,1.5,True,True,0.049370659722222224,0,0.04754774305555556,4,0.0421875,0,0,0
float32-round-even,fx-horizontal-open,2.1,True,True,0.07515190972222222,0,0.063671875,4,0.06460503472222222,0,0,0
float32-round-even,fx-ct-fireplace,0.3,False,False,1.6359375,33,1.0358723958333333,20,0.29509548611111114,9,0,0
float32-round-even,fx-ct-fireplace,0.9,False,False,1.914453125,41,1.22890625,28,0.3599826388888889,9,0,0
float32-round-even,fx-ct-fireplace,1.5,False,False,1.8498914930555554,41,1.1970052083333333,25,0.3495876736111111,9,0,0
float32-round-even,fx-ct-fireplace,2.1,False,False,1.7330078125,41,1.0700086805555555,24,0.3232204861111111,9,0,0
float32-round-even,fx-fade-in,0.3,True,True,0.028190104166666667,0,0.00703125,0,0.0123046875,0,0,0
float32-round-even,fx-fade-in,0.9,True,True,0.13207465277777777,8,0.0779079861111111,4,0.07447916666666667,0,0,0
float32-round-even,fx-fade-in,1.5,True,True,0.10230034722222223,8,0.08381076388888889,4,0.06684027777777778,0,0,0
float32-round-even,fx-fade-in,2.1,True,True,0.06675347222222222,0,0.0576171875,4,0.053125,0,0,0
float32-round-even,fx-ct-neon,0.3,True,True,0.08368055555555555,8,0.10768229166666667,4,0.10926649305555555,8,0,0
float32-round-even,fx-ct-neon,0.9,True,True,0.09205729166666667,8,0.1123046875,4,0.10533854166666666,8,0,0
float32-round-even,fx-ct-neon,1.5,True,True,0.08919270833333333,8,0.11610243055555555,4,0.1046875,8,0,0
float32-round-even,fx-ct-neon,2.1,True,True,0.08216145833333334,8,0.11380208333333333,4,0.10729166666666666,8,0,0
float32-round-even,fx-ct-vignette-noir,0.3,False,False,3.9774522569444444,17,3.9902994791666666,12,3.9774522569444444,17,0,0
float32-round-even,fx-ct-vignette-noir,0.9,False,False,3.6661024305555556,17,3.6983072916666666,12,3.6661024305555556,17,0,0
float32-round-even,fx-ct-vignette-noir,1.5,False,False,3.4764756944444444,17,3.489995659722222,12,3.4764756944444444,17,0,0
float32-round-even,fx-ct-vignette-noir,2.1,False,False,3.2016059027777777,17,3.194704861111111,12,3.2016059027777777,17,0,0
float32-round-even,fx-ct-dreamy-halo,0.3,True,True,0.07860243055555556,0,0.08671875,4,0.09166666666666666,8,0,0
float32-round-even,fx-ct-dreamy-halo,0.9,True,True,0.08283420138888889,8,0.08079427083333333,4,0.0869140625,8,0,0
float32-round-even,fx-ct-dreamy-halo,1.5,True,True,0.07866753472222222,0,0.087109375,4,0.08797743055555556,8,0,0
float32-round-even,fx-ct-dreamy-halo,2.1,True,True,0.07842881944444445,0,0.08166232638888889,4,0.09249131944444444,8,0,0
float32-round-even,fx-ct-lightning-crack,0.3,False,False,11.745681423611112,148,12.422504340277778,154,13.125043402777777,156,0,0
float32-round-even,fx-ct-lightning-crack,0.9,True,True,0.09029947916666667,8,0.0775390625,4,0.0708984375,0,0,0
float32-round-even,fx-ct-lightning-crack,1.5,False,False,8.1689453125,132,8.6328125,138,9.132118055555555,140,0,0
float32-round-even,fx-ct-lightning-crack,2.1,True,True,0.10809461805555555,8,0.11516927083333334,4,0.10436197916666666,8,0,0
float32-round-even,fx-ct-narrow-focus,0.3,True,True,0.015755208333333333,0,0.016080729166666665,0,0.015755208333333333,0,0,0
float32-round-even,fx-ct-narrow-focus,0.9,True,True,0.02868923611111111,0,0.03246527777777778,0,0.02868923611111111,0,0,0
float32-round-even,fx-ct-narrow-focus,1.5,True,True,0.03268229166666667,0,0.03109809027777778,0,0.03268229166666667,0,0,0
float32-round-even,fx-ct-narrow-focus,2.1,True,True,0.027756076388888887,0,0.03205295138888889,0,0.027756076388888887,0,0,0
float32-round-even,fx-vignette,0.3,False,False,9.32341579861111,25,9.385590277777778,29,9.297330729166667,25,0,0
float32-round-even,fx-vignette,0.9,False,False,8.865928819444445,25,8.958268229166666,29,8.866731770833333,25,0,0
float32-round-even,fx-vignette,1.5,False,False,8.353428819444444,25,8.431944444444444,28,8.36953125,25,0,0
float32-round-even,fx-vignette,2.1,False,False,8.050325520833333,25,8.113715277777779,28,8.042838541666667,25,0,0
float32-round-even,fx-ct-offset-slice,0.3,True,True,0.04303385416666667,0,0.03519965277777778,0,0.03830295138888889,0,0,0
float32-round-even,fx-ct-offset-slice,0.9,False,False,7.9469618055555555,148,6.741080729166667,125,6.691818576388889,115,0,0
float32-round-even,fx-ct-offset-slice,1.5,True,True,0.12599826388888888,0,0.0993923611111111,4,0.09717881944444444,0,0,0
float32-round-even,fx-ct-offset-slice,2.1,True,True,0.03107638888888889,0,0.023394097222222222,0,0.031749131944444446,0,0,0
float32-round-even,fx-zoom-lens,0.3,True,True,0.09168836805555555,8,0.08621961805555556,4,0.07749565972222222,0,0,0
float32-round-even,fx-zoom-lens,0.9,True,True,0.07615017361111111,0,0.07317708333333334,4,0.0666015625,0,0,0
float32-round-even,fx-zoom-lens,1.5,True,True,0.088671875,8,0.08980034722222222,4,0.08802083333333334,8,0,0
float32-round-even,fx-zoom-lens,2.1,True,True,0.09401041666666667,8,0.08802083333333334,4,0.07983940972222223,0,0,0
float32-round-even,fx-ct-picture-bumps,0.3,True,True,0.10481770833333333,8,0.11121961805555555,4,0.08854166666666667,8,0,0
float32-round-even,fx-ct-picture-bumps,0.9,True,True,0.05277777777777778,0,0.04984809027777778,4,0.04494357638888889,0,0,0
float32-round-even,fx-ct-picture-bumps,1.5,True,True,0.10017361111111112,8,0.12057291666666667,4,0.1048828125,8,0,0
float32-round-even,fx-ct-picture-bumps,2.1,True,True,0.07233072916666666,0,0.07428385416666666,4,0.06460503472222222,0,0,0
float32-round-even,fx-ct-background-fit,0.3,True,True,0.024631076388888888,0,0.013693576388888889,0,0.009027777777777777,0,0,0
float32-round-even,fx-ct-background-fit,0.9,True,True,0.16918402777777777,8,0.14144965277777777,4,0.10616319444444444,8,0,0
float32-round-even,fx-ct-background-fit,1.5,True,True,0.10805121527777778,8,0.10199652777777778,4,0.09429253472222222,8,0,0
float32-round-even,fx-ct-background-fit,2.1,True,True,0.11779513888888889,8,0.10733506944444444,4,0.09097222222222222,8,0,0
float32-round-even,fx-ct-astral,0.3,True,True,0.08231336805555556,8,0.07174479166666667,4,0.05883246527777778,0,0,0
float32-round-even,fx-ct-astral,0.9,True,True,0.10154079861111111,8,0.09984809027777777,4,0.0787109375,0,0,0
float32-round-even,fx-ct-astral,1.5,True,True,0.08719618055555556,8,0.07267795138888888,4,0.06124131944444444,0,0,0
float32-round-even,fx-ct-astral,2.1,True,True,0.10987413194444444,8,0.10885416666666667,4,0.08600260416666666,8,0,0
float32-round-even,fx-cc-wobbly-flash,0.3,True,True,0.0915798611111111,8,0.10271267361111111,4,0.07999131944444444,0,0,0
float32-round-even,fx-cc-wobbly-flash,0.9,True,True,0.11247829861111111,8,0.09305555555555556,4,0.08430989583333333,8,0,0
float32-round-even,fx-cc-wobbly-flash,1.5,True,True,0.09800347222222222,8,0.08608940972222222,4,0.08114149305555556,0,0,0
float32-round-even,fx-cc-wobbly-flash,2.1,True,True,0.09778645833333334,8,0.09774305555555556,4,0.075,0,0,0
float32-round-even,fx-cc-feverish,0.3,True,True,0.058051215277777776,0,0.07927517361111111,4,0.052821180555555555,0,0,0
float32-round-even,fx-cc-feverish,0.9,False,False,6.622482638888889,17,18.372135416666666,29,14.506727430555555,25,0,0
float32-round-even,fx-cc-feverish,1.5,True,True,0.06417100694444444,0,0.07686631944444444,4,0.05681423611111111,0,0,0
float32-round-even,fx-cc-feverish,2.1,True,True,0.05232204861111111,0,0.07777777777777778,4,0.054144965277777776,0,0,0
float32-round-even,fx-ct-tension-zoom,0.3,True,True,0.09800347222222222,8,0.09715711805555556,4,0.08854166666666667,8,0,0
float32-round-even,fx-ct-tension-zoom,0.9,True,True,0.08513454861111111,8,0.08591579861111111,4,0.0788845486111111,0,0,0
float32-round-even,fx-ct-tension-zoom,1.5,True,True,0.08626302083333333,8,0.0827907986111111,4,0.09220920138888888,8,0,0
float32-round-even,fx-ct-tension-zoom,2.1,True,True,0.09741753472222223,8,0.09418402777777778,4,0.08726128472222222,8,0,0
float32-round-even,fx-ct-negative,0.3,True,True,0.04754774305555556,0,0.041276041666666666,4,0.0396484375,0,0,0
float32-round-even,fx-ct-negative,0.9,True,True,0.04602864583333333,0,0.043684895833333334,4,0.039496527777777776,0,0,0
float32-round-even,fx-ct-negative,1.5,True,True,0.04529079861111111,0,0.04309895833333333,4,0.03511284722222222,0,0,0
float32-round-even,fx-ct-negative,2.1,True,True,0.045073784722222225,0,0.045182291666666666,4,0.039388020833333336,0,0,0
float32-round-even,fx-ct-cut-shift,0.3,False,False,6.964279513888889,91,7.589908854166667,93,8.153732638888888,107,0,0
float32-round-even,fx-ct-cut-shift,0.9,True,True,0.05180121527777778,0,0.057530381944444445,4,0.05486111111111111,0,0,0
float32-round-even,fx-ct-cut-shift,1.5,False,False,7.162912326388889,75,7.335698784722222,77,7.602473958333333,74,0,0
float32-round-even,fx-ct-cut-shift,2.1,True,True,0.2232421875,8,0.2249782986111111,4,0.23140190972222222,8,0,0
float32-round-even,fx-ct-effect-mashup,0.3,True,True,0.024479166666666666,0,0.021484375,0,0.01577690972222222,0,0,0
float32-round-even,fx-ct-effect-mashup,0.9,True,True,0.06024305555555556,0,0.043511284722222224,4,0.055815972222222225,0,0,0
float32-round-even,fx-ct-effect-mashup,1.5,True,True,0.08869357638888889,8,0.08817274305555556,4,0.08179253472222223,0,0,0
float32-round-even,fx-ct-effect-mashup,2.1,True,True,0.0712890625,0,0.0642578125,4,0.06226128472222222,0,0,0
float32-round-even,fx-ct-hexagonal-spot,0.3,True,True,0.039778645833333334,0,0.05182291666666667,4,0.042144097222222225,0,0,0
float32-round-even,fx-ct-hexagonal-spot,0.9,True,True,0.07619357638888889,0,0.064453125,4,0.0640625,0,0,0
float32-round-even,fx-ct-hexagonal-spot,1.5,True,True,0.2433810763888889,8,0.049370659722222224,4,0.044205729166666666,0,0,0
float32-round-even,fx-ct-hexagonal-spot,2.1,True,True,0.05141059027777778,0,0.08090277777777778,4,0.05358072916666667,0,0,0
float32-round-even,fx-ct-broken-shine,0.3,True,True,0.08077256944444444,0,0.07864583333333333,4,0.0802734375,0,0,0
float32-round-even,fx-ct-broken-shine,0.9,True,True,0.06315104166666667,0,0.06473524305555556,4,0.05855034722222222,0,0,0
float32-round-even,fx-ct-broken-shine,1.5,True,True,0.04663628472222222,0,0.040234375,0,0.04038628472222222,0,0,0
float32-round-even,fx-ct-broken-shine,2.1,True,True,0.06534288194444444,0,0.06356336805555556,4,0.05950520833333333,0,0,0
float32-round-even,fx-cc-move-cloud,0.3,True,True,0.08370225694444444,8,0.06677517361111111,4,0.07727864583333334,0,0,0
float32-round-even,fx-cc-move-cloud,0.9,True,True,0.04865451388888889,0,0.0423828125,4,0.029383680555555555,0,0,0
float32-round-even,fx-cc-move-cloud,1.5,True,True,0.04982638888888889,0,0.04136284722222222,4,0.031749131944444446,0,0,0
float32-round-even,fx-cc-move-cloud,2.1,True,True,0.06905381944444444,0,0.071875,4,0.0754123263888889,0,0,0
float32-round-even,fx-ct-grim-neo,0.3,True,True,0.07473958333333333,0,0.0806640625,4,0.07892795138888889,0,0,0
float32-round-even,fx-ct-grim-neo,0.9,True,True,0.07298177083333333,0,0.06957465277777777,4,0.07424045138888889,0,0,0
float32-round-even,fx-ct-grim-neo,1.5,True,True,0.06940104166666666,0,0.07801649305555555,4,0.07020399305555555,0,0,0
float32-round-even,fx-ct-grim-neo,2.1,True,True,0.07897135416666666,0,0.0771484375,4,0.07890625,0,0,0
float32-round-even,fx-ct-chaotic-heat,0.3,False,False,24.29001736111111,99,25.77580295138889,138,15.290516493055556,83,0,0
float32-round-even,fx-ct-chaotic-heat,0.9,False,False,2.1982421875,17,2.7743706597222224,25,1.3176215277777779,17,0,0
float32-round-even,fx-ct-chaotic-heat,1.5,False,False,29.455794270833334,123,35.31319444444444,154,18.31640625,140,0,0
float32-round-even,fx-ct-chaotic-heat,2.1,False,False,9.009309895833333,131,8.758875868055556,121,4.751844618055555,107,0,0
float32-round-even,fx-ct-delicate-rays,0.3,True,True,0.13869357638888888,8,0.11397569444444444,4,0.12482638888888889,8,0,0
float32-round-even,fx-ct-delicate-rays,0.9,True,True,0.13023003472222222,8,0.11169704861111111,4,0.10531684027777778,8,0,0
float32-round-even,fx-ct-delicate-rays,1.5,True,True,0.12797309027777778,8,0.1169704861111111,4,0.10023871527777778,8,0,0
float32-round-even,fx-ct-delicate-rays,2.1,True,True,0.12901475694444445,8,0.11475694444444444,4,0.10883246527777778,8,0,0
float32-round-even,fx-ct-shine-zoom,0.3,True,True,0.02478298611111111,0,0.019596354166666666,0,0.01955295138888889,0,0,0
float32-round-even,fx-ct-shine-zoom,0.9,True,True,0.028276909722222222,0,0.026323784722222222,0,0.0255859375,0,0,0
float32-round-even,fx-ct-shine-zoom,1.5,True,True,0.10286458333333333,8,0.10481770833333333,4,0.09769965277777778,8,0,0
float32-round-even,fx-ct-shine-zoom,2.1,True,True,0.02035590277777778,0,0.021072048611111113,0,0.022200520833333334,0,0,0
float32-round-even,fx-ct-magical-tome,0.3,True,True,0.07326388888888889,0,0.06927083333333334,4,0.050065104166666666,0,0,0
float32-round-even,fx-ct-magical-tome,0.9,True,True,0.07710503472222222,0,0.06764322916666667,4,0.0494140625,0,0,0
float32-round-even,fx-ct-magical-tome,1.5,True,True,0.07534722222222222,0,0.07003038194444444,4,0.04763454861111111,0,0,0
float32-round-even,fx-ct-magical-tome,2.1,True,True,0.07608506944444444,0,0.06673177083333333,4,0.05353732638888889,0,0,0
float32-round-even,fx-ct-phone-cube,0.3,True,True,0.06345486111111111,0,0.06351996527777778,4,0.05774739583333333,0,0,0
float32-round-even,fx-ct-phone-cube,0.9,True,True,0.06380208333333333,0,0.06076388888888889,4,0.0552734375,0,0,0
float32-round-even,fx-ct-phone-cube,1.5,True,True,0.05308159722222222,0,0.05553385416666667,4,0.05583767361111111,0,0,0
float32-round-even,fx-ct-phone-cube,2.1,True,True,0.06085069444444444,0,0.06180555555555556,4,0.06091579861111111,0,0,0
float32-round-even,fx-ct-grim-reaper,0.3,True,True,0.053211805555555554,0,0.06779513888888888,4,0.06497395833333333,0,0,0
float32-round-even,fx-ct-grim-reaper,0.9,True,True,0.04921875,0,0.06154513888888889,4,0.05967881944444445,0,0,0
float32-round-even,fx-ct-grim-reaper,1.5,True,True,0.04911024305555556,0,0.052734375,4,0.05852864583333333,0,0,0
float32-round-even,fx-ct-grim-reaper,2.1,True,True,0.046050347222222225,0,0.05407986111111111,4,0.059309895833333334,0,0,0
float32-round-even,fx-ct-phone-zoom,0.3,True,True,0.06072048611111111,0,0.0603515625,4,0.05447048611111111,0,0,0
float32-round-even,fx-ct-phone-zoom,0.9,True,True,0.08335503472222222,8,0.07389322916666667,4,0.07322048611111111,0,0,0
float32-round-even,fx-ct-phone-zoom,1.5,True,True,0.1478515625,8,0.14487847222222222,4,0.13003472222222223,8,0,0
float32-round-even,fx-ct-phone-zoom,2.1,True,True,0.0634765625,0,0.06095920138888889,4,0.05026041666666667,0,0,0
float32-round-even,fx-cc-chromatic,0.3,True,True,0.06677517361111111,0,0.0740017361111111,4,0.09898003472222222,8,0,0
float32-round-even,fx-cc-chromatic,0.9,True,True,0.1150390625,8,0.07183159722222222,4,0.3712022569444444,8,0,0
float32-round-even,fx-cc-chromatic,1.5,True,True,0.07139756944444445,0,0.06675347222222222,4,0.059895833333333336,0,0,0
float32-round-even,fx-cc-chromatic,2.1,True,True,0.08619791666666667,8,0.11799045138888889,4,0.36378038194444445,8,0,0
float32-round-even,fx-cc-ripple,0.3,True,True,0.14945746527777778,8,0.14153645833333334,4,0.12061631944444444,8,0,0
float32-round-even,fx-cc-ripple,0.9,True,True,0.14069010416666666,8,0.13713107638888888,4,0.13088107638888888,8,0,0
float32-round-even,fx-cc-ripple,1.5,True,True,0.09361979166666666,8,0.09375,4,0.08559027777777778,8,0,0
float32-round-even,fx-cc-ripple,2.1,True,True,0.1427734375,8,0.14348958333333334,4,0.1320095486111111,8,0,0
float32-round-even,fx-cc-retro-flicker,0.3,False,False,9.426302083333333,25,9.449826388888889,28,9.406184895833333,25,0,0
float32-round-even,fx-cc-retro-flicker,0.9,False,False,8.711046006944445,25,8.904578993055555,28,8.973546006944444,25,0,0
float32-round-even,fx-cc-retro-flicker,1.5,False,False,8.58962673611111,25,8.52947048611111,25,8.446419270833333,25,0,0
float32-round-even,fx-cc-retro-flicker,2.1,False,False,11.470638020833333,41,10.924652777777778,40,10.27734375,33,0,0
float32-round-even,fx-cc-handheld,0.3,True,True,0.09288194444444445,8,0.09774305555555556,4,0.0812717013888889,0,0,0
float32-round-even,fx-cc-handheld,0.9,True,True,0.11378038194444444,8,0.1017578125,4,0.09010416666666667,8,0,0
float32-round-even,fx-cc-handheld,1.5,True,True,0.09366319444444444,8,0.10392795138888888,4,0.08324652777777777,8,0,0
float32-round-even,fx-cc-handheld,2.1,True,True,0.09861111111111111,8,0.09578993055555556,4,0.08532986111111111,8,0,0
float32-round-even,fx-cc-film-wave,0.3,True,True,0.13763020833333334,8,0.13051215277777778,4,0.1265842013888889,8,0,0
float32-round-even,fx-cc-film-wave,0.9,True,True,0.12762586805555556,8,0.1320095486111111,4,0.12022569444444445,8,0,0
float32-round-even,fx-cc-film-wave,1.5,True,True,0.1408203125,8,0.13585069444444445,4,0.11970486111111112,8,0,0
float32-round-even,fx-cc-film-wave,2.1,True,True,0.14396701388888888,8,0.1303168402777778,4,0.12072482638888889,8,0,0
float32-round-even,fx-cc-wiggle-flicker,0.3,False,False,32.926974826388886,156,33.05201822916667,170,33.53608940972222,189,0,0
float32-round-even,fx-cc-wiggle-flicker,0.9,False,False,24.206944444444446,132,24.22775607638889,134,23.800390625,140,0,0
float32-round-even,fx-cc-wiggle-flicker,1.5,False,False,2.046462673611111,25,1.7150607638888888,16,2.7052734375,25,0,0
float32-round-even,fx-cc-wiggle-flicker,2.1,False,False,10.463519965277778,91,10.389605034722223,97,10.604210069444445,107,0,0
float32-round-even,fx-cc-bw-slider,0.3,True,True,0.11436631944444445,8,0.10523003472222223,4,0.10379774305555556,8,0,0
float32-round-even,fx-cc-bw-slider,0.9,True,True,0.11436631944444445,8,0.13059895833333332,4,0.11371527777777778,8,0,0
float32-round-even,fx-cc-bw-slider,1.5,True,True,0.10002170138888888,8,0.09674479166666666,4,0.08422309027777777,8,0,0
float32-round-even,fx-cc-bw-slider,2.1,True,True,0.11703559027777778,8,0.11677517361111112,4,0.10974392361111111,8,0,0
float32-round-even,fx-cc-hex-split,0.3,False,False,5.661306423611111,83,5.226671006944445,77,4.695247395833333,66,0,0
float32-round-even,fx-cc-hex-split,0.9,False,False,7.8083984375,99,7.203689236111111,89,6.459787326388889,82,0,0
float32-round-even,fx-cc-hex-split,1.5,False,False,7.6419921875,99,6.990928819444444,93,6.223784722222222,82,0,0
float32-round-even,fx-cc-hex-split,2.1,False,False,6.727864583333333,99,6.175260416666666,89,5.489995659722222,75,0,0
float32-round-even,fx-cc-shimmer-360,0.3,True,True,0.10907118055555555,8,0.09782986111111111,4,0.07437065972222222,0,0,0
float32-round-even,fx-cc-shimmer-360,0.9,True,True,0.08530815972222222,8,0.07526041666666666,4,0.06614583333333333,0,0,0
float32-round-even,fx-cc-shimmer-360,1.5,True,True,0.08858506944444444,8,0.07183159722222222,4,0.05568576388888889,0,0,0
float32-round-even,fx-cc-shimmer-360,2.1,True,True,0.0828125,8,0.08142361111111111,4,0.06375868055555556,0,0,0
float32-round-even,fx-cc-dynamic-blur,0.3,True,True,0.06963975694444445,0,0.07278645833333333,4,0.06942274305555556,0,0,0
float32-round-even,fx-cc-dynamic-blur,0.9,True,True,0.07923177083333334,0,0.07630208333333334,4,0.06872829861111111,0,0,0
float32-round-even,fx-cc-dynamic-blur,1.5,True,True,0.08337673611111111,8,0.07838541666666667,4,0.08168402777777778,0,0,0
float32-round-even,fx-cc-dynamic-blur,2.1,True,True,0.07337239583333334,0,0.06399739583333333,4,0.06822916666666666,0,0,0
float32-round-even,fx-cc-rebound-swing,0.3,True,True,0.12964409722222223,8,0.12211371527777778,4,0.10909288194444444,8,0,0
float32-round-even,fx-cc-rebound-swing,0.9,True,True,0.1325954861111111,8,0.11783854166666667,4,0.10529513888888889,8,0,0
float32-round-even,fx-cc-rebound-swing,1.5,True,True,0.12788628472222222,8,0.12272135416666667,4,0.10540364583333334,8,0,0
float32-round-even,fx-cc-rebound-swing,2.1,True,True,0.12578125,8,0.11716579861111111,4,0.10668402777777777,8,0,0
float32-round-even,fx-cc-cut-twist,0.3,True,True,0.13033854166666667,8,0.11345486111111111,4,0.10690104166666667,8,0,0
float32-round-even,fx-cc-cut-twist,0.9,True,True,0.131640625,8,0.12378472222222223,4,0.11701388888888889,8,0,0
float32-round-even,fx-cc-cut-twist,1.5,True,True,0.10460069444444445,8,0.1042751736111111,4,0.10284288194444445,8,0,0
float32-round-even,fx-cc-cut-twist,2.1,True,True,0.13057725694444444,8,0.11221788194444444,4,0.10930989583333334,8,0,0
float32-round-even,fx-cc-bg-copies,0.3,True,True,0.23830295138888888,8,0.20438368055555556,4,0.16375868055555556,0,0,0
float32-round-even,fx-cc-bg-copies,0.9,True,True,0.2173394097222222,8,0.1886935763888889,4,0.14906684027777778,0,0,0
float32-round-even,fx-cc-bg-copies,1.5,True,True,0.20737847222222222,8,0.18155381944444443,4,0.14661458333333333,0,0,0
float32-round-even,fx-cc-bg-copies,2.1,True,True,0.2228515625,8,0.18624131944444444,4,0.15926649305555557,8,0,0
float32-round-even,fx-cc-camera-punch,0.3,True,True,0.09212239583333333,8,0.09555121527777778,4,0.0857421875,8,0,0
float32-round-even,fx-cc-camera-punch,0.9,True,True,0.09822048611111112,8,0.09034288194444444,4,0.07658420138888888,0,0,0
float32-round-even,fx-cc-camera-punch,1.5,True,True,0.08858506944444444,8,0.08606770833333334,4,0.09088541666666666,8,0,0
float32-round-even,fx-cc-camera-punch,2.1,True,True,0.08385416666666666,8,0.08311631944444445,4,0.07174479166666667,0,0,0
float32-round-even,fx-cc-heart-ascent,0.3,False,False,1.1796657986111112,9,0.7058810763888889,12,0.6447048611111111,8,0,0
float32-round-even,fx-cc-heart-ascent,0.9,False,False,1.6682942708333333,33,0.7785807291666667,37,0.9295138888888889,9,0,0
float32-round-even,fx-cc-heart-ascent,1.5,False,False,1.6576605902777777,41,0.7875,37,0.9844401041666667,16,0,0
float32-round-even,fx-cc-heart-ascent,2.1,False,False,1.7548177083333334,41,0.9597005208333333,45,1.0801432291666666,25,0,0
float32-round-even,fx-cc-butterfly,0.3,True,True,0.08784722222222222,8,0.08548177083333333,4,0.07571614583333333,0,0,0
float32-round-even,fx-cc-butterfly,0.9,True,True,0.08459201388888889,8,0.07934027777777777,4,0.08057725694444444,0,0,0
float32-round-even,fx-cc-butterfly,1.5,True,True,0.11063368055555556,8,0.08949652777777778,4,0.09854600694444444,8,0,0
float32-round-even,fx-cc-butterfly,2.1,True,True,0.0949435763888889,8,0.08780381944444444,4,0.08233506944444445,0,0,0
float32-round-even,fx-cc-butterfly-dream,0.3,True,True,0.07239583333333334,0,0.07076822916666667,4,0.07406684027777778,0,0,0
float32-round-even,fx-cc-butterfly-dream,0.9,True,True,0.08687065972222222,8,0.06616753472222223,4,0.0763671875,0,0,0
float32-round-even,fx-cc-butterfly-dream,1.5,True,True,0.07938368055555556,0,0.07026909722222222,4,0.07554253472222222,0,0,0
float32-round-even,fx-cc-butterfly-dream,2.1,True,True,0.07938368055555556,0,0.07098524305555555,4,0.07029079861111111,0,0,0
float32-round-even,fx-cc-leak-warm,0.3,True,True,0.09086371527777778,8,0.09878472222222222,4,0.101171875,8,0,0
float32-round-even,fx-cc-leak-warm,0.9,True,True,0.0912109375,8,0.0998046875,4,0.10186631944444445,8,0,0
float32-round-even,fx-cc-leak-warm,1.5,True,True,0.10112847222222222,8,0.10065104166666666,4,0.10388454861111111,8,0,0
float32-round-even,fx-cc-leak-warm,2.1,True,True,0.09392361111111111,8,0.09765625,4,0.10093315972222222,8,0,0
float32-round-even,fx-cc-leak-neon,0.3,True,True,0.05796440972222222,0,0.04880642361111111,4,0.04722222222222222,0,0,0
float32-round-even,fx-cc-leak-neon,0.9,True,True,0.0812717013888889,0,0.07111545138888889,4,0.0671875,0,0,0
float32-round-even,fx-cc-leak-neon,1.5,True,True,0.07756076388888888,0,0.0793185763888889,4,0.06319444444444444,0,0,0
float32-round-even,fx-cc-leak-neon,2.1,True,True,0.07604166666666666,0,0.06631944444444444,4,0.06065538194444445,0,0,0
float32-round-even,fx-cc-vignette-rose,0.3,True,True,0.08543836805555556,8,0.06692708333333333,4,0.0681423611111111,0,0,0
float32-round-even,fx-cc-vignette-rose,0.9,True,True,0.08984375,8,0.06649305555555556,4,0.061046006944444446,0,0,0
float32-round-even,fx-cc-vignette-rose,1.5,True,True,0.08005642361111111,0,0.07417534722222222,4,0.06486545138888888,0,0,0
float32-round-even,fx-cc-vignette-rose,2.1,True,True,0.09097222222222222,8,0.07024739583333334,4,0.06692708333333333,0,0,0
float32-round-even,fx-cc-falling-petals,0.3,True,True,0.08194444444444444,0,0.06888020833333333,4,0.064453125,0,0,0
float32-round-even,fx-cc-falling-petals,0.9,True,True,0.06846788194444445,0,0.07610677083333334,4,0.06501736111111112,0,0,0
float32-round-even,fx-cc-falling-petals,1.5,True,True,0.09058159722222223,0,0.068359375,4,0.0661892361111111,0,0,0
float32-round-even,fx-cc-falling-petals,2.1,True,True,0.09142795138888889,0,0.06525607638888889,4,0.06059027777777778,0,0,0
float32-round-even,fx-cc-smoky-focus,0.3,True,True,0.06723090277777778,0,0.06432291666666666,4,0.06187065972222222,0,0,0
float32-round-even,fx-cc-smoky-focus,0.9,True,True,0.07211371527777778,0,0.07022569444444444,4,0.064453125,0,0,0
float32-round-even,fx-cc-smoky-focus,1.5,True,True,0.06525607638888889,0,0.07029079861111111,4,0.057356770833333334,0,0,0
float32-round-even,fx-cc-smoky-focus,2.1,True,True,0.07048611111111111,0,0.06953125,4,0.05661892361111111,0,0,0
float32-round-even,fx-cc-vintage-film,0.3,False,False,8.716319444444444,25,8.347916666666666,25,7.853233506944444,25,0,0
float32-round-even,fx-cc-vintage-film,0.9,False,False,9.769140625,33,9.178407118055556,28,8.359331597222223,25,0,0
float32-round-even,fx-cc-vintage-film,1.5,False,False,11.765364583333334,42,10.981684027777778,41,9.804991319444444,33,0,0
float32-round-even,fx-cc-vintage-film,2.1,False,False,5.469270833333334,17,5.452799479166667,20,5.446875,17,0,0
float32-round-even,fx-cc-stellar,0.3,True,True,0.11627604166666666,8,0.094140625,4,0.09581163194444445,8,0,0
float32-round-even,fx-cc-stellar,0.9,True,True,0.12005208333333334,8,0.09861111111111111,4,0.10006510416666667,8,0,0
float32-round-even,fx-cc-stellar,1.5,True,True,0.12133246527777777,8,0.11098090277777778,4,0.1037326388888889,8,0,0
float32-round-even,fx-cc-stellar,2.1,True,True,0.13704427083333334,8,0.10974392361111111,4,0.10657552083333334,8,0,0
float32-round-even,fx-cc-border-current,0.3,True,True,0.07072482638888888,0,0.06417100694444444,4,0.06401909722222222,0,0,0
float32-round-even,fx-cc-border-current,0.9,True,True,0.071875,0,0.065625,4,0.05622829861111111,0,0,0
float32-round-even,fx-cc-border-current,1.5,True,True,0.05755208333333333,0,0.059830729166666666,4,0.06796875,0,0,0
float32-round-even,fx-cc-border-current,2.1,True,True,0.06801215277777778,0,0.05987413194444444,4,0.05297309027777778,0,0,0
float32-round-even,fx-cc-ink-spill,0.3,True,True,0.05985243055555556,0,0.04583333333333333,4,0.05078125,0,0,0
float32-round-even,fx-cc-ink-spill,0.9,True,True,0.016493055555555556,0,0.01482204861111111,0,0.013823784722222222,0,0,0
float32-round-even,fx-cc-ink-spill,1.5,True,True,0.02263454861111111,0,0.0283203125,0,0.0251953125,0,0,0
float32-round-even,fx-cc-ink-spill,2.1,True,True,0.10416666666666667,8,0.09839409722222223,4,0.10416666666666667,8,0,0
float32-round-even,fx-cc-exploding-love,0.3,False,False,8.513237847222221,140,4.1546006944444445,69,3.8818359375,58,0,0
float32-round-even,fx-cc-exploding-love,0.9,False,False,2.9817708333333335,66,1.7584635416666667,40,1.6435980902777778,33,0,0
float32-round-even,fx-cc-exploding-love,1.5,True,True,0.15518663194444443,8,0.11417100694444444,4,0.10308159722222222,8,0,0
float32-round-even,fx-cc-exploding-love,2.1,False,False,6.318402777777778,115,3.5419921875,65,3.279861111111111,57,0,0
float32-round-even,fx-cc-damaged-vignette,0.3,True,True,0.046549479166666664,0,0.061263020833333334,4,0.032313368055555555,0,0,0
float32-round-even,fx-cc-damaged-vignette,0.9,True,True,0.04826388888888889,0,0.06362847222222222,4,0.03170572916666667,0,0,0
float32-round-even,fx-cc-damaged-vignette,1.5,True,True,0.04683159722222222,0,0.06657986111111111,4,0.03532986111111111,0,0,0
float32-round-even,fx-cc-damaged-vignette,2.1,True,True,0.048111979166666666,0,0.059375,4,0.03428819444444445,0,0,0
float32-round-even,fx-cc-firefly,0.3,False,False,2.9376736111111112,50,2.672113715277778,52,1.3930121527777777,25,0,0
float32-round-even,fx-cc-firefly,0.9,False,False,6.901540798611111,107,6.025651041666666,97,2.9912977430555556,49,0,0
float32-round-even,fx-cc-firefly,1.5,False,False,6.4388671875,99,5.6826171875,89,2.8746961805555555,49,0,0
float32-round-even,fx-cc-firefly,2.1,False,False,4.514756944444445,74,4.0494140625,73,2.055056423611111,33,0,0
float32-round-even,fx-cc-misty-tint,0.3,True,True,0.10863715277777777,8,0.10859375,4,0.11046006944444445,8,0,0
float32-round-even,fx-cc-misty-tint,0.9,True,True,0.1048828125,8,0.11126302083333334,4,0.10247395833333334,8,0,0
float32-round-even,fx-cc-misty-tint,1.5,True,True,0.10520833333333333,8,0.11378038194444444,4,0.10887586805555556,8,0,0
float32-round-even,fx-cc-misty-tint,2.1,True,True,0.10690104166666667,8,0.10698784722222222,4,0.0978515625,8,0,0
float32-round-even,fx-cc-sepia-cool,0.3,False,False,3.630121527777778,16,3.6303602430555557,12,3.654665798611111,16,0,0
float32-round-even,fx-cc-sepia-cool,0.9,False,False,3.3695746527777777,9,3.3639756944444446,12,3.3517144097222222,16,0,0
float32-round-even,fx-cc-sepia-cool,1.5,False,False,3.147092013888889,9,3.1436631944444446,12,3.1210503472222224,9,0,0
float32-round-even,fx-cc-sepia-cool,2.1,False,False,2.8731987847222222,9,2.8713758680555554,12,2.883072916666667,9,0,0
float32-round-even,fx-cc-snow-night,0.3,True,True,0.15421006944444443,8,0.09796006944444445,4,0.11362847222222222,8,0,0
float32-round-even,fx-cc-snow-night,0.9,True,True,0.14596354166666667,8,0.10334201388888889,4,0.112890625,8,0,0
float32-round-even,fx-cc-snow-night,1.5,True,True,0.148828125,8,0.1032986111111111,4,0.11451822916666667,8,0,0
float32-round-even,fx-cc-snow-night,2.1,True,True,0.1529513888888889,8,0.10004340277777778,4,0.11215277777777778,8,0,0
float32-round-even,fx-cc-rain,0.3,True,True,0.08450520833333333,8,0.06768663194444445,4,0.08932291666666667,8,0,0
float32-round-even,fx-cc-rain,0.9,True,True,0.08526475694444445,8,0.06512586805555555,4,0.09086371527777778,8,0,0
float32-round-even,fx-cc-rain,1.5,True,True,0.0857204861111111,8,0.065625,4,0.08528645833333333,0,0,0
float32-round-even,fx-cc-rain,2.1,True,True,0.07222222222222222,0,0.07328559027777778,4,0.08426649305555556,0,0,0
float32-round-even,fx-cc-rose-bloom,0.3,False,False,1.6487413194444445,66,1.3174696180555556,56,0.9673177083333333,32,0,0
float32-round-even,fx-cc-rose-bloom,0.9,False,False,1.4523654513888888,50,1.342165798611111,57,0.8969835069444444,32,0,0
float32-round-even,fx-cc-rose-bloom,1.5,False,False,2.1667100694444446,91,0.9456380208333334,37,0.6563802083333333,25,0,0
float32-round-even,fx-cc-rose-bloom,2.1,False,False,2.9012803819444444,123,0.9962239583333333,33,0.9316623263888889,25,0,0
float32-round-even,fx-cc-sparkle-shine,0.3,True,True,0.06742621527777778,0,0.059071180555555554,4,0.05694444444444444,0,0,0
float32-round-even,fx-cc-sparkle-shine,0.9,True,True,0.0673828125,0,0.05740017361111111,4,0.05601128472222222,0,0,0
float32-round-even,fx-cc-sparkle-shine,1.5,True,True,0.06686197916666667,0,0.06453993055555556,4,0.058333333333333334,0,0,0
float32-round-even,fx-cc-sparkle-shine,2.1,True,True,0.07194010416666667,0,0.06306423611111112,4,0.05579427083333333,0,0,0
float32-round-even,fx-cc-color-pixel,0.3,True,True,0.3374565972222222,8,0.28140190972222223,4,0.28658854166666664,8,0,0
float32-round-even,fx-cc-color-pixel,0.9,True,True,0.32803819444444443,8,0.2546657986111111,4,0.22651909722222222,8,0,0
float32-round-even,fx-cc-color-pixel,1.5,True,True,0.128515625,8,0.2369357638888889,4,0.24837239583333334,8,0,0
float32-round-even,fx-cc-color-pixel,2.1,True,True,0.12921006944444444,8,0.23719618055555555,4,0.27957899305555556,8,0,0
float32-round-even,fx-cc-pixel-blocks,0.3,True,True,0.10490451388888888,8,0.10635850694444444,4,0.08595920138888889,8,0,0
float32-round-even,fx-cc-pixel-blocks,0.9,True,True,0.09605034722222222,8,0.07489149305555555,4,0.07063802083333333,0,0,0
float32-round-even,fx-cc-pixel-blocks,1.5,True,True,0.12667100694444444,8,0.12111545138888889,4,0.10088975694444445,8,0,0
float32-round-even,fx-cc-pixel-blocks,2.1,True,True,0.13253038194444444,8,0.10002170138888888,4,0.08467881944444444,8,0,0
float32-round-even,fx-cc-pixel-mutant,0.3,True,True,0.1015625,8,0.11853298611111111,4,0.06610243055555555,0,0,0
float32-round-even,fx-cc-pixel-mutant,0.9,False,False,3.742556423611111,107,3.8073350694444446,117,3.8466362847222224,107,0,0
float32-round-even,fx-cc-pixel-mutant,1.5,True,True,0.11742621527777777,8,0.12573784722222223,4,0.10907118055555555,8,0,0
float32-round-even,fx-cc-pixel-mutant,2.1,True,True,0.10049913194444444,8,0.10288628472222222,4,0.07489149305555555,0,0,0
float32-round-even,fx-cc-pixel-art,0.3,True,True,0.3400607638888889,8,0.2033203125,4,0.2762586805555556,8,0,0
float32-round-even,fx-cc-pixel-art,0.9,True,True,0.31267361111111114,8,0.23274739583333334,4,0.23648003472222223,8,0,0
float32-round-even,fx-cc-pixel-art,1.5,True,True,0.3060329861111111,8,0.3109375,4,0.25570746527777777,8,0,0
float32-round-even,fx-cc-pixel-art,2.1,True,True,0.3126085069444444,8,0.25071614583333335,4,0.26664496527777776,8,0,0
float32-round-even,fx-cc-pixel-universe,0.3,True,True,0.05900607638888889,0,0.048111979166666666,4,0.04663628472222222,0,0,0
float32-round-even,fx-cc-pixel-universe,0.9,True,True,0.04880642361111111,0,0.050868055555555555,4,0.043402777777777776,0,0,0
float32-round-even,fx-cc-pixel-universe,1.5,True,True,0.06712239583333333,0,0.04552951388888889,4,0.04038628472222222,0,0,0
float32-round-even,fx-cc-pixel-universe,2.1,True,True,0.07274305555555556,0,0.05785590277777778,4,0.0513671875,0,0,0
float32-round-even,fx-pb-pixel-scan,0.3,True,True,0.04754774305555556,0,0.041276041666666666,4,0.03982204861111111,0,0,0
float32-round-even,fx-pb-pixel-scan,0.9,True,True,0.06401909722222222,0,0.059092881944444446,4,0.058094618055555554,0,0,0
float32-round-even,fx-pb-pixel-scan,1.5,True,True,0.055078125,0,0.052235243055555554,4,0.040581597222222224,0,0,0
float32-round-even,fx-pb-pixel-scan,2.1,True,True,0.045073784722222225,0,0.045182291666666666,4,0.039388020833333336,0,0,0
float32-round-even,fx-pb-flip-phone,0.3,True,True,0.0546875,0,0.04431423611111111,4,0.04424913194444444,0,0,0
float32-round-even,fx-pb-flip-phone,0.9,True,True,0.05251736111111111,0,0.04583333333333333,4,0.04789496527777778,0,0,0
float32-round-even,fx-pb-flip-phone,1.5,True,True,0.06388888888888888,0,0.046375868055555554,4,0.043858506944444445,0,0,0
float32-round-even,fx-pb-flip-phone,2.1,True,True,0.06165364583333333,0,0.04526909722222222,4,0.04422743055555556,0,0,0
float32-round-even,fx-pb-pixel-creation,0.3,True,True,0.1275607638888889,8,0.11382378472222222,4,0.041167534722222225,0,0,0
float32-round-even,fx-pb-pixel-creation,0.9,True,True,0.20611979166666666,8,0.2231987847222222,4,0.244140625,8,0,0
float32-round-even,fx-pb-pixel-creation,1.5,False,False,1.5737413194444445,49,1.4989366319444444,45,1.3894097222222221,41,0,0
float32-round-even,fx-pb-pixel-creation,2.1,True,True,0.030078125,0,0.015885416666666666,0,0.013302951388888888,0,0,0
float32-round-even,fx-pb-pixel-breakdown,0.3,True,True,0.052886284722222225,0,0.05021701388888889,4,0.0423828125,0,0,0
float32-round-even,fx-pb-pixel-breakdown,0.9,True,True,0.25581597222222224,0,0.2623480902777778,4,0.2569444444444444,0,0,0
float32-round-even,fx-pb-pixel-breakdown,1.5,True,True,0.028797743055555554,0,0.03454861111111111,0,0.02966579861111111,0,0,0
float32-round-even,fx-pb-pixel-breakdown,2.1,True,True,0.028190104166666667,0,0.0326171875,0,0.02380642361111111,0,0,0
float32-round-even,fx-pb-losing-hp,0.3,True,True,0.05021701388888889,0,0.04251302083333333,4,0.050694444444444445,0,0,0
float32-round-even,fx-pb-losing-hp,0.9,True,True,0.09574652777777778,8,0.08444010416666667,4,0.0927734375,8,0,0
float32-round-even,fx-pb-losing-hp,1.5,True,True,0.04921875,0,0.07925347222222222,4,0.0607421875,0,0,0
float32-round-even,fx-pb-losing-hp,2.1,True,True,0.05319010416666667,0,0.0486328125,4,0.04709201388888889,0,0,0
float32-round-even,fx-pb-sweet-party,0.3,False,False,4.708289930555556,164,3.0155381944444444,137,2.524826388888889,107,0,0
float32-round-even,fx-pb-sweet-party,0.9,False,False,5.695421006944445,165,3.5781901041666666,121,3.5098741319444446,124,0,0
float32-round-even,fx-pb-sweet-party,1.5,False,False,5.673350694444444,164,3.5484375,113,3.530403645833333,115,0,0
float32-round-even,fx-pb-sweet-party,2.1,False,False,5.270247395833334,164,3.2938585069444444,109,2.9594835069444443,115,0,0
float32-round-even,fx-pb-popping-bow,0.3,True,True,0.08248697916666667,8,0.13111979166666668,4,0.043055555555555555,0,0,0
float32-round-even,fx-pb-popping-bow,0.9,True,True,0.08778211805555555,8,0.13569878472222222,4,0.04210069444444445,0,0,0
float32-round-even,fx-pb-popping-bow,1.5,True,True,0.09463975694444444,8,0.13589409722222223,4,0.035590277777777776,0,0,0
float32-round-even,fx-pb-popping-bow,2.1,True,True,0.08485243055555555,8,0.1349826388888889,4,0.042252604166666666,0,0,0
float32-round-even,fx-pb-misty-tint,0.3,True,True,0.07615017361111111,0,0.07419704861111111,4,0.07152777777777777,0,0,0
float32-round-even,fx-pb-misty-tint,0.9,True,True,0.07495659722222223,0,0.07473958333333333,4,0.07404513888888889,0,0,0
float32-round-even,fx-pb-misty-tint,1.5,True,True,0.07684461805555555,0,0.0798611111111111,4,0.0740017361111111,0,0,0
float32-round-even,fx-pb-misty-tint,2.1,True,True,0.07766927083333333,0,0.07734375,4,0.07621527777777778,0,0,0
float32-round-even,fx-pb-game-boy,0.3,True,True,0.040364583333333336,0,0.06801215277777778,4,0.022786458333333332,0,0,0
float32-round-even,fx-pb-game-boy,0.9,True,True,0.03493923611111111,0,0.06165364583333333,4,0.028059895833333334,0,0,0
float32-round-even,fx-pb-game-boy,1.5,True,True,0.017339409722222223,0,0.04809027777777778,4,0.019010416666666665,0,0,0
float32-round-even,fx-pb-game-boy,2.1,True,True,0.030837673611111113,0,0.056792534722222225,4,0.02163628472222222,0,0,0
float32-round-even,fx-pb-pixel-dissolve,0.3,True,True,0.11812065972222222,8,0.09611545138888888,4,0.1,8,0,0
float32-round-even,fx-pb-pixel-dissolve,0.9,True,True,0.06371527777777777,0,0.0642361111111111,4,0.06267361111111111,0,0,0
float32-round-even,fx-pb-pixel-dissolve,1.5,True,True,0.018598090277777778,0,0.019661458333333333,0,0.0166015625,0,0,0
float32-round-even,fx-pb-pixel-dissolve,2.1,True,True,0.02751736111111111,0,0.02816840277777778,0,0.024283854166666667,0,0,0
float32-round-even,fx-pb-bead-art,0.3,True,True,0.07354600694444445,0,0.07022569444444444,4,0.08480902777777778,0,0,0
float32-round-even,fx-pb-bead-art,0.9,True,True,0.11202256944444444,0,0.10850694444444445,4,0.051953125,0,0,0
float32-round-even,fx-pb-bead-art,1.5,True,True,0.10021701388888889,0,0.07992621527777778,4,0.060221354166666664,0,0,0
float32-round-even,fx-pb-bead-art,2.1,True,True,0.07764756944444444,0,0.07899305555555555,4,0.09442274305555555,0,0,0
float32-round-even,fx-pb-pixel-rain,0.3,True,True,0.11987847222222223,8,0.11163194444444445,4,0.11553819444444445,8,0,0
float32-round-even,fx-pb-pixel-rain,0.9,True,True,0.11911892361111111,8,0.10891927083333333,4,0.1076171875,8,0,0
float32-round-even,fx-pb-pixel-rain,1.5,True,True,0.12450086805555556,8,0.11783854166666667,4,0.11236979166666666,8,0,0
float32-round-even,fx-pb-pixel-rain,2.1,True,True,0.13305121527777777,8,0.13174913194444443,4,0.13038194444444445,8,0,0
float32-round-even,fx-st-phone-3d,0.3,True,True,0.055859375,0,0.05538194444444444,4,0.056727430555555555,0,0,0
float32-round-even,fx-st-phone-3d,0.9,True,True,0.05822482638888889,0,0.058051215277777776,4,0.05594618055555556,0,0,0
float32-round-even,fx-st-phone-3d,1.5,True,True,0.06260850694444445,0,0.060069444444444446,4,0.05607638888888889,0,0,0
float32-round-even,fx-st-phone-3d,2.1,True,True,0.05933159722222222,0,0.06030815972222222,4,0.056966145833333336,0,0,0
float32-round-even,fx-st-card-deck,0.3,True,True,0.06937934027777778,0,0.07152777777777777,4,0.06267361111111111,0,0,0
float32-round-even,fx-st-card-deck,0.9,True,True,0.07081163194444444,0,0.0671875,4,0.06121961805555556,0,0,0
float32-round-even,fx-st-card-deck,1.5,True,True,0.06128472222222222,0,0.058680555555555555,4,0.05234375,0,0,0
float32-round-even,fx-st-card-deck,2.1,True,True,0.07005208333333333,0,0.07113715277777778,4,0.06312934027777778,0,0,0
float32-round-even,fx-st-polaroid,0.3,True,True,0.06720920138888889,0,0.06935763888888889,4,0.048741319444444445,0,0,0
float32-round-even,fx-st-polaroid,0.9,True,True,0.08617621527777777,8,0.08220486111111111,4,0.07348090277777777,0,0,0
float32-round-even,fx-st-polaroid,1.5,True,True,0.09303385416666667,8,0.08478732638888889,4,0.07328559027777778,0,0,0
float32-round-even,fx-st-polaroid,2.1,True,True,0.0888671875,8,0.08489583333333334,4,0.06842447916666666,0,0,0
float32-round-even,fx-st-retro-tv,0.3,True,True,0.048567708333333334,0,0.0416015625,4,0.03430989583333333,0,0,0
float32-round-even,fx-st-retro-tv,0.9,True,True,0.04049479166666667,0,0.04578993055555555,4,0.040755208333333334,0,0,0
float32-round-even,fx-st-retro-tv,1.5,False,False,0.3975694444444444,9,0.3724609375,4,0.3052517361111111,8,0,0
float32-round-even,fx-st-retro-tv,2.1,True,True,0.3151041666666667,8,0.29034288194444446,4,0.23734809027777778,8,0,0
float32-round-even,fx-st-billboard,0.3,True,True,0.03211805555555555,0,0.03279079861111111,0,0.03138020833333333,0,0,0
float32-round-even,fx-st-billboard,0.9,True,True,0.03771701388888889,0,0.03435329861111111,0,0.03630642361111111,0,0,0
float32-round-even,fx-st-billboard,1.5,True,True,0.03704427083333333,0,0.03331163194444445,0,0.025694444444444443,0,0,0
float32-round-even,fx-st-billboard,2.1,True,True,0.03806423611111111,0,0.029752604166666665,0,0.03381076388888889,0,0,0
float32-round-even,fx-st-film-strip,0.3,True,True,0.14928385416666667,8,0.1323784722222222,4,0.1103515625,8,0,0
float32-round-even,fx-st-film-strip,0.9,False,False,0.6242838541666667,16,0.5225477430555555,12,0.3708767361111111,9,0,0
float32-round-even,fx-st-film-strip,1.5,False,False,1.3596354166666667,17,1.1774956597222221,12,0.8733723958333334,9,0,0
float32-round-even,fx-st-film-strip,2.1,False,False,1.3192925347222222,17,1.145703125,12,0.8879991319444445,9,0,0
float32-round-even,fx-st-fanned-cards,0.3,True,True,0.05894097222222222,0,0.044379340277777776,4,0.04327256944444444,0,0,0
float32-round-even,fx-st-fanned-cards,0.9,True,True,0.06156684027777778,0,0.05251736111111111,4,0.04435763888888889,0,0,0
float32-round-even,fx-st-fanned-cards,1.5,True,True,0.06041666666666667,0,0.04529079861111111,4,0.043359375,0,0,0
float32-round-even,fx-st-fanned-cards,2.1,True,True,0.047938368055555555,0,0.04125434027777778,4,0.032703993055555554,0,0,0
float32-round-even,fx-st-glass-card,0.3,True,True,0.07884114583333333,0,0.07571614583333333,4,0.06145833333333333,0,0,0
float32-round-even,fx-st-glass-card,0.9,True,True,0.0783420138888889,0,0.07341579861111111,4,0.06197916666666667,0,0,0
float32-round-even,fx-st-glass-card,1.5,True,True,0.081640625,0,0.07999131944444444,4,0.06540798611111111,0,0,0
float32-round-even,fx-st-glass-card,2.1,True,True,0.07732204861111111,0,0.07784288194444444,4,0.06304253472222222,0,0,0
float32-round-even,fx-ne-frame,0.3,True,True,0.06818576388888889,0,0.07482638888888889,4,0.0734592013888889,0,0,0
float32-round-even,fx-ne-frame,0.9,False,False,1.7324652777777778,17,1.8978515625,17,1.9101779513888888,24,0,0
float32-round-even,fx-ne-frame,1.5,True,True,0.06697048611111112,0,0.06996527777777778,4,0.06506076388888889,0,0,0
float32-round-even,fx-ne-frame,2.1,True,True,0.06584201388888888,0,0.07291666666666667,4,0.06410590277777778,0,0,0
float32-round-even,fx-ne-ring,0.3,True,True,0.06514756944444444,0,0.05935329861111111,4,0.05394965277777778,0,0,0
float32-round-even,fx-ne-ring,0.9,False,False,2.2362630208333334,25,0.5768880208333333,8,1.6487413194444445,24,0,0
float32-round-even,fx-ne-ring,1.5,True,True,0.06924913194444444,0,0.05737847222222222,4,0.044444444444444446,0,0,0
float32-round-even,fx-ne-ring,2.1,True,True,0.07003038194444444,0,0.05750868055555555,4,0.04431423611111111,0,0,0
float32-round-even,fx-ne-heart,0.3,True,True,0.06649305555555556,0,0.06792534722222222,4,0.0521484375,0,0,0
float32-round-even,fx-ne-heart,0.9,True,True,0.06391059027777778,0,0.06781684027777778,4,0.049479166666666664,0,0,0
float32-round-even,fx-ne-heart,1.5,True,True,0.06338975694444444,0,0.06597222222222222,4,0.04496527777777778,0,0,0
float32-round-even,fx-ne-heart,2.1,True,True,0.06692708333333333,0,0.07055121527777777,4,0.052473958333333334,0,0,0
float32-round-even,fx-ne-edges,0.3,False,False,0.3433376736111111,8,0.2975260416666667,4,0.4322048611111111,9,0,0
float32-round-even,fx-ne-edges,0.9,False,False,0.3475477430555556,8,0.2433810763888889,4,0.40616319444444443,9,0,0
float32-round-even,fx-ne-edges,1.5,False,False,0.3473307291666667,8,0.26456163194444443,4,0.408984375,9,0,0
float32-round-even,fx-ne-edges,2.1,False,False,0.2964409722222222,8,0.2828776041666667,4,0.422265625,9,0,0
float32-round-even,fx-ne-cyberpunk,0.3,True,True,0.11783854166666667,8,0.06484375,4,0.11278211805555556,8,0,0
float32-round-even,fx-ne-cyberpunk,0.9,True,True,0.11814236111111111,8,0.06419270833333333,4,0.11095920138888889,8,0,0
float32-round-even,fx-ne-cyberpunk,1.5,True,True,0.11451822916666667,8,0.07122395833333334,4,0.11419270833333334,8,0,0
float32-round-even,fx-ne-cyberpunk,2.1,True,True,0.13062065972222223,8,0.06775173611111111,4,0.11243489583333334,8,0,0
float32-round-even,fx-ne-tunnel,0.3,True,True,0.06749131944444445,0,0.08357204861111112,4,0.0439453125,0,0,0
float32-round-even,fx-ne-tunnel,0.9,True,True,0.04620225694444444,0,0.11397569444444444,4,0.04021267361111111,0,0,0
float32-round-even,fx-ne-tunnel,1.5,True,True,0.05366753472222222,0,0.07775607638888889,4,0.048046875,0,0,0
float32-round-even,fx-ne-tunnel,2.1,True,True,0.0521484375,0,0.10078125,4,0.03428819444444445,0,0,0
float32-round-even,fx-ne-lightning,0.3,True,True,0.07254774305555556,0,0.07855902777777778,4,0.06017795138888889,0,0,0
float32-round-even,fx-ne-lightning,0.9,True,True,0.07209201388888889,0,0.07358940972222222,4,0.05549045138888889,0,0,0
float32-round-even,fx-ne-lightning,1.5,True,True,0.07298177083333333,0,0.07367621527777778,4,0.06323784722222223,0,0,0
float32-round-even,fx-ne-lightning,2.1,True,True,0.06818576388888889,0,0.07582465277777778,4,0.06019965277777778,0,0,0
float32-round-even,fx-ne-scan,0.3,True,True,0.07740885416666667,0,0.08678385416666666,4,0.08552517361111112,8,0,0
float32-round-even,fx-ne-scan,0.9,True,True,0.09329427083333333,8,0.11547309027777777,4,0.11080729166666667,8,0,0
float32-round-even,fx-ne-scan,1.5,True,True,0.11987847222222223,8,0.12608506944444445,4,0.10607638888888889,8,0,0
float32-round-even,fx-ne-scan,2.1,True,True,0.0810546875,0,0.07601996527777778,4,0.08483072916666666,8,0,0
float32-round-even,fx-ne-scribble,0.3,True,True,0.05154079861111111,0,0.04559461805555556,4,0.0435546875,0,0,0
float32-round-even,fx-ne-scribble,0.9,True,True,0.05952690972222222,0,0.055924479166666666,4,0.05010850694444444,0,0,0
float32-round-even,fx-ne-scribble,1.5,True,True,0.06571180555555556,0,0.05896267361111111,4,0.05470920138888889,0,0,0
float32-round-even,fx-ne-scribble,2.1,True,True,0.06788194444444444,0,0.062890625,4,0.05915798611111111,0,0,0
float32-round-even,fx-ne-synthwave,0.3,True,True,0.11918402777777778,8,0.08758680555555555,4,0.04620225694444444,0,0,0
float32-round-even,fx-ne-synthwave,0.9,True,True,0.11961805555555556,8,0.08470052083333333,4,0.04503038194444445,0,0,0
float32-round-even,fx-ne-synthwave,1.5,True,True,0.12565104166666666,8,0.09483506944444445,4,0.04153645833333333,0,0,0
float32-round-even,fx-ne-synthwave,2.1,True,True,0.13081597222222222,8,0.08519965277777777,4,0.04034288194444444,0,0,0
float32-round-even,fx-ne-stars,0.3,False,False,7.281705729166666,115,4.227582465277778,69,8.0595703125,132,0,0
float32-round-even,fx-ne-stars,0.9,False,False,6.360763888888889,82,6.2990234375,105,5.837065972222222,90,0,0
float32-round-even,fx-ne-stars,1.5,False,False,6.149370659722222,91,4.1647352430555555,65,7.014756944444445,123,0,0
float32-round-even,fx-ne-stars,2.1,False,False,6.742469618055556,83,7.315212673611111,109,5.786241319444445,90,0,0
float32-round-even,fx-cr-sparkle-burst,0.3,False,False,4.1021918402777775,83,4.143077256944444,93,3.6328125,83,0,0
float32-round-even,fx-cr-sparkle-burst,0.9,False,False,0.33684895833333334,9,0.32914496527777776,8,0.28435329861111114,9,0,0
float32-round-even,fx-cr-sparkle-burst,1.5,False,False,2.995724826388889,66,2.887131076388889,69,2.501974826388889,58,0,0
float32-round-even,fx-cr-sparkle-burst,2.1,False,False,4.765538194444445,99,4.853949652777778,110,4.330490451388889,107,0,0
float32-round-even,fx-cr-glitter-rain,0.3,True,True,0.07154947916666667,0,0.06302083333333333,4,0.05423177083333333,0,0,0
float32-round-even,fx-cr-glitter-rain,0.9,True,True,0.0769314236111111,0,0.06349826388888889,4,0.05625,0,0,0
float32-round-even,fx-cr-glitter-rain,1.5,True,True,0.07892795138888889,0,0.06994357638888889,4,0.057183159722222224,0,0,0
float32-round-even,fx-cr-glitter-rain,2.1,True,True,0.08289930555555555,0,0.06985677083333333,4,0.05779079861111111,0,0,0
float32-round-even,fx-cr-rainbow-prism,0.3,True,True,0.04997829861111111,0,0.04468315972222222,4,0.04140625,0,0,0
float32-round-even,fx-cr-rainbow-prism,0.9,True,True,0.08107638888888889,0,0.07100694444444444,4,0.06657986111111111,0,0,0
float32-round-even,fx-cr-rainbow-prism,1.5,True,True,0.062890625,0,0.06558159722222222,4,0.05601128472222222,0,0,0
float32-round-even,fx-cr-rainbow-prism,2.1,True,True,0.04490017361111111,0,0.04544270833333333,4,0.03999565972222222,0,0,0
float32-round-even,fx-cr-anamorphic,0.3,True,True,0.07174479166666667,0,0.09242621527777778,4,0.07901475694444444,0,0,0
float32-round-even,fx-cr-anamorphic,0.9,True,True,0.08309461805555556,8,0.07651909722222222,4,0.07493489583333333,0,0,0
float32-round-even,fx-cr-anamorphic,1.5,True,True,0.06566840277777777,0,0.07697482638888889,4,0.07274305555555556,0,0,0
float32-round-even,fx-cr-anamorphic,2.1,True,True,0.06916232638888889,0,0.07033420138888889,4,0.06362847222222222,0,0,0
float32-round-even,fx-cr-matrix,0.3,True,True,0.061610243055555555,0,0.07630208333333334,4,0.06395399305555556,0,0,0
float32-round-even,fx-cr-matrix,0.9,True,True,0.06644965277777778,0,0.08665364583333333,4,0.059830729166666666,0,0,0
float32-round-even,fx-cr-matrix,1.5,True,True,0.05967881944444445,0,0.07567274305555556,4,0.06134982638888889,0,0,0
float32-round-even,fx-cr-matrix,2.1,True,True,0.07897135416666666,0,0.11755642361111111,4,0.08430989583333333,0,0,0
float32-round-even,fx-cr-signal-lost,0.3,False,False,5.857573784722222,91,5.8375,93,5.885959201388889,91,0,0
float32-round-even,fx-cr-signal-lost,0.9,False,False,5.836436631944444,91,5.809852430555556,89,5.801649305555555,91,0,0
float32-round-even,fx-cr-signal-lost,1.5,False,False,11.229861111111111,107,11.23127170138889,109,11.230815972222222,107,0,0
float32-round-even,fx-cr-signal-lost,2.1,False,False,35.80091145833333,132,41.27536892361111,134,45.416232638888886,148,0,0
float32-round-even,fx-cr-slice-drift,0.3,True,True,0.07803819444444444,0,0.061783854166666666,4,0.0845703125,8,0,0
float32-round-even,fx-cr-slice-drift,0.9,True,True,0.07955729166666667,0,0.07669270833333333,4,0.08257378472222222,0,0,0
float32-round-even,fx-cr-slice-drift,1.5,True,True,0.08253038194444444,8,0.06668836805555556,4,0.094921875,8,0,0
float32-round-even,fx-cr-slice-drift,2.1,True,True,0.07000868055555555,0,0.051671006944444445,4,0.07784288194444444,0,0,0
float32-round-even,fx-cr-camcorder,0.3,True,True,0.11605902777777778,8,0.1109375,4,0.10319010416666667,8,0,0
float32-round-even,fx-cr-camcorder,0.9,True,True,0.1126953125,8,0.11121961805555555,4,0.10657552083333334,8,0,0
float32-round-even,fx-cr-camcorder,1.5,True,True,0.10687934027777778,8,0.10974392361111111,4,0.10407986111111112,8,0,0
float32-round-even,fx-cr-camcorder,2.1,True,True,0.11360677083333333,8,0.10993923611111112,4,0.09340277777777778,8,0,0
float32-round-even,fx-cr-projector,0.3,False,False,3.0868489583333334,9,2.5116753472222224,8,1.8634765625,9,0,0
float32-round-even,fx-cr-projector,0.9,False,False,2.4575520833333333,9,1.9762586805555555,8,1.5112847222222223,9,0,0
float32-round-even,fx-cr-projector,1.5,False,False,1.2786024305555554,9,1.1264322916666667,8,0.8725260416666667,9,0,0
float32-round-even,fx-cr-projector,2.1,False,False,0.8694878472222223,9,0.7086805555555555,5,0.5675564236111111,9,0,0
float32-round-even,fx-cr-comic-pop,0.3,True,True,0.1820095486111111,8,0.20946180555555555,4,0.1794704861111111,8,0,0
float32-round-even,fx-cr-comic-pop,0.9,True,True,0.24166666666666667,8,0.23272569444444444,4,0.18257378472222222,8,0,0
float32-round-even,fx-cr-comic-pop,1.5,True,True,0.16267361111111112,8,0.1882595486111111,4,0.18062065972222222,8,0,0
float32-round-even,fx-cr-comic-pop,2.1,True,True,0.177734375,8,0.18062065972222222,4,0.1708984375,8,0,0
float32-round-even,fx-cr-dreamy,0.3,True,True,0.08020833333333334,0,0.07547743055555556,4,0.07484809027777778,0,0,0
float32-round-even,fx-cr-dreamy,0.9,True,True,0.08235677083333333,8,0.08307291666666666,4,0.07955729166666667,0,0,0
float32-round-even,fx-cr-dreamy,1.5,True,True,0.07788628472222223,0,0.08094618055555555,4,0.07189670138888889,0,0,0
float32-round-even,fx-cr-dreamy,2.1,True,True,0.07886284722222223,0,0.08135850694444445,4,0.07706163194444444,0,0,0
float32-round-even,fx-cr-kaleido-bloom,0.3,True,True,0.13046875,8,0.1279296875,4,0.1228515625,8,0,0
float32-round-even,fx-cr-kaleido-bloom,0.9,True,True,0.13177083333333334,8,0.12649739583333333,4,0.11297743055555555,8,0,0
float32-round-even,fx-cr-kaleido-bloom,1.5,True,True,0.12786458333333334,8,0.1341579861111111,4,0.10197482638888888,8,0,0
float32-round-even,fx-cr-kaleido-bloom,2.1,True,True,0.1404513888888889,8,0.12877604166666667,4,0.1068359375,8,0,0
float32-round-even,fx-cr-zoom-burst,0.3,True,True,0.07163628472222222,0,0.07860243055555556,4,0.07456597222222222,0,0,0
float32-round-even,fx-cr-zoom-burst,0.9,True,True,0.050282118055555554,0,0.039778645833333334,0,0.03904079861111111,0,0,0
float32-round-even,fx-cr-zoom-burst,1.5,True,True,0.04663628472222222,0,0.040234375,0,0.04038628472222222,0,0,0
float32-round-even,fx-cr-zoom-burst,2.1,True,True,0.08049045138888888,0,0.08053385416666667,4,0.07927517361111111,0,0,0
float32-round-even,fx-cr-ring-reveal,0.3,True,True,0.06430121527777778,0,0.05709635416666667,4,0.05657552083333333,0,0,0
float32-round-even,fx-cr-ring-reveal,0.9,True,True,0.06410590277777778,0,0.053125,4,0.05134548611111111,0,0,0
float32-round-even,fx-cr-ring-reveal,1.5,True,True,0.06306423611111112,0,0.060698784722222225,4,0.05559895833333333,0,0,0
float32-round-even,fx-cr-ring-reveal,2.1,True,True,0.06267361111111111,0,0.061263020833333334,4,0.051953125,0,0,0
float32-round-even,fx-cr-flash-cut,0.3,True,True,0.14518229166666666,8,0.0736328125,4,0.06970486111111111,0,0,0
float32-round-even,fx-cr-flash-cut,0.9,True,True,0.20184461805555556,8,0.18993055555555555,4,0.20381944444444444,8,0,0
float32-round-even,fx-cr-flash-cut,1.5,True,True,0.06844618055555556,0,0.06065538194444445,4,0.06901041666666667,0,0,0
float32-round-even,fx-cr-flash-cut,2.1,True,True,0.049327256944444446,0,0.042881944444444445,4,0.04494357638888889,0,0,0
float32-round-even,fx-cr-rgb-strobe,0.3,True,True,0.04754774305555556,0,0.041276041666666666,4,0.03982204861111111,0,0,0
float32-round-even,fx-cr-rgb-strobe,0.9,True,True,0.021744791666666666,0,0.05279947916666667,4,0.024479166666666666,0,0,0
float32-round-even,fx-cr-rgb-strobe,1.5,True,True,0.04529079861111111,0,0.04309895833333333,4,0.03511284722222222,0,0,0
float32-round-even,fx-cr-rgb-strobe,2.1,True,True,0.019118923611111113,0,0.05284288194444445,4,0.022135416666666668,0,0,0
float32-round-even,fx-cr-aurora,0.3,True,True,0.09874131944444445,8,0.10698784722222222,4,0.08391927083333334,8,0,0
float32-round-even,fx-cr-aurora,0.9,True,True,0.09858940972222222,8,0.10735677083333334,4,0.08368055555555555,8,0,0
float32-round-even,fx-cr-aurora,1.5,True,True,0.0954861111111111,8,0.10101996527777778,4,0.08502604166666666,8,0,0
float32-round-even,fx-cr-aurora,2.1,True,True,0.09375,8,0.10323350694444444,4,0.08138020833333333,0,0,0
float32-round-even,fx-cr-heart-pulse,0.3,True,True,0.09665798611111111,8,0.0912109375,4,0.0755859375,0,0,0
float32-round-even,fx-cr-heart-pulse,0.9,True,True,0.09724392361111112,8,0.08509114583333334,4,0.07176649305555556,0,0,0
float32-round-even,fx-cr-heart-pulse,1.5,True,True,0.04782986111111111,0,0.04461805555555556,4,0.03650173611111111,0,0,0
float32-round-even,fx-cr-heart-pulse,2.1,True,True,0.0929904513888889,8,0.0970703125,4,0.0812717013888889,0,0,0
float32-round-even,fx-cr-twinkle-sky,0.3,True,True,0.09752604166666666,8,0.082421875,4,0.08849826388888889,8,0,0
float32-round-even,fx-cr-twinkle-sky,0.9,True,True,0.09563802083333334,8,0.08693576388888889,4,0.08441840277777778,0,0,0
float32-round-even,fx-cr-twinkle-sky,1.5,True,True,0.0986328125,8,0.08786892361111111,4,0.09110243055555556,8,0,0
float32-round-even,fx-cr-twinkle-sky,2.1,True,True,0.09915364583333333,8,0.0896267361111111,4,0.0859375,8,0,0
float32-round-even,fx-cr-tri-split,0.3,False,False,8.47146267361111,58,8.118185763888889,61,7.868098958333333,74,0,0
float32-round-even,fx-cr-tri-split,0.9,False,False,4.898111979166667,57,4.698611111111111,57,4.662977430555555,66,0,0
float32-round-even,fx-cr-tri-split,1.5,False,False,10.70681423611111,58,10.141731770833333,61,9.747764756944445,74,0,0
float32-round-even,fx-cr-tri-split,2.1,False,False,4.291927083333333,50,4.055598958333333,53,3.830924479166667,58,0,0
float32-round-even,fx-mt-velocity,0.3,True,True,0.09444444444444444,8,0.08951822916666667,4,0.08352864583333333,8,0,0
float32-round-even,fx-mt-velocity,0.9,True,True,0.09420572916666667,8,0.091015625,4,0.07853732638888888,0,0,0
float32-round-even,fx-mt-velocity,1.5,True,True,0.09424913194444444,8,0.08862847222222223,4,0.08619791666666667,8,0,0
float32-round-even,fx-mt-velocity,2.1,True,True,0.09496527777777777,8,0.095703125,4,0.08569878472222223,8,0,0
float32-round-even,fx-mt-beat-rotate,0.3,True,True,0.10481770833333333,8,0.09813368055555556,4,0.0978732638888889,8,0,0
float32-round-even,fx-mt-beat-rotate,0.9,True,True,0.0929904513888889,8,0.09162326388888889,4,0.08971354166666666,8,0,0
float32-round-even,fx-mt-beat-rotate,1.5,True,True,0.09776475694444445,8,0.09214409722222222,4,0.09626736111111112,8,0,0
float32-round-even,fx-mt-beat-rotate,2.1,True,True,0.09880642361111111,8,0.09301215277777777,4,0.09420572916666667,8,0,0
float32-round-even,fx-mt-photo-snap,0.3,True,True,0.076171875,0,0.07465277777777778,4,0.09079861111111111,8,0,0
float32-round-even,fx-mt-photo-snap,0.9,False,False,2.071267361111111,17,2.0624348958333334,20,2.13984375,25,0,0
float32-round-even,fx-mt-photo-snap,1.5,False,False,22.245269097222224,164,22.329296875,166,23.07890625,164,0,0
float32-round-even,fx-mt-photo-snap,2.1,True,True,0.06762152777777777,0,0.07654079861111111,4,0.08656684027777778,8,0,0
float32-round-even,fx-mt-zoom-shake,0.3,False,False,1.915842013888889,9,1.8161241319444446,8,1.7462022569444444,9,0,0
float32-round-even,fx-mt-zoom-shake,0.9,True,True,0.25106336805555557,8,0.25169270833333335,4,0.22862413194444445,8,0,0
float32-round-even,fx-mt-zoom-shake,1.5,False,False,15.226974826388888,74,14.4259765625,65,13.638411458333334,66,0,0
float32-round-even,fx-mt-zoom-shake,2.1,False,False,9.548480902777778,50,9.19513888888889,49,8.723133680555556,49,0,0
float32-round-even,fx-mt-split-swipe,0.3,True,True,0.04333767361111111,0,0.03723958333333333,0,0.034092881944444445,0,0,0
float32-round-even,fx-mt-split-swipe,0.9,True,True,0.047938368055555555,0,0.0421875,4,0.029036458333333334,0,0,0
float32-round-even,fx-mt-split-swipe,1.5,True,True,0.04945746527777778,0,0.041102430555555555,4,0.031575520833333336,0,0,0
float32-round-even,fx-mt-split-swipe,2.1,True,True,0.08608940972222222,8,0.06764322916666667,4,0.049370659722222224,0,0,0
float32-round-even,fx-mt-blur-punch,0.3,True,True,0.09227430555555556,8,0.08541666666666667,4,0.06896701388888889,0,0,0
float32-round-even,fx-mt-blur-punch,0.9,True,True,0.0859375,8,0.07734375,4,0.06239149305555555,0,0,0
float32-round-even,fx-mt-blur-punch,1.5,True,True,0.08023003472222222,0,0.07749565972222222,4,0.05987413194444444,0,0,0
float32-round-even,fx-mt-blur-punch,2.1,True,True,0.0744140625,0,0.07319878472222222,4,0.060221354166666664,0,0,0
float32-round-even,fx-mt-mirror-beat,0.3,True,True,0.04778645833333333,0,0.06013454861111111,4,0.06134982638888889,0,0,0
float32-round-even,fx-mt-mirror-beat,0.9,True,True,0.1519097222222222,8,0.18878038194444444,4,0.21104600694444445,8,0,0
float32-round-even,fx-mt-mirror-beat,1.5,True,True,0.05635850694444444,0,0.05700954861111111,4,0.060004340277777776,0,0,0
float32-round-even,fx-mt-mirror-beat,2.1,True,True,0.15703125,8,0.18166232638888888,4,0.1994357638888889,8,0,0
float32-round-even,fx-mt-step-zoom,0.3,True,True,0.12243923611111111,8,0.11924913194444445,4,0.11204427083333333,8,0,0
float32-round-even,fx-mt-step-zoom,0.9,True,True,0.13500434027777777,8,0.1265625,4,0.11115451388888889,8,0,0
float32-round-even,fx-mt-step-zoom,1.5,True,True,0.1320095486111111,8,0.13142361111111112,4,0.1154513888888889,8,0,0
float32-round-even,fx-mt-step-zoom,2.1,True,True,0.13674045138888888,8,0.12408854166666666,4,0.10711805555555555,8,0,0
float32-round-even,fx-mt-rgb-punch,0.3,True,True,0.08888888888888889,8,0.06935763888888889,4,0.06545138888888889,0,0,0
float32-round-even,fx-mt-rgb-punch,0.9,True,True,0.07999131944444444,0,0.07393663194444444,4,0.07213541666666666,0,0,0
float32-round-even,fx-mt-rgb-punch,1.5,True,True,0.07964409722222222,0,0.07102864583333333,4,0.08263888888888889,0,0,0
float32-round-even,fx-mt-rgb-punch,2.1,True,True,0.09509548611111111,8,0.07866753472222222,4,0.07504340277777778,0,0,0
float32-round-even,fx-mt-dutch-tilt,0.3,True,True,0.15323350694444443,8,0.13420138888888888,4,0.123046875,8,0,0
float32-round-even,fx-mt-dutch-tilt,0.9,True,True,0.13971354166666666,8,0.13231336805555555,4,0.1287326388888889,8,0,0
float32-round-even,fx-mt-dutch-tilt,1.5,True,True,0.15334201388888888,8,0.1408203125,4,0.1261935763888889,8,0,0
float32-round-even,fx-mt-dutch-tilt,2.1,True,True,0.14884982638888888,8,0.13713107638888888,4,0.13016493055555556,8,0,0
float32-round-even,fx-mt-echo-zoom,0.3,True,True,0.05221354166666667,0,0.04388020833333333,4,0.04778645833333333,0,0,0
float32-round-even,fx-mt-echo-zoom,0.9,True,True,0.05004340277777778,0,0.045464409722222224,4,0.04194878472222222,0,0,0
float32-round-even,fx-mt-echo-zoom,1.5,True,True,0.043858506944444445,0,0.050065104166666666,4,0.042881944444444445,0,0,0
float32-round-even,fx-mt-echo-zoom,2.1,True,True,0.04796006944444445,0,0.04945746527777778,4,0.04266493055555556,0,0,0
float32-round-even,fx-mt-cinematic,0.3,True,True,0.1263454861111111,8,0.11232638888888889,4,0.10006510416666667,8,0,0
float32-round-even,fx-mt-cinematic,0.9,True,True,0.12593315972222222,8,0.10718315972222223,4,0.098046875,8,0,0
float32-round-even,fx-mt-cinematic,1.5,True,True,0.12886284722222222,8,0.1203342013888889,4,0.09919704861111112,8,0,0
float32-round-even,fx-mt-cinematic,2.1,True,True,0.131640625,8,0.11818576388888889,4,0.10028211805555555,8,0,0
float32-round-even,fx-swing-card,0.3,True,True,0.09602864583333333,8,0.08825954861111111,4,0.08797743055555556,8,0,0
float32-round-even,fx-swing-card,0.9,True,True,0.07647569444444445,0,0.07766927083333333,4,0.07447916666666667,0,0,0
float32-round-even,fx-swing-card,1.5,True,True,0.10991753472222222,8,0.09893663194444445,4,0.09848090277777778,8,0,0
float32-round-even,fx-swing-card,2.1,True,True,0.08934461805555556,8,0.08363715277777778,4,0.08292100694444444,8,0,0
float32-round-even,fx-orbit-card,0.3,True,True,0.07209201388888889,0,0.060460069444444445,4,0.05831163194444444,0,0,0
float32-round-even,fx-orbit-card,0.9,True,True,0.068359375,0,0.06284722222222222,4,0.06226128472222222,0,0,0
float32-round-even,fx-orbit-card,1.5,True,True,0.0767578125,0,0.06953125,4,0.05935329861111111,0,0,0
float32-round-even,fx-orbit-card,2.1,True,True,0.07795138888888889,0,0.06575520833333333,4,0.058203125,0,0,0
float32-round-even,fx-flip-card,0.3,True,True,0.0662109375,0,0.06961805555555556,4,0.0636935763888889,0,0,0
float32-round-even,fx-flip-card,0.9,True,True,0.02849392361111111,0,0.02404513888888889,0,0.038736979166666664,0,0,0
float32-round-even,fx-flip-card,1.5,True,True,0.08042534722222222,0,0.07152777777777777,4,0.07144097222222222,0,0,0
float32-round-even,fx-flip-card,2.1,True,True,0.028103298611111112,0,0.021983506944444446,0,0.029774305555555554,0,0,0
float32-round-even,fx-spin-card,0.3,True,True,0.10149739583333334,8,0.09320746527777778,4,0.09016927083333333,8,0,0
float32-round-even,fx-spin-card,0.9,True,True,0.09720052083333333,8,0.08854166666666667,4,0.08272569444444444,8,0,0
float32-round-even,fx-spin-card,1.5,True,True,0.09526909722222222,8,0.09236111111111112,4,0.08537326388888888,8,0,0
float32-round-even,fx-spin-card,2.1,True,True,0.09453125,8,0.0906032986111111,4,0.08667534722222223,8,0,0
float32-round-even,fx-phone-spin,0.3,True,True,0.043858506944444445,0,0.03517795138888889,0,0.02892795138888889,0,0,0
float32-round-even,fx-phone-spin,0.9,True,True,0.026323784722222222,0,0.0224609375,0,0.019292534722222223,0,0,0
float32-round-even,fx-phone-spin,1.5,True,True,0.013194444444444444,0,0.006944444444444444,0,0.010199652777777778,0,0,0
float32-round-even,fx-phone-spin,2.1,True,True,0.030381944444444444,0,0.023307291666666667,0,0.021006944444444446,0,0,0
float32-round-even,fx-cube-spin,0.3,True,True,0.03572048611111111,0,0.027647569444444443,0,0.031119791666666667,0,0,0
float32-round-even,fx-cube-spin,0.9,True,True,0.036284722222222225,0,0.0296875,0,0.02146267361111111,0,0,0
float32-round-even,fx-cube-spin,1.5,True,True,0.03424479166666667,0,0.02966579861111111,0,0.027994791666666668,0,0,0
float32-round-even,fx-cube-spin,2.1,True,True,0.03962673611111111,0,0.027799479166666665,0,0.02892795138888889,0,0,0
float32-round-even,fx-cube-tumble,0.3,True,True,0.03478732638888889,0,0.027408854166666666,0,0.02345920138888889,0,0,0
float32-round-even,fx-cube-tumble,0.9,True,True,0.029253472222222222,0,0.024717881944444443,0,0.0193359375,0,0,0
float32-round-even,fx-cube-tumble,1.5,True,True,0.03359375,0,0.022330729166666667,0,0.020073784722222224,0,0,0
float32-round-even,fx-cube-tumble,2.1,True,True,0.03244357638888889,0,0.024457465277777778,0,0.01935763888888889,0,0,0
float32-round-even,fx-dice-roll,0.3,True,True,0.0341796875,0,0.018967013888888887,0,0.020290798611111112,0,0,0
float32-round-even,fx-dice-roll,0.9,True,True,0.026627604166666666,0,0.018359375,0,0.016384548611111112,0,0,0
float32-round-even,fx-dice-roll,1.5,True,True,0.02554253472222222,0,0.018077256944444446,0,0.01521267361111111,0,0,0
float32-round-even,fx-dice-roll,2.1,True,True,0.027300347222222222,0,0.0181640625,0,0.01775173611111111,0,0,0
float32-round-even,fx-globe,0.3,True,True,0.078515625,0,0.0812717013888889,4,0.07209201388888889,0,0,0
float32-round-even,fx-globe,0.9,True,True,0.0779296875,0,0.07858072916666667,4,0.07194010416666667,0,0,0
float32-round-even,fx-globe,1.5,True,True,0.07582465277777778,0,0.0779296875,4,0.06803385416666667,0,0,0
float32-round-even,fx-globe,2.1,True,True,0.07502170138888889,0,0.07875434027777778,4,0.07035590277777778,0,0,0
float32-round-even,fx-crystal-ball,0.3,True,True,0.13072916666666667,8,0.12931857638888888,4,0.11723090277777778,8,0,0
float32-round-even,fx-crystal-ball,0.9,True,True,0.1332465277777778,8,0.13079427083333334,4,0.12200520833333334,8,0,0
float32-round-even,fx-crystal-ball,1.5,True,True,0.12196180555555555,8,0.1328125,4,0.12769097222222223,8,0,0
float32-round-even,fx-crystal-ball,2.1,True,True,0.12632378472222222,8,0.13363715277777777,4,0.12769097222222223,8,0,0
float32-round-even,fx-tunnel,0.3,True,True,0.11380208333333333,8,0.1300564236111111,4,0.10501302083333333,8,0,0
float32-round-even,fx-tunnel,0.9,True,True,0.11512586805555555,8,0.12703993055555557,4,0.10757378472222222,8,0,0
float32-round-even,fx-tunnel,1.5,True,True,0.11553819444444445,8,0.1296657986111111,4,0.10132378472222223,8,0,0
float32-round-even,fx-tunnel,2.1,True,True,0.12369791666666667,8,0.11271701388888888,4,0.0978732638888889,8,0,0
float32-round-even,fx-mirror-room,0.3,True,True,0.06017795138888889,0,0.07013888888888889,4,0.07215711805555555,0,0,0
float32-round-even,fx-mirror-room,0.9,True,True,0.06703559027777778,0,0.07662760416666667,4,0.06391059027777778,0,0,0
float32-round-even,fx-mirror-room,1.5,True,True,0.06384548611111111,0,0.05733506944444444,4,0.053624131944444445,0,0,0
float32-round-even,fx-mirror-room,2.1,True,True,0.08014322916666666,0,0.08120659722222222,4,0.06703559027777778,0,0,0
float32-round-even,fx-spiral-tunnel,0.3,True,True,0.09772135416666666,8,0.0925564236111111,4,0.07647569444444445,0,0,0
float32-round-even,fx-spiral-tunnel,0.9,True,True,0.09242621527777778,8,0.0841796875,4,0.071484375,0,0,0
float32-round-even,fx-spiral-tunnel,1.5,True,True,0.10260416666666666,8,0.0974609375,4,0.08732638888888888,8,0,0
float32-round-even,fx-spiral-tunnel,2.1,True,True,0.10583767361111111,8,0.09782986111111111,4,0.08600260416666666,8,0,0
float32-round-even,fx-hyperspace,0.3,False,False,2.826801215277778,90,2.9291666666666667,97,3.3055555555555554,107,0,0
float32-round-even,fx-hyperspace,0.9,False,False,3.2042100694444446,99,3.2964409722222223,105,3.631618923611111,124,0,0
float32-round-even,fx-hyperspace,1.5,False,False,3.5567057291666666,107,3.693381076388889,114,4.109982638888889,131,0,0
float32-round-even,fx-hyperspace,2.1,False,False,3.68515625,107,3.7873914930555554,114,4.1839409722222225,132,0,0
float32-round-even,fx-star-rush,0.3,False,False,4.482443576388889,107,4.990972222222222,113,5.487543402777778,123,0,0
float32-round-even,fx-star-rush,0.9,False,False,6.746050347222222,148,7.463346354166666,166,8.17267795138889,181,0,0
float32-round-even,fx-star-rush,1.5,False,False,6.011263020833334,132,6.658441840277778,146,7.287044270833333,164,0,0
float32-round-even,fx-star-rush,2.1,False,False,5.993706597222222,132,6.598111979166666,150,7.2014756944444445,165,0,0
float32-round-even,fx-carousel,0.3,False,False,0.7498697916666667,9,0.7424045138888888,12,0.7266927083333333,9,0,0
float32-round-even,fx-carousel,0.9,False,False,0.9611762152777777,9,0.9320095486111111,12,0.9260416666666667,9,0,0
float32-round-even,fx-carousel,1.5,False,False,0.7445963541666667,9,0.7327473958333334,8,0.7214409722222223,9,0,0
float32-round-even,fx-carousel,2.1,False,False,0.5237413194444445,9,0.5121527777777778,8,0.4911892361111111,9,0,0
float32-round-even,fx-kaleido-drill,0.3,True,True,0.14559461805555557,8,0.14151475694444443,4,0.12864583333333332,8,0,0
float32-round-even,fx-kaleido-drill,0.9,True,True,0.1361111111111111,8,0.1320529513888889,4,0.12135416666666667,8,0,0
float32-round-even,fx-kaleido-drill,1.5,True,True,0.141796875,8,0.12693142361111112,4,0.123046875,8,0,0
float32-round-even,fx-kaleido-drill,2.1,True,True,0.12649739583333333,8,0.11671006944444444,4,0.12265625,8,0,0
float32-round-even,fx-tiny-planet,0.3,True,True,0.13967013888888888,8,0.13713107638888888,4,0.12107204861111111,8,0,0
float32-round-even,fx-tiny-planet,0.9,True,True,0.13958333333333334,8,0.12884114583333334,4,0.12078993055555555,8,0,0
float32-round-even,fx-tiny-planet,1.5,True,True,0.13524305555555555,8,0.13465711805555555,4,0.12899305555555557,8,0,0
float32-round-even,fx-tiny-planet,2.1,True,True,0.14765625,8,0.13563368055555555,4,0.112890625,8,0,0
float32-round-even,fx-infinite-zoom,0.3,True,True,0.11592881944444444,8,0.09748263888888889,4,0.09309895833333333,8,0,0
float32-round-even,fx-infinite-zoom,0.9,True,True,0.11540798611111111,8,0.1044921875,4,0.10217013888888889,8,0,0
float32-round-even,fx-infinite-zoom,1.5,True,True,0.11514756944444444,8,0.10290798611111111,4,0.10772569444444445,8,0,0
float32-round-even,fx-infinite-zoom,2.1,True,True,0.0998263888888889,8,0.10212673611111112,4,0.10310329861111112,8,0,0
float32-round-even,fx-cylinder,0.3,True,True,0.09811197916666667,8,0.09437934027777778,4,0.08878038194444444,8,0,0
float32-round-even,fx-cylinder,0.9,True,True,0.08838975694444444,8,0.09268663194444444,4,0.08415798611111111,8,0,0
float32-round-even,fx-cylinder,1.5,True,True,0.08708767361111111,8,0.09509548611111111,4,0.08062065972222222,0,0,0
float32-round-even,fx-cylinder,2.1,True,True,0.08413628472222222,8,0.09144965277777778,4,0.09192708333333334,8,0,0
float32-round-even,fx-neon-stage,0.3,True,True,0.0754123263888889,0,0.03170572916666667,0,0.03543836805555556,0,0,0
float32-round-even,fx-neon-stage,0.9,True,True,0.038736979166666664,0,0.0314453125,0,0.029427083333333333,0,0,0
float32-round-even,fx-neon-stage,1.5,True,True,0.03522135416666667,0,0.029774305555555554,0,0.030360243055555555,0,0,0
float32-round-even,fx-neon-stage,2.1,True,True,0.038736979166666664,0,0.03203125,0,0.03244357638888889,0,0,0
float32-round-even,fx-fade-out,0.3,True,True,0.08036024305555556,0,0.08988715277777778,4,0.06299913194444444,0,0,0
float32-round-even,fx-fade-out,0.9,True,True,0.08285590277777778,8,0.0451171875,4,0.1013671875,8,0,0
float32-round-even,fx-fade-out,1.5,True,True,0.003884548611111111,0,0.004253472222222222,0,0.005512152777777778,0,0,0
float32-round-even,fx-fade-out,2.1,True,True,0,0,0,0,0,0,0,0
float32-round-even,fx-white-flash,0.3,True,True,0.08665364583333333,8,0.09359809027777778,4,0.0572265625,0,0,0
float32-round-even,fx-white-flash,0.9,True,True,0.04602864583333333,0,0.043684895833333334,4,0.039496527777777776,0,0,0
float32-round-even,fx-white-flash,1.5,True,True,0.06197916666666667,0,0.10171440972222222,4,0.047764756944444445,0,0,0
float32-round-even,fx-white-flash,2.1,True,True,0.045073784722222225,0,0.045182291666666666,4,0.039388020833333336,0,0,0
float32-round-even,fx-blink,0.3,True,True,0.05078125,0,0.04314236111111111,4,0.039388020833333336,0,0,0
float32-round-even,fx-blink,0.9,True,False,0.23396267361111112,8,0.25145399305555555,4,0.26783854166666665,9,0,0
float32-round-even,fx-blink,1.5,True,True,0.04663628472222222,0,0.040234375,0,0.04038628472222222,0,0,0
float32-round-even,fx-blink,2.1,True,True,0.04650607638888889,0,0.03982204861111111,0,0.03904079861111111,0,0,0
float32-round-even,fx-motion-blur,0.3,True,True,0.08600260416666666,8,0.07866753472222222,4,0.07311197916666666,0,0,0
float32-round-even,fx-motion-blur,0.9,True,True,0.08400607638888889,8,0.08146701388888888,4,0.07185329861111112,0,0,0
float32-round-even,fx-motion-blur,1.5,True,True,0.07860243055555556,0,0.08046875,4,0.0755859375,0,0,0
float32-round-even,fx-motion-blur,2.1,True,True,0.08621961805555556,8,0.08009982638888889,4,0.07029079861111111,0,0,0
float32-round-even,fx-mini-zoom,0.3,True,True,0.09815538194444444,8,0.09435763888888889,4,0.07530381944444445,0,0,0
float32-round-even,fx-mini-zoom,0.9,True,True,0.09670138888888889,8,0.0904296875,4,0.07495659722222223,0,0,0
float32-round-even,fx-mini-zoom,1.5,True,True,0.10138888888888889,8,0.08832465277777778,4,0.07981770833333333,0,0,0
float32-round-even,fx-mini-zoom,2.1,True,True,0.09943576388888889,8,0.09366319444444444,4,0.07907986111111111,0,0,0
float32-round-even,fx-camera-shake,0.3,True,True,0.14552951388888888,8,0.14205729166666667,4,0.12964409722222223,8,0,0
float32-round-even,fx-camera-shake,0.9,True,True,0.13869357638888888,8,0.1265625,4,0.12317708333333334,8,0,0
float32-round-even,fx-camera-shake,1.5,True,True,0.15716145833333334,8,0.15106336805555556,4,0.13977864583333333,8,0,0
float32-round-even,fx-camera-shake,2.1,True,True,0.14947916666666666,8,0.13387586805555557,4,0.12545572916666667,8,0,0
float32-round-even,fx-film-grain,0.3,False,False,9.54767795138889,33,9.667621527777778,32,9.650477430555556,33,0,0
float32-round-even,fx-film-grain,0.9,False,False,9.707508680555556,33,9.770203993055556,32,9.767686631944445,33,0,0
float32-round-even,fx-film-grain,1.5,False,False,9.697764756944444,33,9.79958767361111,32,9.844921875,33,0,0
float32-round-even,fx-film-grain,2.1,False,False,9.678081597222222,33,9.758767361111111,32,9.773307291666667,33,0,0
float32-round-even,fx-cinema,0.3,True,True,0.08580729166666666,8,0.05633680555555556,4,0.104296875,8,0,0
float32-round-even,fx-cinema,0.9,True,True,0.08483072916666666,8,0.05668402777777778,4,0.10095486111111111,8,0,0
float32-round-even,fx-cinema,1.5,True,True,0.08478732638888889,8,0.05980902777777778,4,0.10108506944444444,8,0,0
float32-round-even,fx-cinema,2.1,True,True,0.08328993055555556,8,0.055013020833333336,4,0.09759114583333334,8,0,0
float32-round-even,fx-vertical-open,0.3,True,True,0.005729166666666666,0,0.006814236111111111,0,0.006098090277777778,0,0,0
float32-round-even,fx-vertical-open,0.9,True,True,0.045182291666666666,0,0.0345703125,0,0.03463541666666667,0,0,0
float32-round-even,fx-vertical-open,1.5,True,True,0.06306423611111112,0,0.060698784722222225,4,0.05559895833333333,0,0,0
float32-round-even,fx-vertical-open,2.1,True,True,0.06675347222222222,0,0.0576171875,4,0.053125,0,0,0
float32-round-even,fx-camera-focus,0.3,True,True,0.07144097222222222,0,0.06831597222222222,4,0.06397569444444444,0,0,0
float32-round-even,fx-camera-focus,0.9,True,True,0.06714409722222223,0,0.06657986111111111,4,0.062109375,0,0,0
float32-round-even,fx-camera-focus,1.5,True,True,0.07797309027777778,0,0.0720486111111111,4,0.06642795138888889,0,0,0
float32-round-even,fx-camera-focus,2.1,True,True,0.08511284722222222,8,0.06924913194444444,4,0.0652126736111111,0,0,0
float32-round-even,fx-spin-blur,0.3,True,True,0.08159722222222222,0,0.07684461805555555,4,0.06903211805555555,0,0,0
float32-round-even,fx-spin-blur,0.9,True,True,0.07588975694444444,0,0.07298177083333333,4,0.07300347222222223,0,0,0
float32-round-even,fx-spin-blur,1.5,True,True,0.08270399305555555,8,0.08053385416666667,4,0.06330295138888889,0,0,0
float32-round-even,fx-spin-blur,2.1,True,True,0.09292534722222222,8,0.08489583333333334,4,0.07076822916666667,0,0,0
float32-round-even,fx-swing,0.3,True,True,0.09997829861111111,8,0.0892578125,4,0.07371961805555556,0,0,0
float32-round-even,fx-swing,0.9,True,True,0.10132378472222223,8,0.09008246527777777,4,0.06985677083333333,0,0,0
float32-round-even,fx-swing,1.5,True,True,0.1044921875,8,0.08828125,4,0.07819010416666666,0,0,0
float32-round-even,fx-swing,2.1,True,True,0.09598524305555556,8,0.08676215277777778,4,0.07816840277777778,0,0,0
float32-round-even,fx-low-exposure,0.3,True,True,0.06990017361111112,0,0.05881076388888889,4,0.03498263888888889,0,0,0
float32-round-even,fx-low-exposure,0.9,True,True,0.06440972222222222,0,0.061046006944444446,4,0.03240017361111111,0,0,0
float32-round-even,fx-low-exposure,1.5,True,True,0.06981336805555556,0,0.05629340277777778,4,0.03253038194444444,0,0,0
float32-round-even,fx-low-exposure,2.1,True,True,0.06569010416666667,0,0.055013020833333336,4,0.03828125,0,0,0
float32-round-even,fx-hazy,0.3,True,True,0.096875,8,0.07973090277777778,4,0.09772135416666666,8,0,0
float32-round-even,fx-hazy,0.9,True,True,0.09926215277777778,8,0.08463541666666667,4,0.09038628472222222,8,0,0
float32-round-even,fx-hazy,1.5,True,True,0.10486111111111111,8,0.088671875,4,0.09429253472222222,8,0,0
float32-round-even,fx-hazy,2.1,True,True,0.11039496527777778,8,0.08582899305555555,4,0.09279513888888889,8,0,0
float32-round-even,fx-to-colour,0.3,True,True,0.108203125,8,0.11039496527777778,4,0.10518663194444444,8,0,0
float32-round-even,fx-to-colour,0.9,True,True,0.11438802083333334,8,0.11762152777777778,4,0.10542534722222222,8,0,0
float32-round-even,fx-to-colour,1.5,True,True,0.12150607638888888,8,0.07428385416666666,4,0.09112413194444445,8,0,0
float32-round-even,fx-to-colour,2.1,True,True,0.07808159722222222,0,0.06647135416666666,4,0.068359375,0,0,0
float32-round-even,fx-colorize,0.3,True,True,0.08958333333333333,8,0.07758246527777778,4,0.05182291666666667,0,0,0
float32-round-even,fx-colorize,0.9,True,True,0.08732638888888888,8,0.07317708333333334,4,0.051280381944444446,0,0,0
float32-round-even,fx-colorize,1.5,True,True,0.09435763888888889,8,0.07703993055555555,4,0.0517578125,0,0,0
float32-round-even,fx-colorize,2.1,True,True,0.08391927083333334,8,0.07209201388888889,4,0.054036458333333336,0,0,0
float32-round-even,fx-tilt-shift,0.3,True,True,0.11165364583333333,8,0.10381944444444445,4,0.09118923611111111,8,0,0
float32-round-even,fx-tilt-shift,0.9,True,True,0.1013671875,8,0.10414496527777778,4,0.09164496527777778,8,0,0
float32-round-even,fx-tilt-shift,1.5,True,True,0.10911458333333333,8,0.11009114583333333,4,0.08226996527777777,8,0,0
float32-round-even,fx-tilt-shift,2.1,True,True,0.10646701388888889,8,0.10642361111111111,4,0.08780381944444444,8,0,0
float32-round-even,fx-iris-open,0.3,True,True,0.06493055555555556,0,0.0595703125,4,0.06197916666666667,0,0,0
float32-round-even,fx-iris-open,0.9,True,True,0.07016059027777778,0,0.0681423611111111,4,0.07536892361111111,0,0,0
float32-round-even,fx-iris-open,1.5,True,True,0.07291666666666667,0,0.07376302083333333,4,0.06879340277777778,0,0,0
float32-round-even,fx-iris-open,2.1,True,True,0.07808159722222222,0,0.06647135416666666,4,0.068359375,0,0,0
float32-round-even,fx-iris-close,0.3,True,True,0.06059027777777778,0,0.05384114583333333,4,0.05277777777777778,0,0,0
float32-round-even,fx-iris-close,0.9,True,True,0.06351996527777778,0,0.052582465277777775,4,0.051171875,0,0,0
float32-round-even,fx-iris-close,1.5,True,True,0.004318576388888889,0,0.002907986111111111,0,0.0025173611111111113,0,0,0
float32-round-even,fx-iris-close,2.1,True,True,0,0,0,0,0,0,0,0
float32-round-even,fx-slide-reveal,0.3,True,True,0.06907552083333333,0,0.056727430555555555,4,0.04900173611111111,0,0,0
float32-round-even,fx-slide-reveal,0.9,True,True,0.1654730902777778,8,0.13246527777777778,4,0.09431423611111112,8,0,0
float32-round-even,fx-slide-reveal,1.5,True,True,0.13081597222222222,8,0.11512586805555555,4,0.06829427083333334,0,0,0
float32-round-even,fx-slide-reveal,2.1,True,True,0.07957899305555556,0,0.06729600694444444,4,0.045811631944444445,0,0,0
float32-round-even,fx-zoom-intro,0.3,True,True,0.066015625,0,0.068359375,4,0.06050347222222222,0,0,0
float32-round-even,fx-zoom-intro,0.9,True,True,0.144140625,8,0.13411458333333334,4,0.12115885416666666,8,0,0
float32-round-even,fx-zoom-intro,1.5,True,True,0.14303385416666667,8,0.13891059027777777,4,0.13289930555555557,8,0,0
float32-round-even,fx-zoom-intro,2.1,True,True,0.07879774305555555,0,0.06692708333333333,4,0.06872829861111111,0,0,0
float32-round-even,fx-blur-in,0.3,True,True,0.05186631944444445,0,0.04071180555555556,4,0.03009982638888889,0,0,0
float32-round-even,fx-blur-in,0.9,True,True,0.09945746527777778,8,0.08734809027777778,4,0.07671440972222222,0,0,0
float32-round-even,fx-blur-in,1.5,True,True,0.11187065972222222,8,0.10217013888888889,4,0.08802083333333334,8,0,0
float32-round-even,fx-blur-in,2.1,True,True,0.06675347222222222,0,0.0576171875,4,0.053125,0,0,0
float32-round-even,fx-blur-out,0.3,True,True,0.1025390625,8,0.09867621527777778,4,0.08489583333333334,8,0,0
float32-round-even,fx-blur-out,0.9,True,True,0.04446614583333333,0,0.04496527777777778,4,0.0306640625,0,0,0
float32-round-even,fx-blur-out,1.5,True,True,0.014713541666666666,0,0.009027777777777777,0,0.007400173611111111,0,0,0
float32-round-even,fx-blur-out,2.1,True,True,0,0,0,0,0,0,0,0
float32-round-even,fx-curtain,0.3,True,True,0.016341145833333334,0,0.012847222222222222,0,0.01408420138888889,0,0,0
float32-round-even,fx-curtain,0.9,True,True,0.03220486111111111,0,0.028407118055555555,0,0.03504774305555555,0,0,0
float32-round-even,fx-curtain,1.5,True,True,0.03882378472222222,0,0.03192274305555556,0,0.040581597222222224,0,0,0
float32-round-even,fx-curtain,2.1,True,True,0.03973524305555556,0,0.03404947916666667,0,0.04559461805555556,0,0,0
float32-round-even,fx-the-end,0.3,True,True,0.05677083333333333,0,0.04997829861111111,4,0.048567708333333334,0,0,0
float32-round-even,fx-the-end,0.9,True,True,0.034895833333333334,0,0.02964409722222222,0,0.028428819444444444,0,0,0
float32-round-even,fx-the-end,1.5,True,True,0.005230034722222222,0,0.007161458333333333,0,0.004969618055555555,0,0,0
float32-round-even,fx-the-end,2.1,True,True,0,0,0,0,0,0,0,0
float32-round-even,fx-flash-in,0.3,True,True,0.022916666666666665,0,0.025694444444444443,0,0.02085503472222222,0,0,0
float32-round-even,fx-flash-in,0.9,True,True,0.08849826388888889,8,0.06736111111111111,4,0.05314670138888889,0,0,0
float32-round-even,fx-flash-in,1.5,True,True,0.04529079861111111,0,0.04309895833333333,4,0.03511284722222222,0,0,0
float32-round-even,fx-flash-in,2.1,True,True,0.045073784722222225,0,0.045182291666666666,4,0.039388020833333336,0,0,0
float32-round-even,fx-glitch-in,0.3,True,True,0.024696180555555555,0,0.018033854166666665,0,0.026041666666666668,0,0,0
float32-round-even,fx-glitch-in,0.9,True,True,0.08873697916666666,8,0.06267361111111111,4,0.08289930555555555,8,0,0
float32-round-even,fx-glitch-in,1.5,True,True,0.11564670138888888,8,0.03125,0,0.087109375,8,0,0
float32-round-even,fx-glitch-in,2.1,True,True,0.02947048611111111,0,0.02282986111111111,0,0.022894965277777776,0,0,0
float32-round-even,fx-film-burn,0.3,True,True,0.0740234375,0,0.06948784722222222,4,0.07209201388888889,0,0,0
float32-round-even,fx-film-burn,0.9,True,True,0.05744357638888889,0,0.08166232638888889,4,0.06117621527777778,0,0,0
float32-round-even,fx-film-burn,1.5,True,True,0,0,0.025911458333333335,0,0.02133246527777778,0,0,0
float32-round-even,fx-film-burn,2.1,True,True,0,0,8.680555555555556e-05,0,0.0005208333333333333,0,0,0
float32-round-even,fx-shutter,0.3,True,True,0.06059027777777778,0,0.05384114583333333,4,0.05277777777777778,0,0,0
float32-round-even,fx-shutter,0.9,True,True,0.012630208333333334,0,0.019053819444444446,0,0.01384548611111111,0,0,0
float32-round-even,fx-shutter,1.5,True,True,0.06306423611111112,0,0.060698784722222225,4,0.05559895833333333,0,0,0
float32-round-even,fx-shutter,2.1,True,True,0.06675347222222222,0,0.0576171875,4,0.053125,0,0,0
float32-round-even,fx-heart-reveal,0.3,True,True,0.015190972222222222,0,0.010373263888888888,0,0.011024305555555556,0,0,0
float32-round-even,fx-heart-reveal,0.9,True,True,0.04131944444444444,0,0.03812934027777778,0,0.03452690972222222,0,0,0
float32-round-even,fx-heart-reveal,1.5,True,True,0.04266493055555556,0,0.039388020833333336,0,0.0341796875,0,0,0
float32-round-even,fx-heart-reveal,2.1,True,True,0.043055555555555555,0,0.04309895833333333,4,0.03875868055555556,0,0,0
float32-round-even,fx-torn-reveal,0.3,True,True,0.039952256944444445,0,0.03478732638888889,0,0.031141493055555556,0,0,0
float32-round-even,fx-torn-reveal,0.9,True,True,0.06499565972222222,0,0.06197916666666667,4,0.06710069444444444,0,0,0
float32-round-even,fx-torn-reveal,1.5,True,True,0.07291666666666667,0,0.07376302083333333,4,0.06879340277777778,0,0,0
float32-round-even,fx-torn-reveal,2.1,True,True,0.07808159722222222,0,0.06647135416666666,4,0.068359375,0,0,0
float32-round-even,fx-disco,0.3,True,True,0.06547309027777778,0,0.0626953125,4,0.06697048611111112,0,0,0
float32-round-even,fx-disco,0.9,True,True,0.06916232638888889,0,0.062000868055555554,4,0.06299913194444444,0,0,0
float32-round-even,fx-disco,1.5,True,True,0.061675347222222225,0,0.06499565972222222,4,0.05978732638888889,0,0,0
float32-round-even,fx-disco,2.1,True,True,0.06879340277777778,0,0.055859375,4,0.05802951388888889,0,0,0
float32-round-even,fx-laser-show,0.3,True,True,0.05928819444444444,0,0.05640190972222222,4,0.059027777777777776,0,0,0
float32-round-even,fx-laser-show,0.9,True,True,0.070703125,0,0.05967881944444445,4,0.05082465277777778,0,0,0
float32-round-even,fx-laser-show,1.5,True,True,0.05492621527777778,0,0.05067274305555555,4,0.0474609375,0,0,0
float32-round-even,fx-laser-show,2.1,True,True,0.056727430555555555,0,0.05946180555555555,4,0.05564236111111111,0,0,0
float32-round-even,fx-club-lights,0.3,True,True,0.06256510416666666,0,0.06677517361111111,4,0.05390625,0,0,0
float32-round-even,fx-club-lights,0.9,True,True,0.07096354166666667,0,0.0715060763888889,4,0.06061197916666667,0,0,0
float32-round-even,fx-club-lights,1.5,True,True,0.07647569444444445,0,0.0802734375,4,0.06456163194444445,0,0,0
float32-round-even,fx-club-lights,2.1,True,True,0.06323784722222223,0,0.062174479166666664,4,0.05536024305555556,0,0,0
float32-round-even,fx-beat-zoom,0.3,True,True,0.05078125,0,0.043229166666666666,4,0.039561631944444446,0,0,0
float32-round-even,fx-beat-zoom,0.9,True,True,0.048502604166666664,0,0.03830295138888889,0,0.03741319444444444,0,0,0
float32-round-even,fx-beat-zoom,1.5,True,True,0.04663628472222222,0,0.040234375,0,0.04038628472222222,0,0,0
float32-round-even,fx-beat-zoom,2.1,True,True,0.07706163194444444,0,0.07369791666666667,4,0.072265625,0,0,0
float32-round-even,fx-mirror-ball,0.3,True,True,0.21009114583333333,8,0.2954644097222222,4,0.3069661458333333,8,0,0
float32-round-even,fx-mirror-ball,0.9,True,True,0.2384982638888889,8,0.2662109375,4,0.30638020833333335,8,0,0
float32-round-even,fx-mirror-ball,1.5,True,True,0.19858940972222222,8,0.19279513888888888,4,0.24233940972222223,8,0,0
float32-round-even,fx-mirror-ball,2.1,True,True,0.19926215277777778,8,0.21957465277777777,4,0.23938802083333333,8,0,0
float32-round-even,fx-confetti,0.3,True,True,0.05340711805555556,0,0.050520833333333334,4,0.04750434027777778,0,0,0
float32-round-even,fx-confetti,0.9,True,True,0.05197482638888889,0,0.04756944444444444,4,0.04455295138888889,0,0,0
float32-round-even,fx-confetti,1.5,True,True,0.055338541666666664,0,0.04895833333333333,4,0.04991319444444445,0,0,0
float32-round-even,fx-confetti,2.1,True,True,0.052235243055555554,0,0.050390625,4,0.044270833333333336,0,0,0
float32-round-even,fx-colour-cycle,0.3,True,True,0.10364583333333334,8,0.11733940972222222,4,0.14561631944444445,8,0,0
float32-round-even,fx-colour-cycle,0.9,True,True,0.13548177083333332,8,0.08917100694444445,4,0.1376953125,8,0,0
float32-round-even,fx-colour-cycle,1.5,True,True,0.15013020833333332,8,0.11148003472222222,4,0.11681857638888889,8,0,0
float32-round-even,fx-colour-cycle,2.1,True,True,0.1427951388888889,8,0.13289930555555557,4,0.0908203125,8,0,0
float32-round-even,fx-balloons,0.3,True,True,0.052018229166666666,0,0.04348958333333333,4,0.05123697916666667,0,0,0
float32-round-even,fx-balloons,0.9,True,True,0.047591145833333334,0,0.045985243055555555,4,0.056206597222222224,0,0,0
float32-round-even,fx-balloons,1.5,True,True,0.04841579861111111,0,0.04544270833333333,4,0.03641493055555556,0,0,0
float32-round-even,fx-balloons,2.1,True,True,0.04865451388888889,0,0.046440972222222224,4,0.039496527777777776,0,0,0
float32-round-even,fx-earthquake,0.3,True,True,0.13626302083333333,8,0.13819444444444445,4,0.12411024305555556,8,0,0
float32-round-even,fx-earthquake,0.9,True,True,0.14281684027777777,8,0.13292100694444445,4,0.1292751736111111,8,0,0
float32-round-even,fx-earthquake,1.5,True,True,0.14242621527777777,8,0.13836805555555556,4,0.12797309027777778,8,0,0
float32-round-even,fx-earthquake,2.1,True,True,0.14463975694444445,8,0.1349392361111111,4,0.12734375,8,0,0
float32-round-even,fx-swirl,0.3,True,True,0.14244791666666667,8,0.13120659722222222,4,0.12914496527777777,8,0,0
float32-round-even,fx-swirl,0.9,True,True,0.13995225694444444,8,0.1361328125,4,0.12990451388888888,8,0,0
float32-round-even,fx-swirl,1.5,True,True,0.13081597222222222,8,0.14249131944444443,4,0.125390625,8,0,0
float32-round-even,fx-swirl,2.1,True,True,0.14047309027777777,8,0.13615451388888888,4,0.1267578125,8,0,0
float32-round-even,fx-spin,0.3,True,True,0.09737413194444444,8,0.0853515625,4,0.07434895833333334,0,0,0
float32-round-even,fx-spin,0.9,True,True,0.09848090277777778,8,0.08142361111111111,4,0.06974826388888888,0,0,0
float32-round-even,fx-spin,1.5,True,True,0.10073784722222222,8,0.08993055555555556,4,0.07571614583333333,0,0,0
float32-round-even,fx-spin,2.1,True,True,0.10088975694444445,8,0.09212239583333333,4,0.07760416666666667,0,0,0
float32-round-even,fx-bounce,0.3,True,True,0.09305555555555556,8,0.08984375,4,0.09292534722222222,8,0,0
float32-round-even,fx-bounce,0.9,True,True,0.09207899305555556,8,0.09309895833333333,4,0.08116319444444445,0,0,0
float32-round-even,fx-bounce,1.5,True,True,0.09691840277777777,8,0.08563368055555555,4,0.08658854166666667,8,0,0
float32-round-even,fx-bounce,2.1,True,True,0.09372829861111111,8,0.09411892361111111,4,0.08784722222222222,8,0,0
float32-round-even,fx-zoom-pulse,0.3,True,True,0.13899739583333334,8,0.1325954861111111,4,0.13231336805555555,8,0,0
float32-round-even,fx-zoom-pulse,0.9,True,True,0.13995225694444444,8,0.1362847222222222,4,0.12115885416666666,8,0,0
float32-round-even,fx-zoom-pulse,1.5,True,True,0.14793836805555555,8,0.14021267361111112,4,0.128125,8,0,0
float32-round-even,fx-zoom-pulse,2.1,True,True,0.1370876736111111,8,0.14466145833333333,4,0.12881944444444443,8,0,0
float32-round-even,fx-heartbeat,0.3,True,True,0.09767795138888889,8,0.09435763888888889,4,0.08337673611111111,8,0,0
float32-round-even,fx-heartbeat,0.9,True,True,0.05119357638888889,0,0.041276041666666666,4,0.040473090277777776,0,0,0
float32-round-even,fx-heartbeat,1.5,True,True,0.07699652777777778,0,0.06553819444444445,4,0.0666015625,0,0,0
float32-round-even,fx-heartbeat,2.1,True,True,0.10473090277777777,8,0.08828125,4,0.09151475694444444,8,0,0
float32-round-even,fx-light-leak,0.3,True,True,0.048676215277777775,0,0.04220920138888889,4,0.041449652777777776,0,0,0
float32-round-even,fx-light-leak,0.9,True,True,0.04715711805555556,0,0.04772135416666667,4,0.04240451388888889,0,0,0
float32-round-even,fx-light-leak,1.5,True,True,0.052018229166666666,0,0.050629340277777775,4,0.04299045138888889,0,0,0
float32-round-even,fx-light-leak,2.1,True,True,0.05661892361111111,0,0.055078125,4,0.05199652777777778,0,0,0
float32-round-even,fx-lens-flare,0.3,True,True,0.11538628472222222,8,0.1150390625,4,0.11358506944444445,8,0,0
float32-round-even,fx-lens-flare,0.9,True,True,0.11184895833333333,8,0.11553819444444445,4,0.10677083333333333,8,0,0
float32-round-even,fx-lens-flare,1.5,True,True,0.11564670138888888,8,0.11239149305555556,4,0.10581597222222222,8,0,0
float32-round-even,fx-lens-flare,2.1,True,True,0.11551649305555556,8,0.12196180555555555,4,0.10475260416666667,8,0,0
float32-round-even,fx-bokeh,0.3,True,True,0.08984375,8,0.0886501736111111,4,0.08624131944444445,8,0,0
float32-round-even,fx-bokeh,0.9,True,True,0.09513888888888888,8,0.08704427083333334,4,0.09125434027777778,8,0,0
float32-round-even,fx-bokeh,1.5,True,True,0.09047309027777778,8,0.09283854166666666,4,0.08031684027777777,0,0,0
float32-round-even,fx-bokeh,2.1,True,True,0.09748263888888889,8,0.0920138888888889,4,0.07994791666666666,0,0,0
float32-round-even,fx-sunbeam,0.3,True,True,0.07332899305555556,0,0.0646701388888889,4,0.0736328125,0,0,0
float32-round-even,fx-sunbeam,0.9,True,True,0.055121527777777776,0,0.051258680555555554,4,0.051909722222222225,0,0,0
float32-round-even,fx-sunbeam,1.5,True,True,0.05967881944444445,0,0.04934895833333333,4,0.05496961805555556,0,0,0
float32-round-even,fx-sunbeam,2.1,True,True,0.05848524305555555,0,0.05262586805555555,4,0.04982638888888889,0,0,0
float32-round-even,fx-rainbow-leak,0.3,True,True,0.0619140625,0,0.04993489583333333,4,0.04871961805555555,0,0,0
float32-round-even,fx-rainbow-leak,0.9,True,True,0.047026909722222225,0,0.04561631944444444,4,0.042252604166666666,0,0,0
float32-round-even,fx-rainbow-leak,1.5,True,True,0.05080295138888889,0,0.04984809027777778,4,0.039149305555555555,0,0,0
float32-round-even,fx-rainbow-leak,2.1,True,True,0.056098090277777776,0,0.059071180555555554,4,0.052083333333333336,0,0,0
float32-round-even,fx-bloom,0.3,True,True,0.10366753472222222,8,0.12293836805555555,4,0.11117621527777778,8,0,0
float32-round-even,fx-bloom,0.9,True,True,0.10340711805555555,8,0.1273871527777778,4,0.11085069444444444,8,0,0
float32-round-even,fx-bloom,1.5,True,True,0.10813802083333333,8,0.128515625,4,0.10536024305555555,8,0,0
float32-round-even,fx-bloom,2.1,True,True,0.10362413194444445,8,0.1264105902777778,4,0.10310329861111112,8,0,0
float32-round-even,fx-neon-edges,0.3,True,True,0.3316189236111111,8,0.17769097222222222,4,0.20805121527777778,8,0,0
float32-round-even,fx-neon-edges,0.9,True,True,0.3353515625,8,0.23997395833333332,4,0.13645833333333332,8,0,0
float32-round-even,fx-neon-edges,1.5,True,True,0.33404947916666666,8,0.30789930555555556,4,0.12013888888888889,8,0,0
float32-round-even,fx-neon-edges,2.1,True,True,0.2658203125,8,0.3310763888888889,4,0.11864149305555556,8,0,0
float32-round-even,fx-starburst,0.3,True,True,0.08895399305555556,8,0.07990451388888889,4,0.0755859375,0,0,0
float32-round-even,fx-starburst,0.9,True,True,0.08639322916666667,8,0.08016493055555556,4,0.07033420138888889,0,0,0
float32-round-even,fx-starburst,1.5,True,True,0.08628472222222222,8,0.08561197916666667,4,0.07165798611111111,0,0,0
float32-round-even,fx-starburst,2.1,True,True,0.09173177083333334,8,0.0769314236111111,4,0.06727430555555555,0,0,0
float32-round-even,fx-split-2,0.3,True,True,0.06770833333333333,0,0.06397569444444444,4,0.06770833333333333,0,0,0
float32-round-even,fx-split-2,0.9,True,True,0.06870659722222222,0,0.05911458333333333,4,0.0580078125,0,0,0
float32-round-even,fx-split-2,1.5,True,True,0.0673828125,0,0.06475694444444445,4,0.07222222222222222,0,0,0
float32-round-even,fx-split-2,2.1,True,True,0.07348090277777777,0,0.05954861111111111,4,0.05603298611111111,0,0,0
float32-round-even,fx-stack-2,0.3,True,True,0.07719184027777778,0,0.07881944444444444,4,0.073046875,0,0,0
float32-round-even,fx-stack-2,0.9,True,True,0.07808159722222222,0,0.0783420138888889,4,0.07799479166666666,0,0,0
float32-round-even,fx-stack-2,1.5,True,True,0.08292100694444444,0,0.08042534722222222,4,0.06768663194444445,0,0,0
float32-round-even,fx-stack-2,2.1,True,True,0.087109375,8,0.07261284722222222,4,0.07026909722222222,0,0,0
float32-round-even,fx-split-3,0.3,True,True,0.07738715277777777,0,0.07845052083333333,4,0.08220486111111111,0,0,0
float32-round-even,fx-split-3,0.9,True,True,0.09069010416666666,8,0.08795572916666666,4,0.07317708333333334,0,0,0
float32-round-even,fx-split-3,1.5,True,True,0.08752170138888889,8,0.08142361111111111,4,0.07571614583333333,0,0,0
float32-round-even,fx-split-3,2.1,True,True,0.09680989583333334,8,0.0833984375,4,0.08776041666666666,8,0,0
float32-round-even,fx-grid-4,0.3,True,True,0.2595703125,8,0.209375,4,0.2595703125,8,0,0
float32-round-even,fx-grid-4,0.9,True,True,0.26851128472222224,8,0.21412760416666668,4,0.26851128472222224,8,0,0
float32-round-even,fx-grid-4,1.5,True,True,0.28409288194444443,8,0.22413194444444445,4,0.28409288194444443,8,0,0
float32-round-even,fx-grid-4,2.1,True,True,0.2642578125,8,0.23461371527777777,4,0.2642578125,8,0,0
float32-round-even,fx-grid-9,0.3,True,True,0.062413194444444445,0,0.04537760416666667,4,0.05785590277777778,0,0,0
float32-round-even,fx-grid-9,0.9,True,True,0.06258680555555556,0,0.056141493055555554,4,0.0388671875,0,0,0
float32-round-even,fx-grid-9,1.5,True,True,0.0333984375,0,0.05358072916666667,4,0.05705295138888889,0,0,0
float32-round-even,fx-grid-9,2.1,True,True,0.05950520833333333,0,0.06245659722222222,4,0.05802951388888889,0,0,0
float32-round-even,fx-mirror-lr,0.3,True,True,0.03585069444444444,0,0.03259548611111111,0,0.04014756944444445,0,0,0
float32-round-even,fx-mirror-lr,0.9,True,True,0.039149305555555555,0,0.04084201388888889,4,0.039539930555555554,0,0,0
float32-round-even,fx-mirror-lr,1.5,True,True,0.040364583333333336,0,0.02868923611111111,0,0.037196180555555555,0,0,0
float32-round-even,fx-mirror-lr,2.1,True,True,0.034678819444444446,0,0.036631944444444446,0,0.043793402777777775,0,0,0
float32-round-even,fx-mirror-tb,0.3,True,True,0.07254774305555556,0,0.06284722222222222,4,0.05078125,0,0,0
float32-round-even,fx-mirror-tb,0.9,True,True,0.07380642361111112,0,0.06128472222222222,4,0.05529513888888889,0,0,0
float32-round-even,fx-mirror-tb,1.5,True,True,0.06885850694444444,0,0.06545138888888889,4,0.055338541666666664,0,0,0
float32-round-even,fx-mirror-tb,2.1,True,True,0.0708984375,0,0.06631944444444444,4,0.059895833333333336,0,0,0
float32-round-even,fx-kaleido-4,0.3,True,True,0.0892578125,8,0.07269965277777778,4,0.06851128472222222,0,0,0
float32-round-even,fx-kaleido-4,0.9,True,True,0.09019097222222222,8,0.07473958333333333,4,0.07873263888888889,0,0,0
float32-round-even,fx-kaleido-4,1.5,True,True,0.07795138888888889,0,0.07864583333333333,4,0.07506510416666666,0,0,0
float32-round-even,fx-kaleido-4,2.1,True,True,0.09279513888888889,8,0.0700954861111111,4,0.06636284722222222,0,0,0
float32-round-even,fx-rgb-panes,0.3,True,True,0.198046875,8,0.2754123263888889,4,0.2630642361111111,8,0,0
float32-round-even,fx-rgb-panes,0.9,True,True,0.20108506944444443,8,0.2766927083333333,4,0.26953125,8,0,0
float32-round-even,fx-rgb-panes,1.5,True,True,0.20004340277777777,8,0.2659722222222222,4,0.24147135416666668,8,0,0
float32-round-even,fx-rgb-panes,2.1,True,True,0.20217013888888888,8,0.2706163194444444,4,0.24184027777777778,8,0,0
float32-round-even,fx-grid-flash,0.3,True,True,0.09188368055555556,8,0.07469618055555556,4,0.07769097222222222,0,0,0
float32-round-even,fx-grid-flash,0.9,True,True,0.11807725694444444,8,0.07157118055555556,4,0.07914496527777778,0,0,0
float32-round-even,fx-grid-flash,1.5,True,True,0.08598090277777778,8,0.078515625,4,0.09040798611111112,8,0,0
float32-round-even,fx-grid-flash,2.1,True,True,0.08057725694444444,0,0.07482638888888889,4,0.06595052083333333,0,0,0
float32-round-even,fx-pencil-sketch,0.3,True,True,0.2123480902777778,8,0.2107638888888889,4,0.2072482638888889,8,0,0
float32-round-even,fx-pencil-sketch,0.9,True,True,0.266015625,8,0.25733506944444445,4,0.27118055555555554,8,0,0
float32-round-even,fx-pencil-sketch,1.5,True,True,0.260546875,8,0.2647786458333333,4,0.26536458333333335,8,0,0
float32-round-even,fx-pencil-sketch,2.1,True,True,0.2946831597222222,8,0.29424913194444446,4,0.3003472222222222,8,0,0
float32-round-even,fx-marker-lines,0.3,True,True,0.14064670138888888,8,0.20516493055555557,4,0.1842013888888889,8,0,0
float32-round-even,fx-marker-lines,0.9,True,True,0.17159288194444444,8,0.22506510416666667,4,0.21260850694444444,8,0,0
float32-round-even,fx-marker-lines,1.5,True,True,0.17821180555555555,8,0.2271484375,4,0.20950520833333333,8,0,0
float32-round-even,fx-marker-lines,2.1,True,True,0.1732855902777778,8,0.228125,4,0.22072482638888888,8,0,0
float32-round-even,fx-spray-neon,0.3,True,True,0.23407118055555556,8,0.14351128472222222,4,0.09945746527777778,8,0,0
float32-round-even,fx-spray-neon,0.9,True,True,0.2492404513888889,8,0.15342881944444445,4,0.10579427083333333,8,0,0
float32-round-even,fx-spray-neon,1.5,True,True,0.24830729166666668,8,0.14286024305555556,4,0.10831163194444444,8,0,0
float32-round-even,fx-spray-neon,2.1,True,True,0.24711371527777778,8,0.1476345486111111,4,0.11343315972222222,8,0,0
float32-round-even,fx-comic-print,0.3,True,True,0.1480685763888889,8,0.12840711805555555,4,0.16705729166666666,8,0,0
float32-round-even,fx-comic-print,0.9,True,True,0.1451388888888889,8,0.12962239583333332,4,0.16048177083333334,8,0,0
float32-round-even,fx-comic-print,1.5,True,True,0.15755208333333334,8,0.12923177083333334,4,0.1527777777777778,8,0,0
float32-round-even,fx-comic-print,2.1,True,True,0.14097222222222222,8,0.13198784722222223,4,0.15813802083333334,8,0,0
float32-round-even,fx-chalkboard,0.3,True,True,0.18057725694444443,8,0.17643229166666666,4,0.18624131944444444,8,0,0
float32-round-even,fx-chalkboard,0.9,True,True,0.24097222222222223,8,0.24210069444444443,4,0.24622395833333333,8,0,0
float32-round-even,fx-chalkboard,1.5,True,True,0.23328993055555555,8,0.24268663194444445,4,0.23997395833333332,8,0,0
float32-round-even,fx-chalkboard,2.1,True,True,0.2657335069444444,8,0.26705729166666664,4,0.2711588541666667,8,0,0
float32-round-even,fx-scribble-frame,0.3,True,True,0.074609375,0,0.0700954861111111,4,0.06866319444444445,0,0,0
float32-round-even,fx-scribble-frame,0.9,True,True,0.07235243055555556,0,0.07126736111111111,4,0.07174479166666667,0,0,0
float32-round-even,fx-scribble-frame,1.5,True,True,0.07669270833333333,0,0.07797309027777778,4,0.07102864583333333,0,0,0
float32-round-even,fx-scribble-frame,2.1,True,True,0.08118489583333334,0,0.06950954861111111,4,0.07042100694444445,0,0,0
float32-round-even,fx-confetti-burst,0.3,False,False,2.693142361111111,107,2.4567274305555555,77,2.3784505208333333,83,0,0
float32-round-even,fx-confetti-burst,0.9,False,False,1.349782986111111,58,1.5026041666666667,57,1.681814236111111,74,0,0
float32-round-even,fx-confetti-burst,1.5,False,False,1.0473741319444445,49,1.1630859375,53,1.1206814236111111,41,0,0
float32-round-even,fx-confetti-burst,2.1,False,False,0.9535590277777778,33,0.8950737847222222,33,1.1203125,33,0,0
float32-round-even,fx-gold-glitter,0.3,True,True,0.06569010416666667,0,0.05768229166666667,4,0.05041232638888889,0,0,0
float32-round-even,fx-gold-glitter,0.9,True,True,0.07124565972222222,0,0.06017795138888889,4,0.05249565972222222,0,0,0
float32-round-even,fx-gold-glitter,1.5,True,True,0.06907552083333333,0,0.06215277777777778,4,0.05596788194444444,0,0,0
float32-round-even,fx-gold-glitter,2.1,True,True,0.07380642361111112,0,0.06115451388888889,4,0.05635850694444444,0,0,0
float32-round-even,fx-heart-rain,0.3,True,True,0.051671006944444445,0,0.048003472222222225,4,0.042469618055555554,0,0,0
float32-round-even,fx-heart-rain,0.9,True,True,0.05538194444444444,0,0.04815538194444444,4,0.04357638888888889,0,0,0
float32-round-even,fx-heart-rain,1.5,True,True,0.06141493055555555,0,0.046332465277777776,4,0.042144097222222225,0,0,0
float32-round-even,fx-heart-rain,2.1,True,True,0.06707899305555555,0,0.05088975694444445,4,0.04607204861111111,0,0,0
float32-round-even,fx-bubbles,0.3,True,True,0.06788194444444444,0,0.061957465277777776,4,0.06048177083333333,0,0,0
float32-round-even,fx-bubbles,0.9,True,True,0.07189670138888889,0,0.06432291666666666,4,0.06449652777777778,0,0,0
float32-round-even,fx-bubbles,1.5,True,True,0.07200520833333333,0,0.06981336805555556,4,0.0661892361111111,0,0,0
float32-round-even,fx-bubbles,2.1,True,True,0.07634548611111111,0,0.06527777777777778,4,0.06534288194444444,0,0,0
float32-round-even,fx-star-pop,0.3,True,True,0.05987413194444444,0,0.05896267361111111,4,0.05154079861111111,0,0,0
float32-round-even,fx-star-pop,0.9,True,True,0.05314670138888889,0,0.04485677083333333,4,0.04665798611111111,0,0,0
float32-round-even,fx-star-pop,1.5,True,True,0.06041666666666667,0,0.05308159722222222,4,0.047135416666666666,0,0,0
float32-round-even,fx-star-pop,2.1,True,True,0.0806640625,0,0.07282986111111112,4,0.05538194444444444,0,0,0
float32-round-even,fx-petals,0.3,True,True,0.060069444444444446,0,0.04142795138888889,4,0.0431640625,0,0,0
float32-round-even,fx-petals,0.9,True,True,0.06148003472222222,0,0.044140625,4,0.04375,0,0,0
float32-round-even,fx-petals,1.5,True,True,0.06414930555555555,0,0.04641927083333333,4,0.042078993055555555,0,0,0
float32-round-even,fx-petals,2.1,True,True,0.06356336805555556,0,0.049891493055555555,4,0.04934895833333333,0,0,0
float32-round-even,fx-snowfall,0.3,False,False,1.6568142361111111,49,1.8098524305555554,56,2.018185763888889,65,0,0
float32-round-even,fx-snowfall,0.9,False,False,1.7237196180555556,50,1.8621961805555556,57,2.0518663194444446,65,0,0
float32-round-even,fx-snowfall,1.5,False,False,1.698415798611111,50,1.8646918402777777,56,2.0658203125,65,0,0
float32-round-even,fx-snowfall,2.1,False,False,1.7102213541666667,50,1.8588107638888889,53,2.0657118055555554,58,0,0
float32-round-even,fx-sparkler,0.3,True,True,0.11512586805555555,8,0.11393229166666667,4,0.12302517361111111,8,0,0
float32-round-even,fx-sparkler,0.9,True,True,0.11130642361111111,8,0.11321614583333334,4,0.1300564236111111,8,0,0
float32-round-even,fx-sparkler,1.5,True,True,0.12647569444444445,8,0.12180989583333333,4,0.11087239583333333,8,0,0
float32-round-even,fx-sparkler,2.1,True,True,0.11378038194444444,8,0.11512586805555555,4,0.12081163194444444,8,0,0
float32-round-even,fx-pixelate,0.3,True,True,0.08934461805555556,8,0.10418836805555555,4,0.09388020833333334,8,0,0
float32-round-even,fx-pixelate,0.9,True,True,0.0822482638888889,8,0.099609375,4,0.078515625,0,0,0
float32-round-even,fx-pixelate,1.5,True,True,0.09828559027777778,8,0.10258246527777778,4,0.08059895833333333,0,0,0
float32-round-even,fx-pixelate,2.1,True,True,0.09361979166666666,8,0.09600694444444445,4,0.07957899305555556,0,0,0
float32-round-even,fx-pixel-scan,0.3,True,True,0.08159722222222222,0,0.0826171875,4,0.08617621527777777,8,0,0
float32-round-even,fx-pixel-scan,0.9,True,True,0.08025173611111111,0,0.07923177083333334,4,0.0857421875,8,0,0
float32-round-even,fx-pixel-scan,1.5,True,True,0.08038194444444445,0,0.08370225694444444,4,0.07743055555555556,0,0,0
float32-round-even,fx-pixel-scan,2.1,True,True,0.0884765625,8,0.0773654513888889,4,0.0751953125,0,0,0
float32-round-even,fx-mosaic-pulse,0.3,True,True,0.09782986111111111,8,0.0837890625,4,0.080859375,0,0,0
float32-round-even,fx-mosaic-pulse,0.9,True,True,0.07955729166666667,0,0.07955729166666667,4,0.0740234375,0,0,0
float32-round-even,fx-mosaic-pulse,1.5,True,True,0.08263888888888889,8,0.1232638888888889,4,0.08821614583333333,8,0,0
float32-round-even,fx-mosaic-pulse,2.1,False,False,1.7172526041666667,49,1.5399956597222222,40,1.3618706597222223,33,0,0
float32-round-even,fx-eight-bit,0.3,False,False,9.571592881944444,50,8.477799479166666,49,8.985264756944444,50,0,0
float32-round-even,fx-eight-bit,0.9,False,False,9.604839409722222,50,8.846766493055556,49,8.708094618055556,50,0,0
float32-round-even,fx-eight-bit,1.5,False,False,9.584722222222222,50,8.998177083333333,49,8.540104166666667,50,0,0
float32-round-even,fx-eight-bit,2.1,False,False,9.5267578125,50,8.539431423611111,49,8.465104166666666,50,0,0
float32-round-even,fx-pixel-sort,0.3,True,True,0.18057725694444443,8,0.1763237847222222,4,0.18237847222222223,8,0,0
float32-round-even,fx-pixel-sort,0.9,True,True,0.1956814236111111,8,0.18422309027777778,4,0.20436197916666668,8,0,0
float32-round-even,fx-pixel-sort,1.5,True,True,0.18155381944444443,8,0.16527777777777777,4,0.18430989583333332,8,0,0
float32-round-even,fx-pixel-sort,2.1,True,True,0.18895399305555555,8,0.17024739583333334,4,0.1857638888888889,8,0,0
float32-round-even,fx-pixel-breakdown,0.3,True,True,0.09171006944444444,8,0.0833984375,4,0.08548177083333333,0,0,0
float32-round-even,fx-pixel-breakdown,0.9,True,True,0.1763237847222222,8,0.19242621527777778,4,0.18444010416666667,8,0,0
float32-round-even,fx-pixel-breakdown,1.5,True,True,0.17309027777777777,8,0.18595920138888888,4,0.17916666666666667,8,0,0
float32-round-even,fx-pixel-breakdown,2.1,True,True,0.10390625,0,0.0955078125,4,0.09210069444444445,0,0,0
float32-round-even,fx-beads,0.3,True,True,0.049153645833333336,0,0.04676649305555555,4,0.04422743055555556,0,0,0
float32-round-even,fx-beads,0.9,True,True,0.05199652777777778,0,0.04624565972222222,4,0.04296875,0,0,0
float32-round-even,fx-beads,1.5,True,True,0.06130642361111111,0,0.05043402777777778,4,0.03845486111111111,0,0,0
float32-round-even,fx-beads,2.1,True,True,0.05611979166666667,0,0.053233506944444446,4,0.04822048611111111,0,0,0
float32-round-even,fx-led-wall,0.3,True,True,0.07467447916666667,0,0.08374565972222223,4,0.083984375,8,0,0
float32-round-even,fx-led-wall,0.9,True,True,0.07795138888888889,0,0.08830295138888888,4,0.08483072916666666,8,0,0
float32-round-even,fx-led-wall,1.5,True,True,0.07858072916666667,0,0.08862847222222223,4,0.0841796875,8,0,0
float32-round-even,fx-led-wall,2.1,True,True,0.08745659722222222,8,0.08439670138888888,4,0.08656684027777778,8,0,0
float32-round-even,fx-cross-stitch,0.3,True,True,0.06276041666666667,0,0.05562065972222222,4,0.08506944444444445,8,0,0
float32-round-even,fx-cross-stitch,0.9,True,True,0.06061197916666667,0,0.053233506944444446,4,0.09555121527777778,8,0,0
float32-round-even,fx-cross-stitch,1.5,True,True,0.057139756944444446,0,0.05601128472222222,4,0.09375,8,0,0
float32-round-even,fx-cross-stitch,2.1,True,True,0.06204427083333333,0,0.05579427083333333,4,0.08823784722222222,8,0,0
float32-round-even,fx-toy-bricks,0.3,True,True,0.1150173611111111,8,0.09991319444444445,4,0.07970920138888889,0,0,0
float32-round-even,fx-toy-bricks,0.9,True,True,0.10668402777777777,8,0.1008029513888889,4,0.08739149305555556,8,0,0
float32-round-even,fx-toy-bricks,1.5,True,True,0.09796006944444445,8,0.10208333333333333,4,0.08611111111111111,8,0,0
float32-round-even,fx-toy-bricks,2.1,True,True,0.09997829861111111,8,0.10366753472222222,4,0.08426649305555556,8,0,0
float32-round-even,fx-pixel-glitch,0.3,True,True,0.07601996527777778,0,0.08140190972222222,4,0.06786024305555556,0,0,0
float32-round-even,fx-pixel-glitch,0.9,True,True,0.08795572916666666,8,0.07463107638888888,4,0.06727430555555555,0,0,0
float32-round-even,fx-pixel-glitch,1.5,True,True,0.07964409722222222,0,0.0833984375,4,0.07543402777777777,0,0,0
float32-round-even,fx-pixel-glitch,2.1,True,True,0.08569878472222223,8,0.07358940972222222,4,0.07350260416666667,0,0,0
float32-round-even,fx-rgb-split,0.3,True,True,0.11812065972222222,8,0.06729600694444444,4,0.06078559027777778,0,0,0
float32-round-even,fx-rgb-split,0.9,True,True,0.13969184027777778,8,0.06864149305555556,4,0.07491319444444444,0,0,0
float32-round-even,fx-rgb-split,1.5,True,True,0.10883246527777778,8,0.07046440972222222,4,0.08943142361111112,8,0,0
float32-round-even,fx-rgb-split,2.1,True,True,0.09906684027777778,8,0.06729600694444444,4,0.05438368055555556,0,0,0
float32-round-even,fx-digital-blocks,0.3,True,True,0.03819444444444445,0,0.03643663194444444,0,0.04485677083333333,0,0,0
float32-round-even,fx-digital-blocks,0.9,True,True,0.04001736111111111,0,0.038172743055555555,0,0.04993489583333333,0,0,0
float32-round-even,fx-digital-blocks,1.5,True,True,0.04754774305555556,0,0.03778211805555556,0,0.046050347222222225,0,0,0
float32-round-even,fx-digital-blocks,2.1,True,True,0.04210069444444445,0,0.039887152777777775,0,0.05243055555555556,0,0,0
float32-round-even,fx-vhs,0.3,False,False,4.5784722222222225,17,4.598394097222222,13,4.601540798611111,17,0,0
float32-round-even,fx-vhs,0.9,False,False,4.529275173611111,17,4.544118923611111,13,4.5662109375,17,0,0
float32-round-even,fx-vhs,1.5,False,False,4.546592881944444,17,4.551302083333334,13,4.540321180555556,17,0,0
float32-round-even,fx-vhs,2.1,False,False,4.585373263888889,17,4.585611979166667,13,4.594921875,17,0,0
float32-round-even,fx-scanline-jitter,0.3,True,True,0.09424913194444444,8,0.08359375,4,0.09563802083333334,8,0,0
float32-round-even,fx-scanline-jitter,0.9,True,True,0.094140625,8,0.09340277777777778,4,0.09615885416666667,8,0,0
float32-round-even,fx-scanline-jitter,1.5,True,True,0.09893663194444445,8,0.08257378472222222,4,0.09220920138888888,8,0,0
float32-round-even,fx-scanline-jitter,2.1,True,True,0.0935546875,8,0.08298611111111111,4,0.09973958333333334,8,0,0
float32-round-even,fx-datamosh,0.3,True,True,0.0900390625,0,0.08350694444444444,4,0.08834635416666667,0,0,0
float32-round-even,fx-datamosh,0.9,True,True,0.07432725694444445,0,0.06019965277777778,4,0.06773003472222222,0,0,0
float32-round-even,fx-datamosh,1.5,True,True,0.06705729166666667,0,0.05748697916666667,4,0.05570746527777778,0,0,0
float32-round-even,fx-datamosh,2.1,True,True,0.08921440972222222,0,0.07293836805555555,4,0.07491319444444444,0,0,0
float32-round-even,fx-signal-loss,0.3,True,True,0.0740234375,0,0.06948784722222222,4,0.07209201388888889,0,0,0
float32-round-even,fx-signal-loss,0.9,False,False,14.636827256944445,148,14.598567708333333,150,14.628428819444444,148,0,0
float32-round-even,fx-signal-loss,1.5,True,True,0.07291666666666667,0,0.07376302083333333,4,0.06879340277777778,0,0,0
float32-round-even,fx-signal-loss,2.1,False,False,7.283919270833334,132,7.255251736111111,134,7.276171875,132,0,0
float32-round-even,fx-chroma-wave,0.3,True,True,0.16161024305555555,8,0.0984375,4,0.16310763888888888,8,0,0
float32-round-even,fx-chroma-wave,0.9,True,True,0.15826822916666666,8,0.09440104166666667,4,0.15737847222222223,8,0,0
float32-round-even,fx-chroma-wave,1.5,True,True,0.16647135416666667,8,0.09383680555555556,4,0.1677734375,8,0,0
float32-round-even,fx-chroma-wave,2.1,True,True,0.16710069444444445,8,0.09670138888888889,4,0.16694878472222222,8,0,0
float32-round-even,fx-bad-tv,0.3,False,False,7.224110243055556,25,7.260980902777778,21,7.2615234375,25,0,0
float32-round-even,fx-bad-tv,0.9,False,False,7.173003472222222,25,7.191796875,21,7.1760850694444445,25,0,0
float32-round-even,fx-bad-tv,1.5,False,False,7.190559895833333,25,7.219683159722222,21,7.210894097222222,25,0,0
float32-round-even,fx-bad-tv,2.1,False,False,7.231032986111111,25,7.259223090277778,21,7.270355902777778,25,0,0
float32-round-even,fx-glitch-flash,0.3,True,True,0.04544270833333333,0,0.043467881944444446,4,0.04544270833333333,0,0,0
float32-round-even,fx-glitch-flash,0.9,True,True,0.08747829861111112,8,0.07708333333333334,4,0.08433159722222222,8,0,0
float32-round-even,fx-glitch-flash,1.5,True,True,0.045811631944444445,0,0.04021267361111111,0,0.045811631944444445,0,0,0
float32-round-even,fx-glitch-flash,2.1,True,True,0.04299045138888889,0,0.04210069444444445,4,0.04299045138888889,0,0,0
float32-round-even,fx-vhs-rewind,0.3,False,False,6.247504340277778,17,6.284201388888889,17,6.295746527777778,17,0,0
float32-round-even,fx-vhs-rewind,0.9,False,False,6.349587673611111,17,6.388671875,17,6.3655381944444445,17,0,0
float32-round-even,fx-vhs-rewind,1.5,False,False,6.374262152777778,17,6.4146484375,17,6.412087673611111,17,0,0
float32-round-even,fx-vhs-rewind,2.1,True,True,0.14720052083333332,8,0.1380642361111111,4,0.14103732638888888,8,0,0
float32-round-even,fx-film-8mm,0.3,False,False,10.421158854166666,33,10.485850694444444,29,10.48068576388889,33,0,0
float32-round-even,fx-film-8mm,0.9,False,False,11.290603298611112,33,11.380967881944445,32,11.37966579861111,33,0,0
float32-round-even,fx-film-8mm,1.5,False,False,11.177387152777778,33,11.263802083333333,32,11.170833333333333,33,0,0
float32-round-even,fx-film-8mm,2.1,True,True,0.12222222222222222,8,0.11866319444444444,4,0.0949435763888889,8,0,0
float32-round-even,fx-old-tv,0.3,False,False,6.331901041666667,24,6.415147569444445,20,6.387456597222222,24,0,0
float32-round-even,fx-old-tv,0.9,False,False,6.405121527777778,25,6.495659722222222,21,6.455338541666666,25,0,0
float32-round-even,fx-old-tv,1.5,False,False,6.46171875,25,6.508832465277778,20,6.518576388888889,25,0,0
float32-round-even,fx-old-tv,2.1,True,True,0.06573350694444445,0,0.06820746527777778,4,0.06803385416666667,0,0,0
float32-round-even,fx-film-burn-leak,0.3,True,True,0.05546875,0,0.04626736111111111,4,0.04609375,0,0,0
float32-round-even,fx-film-burn-leak,0.9,True,True,0.05329861111111111,0,0.05026041666666667,4,0.04348958333333333,0,0,0
float32-round-even,fx-film-burn-leak,1.5,True,True,0.04993489583333333,0,0.052256944444444446,4,0.04286024305555555,0,0,0
float32-round-even,fx-film-burn-leak,2.1,True,True,0.05173611111111111,0,0.05503472222222222,4,0.0509765625,0,0,0
float32-round-even,fx-faded-print,0.3,True,True,0.12020399305555556,8,0.09921875,4,0.0673828125,0,0,0
float32-round-even,fx-faded-print,0.9,True,True,0.11920572916666666,8,0.09789496527777777,4,0.07044270833333334,0,0,0
float32-round-even,fx-faded-print,1.5,True,True,0.12252604166666667,8,0.10240885416666666,4,0.06931423611111111,0,0,0
float32-round-even,fx-faded-print,2.1,True,True,0.12165798611111112,8,0.10462239583333334,4,0.07065972222222222,0,0,0
float32-round-even,fx-seventies,0.3,False,False,4.77890625,17,5.041189236111111,16,5.0989366319444445,17,0,0
float32-round-even,fx-seventies,0.9,False,False,4.785546875,17,5.117838541666667,16,5.142795138888889,17,0,0
float32-round-even,fx-seventies,1.5,False,False,4.868098958333333,17,5.144986979166666,16,5.206814236111111,17,0,0
float32-round-even,fx-seventies,2.1,True,True,0.0866970486111111,8,0.08546006944444444,4,0.05737847222222222,0,0,0
float32-round-even,fx-dust-scratches,0.3,True,True,0.09231770833333333,0,0.08752170138888889,4,0.09168836805555555,0,0,0
float32-round-even,fx-dust-scratches,0.9,True,True,0.07717013888888889,0,0.07495659722222223,4,0.081640625,0,0,0
float32-round-even,fx-dust-scratches,1.5,True,True,0.14401041666666667,0,0.14809027777777778,4,0.14429253472222223,0,0,0
float32-round-even,fx-dust-scratches,2.1,True,True,0.115234375,0,0.10538194444444444,4,0.10748697916666666,0,0,0
float32-round-even,fx-cmyk-print,0.3,False,False,0.6306857638888889,9,2.1123914930555556,45,2.108420138888889,49,0,0
float32-round-even,fx-cmyk-print,0.9,False,False,0.6266927083333333,9,2.096072048611111,45,2.1029296875,49,0,0
float32-round-even,fx-cmyk-print,1.5,False,False,0.6111111111111112,9,2.0405598958333333,45,2.0960286458333335,42,0,0
float32-round-even,fx-cmyk-print,2.1,False,False,0.6179470486111112,9,2.078342013888889,45,2.070073784722222,42,0,0
float32-round-even,fx-sepia-flicker,0.3,True,True,0.09752604166666666,8,0.08927951388888888,4,0.07139756944444445,0,0,0
float32-round-even,fx-sepia-flicker,0.9,True,True,0.09233940972222222,8,0.08741319444444444,4,0.06803385416666667,0,0,0
float32-round-even,fx-sepia-flicker,1.5,True,True,0.1232638888888889,8,0.10540364583333334,4,0.0755859375,0,0,0
float32-round-even,fx-sepia-flicker,2.1,True,True,0.105078125,8,0.10223524305555555,4,0.08168402777777778,0,0,0
float32-round-even,fx-tr-vertical-blur,0.3,True,True,0.07669270833333333,0,0.06165364583333333,4,0.06940104166666666,0,0,0
float32-round-even,fx-tr-vertical-blur,0.9,True,True,0.06831597222222222,0,0.07562934027777778,4,0.06134982638888889,0,0,0
float32-round-even,fx-tr-vertical-blur,1.5,True,True,0.05279947916666667,0,0.06226128472222222,4,0.07341579861111111,0,0,0
float32-round-even,fx-tr-vertical-blur,2.1,True,True,0.03641493055555556,0,0.039887152777777775,0,0.04739583333333333,0,0,0
float32-round-even,fx-tr-slam-merge,0.3,True,True,0.15112847222222223,8,0.1271267361111111,4,0.094921875,8,0,0
float32-round-even,fx-tr-slam-merge,0.9,True,True,0.1447482638888889,8,0.14635416666666667,4,0.09264322916666666,8,0,0
float32-round-even,fx-tr-slam-merge,1.5,True,True,0.1314670138888889,8,0.12489149305555555,4,0.11341145833333334,8,0,0
float32-round-even,fx-tr-slam-merge,2.1,True,True,0.12721354166666668,8,0.11178385416666667,4,0.10759548611111111,8,0,0
float32-round-even,fx-tr-heat-flicks,0.3,True,True,0.02894965277777778,0,0.02328559027777778,0,0.018229166666666668,0,0,0
float32-round-even,fx-tr-heat-flicks,0.9,True,True,0.0328125,0,0.03962673611111111,0,0.028428819444444444,0,0,0
float32-round-even,fx-tr-heat-flicks,1.5,True,True,0.07059461805555556,0,0.0521484375,4,0.0431640625,0,0,0
float32-round-even,fx-tr-heat-flicks,2.1,True,True,0.039388020833333336,0,0.03404947916666667,0,0.04576822916666667,0,0,0
float32-round-even,fx-tr-glare,0.3,True,True,0.039496527777777776,0,0.038585069444444446,0,0.04680989583333333,0,0,0
float32-round-even,fx-tr-glare,0.9,True,True,0.066796875,0,0.06312934027777778,4,0.06032986111111111,0,0,0
float32-round-even,fx-tr-glare,1.5,True,True,0.04578993055555555,0,0.04585503472222222,4,0.04147135416666667,0,0,0
float32-round-even,fx-tr-glare,2.1,True,True,0.0576171875,0,0.04299045138888889,4,0.03381076388888889,0,0,0
float32-round-even,fx-tr-cutout-scan,0.3,True,True,0.06493055555555556,0,0.06158854166666667,4,0.06412760416666667,0,0,0
float32-round-even,fx-tr-cutout-scan,0.9,True,True,0.05,0,0.045746527777777775,4,0.05071614583333333,0,0,0
float32-round-even,fx-tr-cutout-scan,1.5,True,True,0.06634114583333334,0,0.054210069444444446,4,0.06447482638888889,0,0,0
float32-round-even,fx-tr-cutout-scan,2.1,True,True,0.10279947916666667,8,0.10171440972222222,4,0.09244791666666667,8,0,0
float32-round-even,fx-tr-fake-zoom,0.3,True,True,0.07317708333333334,0,0.07330729166666666,4,0.09032118055555556,8,0,0
float32-round-even,fx-tr-fake-zoom,0.9,True,True,0.07293836805555555,0,0.07782118055555555,4,0.09233940972222222,8,0,0
float32-round-even,fx-tr-fake-zoom,1.5,True,True,0.1410590277777778,8,0.13101128472222223,4,0.14055989583333334,8,0,0
float32-round-even,fx-tr-fake-zoom,2.1,True,True,0.1126953125,8,0.10540364583333334,4,0.12113715277777778,8,0,0
float32-round-even,fx-tr-zoom-swipe,0.3,True,True,0.08587239583333334,8,0.06970486111111111,4,0.055989583333333336,0,0,0
float32-round-even,fx-tr-zoom-swipe,0.9,True,True,0.1125217013888889,8,0.09850260416666666,4,0.06697048611111112,0,0,0
float32-round-even,fx-tr-zoom-swipe,1.5,True,True,0.09678819444444445,8,0.09092881944444445,4,0.09678819444444445,8,0,0
float32-round-even,fx-tr-zoom-swipe,2.1,True,True,0.07217881944444444,0,0.07463107638888888,4,0.07217881944444444,0,0,0
float32-round-even,fx-tr-panel-clasp,0.3,True,True,0.09448784722222223,8,0.09819878472222222,4,0.09915364583333333,8,0,0
float32-round-even,fx-tr-panel-clasp,0.9,True,True,0.064453125,0,0.06017795138888889,4,0.05828993055555556,0,0,0
float32-round-even,fx-tr-panel-clasp,1.5,True,True,0.03884548611111111,0,0.03504774305555555,0,0.037651909722222224,0,0,0
float32-round-even,fx-tr-panel-clasp,2.1,True,True,0.056098090277777776,0,0.05082465277777778,4,0.053168402777777776,0,0,0
float32-round-even,fx-tr-heatwave-flash,0.3,True,True,0.05026041666666667,0,0.06378038194444445,4,0.06512586805555555,0,0,0
float32-round-even,fx-tr-heatwave-flash,0.9,True,True,0.1283203125,8,0.13352864583333332,4,0.13480902777777778,8,0,0
float32-round-even,fx-tr-heatwave-flash,1.5,True,True,0.16408420138888888,8,0.14819878472222223,4,0.10028211805555555,8,0,0
float32-round-even,fx-tr-heatwave-flash,2.1,True,True,0.09275173611111111,8,0.08192274305555555,4,0.05275607638888889,0,0,0
float32-round-even,fx-tr-mix,0.3,True,True,0.036328125,0,0.03532986111111111,0,0.04431423611111111,0,0,0
float32-round-even,fx-tr-mix,0.9,True,True,0.06595052083333333,0,0.07452256944444445,4,0.0833984375,8,0,0
float32-round-even,fx-tr-mix,1.5,True,True,0.09188368055555556,8,0.06799045138888889,4,0.04986979166666667,0,0,0
float32-round-even,fx-tr-mix,2.1,True,True,0.04945746527777778,0,0.03526475694444445,0,0.02749565972222222,0,0,0
float32-round-even,fx-tr-black-fade,0.3,True,True,0.15034722222222222,8,0.13995225694444444,4,0.14622395833333332,8,0,0
float32-round-even,fx-tr-black-fade,0.9,True,True,0.0505859375,0,0.07651909722222222,4,0.048676215277777775,0,0,0
float32-round-even,fx-tr-black-fade,1.5,True,True,0.0861328125,8,0.10088975694444445,4,0.09895833333333333,8,0,0
float32-round-even,fx-tr-black-fade,2.1,True,True,0.19485677083333333,8,0.22068142361111112,4,0.23561197916666668,8,0,0
float32-round-even,fx-tr-white-flash,0.3,True,True,0.1681640625,8,0.046397569444444446,4,0.0396484375,0,0,0
float32-round-even,fx-tr-white-flash,0.9,True,True,0.023741319444444443,0,0.03741319444444444,0,0.0326171875,0,0,0
float32-round-even,fx-tr-white-flash,1.5,True,True,0.04424913194444444,0,0.04487847222222222,4,0.044379340277777776,0,0,0
float32-round-even,fx-tr-white-flash,2.1,True,True,0.05759548611111111,0,0.055577256944444445,4,0.0652126736111111,0,0,0
float32-round-even,fx-tr-blur,0.3,True,True,0.057703993055555555,0,0.048003472222222225,4,0.03917100694444445,0,0,0
float32-round-even,fx-tr-blur,0.9,True,True,0.09372829861111111,8,0.08348524305555556,4,0.053059895833333336,0,0,0
float32-round-even,fx-tr-blur,1.5,True,True,0.07697482638888889,0,0.06994357638888889,4,0.07697482638888889,0,0,0
float32-round-even,fx-tr-blur,2.1,True,True,0.04796006944444445,0,0.04733072916666667,4,0.04796006944444445,0,0,0
float32-round-even,fx-tr-blink,0.3,True,True,0.10062934027777778,8,0.10299479166666667,4,0.102734375,8,0,0
float32-round-even,fx-tr-blink,0.9,True,True,0.08120659722222222,0,0.0767578125,4,0.07901475694444444,0,0,0
float32-round-even,fx-tr-blink,1.5,True,True,0.04782986111111111,0,0.042317708333333336,4,0.04854600694444444,0,0,0
float32-round-even,fx-tr-blink,2.1,True,True,0.057530381944444445,0,0.051280381944444446,4,0.05407986111111111,0,0,0
float32-round-even,fx-tr-pull-in,0.3,True,True,0.12404513888888889,8,0.11944444444444445,4,0.13517795138888888,8,0,0
float32-round-even,fx-tr-pull-in,0.9,True,True,0.12328559027777777,8,0.11853298611111111,4,0.12317708333333334,8,0,0
float32-round-even,fx-tr-pull-in,1.5,True,True,0.1254340277777778,8,0.10570746527777777,4,0.08595920138888889,8,0,0
float32-round-even,fx-tr-pull-in,2.1,True,True,0.16015625,8,0.13090277777777778,4,0.0943359375,8,0,0
float32-round-even,fx-tr-pull-out,0.3,True,True,0.06903211805555555,0,0.06903211805555555,4,0.06903211805555555,0,0,0
float32-round-even,fx-tr-pull-out,0.9,True,True,0.08068576388888889,0,0.08187934027777778,4,0.08068576388888889,0,0,0
float32-round-even,fx-tr-pull-out,1.5,True,True,0.09444444444444444,8,0.06358506944444445,4,0.05855034722222222,0,0,0
float32-round-even,fx-tr-pull-out,2.1,True,True,0.04921875,0,0.04333767361111111,4,0.04071180555555556,0,0,0
float32-round-even,fx-tr-zoom-spin,0.3,True,True,0.09997829861111111,8,0.10687934027777778,4,0.10277777777777777,8,0,0
float32-round-even,fx-tr-zoom-spin,0.9,True,True,0.06024305555555556,0,0.07152777777777777,4,0.06512586805555555,0,0,0
float32-round-even,fx-tr-zoom-spin,1.5,True,True,0.09485677083333334,8,0.08237847222222222,4,0.08923611111111111,8,0,0
float32-round-even,fx-tr-zoom-spin,2.1,True,True,0.08504774305555556,8,0.08539496527777778,4,0.0974392361111111,8,0,0
float32-round-even,fx-tr-rotate-cw,0.3,True,True,0.1583767361111111,8,0.13274739583333334,4,0.098046875,8,0,0
float32-round-even,fx-tr-rotate-cw,0.9,True,True,0.1333550347222222,8,0.10494791666666667,4,0.08828125,8,0,0
float32-round-even,fx-tr-rotate-cw,1.5,True,True,0.08033854166666667,0,0.07230902777777778,4,0.06501736111111112,0,0,0
float32-round-even,fx-tr-rotate-cw,2.1,True,True,0.11875,8,0.1105685763888889,4,0.10616319444444444,8,0,0
float32-round-even,fx-tr-rotate-ccw,0.3,True,True,0.06171875,0,0.0544921875,4,0.04537760416666667,0,0,0
float32-round-even,fx-tr-rotate-ccw,0.9,True,True,0.11299913194444444,8,0.07176649305555556,4,0.064453125,0,0,0
float32-round-even,fx-tr-rotate-ccw,1.5,True,True,0.03821614583333333,0,0.04976128472222222,4,0.057465277777777775,0,0,0
float32-round-even,fx-tr-rotate-ccw,2.1,True,True,0.06139322916666667,0,0.06653645833333334,4,0.08057725694444444,0,0,0
float32-round-even,fx-tr-shake,0.3,True,True,0.046397569444444446,0,0.04407552083333333,4,0.053211805555555554,0,0,0
float32-round-even,fx-tr-shake,0.9,True,True,0.0869140625,8,0.12048611111111111,4,0.10538194444444444,8,0,0
float32-round-even,fx-tr-shake,1.5,True,True,0.1513671875,8,0.07777777777777778,4,0.05757378472222222,0,0,0
float32-round-even,fx-tr-shake,2.1,True,True,0.06944444444444445,0,0.05670572916666667,4,0.04709201388888889,0,0,0
float32-round-even,fx-tr-whip-left,0.3,True,True,0.12593315972222222,8,0.11351996527777777,4,0.10835503472222222,8,0,0
float32-round-even,fx-tr-whip-left,0.9,True,True,0.07894965277777778,0,0.07528211805555556,4,0.06827256944444444,0,0,0
float32-round-even,fx-tr-whip-left,1.5,True,True,0.09420572916666667,8,0.10342881944444444,4,0.10091145833333333,8,0,0
float32-round-even,fx-tr-whip-left,2.1,True,True,0.1642578125,8,0.15635850694444445,4,0.16319444444444445,8,0,0
float32-round-even,fx-tr-whip-right,0.3,True,True,0.05536024305555556,0,0.07237413194444445,4,0.10464409722222222,8,0,0
float32-round-even,fx-tr-whip-right,0.9,True,True,0.047265625,0,0.0478515625,4,0.04919704861111111,0,0,0
float32-round-even,fx-tr-whip-right,1.5,True,True,0.1257595486111111,8,0.09555121527777778,4,0.10852864583333334,8,0,0
float32-round-even,fx-tr-whip-right,2.1,True,True,0.11434461805555556,8,0.10069444444444445,4,0.11536458333333334,8,0,0
float32-round-even,fx-tr-whip-up,0.3,True,True,0.12797309027777778,8,0.1008029513888889,4,0.057421875,0,0,0
float32-round-even,fx-tr-whip-up,0.9,True,True,0.11586371527777778,8,0.09322916666666667,4,0.05492621527777778,0,0,0
float32-round-even,fx-tr-whip-up,1.5,True,True,0.0822482638888889,0,0.08598090277777778,4,0.0822482638888889,0,0,0
float32-round-even,fx-tr-whip-up,2.1,True,True,0.19301215277777778,8,0.20655381944444445,4,0.19301215277777778,8,0,0
float32-round-even,fx-tr-whip-down,0.3,True,True,0.1486328125,8,0.14242621527777777,4,0.13871527777777778,8,0,0
float32-round-even,fx-tr-whip-down,0.9,True,True,0.07458767361111111,0,0.08096788194444444,4,0.08255208333333333,8,0,0
float32-round-even,fx-tr-whip-down,1.5,True,True,0.06703559027777778,0,0.06831597222222222,4,0.05514322916666667,0,0,0
float32-round-even,fx-tr-whip-down,2.1,True,True,0.13289930555555557,8,0.12762586805555556,4,0.14242621527777777,8,0,0
float32-round-even,fx-tr-slide-left,0.3,True,True,0.17547743055555556,8,0.17903645833333334,4,0.16529947916666668,8,0,0
float32-round-even,fx-tr-slide-left,0.9,True,True,0.14607204861111112,8,0.13871527777777778,4,0.12953559027777778,8,0,0
float32-round-even,fx-tr-slide-left,1.5,True,True,0.124609375,8,0.11577690972222222,4,0.09776475694444445,8,0,0
float32-round-even,fx-tr-slide-left,2.1,True,True,0.19036458333333334,8,0.16178385416666666,4,0.09967447916666666,8,0,0
float32-round-even,fx-tr-slide-right,0.3,True,True,0.11764322916666667,8,0.12415364583333334,4,0.11764322916666667,8,0,0
float32-round-even,fx-tr-slide-right,0.9,True,True,0.0910373263888889,8,0.0890842013888889,4,0.0910373263888889,8,0,0
float32-round-even,fx-tr-slide-right,1.5,True,True,0.08910590277777777,8,0.227734375,4,0.057356770833333334,0,0,0
float32-round-even,fx-tr-slide-right,2.1,True,True,0.11189236111111112,8,0.0708984375,4,0.06853298611111111,0,0,0
float32-round-even,fx-tr-slide-up,0.3,True,True,0.16536458333333334,8,0.16809895833333333,4,0.1447482638888889,8,0,0
float32-round-even,fx-tr-slide-up,0.9,True,True,0.07740885416666667,0,0.07072482638888888,4,0.06890190972222222,0,0,0
float32-round-even,fx-tr-slide-up,1.5,True,True,0.04407552083333333,0,0.03307291666666667,0,0.034266493055555555,0,0,0
float32-round-even,fx-tr-slide-up,2.1,True,True,0.12078993055555555,8,0.11966145833333333,4,0.1361328125,8,0,0
float32-round-even,fx-tr-slide-down,0.3,True,True,0.142578125,8,0.12875434027777777,4,0.1107421875,8,0,0
float32-round-even,fx-tr-slide-down,0.9,True,True,0.08151041666666667,0,0.06516927083333333,4,0.05067274305555555,0,0,0
float32-round-even,fx-tr-slide-down,1.5,True,True,0.09930555555555555,8,0.09769965277777778,4,0.09924045138888889,8,0,0
float32-round-even,fx-tr-slide-down,2.1,True,True,0.1316189236111111,8,0.11397569444444444,4,0.10922309027777778,8,0,0
float32-round-even,fx-tr-squeeze,0.3,True,True,0.04837239583333333,0,0.037586805555555554,0,0.03389756944444444,0,0,0
float32-round-even,fx-tr-squeeze,0.9,True,True,0.04099392361111111,0,0.035980902777777775,0,0.03246527777777778,0,0,0
float32-round-even,fx-tr-squeeze,1.5,True,True,0.03595920138888889,0,0.04175347222222222,4,0.04880642361111111,0,0,0
float32-round-even,fx-tr-squeeze,2.1,True,True,0.06545138888888889,0,0.062413194444444445,4,0.06712239583333333,0,0,0
float32-round-even,fx-tr-circle,0.3,True,True,0.036328125,0,0.03532986111111111,0,0.04431423611111111,0,0,0
float32-round-even,fx-tr-circle,0.9,True,True,0.03732638888888889,0,0.03875868055555556,0,0.04789496527777778,0,0,0
float32-round-even,fx-tr-circle,1.5,True,True,0.04982638888888889,0,0.04136284722222222,4,0.031749131944444446,0,0,0
float32-round-even,fx-tr-circle,2.1,True,True,0.04945746527777778,0,0.03517795138888889,0,0.02749565972222222,0,0,0
float32-round-even,fx-tr-heart,0.3,True,True,0.06338975694444444,0,0.054600694444444445,4,0.06156684027777778,0,0,0
float32-round-even,fx-tr-heart,0.9,True,True,0.05625,0,0.045073784722222225,4,0.0458984375,0,0,0
float32-round-even,fx-tr-heart,1.5,True,True,0.07526041666666666,0,0.06929253472222222,4,0.07697482638888889,0,0,0
float32-round-even,fx-tr-heart,2.1,True,True,0.09470486111111111,8,0.09422743055555556,4,0.09301215277777777,8,0,0
float32-round-even,fx-tr-star,0.3,True,True,0.034331597222222225,0,0.0328125,0,0.03819444444444445,0,0,0
float32-round-even,fx-tr-star,0.9,True,True,0.0384765625,0,0.03430989583333333,0,0.04103732638888889,0,0,0
float32-round-even,fx-tr-star,1.5,True,True,0.05635850694444444,0,0.05700954861111111,4,0.060004340277777776,0,0,0
float32-round-even,fx-tr-star,2.1,True,True,0.05577256944444445,0,0.0541015625,4,0.06221788194444444,0,0,0
float32-round-even,fx-tr-diamond,0.3,True,True,0.043511284722222224,0,0.03732638888888889,0,0.034440104166666666,0,0,0
float32-round-even,fx-tr-diamond,0.9,True,True,0.048111979166666666,0,0.0421875,4,0.029383680555555555,0,0,0
float32-round-even,fx-tr-diamond,1.5,True,True,0.045811631944444445,0,0.04021267361111111,0,0.045811631944444445,0,0,0
float32-round-even,fx-tr-diamond,2.1,True,True,0.04299045138888889,0,0.04210069444444445,4,0.04299045138888889,0,0,0
float32-round-even,fx-tr-clock,0.3,True,True,0.09448784722222223,8,0.09826388888888889,4,0.09898003472222222,8,0,0
float32-round-even,fx-tr-clock,0.9,True,True,0.06553819444444445,0,0.06043836805555555,4,0.062413194444444445,0,0,0
float32-round-even,fx-tr-clock,1.5,True,True,0.03611111111111111,0,0.03519965277777778,0,0.037825520833333334,0,0,0
float32-round-even,fx-tr-clock,2.1,True,True,0.056098090277777776,0,0.05056423611111111,4,0.053168402777777776,0,0,0
float32-round-even,fx-tr-blinds,0.3,True,True,0.04778645833333333,0,0.06013454861111111,4,0.06134982638888889,0,0,0
float32-round-even,fx-tr-blinds,0.9,True,True,0.034657118055555554,0,0.036566840277777776,0,0.03832465277777778,0,0,0
float32-round-even,fx-tr-blinds,1.5,True,True,0.05036892361111111,0,0.047764756944444445,4,0.03422309027777778,0,0,0
float32-round-even,fx-tr-blinds,2.1,True,True,0.07957899305555556,0,0.06729600694444444,4,0.045811631944444445,0,0,0
float32-round-even,fx-tr-doors,0.3,True,True,0.04544270833333333,0,0.043467881944444446,4,0.04544270833333333,0,0,0
float32-round-even,fx-tr-doors,0.9,True,True,0.03064236111111111,0,0.03090277777777778,0,0.03064236111111111,0,0,0
float32-round-even,fx-tr-doors,1.5,True,True,0.021809895833333332,0,0.0171875,0,0.018663194444444444,0,0,0
float32-round-even,fx-tr-doors,2.1,True,True,0.02947048611111111,0,0.02282986111111111,0,0.022894965277777776,0,0,0
float32-round-even,fx-tr-glitch,0.3,True,True,0.07393663194444444,0,0.05881076388888889,4,0.0705295138888889,0,0,0
float32-round-even,fx-tr-glitch,0.9,True,True,0.12740885416666667,8,0.0697265625,4,0.09479166666666666,8,0,0
float32-round-even,fx-tr-glitch,1.5,True,True,0.09565972222222222,8,0.07131076388888889,4,0.08220486111111111,0,0,0
float32-round-even,fx-tr-glitch,2.1,True,True,0.042469618055555554,0,0.05026041666666667,4,0.06208767361111111,0,0,0
float32-round-even,fx-tr-rgb-split,0.3,True,True,0.11927083333333334,8,0.0673828125,4,0.07580295138888889,0,0,0
float32-round-even,fx-tr-rgb-split,0.9,True,True,0.1685763888888889,8,0.14351128472222222,4,0.10933159722222222,8,0,0
float32-round-even,fx-tr-rgb-split,1.5,True,True,0.12879774305555555,8,0.13671875,4,0.10889756944444444,8,0,0
float32-round-even,fx-tr-rgb-split,2.1,True,True,0.1251736111111111,8,0.05212673611111111,4,0.10217013888888889,8,0,0
float32-round-even,fx-tr-pixelate,0.3,True,True,0.0802734375,0,0.0788845486111111,4,0.06349826388888889,0,0,0
float32-round-even,fx-tr-pixelate,0.9,True,True,0.07144097222222222,0,0.07964409722222222,4,0.0654296875,0,0,0
float32-round-even,fx-tr-pixelate,1.5,True,True,0.08602430555555556,8,0.06631944444444444,4,0.10125868055555555,8,0,0
float32-round-even,fx-tr-pixelate,2.1,True,True,0.07417534722222222,0,0.07473958333333333,4,0.08563368055555555,8,0,0
float32-round-even,fx-tr-swirl,0.3,True,True,0.08949652777777778,8,0.101171875,4,0.10553385416666666,8,0,0
float32-round-even,fx-tr-swirl,0.9,True,True,0.08053385416666667,0,0.08982204861111111,4,0.10321180555555555,8,0,0
float32-round-even,fx-tr-swirl,1.5,True,True,0.11193576388888889,8,0.08756510416666667,4,0.07758246527777778,0,0,0
float32-round-even,fx-tr-swirl,2.1,True,True,0.1064453125,8,0.08637152777777778,4,0.075,0,0,0
float32-round-even,fx-tr-ripple,0.3,True,True,0.09075520833333334,8,0.07957899305555556,4,0.08153211805555556,0,0,0
float32-round-even,fx-tr-ripple,0.9,True,True,0.11451822916666667,8,0.11004774305555555,4,0.10073784722222222,8,0,0
float32-round-even,fx-tr-ripple,1.5,True,True,0.15983072916666666,8,0.161328125,4,0.1706814236111111,8,0,0
float32-round-even,fx-tr-ripple,2.1,True,True,0.14522569444444444,8,0.14381510416666668,4,0.1469184027777778,8,0,0
float32-round-even,fx-tr-flare,0.3,True,True,0.07684461805555555,0,0.03361545138888889,0,0.03819444444444445,0,0,0
float32-round-even,fx-tr-flare,0.9,False,True,0.04422743055555556,0,0.06171875,4,0.07849392361111111,0,0,0
float32-round-even,fx-tr-flare,1.5,True,True,0.29672309027777777,8,0.11091579861111112,4,0.10186631944444445,8,0,0
float32-round-even,fx-tr-flare,2.1,True,True,0.05740017361111111,0,0.0548828125,4,0.06256510416666666,0,0,0
float32-round-even,fx-tr-film-burn,0.3,True,True,0.043511284722222224,0,0.03732638888888889,0,0.034440104166666666,0,0,0
float32-round-even,fx-tr-film-burn,0.9,True,True,0.0373046875,0,0.04418402777777778,4,0.026671006944444443,0,0,0
float32-round-even,fx-tr-film-burn,1.5,True,True,0.05015190972222222,0,0.04496527777777778,4,0.03619791666666667,0,0,0
float32-round-even,fx-tr-film-burn,2.1,True,True,0.04299045138888889,0,0.04210069444444445,4,0.04299045138888889,0,0,0
float32-round-even,fx-tr-kaleido,0.3,True,True,0.09448784722222223,8,0.09887152777777777,4,0.09950086805555555,8,0,0
float32-round-even,fx-tr-kaleido,0.9,True,True,0.1736545138888889,8,0.18255208333333334,4,0.1882595486111111,8,0,0
float32-round-even,fx-tr-kaleido,1.5,True,True,0.08786892361111111,8,0.08315972222222222,4,0.06746961805555556,0,0,0
float32-round-even,fx-tr-kaleido,2.1,True,True,0.056098090277777776,0,0.050933159722222225,4,0.053168402777777776,0,0,0
float32-round-even,fx-tr-flash-zoom,0.3,True,True,0.07408854166666666,0,0.08452690972222222,4,0.09029947916666667,8,0,0
float32-round-even,fx-tr-flash-zoom,0.9,True,True,0.1424045138888889,8,0.13561197916666667,4,0.14659288194444445,8,0,0
float32-round-even,fx-tr-flash-zoom,1.5,True,True,0.17465277777777777,8,0.13676215277777778,4,0.10930989583333334,8,0,0
float32-round-even,fx-tr-flash-zoom,2.1,True,True,0.14908854166666666,8,0.12398003472222222,4,0.0916015625,8,0,0
float32-round-even,fx-tr-stripes,0.3,True,True,0.04526909722222222,0,0.04338107638888889,4,0.04526909722222222,0,0,0
float32-round-even,fx-tr-stripes,0.9,True,True,0.030967881944444445,0,0.028754340277777776,0,0.030967881944444445,0,0,0
float32-round-even,fx-tr-stripes,1.5,True,True,0.024088541666666668,0,0.01694878472222222,0,0.017144097222222224,0,0,0
float32-round-even,fx-tr-stripes,2.1,True,True,0.02947048611111111,0,0.022743055555555555,0,0.022547743055555555,0,0,0
float32-round-even,fx-ov-glitter-rain,0.3,True,True,0.15108506944444444,8,0.12979600694444443,4,0.14348958333333334,8,0,0
float32-round-even,fx-ov-glitter-rain,0.9,True,True,0.15303819444444444,8,0.13559027777777777,4,0.13739149305555556,8,0,0
float32-round-even,fx-ov-glitter-rain,1.5,True,True,0.1567925347222222,8,0.1329861111111111,4,0.14837239583333334,8,0,0
float32-round-even,fx-ov-glitter-rain,2.1,True,True,0.13960503472222222,8,0.13313802083333334,4,0.14871961805555556,8,0,0
float32-round-even,fx-ov-gold-dust,0.3,True,True,0.037999131944444445,0,0.037651909722222224,0,0.03522135416666667,0,0,0
float32-round-even,fx-ov-gold-dust,0.9,True,True,0.040364583333333336,0,0.03706597222222222,0,0.029405381944444444,0,0,0
float32-round-even,fx-ov-gold-dust,1.5,True,True,0.03641493055555556,0,0.03344184027777778,0,0.03185763888888889,0,0,0
float32-round-even,fx-ov-gold-dust,2.1,True,True,0.034678819444444446,0,0.034266493055555555,0,0.0396484375,0,0,0
float32-round-even,fx-ov-bokeh-gold,0.3,True,True,0.05562065972222222,0,0.047309027777777776,4,0.0484375,0,0,0
float32-round-even,fx-ov-bokeh-gold,0.9,True,True,0.053624131944444445,0,0.04939236111111111,4,0.05112847222222222,0,0,0
float32-round-even,fx-ov-bokeh-gold,1.5,True,True,0.05138888888888889,0,0.04455295138888889,4,0.04798177083333333,0,0,0
float32-round-even,fx-ov-bokeh-gold,2.1,True,True,0.057703993055555555,0,0.048394097222222224,4,0.048285590277777776,0,0,0
float32-round-even,fx-ov-bokeh-pink,0.3,True,True,0.04635416666666667,0,0.027756076388888887,0,0.05757378472222222,0,0,0
float32-round-even,fx-ov-bokeh-pink,0.9,True,True,0.04869791666666667,0,0.030230034722222222,0,0.057465277777777775,0,0,0
float32-round-even,fx-ov-bokeh-pink,1.5,True,True,0.045073784722222225,0,0.028754340277777776,0,0.048914930555555555,0,0,0
float32-round-even,fx-ov-bokeh-pink,2.1,True,True,0.04826388888888889,0,0.026584201388888888,0,0.05635850694444444,0,0,0
float32-round-even,fx-ov-sparks,0.3,True,True,0.049088541666666666,0,0.059765625,4,0.05203993055555556,0,0,0
float32-round-even,fx-ov-sparks,0.9,True,True,0.06065538194444445,0,0.0689453125,4,0.05212673611111111,0,0,0
float32-round-even,fx-ov-sparks,1.5,True,True,0.062348090277777775,0,0.06260850694444445,4,0.05423177083333333,0,0,0
float32-round-even,fx-ov-sparks,2.1,True,True,0.06861979166666667,0,0.06799045138888889,4,0.05618489583333333,0,0,0
float32-round-even,fx-ov-embers,0.3,True,True,0.14440104166666667,8,0.12263454861111112,4,0.0974392361111111,8,0,0
float32-round-even,fx-ov-embers,0.9,True,True,0.1451171875,8,0.11770833333333333,4,0.10141059027777778,8,0,0
float32-round-even,fx-ov-embers,1.5,True,True,0.12881944444444443,8,0.11731770833333334,4,0.096484375,8,0,0
float32-round-even,fx-ov-embers,2.1,True,True,0.12808159722222223,8,0.11831597222222222,4,0.10572916666666667,8,0,0
float32-round-even,fx-ov-smoke,0.3,True,True,0.0609375,0,0.05596788194444444,4,0.056727430555555555,0,0,0
float32-round-even,fx-ov-smoke,0.9,True,True,0.05412326388888889,0,0.05798611111111111,4,0.05705295138888889,0,0,0
float32-round-even,fx-ov-smoke,1.5,True,True,0.04880642361111111,0,0.058441840277777775,4,0.057530381944444445,0,0,0
float32-round-even,fx-ov-smoke,2.1,True,True,0.053233506944444446,0,0.05709635416666667,4,0.058333333333333334,0,0,0
float32-round-even,fx-ov-fog-white,0.3,True,True,0.0666015625,0,0.06584201388888888,4,0.06345486111111111,0,0,0
float32-round-even,fx-ov-fog-white,0.9,True,True,0.06838107638888889,0,0.06401909722222222,4,0.07365451388888888,0,0,0
float32-round-even,fx-ov-fog-white,1.5,True,True,0.0732421875,0,0.06940104166666666,4,0.07534722222222222,0,0,0
float32-round-even,fx-ov-fog-white,2.1,True,True,0.07354600694444445,0,0.066796875,4,0.07224392361111111,0,0,0
float32-round-even,fx-ov-neon-ring,0.3,True,True,0.04008246527777778,0,0.04021267361111111,0,0.03923611111111111,0,0,0
float32-round-even,fx-ov-neon-ring,0.9,True,True,0.03767361111111111,0,0.03973524305555556,0,0.03682725694444444,0,0,0
float32-round-even,fx-ov-neon-ring,1.5,True,True,0.03689236111111111,0,0.03708767361111111,0,0.034375,0,0,0
float32-round-even,fx-ov-neon-ring,2.1,True,True,0.03537326388888889,0,0.03689236111111111,0,0.039952256944444445,0,0,0
float32-round-even,fx-ov-neon-hearts,0.3,True,True,0.04027777777777778,0,0.032942708333333334,0,0.028276909722222222,0,0,0
float32-round-even,fx-ov-neon-hearts,0.9,True,True,0.03630642361111111,0,0.03400607638888889,0,0.032139756944444445,0,0,0
float32-round-even,fx-ov-neon-hearts,1.5,True,True,0.032769097222222224,0,0.03589409722222222,0,0.03517795138888889,0,0,0
float32-round-even,fx-ov-neon-hearts,2.1,True,True,0.031141493055555556,0,0.03135850694444445,0,0.03446180555555556,0,0,0
float32-round-even,fx-ov-galaxy,0.3,True,True,0.048285590277777776,0,0.046484375,4,0.04157986111111111,0,0,0
float32-round-even,fx-ov-galaxy,0.9,True,True,0.05099826388888889,0,0.04164496527777778,4,0.044596354166666664,0,0,0
float32-round-even,fx-ov-galaxy,1.5,True,True,0.05238715277777778,0,0.04088541666666667,0,0.04333767361111111,0,0,0
float32-round-even,fx-ov-galaxy,2.1,True,True,0.04809027777777778,0,0.038736979166666664,0,0.048003472222222225,0,0,0
float32-round-even,fx-ov-fireflies,0.3,True,True,0.17682291666666666,8,0.11885850694444444,4,0.07330729166666666,0,0,0
float32-round-even,fx-ov-fireflies,0.9,True,True,0.17196180555555557,8,0.1216796875,4,0.07274305555555556,0,0,0
float32-round-even,fx-ov-fireflies,1.5,True,True,0.18463541666666666,8,0.12009548611111111,4,0.07947048611111111,0,0,0
float32-round-even,fx-ov-fireflies,2.1,True,True,0.1759765625,8,0.12196180555555555,4,0.0802951388888889,0,0,0
float32-round-even,fx-ov-magic-dust,0.3,True,True,0.04657118055555556,0,0.044769965277777775,4,0.07727864583333334,0,0,0
float32-round-even,fx-ov-magic-dust,0.9,True,True,0.05462239583333333,0,0.041905381944444445,4,0.08023003472222222,0,0,0
float32-round-even,fx-ov-magic-dust,1.5,True,True,0.050390625,0,0.043467881944444446,4,0.06338975694444444,0,0,0
float32-round-even,fx-ov-magic-dust,2.1,True,True,0.050130208333333336,0,0.046158854166666666,4,0.09144965277777778,8,0,0
float32-round-even,fx-ov-swirl,0.3,True,True,0.03619791666666667,0,0.03502604166666667,0,0.02912326388888889,0,0,0
float32-round-even,fx-ov-swirl,0.9,True,True,0.03713107638888889,0,0.035481770833333336,0,0.037434895833333336,0,0,0
float32-round-even,fx-ov-swirl,1.5,True,True,0.032421875,0,0.03400607638888889,0,0.0373046875,0,0,0
float32-round-even,fx-ov-swirl,2.1,True,True,0.033637152777777776,0,0.03226996527777778,0,0.03517795138888889,0,0,0
float32-round-even,fx-ov-sparkle-white,0.3,True,True,0.0724609375,0,0.05855034722222222,4,0.05807291666666667,0,0,0
float32-round-even,fx-ov-sparkle-white,0.9,True,True,0.07623697916666666,0,0.0595703125,4,0.05813802083333333,0,0,0
float32-round-even,fx-ov-sparkle-white,1.5,True,True,0.07406684027777778,0,0.06573350694444445,4,0.0654296875,0,0,0
float32-round-even,fx-ov-sparkle-white,2.1,True,True,0.08263888888888889,0,0.060460069444444445,4,0.06085069444444444,0,0,0
float32-round-even,fx-ov-glitter,0.3,True,True,0.06890190972222222,0,0.05325520833333333,4,0.04704861111111111,0,0,0
float32-round-even,fx-ov-glitter,0.9,True,True,0.07135416666666666,0,0.053211805555555554,4,0.049153645833333336,0,0,0
float32-round-even,fx-ov-glitter,1.5,True,True,0.07228732638888889,0,0.05232204861111111,4,0.051106770833333336,0,0,0
float32-round-even,fx-ov-glitter,2.1,True,True,0.06727430555555555,0,0.05583767361111111,4,0.05180121527777778,0,0,0
float32-round-even,fx-ov-hearts-pink,0.3,False,False,1.6617838541666667,58,0.4288411458333333,12,1.0307291666666667,41,0,0
float32-round-even,fx-ov-hearts-pink,0.9,False,False,1.9763237847222221,90,0.4820963541666667,16,1.2639105902777779,74,0,0
float32-round-even,fx-ov-hearts-pink,1.5,False,False,1.6850043402777777,49,0.5134114583333333,20,1.2344618055555556,66,0,0
float32-round-even,fx-ov-hearts-pink,2.1,False,False,0.9562717013888888,33,0.4675347222222222,16,0.9942491319444444,57,0,0
float32-round-even,fx-ov-stars,0.3,True,True,0.07417534722222222,0,0.06929253472222222,0,0.062065972222222224,0,0,0
float32-round-even,fx-ov-stars,0.9,True,True,0.059071180555555554,0,0.05568576388888889,0,0.05505642361111111,0,0,0
float32-round-even,fx-ov-stars,1.5,True,True,0.07016059027777778,0,0.06909722222222223,0,0.065625,0,0,0
float32-round-even,fx-ov-stars,2.1,True,True,0.08888888888888889,0,0.08519965277777777,0,0.08298611111111111,0,0,0
float32-round-even,fx-ov-confetti,0.3,True,True,0.07426215277777778,0,0.06768663194444445,4,0.052408854166666664,0,0,0
float32-round-even,fx-ov-confetti,0.9,True,True,0.08283420138888889,8,0.06432291666666666,4,0.05520833333333333,0,0,0
float32-round-even,fx-ov-confetti,1.5,True,True,0.07868923611111112,0,0.06527777777777778,4,0.04822048611111111,0,0,0
float32-round-even,fx-ov-confetti,2.1,True,True,0.07298177083333333,0,0.06872829861111111,4,0.053624131944444445,0,0,0
float32-round-even,fx-ov-snow,0.3,True,True,0.031792534722222224,0,0.029991319444444445,0,0.02150607638888889,0,0,0
float32-round-even,fx-ov-snow,0.9,True,True,0.03739149305555556,0,0.03274739583333333,0,0.030360243055555555,0,0,0
float32-round-even,fx-ov-snow,1.5,True,True,0.03871527777777778,0,0.031966145833333334,0,0.02992621527777778,0,0,0
float32-round-even,fx-ov-snow,2.1,True,True,0.03532986111111111,0,0.026822916666666665,0,0.027213541666666667,0,0,0
float32-round-even,fx-ov-rain,0.3,True,True,0.14986979166666667,8,0.1654079861111111,4,0.20082465277777778,8,0,0
float32-round-even,fx-ov-rain,0.9,True,True,0.15084635416666667,8,0.16549479166666667,4,0.2075737847222222,8,0,0
float32-round-even,fx-ov-rain,1.5,True,True,0.14639756944444443,8,0.16380208333333332,4,0.20831163194444444,8,0,0
float32-round-even,fx-ov-rain,2.1,True,True,0.15440538194444445,8,0.156640625,4,0.19989149305555556,8,0,0
float32-round-even,fx-ov-bubbles,0.3,True,True,0.030598958333333332,0,0.018988715277777776,0,0.03430989583333333,0,0,0
float32-round-even,fx-ov-bubbles,0.9,True,True,0.033919270833333334,0,0.021809895833333332,0,0.03517795138888889,0,0,0
float32-round-even,fx-ov-bubbles,1.5,True,True,0.030859375,0,0.021527777777777778,0,0.0265625,0,0,0
float32-round-even,fx-ov-bubbles,2.1,True,True,0.026888020833333335,0,0.019856770833333332,0,0.035590277777777776,0,0,0
float32-round-even,fx-ov-leak-warm,0.3,True,True,0.10314670138888889,8,0.08556857638888889,4,0.06924913194444444,0,0,0
float32-round-even,fx-ov-leak-warm,0.9,True,True,0.10054253472222222,8,0.0900390625,4,0.07428385416666666,0,0,0
float32-round-even,fx-ov-leak-warm,1.5,True,True,0.09665798611111111,8,0.09108072916666667,4,0.0700954861111111,0,0,0
float32-round-even,fx-ov-leak-warm,2.1,True,True,0.09372829861111111,8,0.08862847222222223,4,0.0732421875,0,0,0
float32-round-even,fx-ov-leak-pink,0.3,True,True,0.12315538194444445,8,0.13828125,4,0.13470052083333334,8,0,0
float32-round-even,fx-ov-leak-pink,0.9,True,True,0.12337239583333333,8,0.1345486111111111,4,0.11946614583333333,8,0,0
float32-round-even,fx-ov-leak-pink,1.5,True,True,0.11401909722222223,8,0.1292751736111111,4,0.1274956597222222,8,0,0
float32-round-even,fx-ov-leak-pink,2.1,True,True,0.11397569444444444,8,0.13055555555555556,4,0.11937934027777777,8,0,0
float32-round-even,fx-ov-leak-blue,0.3,True,True,0.09351128472222223,8,0.08819444444444445,4,0.08639322916666667,8,0,0
float32-round-even,fx-ov-leak-blue,0.9,True,True,0.08561197916666667,8,0.08838975694444444,4,0.08526475694444445,8,0,0
float32-round-even,fx-ov-leak-blue,1.5,True,True,0.09075520833333334,8,0.08391927083333334,4,0.08884548611111111,8,0,0
float32-round-even,fx-ov-leak-blue,2.1,True,True,0.09032118055555556,8,0.08122829861111111,4,0.08307291666666666,8,0,0
float32-round-even,fx-ov-light-streaks,0.3,False,False,2.8436631944444444,74,3.6444661458333334,98,4.568381076388889,132,0,0
float32-round-even,fx-ov-light-streaks,0.9,False,False,1.5875868055555555,33,2.440407986111111,61,3.3491319444444443,83,0,0
float32-round-even,fx-ov-light-streaks,1.5,False,False,3.620681423611111,90,5.008224826388889,126,6.439301215277778,164,0,0
float32-round-even,fx-ov-light-streaks,2.1,False,False,4.349565972222222,107,5.733138020833334,134,7.1978515625,173,0,0
float32-round-even,fx-ov-stage-lights,0.3,True,True,0.03517795138888889,0,0.03947482638888889,0,0.03511284722222222,0,0,0
float32-round-even,fx-ov-stage-lights,0.9,True,True,0.041102430555555555,0,0.0376953125,0,0.03962673611111111,0,0,0
float32-round-even,fx-ov-stage-lights,1.5,True,True,0.03689236111111111,0,0.032725694444444446,0,0.03747829861111111,0,0,0
float32-round-even,fx-ov-stage-lights,2.1,True,True,0.04008246527777778,0,0.03641493055555556,0,0.03680555555555556,0,0,0
float32-round-even,fx-ov-prism-flare,0.3,True,True,0.09720052083333333,8,0.0876736111111111,4,0.06354166666666666,0,0,0
float32-round-even,fx-ov-prism-flare,0.9,True,True,0.11731770833333334,8,0.0978732638888889,4,0.075,0,0,0
float32-round-even,fx-ov-prism-flare,1.5,True,True,0.11644965277777777,8,0.09175347222222222,4,0.06560329861111111,0,0,0
float32-round-even,fx-ov-prism-flare,2.1,True,True,0.11573350694444444,8,0.10412326388888889,4,0.07428385416666666,0,0,0
float32-round-even,fx-ov-flare-gold,0.3,True,True,0.13893229166666668,8,0.12647569444444445,4,0.080859375,0,0,0
float32-round-even,fx-ov-flare-gold,0.9,True,True,0.15425347222222222,8,0.1275390625,4,0.09246961805555555,8,0,0
float32-round-even,fx-ov-flare-gold,1.5,True,True,0.14555121527777778,8,0.12124565972222222,4,0.08229166666666667,8,0,0
float32-round-even,fx-ov-flare-gold,2.1,True,True,0.14210069444444445,8,0.11924913194444445,4,0.08971354166666666,8,0,0
float32-round-even,fx-ov-sun-rays,0.3,True,True,0.1083984375,8,0.10753038194444445,4,0.1062282986111111,8,0,0
float32-round-even,fx-ov-sun-rays,0.9,True,True,0.11427951388888889,8,0.10247395833333334,4,0.10709635416666667,8,0,0
float32-round-even,fx-ov-sun-rays,1.5,True,True,0.10598958333333333,8,0.09615885416666667,4,0.10857204861111111,8,0,0
float32-round-even,fx-ov-sun-rays,2.1,True,True,0.11206597222222223,8,0.1017578125,4,0.10677083333333333,8,0,0
float32-round-even,fx-ov-spotlight,0.3,True,True,0.08350694444444444,0,0.07185329861111112,4,0.0818142361111111,8,0,0
float32-round-even,fx-ov-spotlight,0.9,True,True,0.07081163194444444,0,0.07059461805555556,4,0.07621527777777778,0,0,0
float32-round-even,fx-ov-spotlight,1.5,True,True,0.05772569444444445,0,0.06236979166666667,4,0.07033420138888889,0,0,0
float32-round-even,fx-ov-spotlight,2.1,True,True,0.06545138888888889,0,0.05828993055555556,4,0.06686197916666667,0,0,0
float32-round-even,fx-ov-bg-purple-smoke,0.3,True,True,0.020551215277777778,0,0.006966145833333334,0,0.03812934027777778,0,0,0
float32-round-even,fx-ov-bg-purple-smoke,0.9,True,True,0.02087673611111111,0,0.008485243055555555,0,0.04353298611111111,0,0,0
float32-round-even,fx-ov-bg-purple-smoke,1.5,True,True,0.025802951388888887,0,0.006944444444444444,0,0.04203559027777778,0,0,0
float32-round-even,fx-ov-bg-purple-smoke,2.1,True,True,0.0189453125,0,0.0069010416666666664,0,0.043294270833333336,0,0,0
float32-round-even,fx-ov-bg-pastel-ink,0.3,True,True,0.008528645833333333,0,0.05423177083333333,4,0.04194878472222222,0,0,0
float32-round-even,fx-ov-bg-pastel-ink,0.9,True,True,0.012000868055555556,0,0.051605902777777775,4,0.04435763888888889,0,0,0
float32-round-even,fx-ov-bg-pastel-ink,1.5,True,True,0.011002604166666667,0,0.053211805555555554,4,0.04952256944444444,0,0,0
float32-round-even,fx-ov-bg-pastel-ink,2.1,True,True,0.007877604166666666,0,0.06493055555555556,4,0.041840277777777775,0,0,0
float32-round-even,fx-ov-bg-pink-gradient,0.3,True,True,0.0020833333333333333,0,0.017621527777777778,0,0.0681640625,0,0,0
float32-round-even,fx-ov-bg-pink-gradient,0.9,True,True,0.001974826388888889,0,0.01755642361111111,0,0.06720920138888889,0,0,0
float32-round-even,fx-ov-bg-pink-gradient,1.5,True,True,0.0011067708333333333,0,0.017990451388888887,0,0.06755642361111111,0,0,0
float32-round-even,fx-ov-bg-pink-gradient,2.1,True,True,0.002018229166666667,0,0.017534722222222222,0,0.06703559027777778,0,0,0
float32-round-even,fx-ov-bg-blue-hearts,0.3,True,True,0.016189236111111113,0,0.028059895833333334,0,0.06927083333333334,0,0,0
float32-round-even,fx-ov-bg-blue-hearts,0.9,True,True,0.014019097222222223,0,0.029817708333333335,0,0.06864149305555556,0,0,0
float32-round-even,fx-ov-bg-blue-hearts,1.5,True,True,0.019097222222222224,0,0.028211805555555556,0,0.07046440972222222,0,0,0
float32-round-even,fx-ov-bg-blue-hearts,2.1,True,True,0.018012152777777776,0,0.030750868055555554,0,0.07654079861111111,0,0,0
float32-round-even,fx-ov-bg-pink-bokeh,0.3,True,True,0.05416666666666667,0,0.019835069444444443,0,0.04216579861111111,0,0,0
float32-round-even,fx-ov-bg-pink-bokeh,0.9,True,True,0.05134548611111111,0,0.01325954861111111,0,0.0349609375,0,0,0
float32-round-even,fx-ov-bg-pink-bokeh,1.5,True,True,0.053624131944444445,0,0.010286458333333333,0,0.03413628472222222,0,0,0
float32-round-even,fx-ov-bg-pink-bokeh,2.1,True,True,0.05173611111111111,0,0.016037326388888887,0,0.03687065972222222,0,0,0
float32-round-even,fx-ov-bg-golden-band,0.3,True,True,0.008116319444444445,0,0.0044921875,0,0.004427083333333333,0,0,0
float32-round-even,fx-ov-bg-golden-band,0.9,True,True,0.0072265625,0,0.004231770833333333,0,0.003949652777777778,0,0,0
float32-round-even,fx-ov-bg-golden-band,1.5,True,True,0.0069010416666666664,0,0.004340277777777778,0,0.0039713541666666664,0,0,0
float32-round-even,fx-ov-bg-golden-band,2.1,True,True,0.0057074652777777775,0,0.005772569444444445,0,0.0045138888888888885,0,0,0
float32-round-even,fx-ov-bg-blue-smoke,0.3,True,True,0.011436631944444444,0,0.009505208333333333,0,0.01597222222222222,0,0,0
float32-round-even,fx-ov-bg-blue-smoke,0.9,True,True,0.019032118055555554,0,0.009830729166666666,0,0.01792534722222222,0,0,0
float32-round-even,fx-ov-bg-blue-smoke,1.5,True,True,0.01484375,0,0.0109375,0,0.020377604166666667,0,0,0
float32-round-even,fx-ov-bg-blue-smoke,2.1,True,True,0.015147569444444444,0,0.010677083333333334,0,0.022894965277777776,0,0,0
float32-round-even,fx-ov-bg-soft-gradient,0.3,True,True,0.058680555555555555,0,0,0,0.016145833333333335,0,0,0
float32-round-even,fx-ov-bg-soft-gradient,0.9,True,True,0.06134982638888889,0,0,0,0.014583333333333334,0,0,0
float32-round-even,fx-ov-bg-soft-gradient,1.5,True,True,0.0587890625,0,0,0,0.01423611111111111,0,0,0
float32-round-even,fx-ov-bg-soft-gradient,2.1,True,True,0.06059027777777778,0,0,0,0.0140625,0,0,0
float32-round-even,fx-ov-bg-light-wall,0.3,True,True,0.02927517361111111,0,0.040928819444444445,4,0.03888888888888889,0,0,0
float32-round-even,fx-ov-bg-light-wall,0.9,True,True,0.024609375,0,0.03235677083333333,0,0.03389756944444444,0,0,0
float32-round-even,fx-ov-bg-light-wall,1.5,True,True,0.03292100694444444,0,0.03333333333333333,0,0.04006076388888889,0,0,0
float32-round-even,fx-ov-bg-light-wall,2.1,True,True,0.028971354166666668,0,0.03819444444444445,0,0.042252604166666666,0,0,0
float32-round-even,fx-ov-bg-3d-shapes,0.3,False,False,13.133485243055556,124,12.945290798611111,126,11.836219618055555,124,0,0
float32-round-even,fx-ov-bg-3d-shapes,0.9,False,False,13.106857638888888,124,12.9126953125,126,11.822330729166667,124,0,0
float32-round-even,fx-ov-bg-3d-shapes,1.5,False,False,12.997417534722222,124,12.796245659722222,126,11.711067708333333,124,0,0
float32-round-even,fx-ov-bg-3d-shapes,2.1,False,False,12.775108506944445,124,12.587977430555556,126,11.535308159722222,124,0,0
float32-round-even,fx-ov-bg-red-hearts,0.3,True,True,0.02183159722222222,0,0.0005208333333333333,0,0.0007161458333333333,0,0,0
float32-round-even,fx-ov-bg-red-hearts,0.9,True,True,0.01950954861111111,0,0.00034722222222222224,0,0.0003689236111111111,0,0,0
float32-round-even,fx-ov-bg-red-hearts,1.5,True,True,0.019422743055555556,0,0.0005208333333333333,0,0.0005425347222222222,0,0,0
float32-round-even,fx-ov-bg-red-hearts,2.1,True,True,0.019986979166666665,0,0.00078125,0,0.0007161458333333333,0,0,0
float32-round-even,fx-ov-sc-aurora,0.3,True,True,0.005577256944444445,0,0.01955295138888889,0,0.019813368055555555,0,0,0
float32-round-even,fx-ov-sc-aurora,0.9,True,True,0.006553819444444445,0,0.016861979166666666,0,0.016796875,0,0,0
float32-round-even,fx-ov-sc-aurora,1.5,True,True,0.0054904513888888885,0,0.0154296875,0,0.015559895833333334,0,0,0
float32-round-even,fx-ov-sc-aurora,2.1,True,True,0.005186631944444444,0,0.012348090277777777,0,0.01384548611111111,0,0,0
float32-round-even,fx-ov-sc-milky-way,0.3,True,True,0.01838107638888889,0,0.0126953125,0,0.018294270833333334,0,0,0
float32-round-even,fx-ov-sc-milky-way,0.9,True,True,0.014431423611111112,0,0.011197916666666667,0,0.018771701388888888,0,0,0
float32-round-even,fx-ov-sc-milky-way,1.5,True,True,0.01545138888888889,0,0.010546875,0,0.015407986111111112,0,0,0
float32-round-even,fx-ov-sc-milky-way,2.1,True,True,0.017339409722222223,0,0.012022569444444445,0,0.018836805555555555,0,0,0
float32-round-even,fx-ov-sc-sunset-sea,0.3,True,True,0.031684027777777776,0,0.026584201388888888,0,0.02673611111111111,0,0,0
float32-round-even,fx-ov-sc-sunset-sea,0.9,True,True,0.029014756944444445,0,0.028732638888888887,0,0.02894965277777778,0,0,0
float32-round-even,fx-ov-sc-sunset-sea,1.5,True,True,0.02749565972222222,0,0.028211805555555556,0,0.027061631944444445,0,0,0
float32-round-even,fx-ov-sc-sunset-sea,2.1,True,True,0.030143229166666667,0,0.027625868055555555,0,0.0263671875,0,0,0
float32-round-even,fx-ov-sc-moon-dunes,0.3,True,True,0.008029513888888888,0,0.0115234375,0,0.0181640625,0,0,0
float32-round-even,fx-ov-sc-moon-dunes,0.9,True,True,0.010677083333333334,0,0.010286458333333333,0,0.017013888888888887,0,0,0
float32-round-even,fx-ov-sc-moon-dunes,1.5,True,True,0.008203125,0,0.010091145833333334,0,0.016514756944444445,0,0,0
float32-round-even,fx-ov-sc-moon-dunes,2.1,True,True,0.008984375,0,0.010677083333333334,0,0.017534722222222222,0,0,0
float32-round-even,fx-ov-sc-clouds,0.3,True,True,0.00896267361111111,0,0.02165798611111111,0,0.08313802083333334,0,0,0
float32-round-even,fx-ov-sc-clouds,0.9,True,True,0.013020833333333334,0,0.025347222222222222,0,0.0857204861111111,8,0,0
float32-round-even,fx-ov-sc-clouds,1.5,True,True,0.018098958333333335,0,0.03153211805555556,0,0.08391927083333334,0,0,0
float32-round-even,fx-ov-sc-clouds,2.1,True,True,0.024348958333333334,0,0.035416666666666666,0,0.08433159722222222,0,0,0
float32-round-even,fx-ov-sc-snowy-night,0.3,True,True,0.04791666666666667,0,0.03546006944444444,0,0.06189236111111111,0,0,0
float32-round-even,fx-ov-sc-snowy-night,0.9,True,True,0.047764756944444445,0,0.037434895833333336,0,0.053450520833333334,0,0,0
float32-round-even,fx-ov-sc-snowy-night,1.5,True,True,0.04876302083333333,0,0.03767361111111111,0,0.05390625,0,0,0
float32-round-even,fx-ov-sc-snowy-night,2.1,True,True,0.04635416666666667,0,0.03522135416666667,0,0.059136284722222224,0,0,0
float32-round-even,fx-ov-sc-ocean,0.3,True,True,0.037369791666666666,0,0.06397569444444444,4,0.053276909722222224,0,0,0
float32-round-even,fx-ov-sc-ocean,0.9,True,True,0.03630642361111111,0,0.06399739583333333,4,0.046375868055555554,0,0,0
float32-round-even,fx-ov-sc-ocean,1.5,True,True,0.03654513888888889,0,0.06319444444444444,4,0.03307291666666667,0,0,0
float32-round-even,fx-ov-sc-ocean,2.1,True,True,0.03582899305555556,0,0.06432291666666666,4,0.02847222222222222,0,0,0
float32-round-even,fx-ov-sc-shooting-stars,0.3,True,True,0.0012803819444444444,0,0.0013237847222222223,0,0.0028862847222222224,0,0,0
float32-round-even,fx-ov-sc-shooting-stars,0.9,True,True,0.1029296875,0,0.1086154513888889,0,0.11015625,0,0,0
float32-round-even,fx-ov-sc-shooting-stars,1.5,True,True,0.38591579861111114,8,0.4073350694444444,4,0.40381944444444445,8,0,0
float32-round-even,fx-ov-sc-shooting-stars,2.1,True,True,0.39622395833333335,8,0.3818576388888889,4,0.4258029513888889,0,0,0
float32-round-even,fx-ov-tr-colour-wipe,0.3,True,True,0.06864149305555556,0,0.0656467013888889,4,0.06015625,0,0,0
float32-round-even,fx-ov-tr-colour-wipe,0.9,True,True,0,0,0,0,0,0,0,0
float32-round-even,fx-ov-tr-colour-wipe,1.5,True,True,0.0876736111111111,8,0.0849609375,4,0.08240017361111111,0,0,0
float32-round-even,fx-ov-tr-colour-wipe,2.1,True,True,0.07198350694444444,0,0.06486545138888888,4,0.06592881944444444,0,0,0
float32-round-even,fx-ov-tr-diamond,0.3,False,True,0,0,0,0,0,0,0,0
float32-round-even,fx-ov-tr-diamond,0.9,False,True,0,0,0,0,0,0,0,0
float32-round-even,fx-ov-tr-diamond,1.5,True,True,0.06872829861111111,0,0.05759548611111111,4,0.06345486111111111,0,0,0
float32-round-even,fx-ov-tr-diamond,2.1,False,True,0,0,0,0,0,0,0,0
float32-round-even,fx-ov-tr-shape-pop,0.3,True,True,0.06529947916666666,0,0.05047743055555556,4,0.04505208333333333,0,0,0
float32-round-even,fx-ov-tr-shape-pop,0.9,True,True,0.0019314236111111112,0,0.0017795138888888889,0,0.0024305555555555556,0,0,0
float32-round-even,fx-ov-tr-shape-pop,1.5,True,True,0.04071180555555556,0,0.026801215277777776,0,0.024479166666666666,0,0,0
float32-round-even,fx-ov-tr-shape-pop,2.1,True,True,0.06432291666666666,0,0.0521484375,4,0.050520833333333334,0,0,0
float32-round-even,fx-ov-tr-glow-blob,0.3,True,True,0.006032986111111111,0,0.003689236111111111,0,0.005815972222222222,0,0,0
float32-round-even,fx-ov-tr-glow-blob,0.9,True,True,0,0,0,0,0,0,0,0
float32-round-even,fx-ov-tr-glow-blob,1.5,True,True,0.0021484375,0,0.0034071180555555556,0,0.003949652777777778,0,0,0
float32-round-even,fx-ov-tr-glow-blob,2.1,True,True,0.007335069444444444,0,0.009526909722222223,0,0.010503472222222223,0,0,0
float32-round-even,fx-ov-tr-fire-wipe,0.3,True,True,0.04375,0,0.05036892361111111,4,0.03511284722222222,0,0,0
float32-round-even,fx-ov-tr-fire-wipe,0.9,True,True,0.05015190972222222,0,0.04088541666666667,4,0.021788194444444443,0,0,0
float32-round-even,fx-ov-tr-fire-wipe,1.5,True,True,0.04652777777777778,0,0.04266493055555556,4,0.035872395833333334,0,0,0
float32-round-even,fx-ov-tr-fire-wipe,2.1,True,True,0.052473958333333334,0,0.04884982638888889,4,0.040538194444444446,0,0,0
float32-round-even,fx-ov-tr-ink,0.3,True,True,0.013888888888888888,0,0.013368055555555555,0,0.008723958333333334,0,0,0
float32-round-even,fx-ov-tr-ink,0.9,True,True,0,0,0,0,0,0,0,0
float32-round-even,fx-ov-tr-ink,1.5,True,True,0.009830729166666666,0,0.009157986111111112,0,0.0035807291666666665,0,0,0
float32-round-even,fx-ov-tr-ink,2.1,True,True,0.01953125,0,0.015538194444444445,0,0.010525173611111112,0,0,0
float32-round-even,fx-ov-tr-stripes,0.3,True,True,0.07723524305555556,0,0.07903645833333334,4,0.06907552083333333,0,0,0
float32-round-even,fx-ov-tr-stripes,0.9,True,True,0.0014539930555555556,0,0.0008897569444444444,0,0.0010633680555555555,0,0,0
float32-round-even,fx-ov-tr-stripes,1.5,True,True,0.05538194444444444,0,0.051280381944444446,4,0.052821180555555555,0,0,0
float32-round-even,fx-ov-tr-stripes,2.1,True,True,0.08131510416666667,0,0.07432725694444445,4,0.07191840277777778,0,0,0
float32-round-even,fx-ov-tr-iris,0.3,True,True,0.07003038194444444,0,0.05262586805555555,4,0.05384114583333333,0,0,0
float32-round-even,fx-ov-tr-iris,0.9,True,True,0,0,0,0,0,0,0,0
float32-round-even,fx-ov-tr-iris,1.5,True,True,0.06872829861111111,0,0.05759548611111111,4,0.06345486111111111,0,0,0
float32-round-even,fx-ov-tr-iris,2.1,True,True,0.07938368055555556,0,0.05319010416666667,4,0.0556640625,0,0,0
float32-round-even,fx-ov-tr-light-burst,0.3,False,False,9.277777777777779,99,8.304796006944445,89,8.406141493055555,91,0,0
float32-round-even,fx-ov-tr-light-burst,0.9,False,False,2.712152777777778,49,2.4154296875,40,2.361067708333333,41,0,0
float32-round-even,fx-ov-tr-light-burst,1.5,False,False,0.8339626736111111,17,0.8211371527777778,13,0.8506510416666667,17,0,0
float32-round-even,fx-ov-tr-light-burst,2.1,False,False,9.340581597222222,107,8.353407118055555,93,8.408333333333333,91,0,0
float32-round-even,fx-ov-tr-scribble,0.3,False,False,7.073328993055555,197,1.9680338541666667,49,4.787847222222222,140,0,0
float32-round-even,fx-ov-tr-scribble,0.9,False,False,21.122526041666667,222,7.49296875,73,14.561197916666666,164,0,0
float32-round-even,fx-ov-tr-scribble,1.5,False,False,6.170160590277778,172,3.320920138888889,69,4.4990234375,123,0,0
float32-round-even,fx-ov-tr-scribble,2.1,False,False,6.225065104166666,189,1.781423611111111,49,4.1477647569444445,124,0,0
float32-round-even,fx-ov-el-speed-lines,0.3,True,True,0.05490451388888889,0,0.05364583333333333,4,0.05490451388888889,0,0,0
float32-round-even,fx-ov-el-speed-lines,0.9,True,True,0.04717881944444444,0,0.04468315972222222,4,0.04717881944444444,0,0,0
float32-round-even,fx-ov-el-speed-lines,1.5,True,True,0.047591145833333334,0,0.0419921875,0,0.047591145833333334,0,0,0
float32-round-even,fx-ov-el-speed-lines,2.1,True,True,0.0474609375,0,0.046788194444444445,4,0.0474609375,0,0,0
float32-round-even,fx-ov-el-lightning,0.3,True,True,0.05427517361111111,0,0.04164496527777778,4,0.05080295138888889,0,0,0
float32-round-even,fx-ov-el-lightning,0.9,False,False,3.0803602430555554,66,2.922482638888889,69,3.2069661458333334,75,0,0
float32-round-even,fx-ov-el-lightning,1.5,True,True,0.025802951388888887,0,0.027300347222222222,0,0.03122829861111111,0,0,0
float32-round-even,fx-ov-el-lightning,2.1,True,True,0.031119791666666667,0,0.030381944444444444,0,0.037934027777777775,0,0,0
float32-round-even,fx-ov-el-moon,0.3,True,True,0.051106770833333336,0,0.05138888888888889,4,0.051497395833333334,0,0,0
float32-round-even,fx-ov-el-moon,0.9,True,True,0.04490017361111111,0,0.04665798611111111,4,0.04576822916666667,0,0,0
float32-round-even,fx-ov-el-moon,1.5,True,True,0.04924045138888889,0,0.04861111111111111,4,0.04203559027777778,0,0,0
float32-round-even,fx-ov-el-moon,2.1,True,True,0.04889322916666667,0,0.04646267361111111,4,0.05227864583333333,0,0,0
float32-round-even,fx-ov-el-smoke-puff,0.3,True,True,0.08324652777777777,8,0.07727864583333334,4,0.05481770833333333,0,0,0
float32-round-even,fx-ov-el-smoke-puff,0.9,True,True,0.11030815972222222,8,0.09607204861111111,4,0.0634765625,0,0,0
float32-round-even,fx-ov-el-smoke-puff,1.5,True,True,0.12682291666666667,8,0.10696614583333333,4,0.07209201388888889,0,0,0
float32-round-even,fx-ov-el-smoke-puff,2.1,True,True,0.13407118055555556,8,0.12000868055555555,4,0.08396267361111111,8,0,0
float32-round-even,fx-ov-el-scan-line,0.3,True,True,0.03875868055555556,0,0.03969184027777778,0,0.031575520833333336,0,0,0
float32-round-even,fx-ov-el-scan-line,0.9,True,True,0.04010416666666667,0,0.031749131944444446,0,0.04320746527777778,0,0,0
float32-round-even,fx-ov-el-scan-line,1.5,True,True,0.03376736111111111,0,0.049305555555555554,4,0.039214409722222225,0,0,0
float32-round-even,fx-ov-el-scan-line,2.1,True,True,0.03739149305555556,0,0.04138454861111111,4,0.04631076388888889,0,0,0
float32-round-even,fx-ov-el-stars-rating,0.3,True,True,0.07005208333333333,0,0.06328125,4,0.047417534722222224,0,0,0
float32-round-even,fx-ov-el-stars-rating,0.9,True,True,0.07660590277777778,0,0.057291666666666664,4,0.051323784722222224,0,0,0
float32-round-even,fx-ov-el-stars-rating,1.5,True,True,0.0705295138888889,0,0.05987413194444444,4,0.04077690972222222,0,0,0
float32-round-even,fx-ov-el-stars-rating,2.1,True,True,0.06393229166666667,0,0.0619140625,4,0.04670138888888889,0,0,0
float32-round-even,fx-ov-film-dust,0.3,False,False,5.514908854166666,17,5.60390625,16,5.550325520833334,17,0,0
float32-round-even,fx-ov-film-dust,0.9,False,False,5.397873263888889,17,5.365733506944444,16,5.345876736111111,17,0,0
float32-round-even,fx-ov-film-dust,1.5,False,False,5.0078125,17,5.1058159722222225,16,5.035590277777778,17,0,0
float32-round-even,fx-ov-film-dust,2.1,False,False,5.049782986111111,17,5.033658854166666,17,4.9948133680555555,17,0,0
float32-round-even,fx-ov-grain,0.3,False,False,19.094683159722223,58,19.170399305555556,56,19.094683159722223,58,0,0
float32-round-even,fx-ov-grain,0.9,False,False,17.475130208333333,58,17.560264756944445,53,17.475130208333333,58,0,0
float32-round-even,fx-ov-grain,1.5,False,False,15.683854166666666,57,15.778450520833333,53,15.683854166666666,57,0,0
float32-round-even,fx-ov-grain,2.1,False,False,14.579405381944444,57,14.648003472222221,53,14.579405381944444,57,0,0
float32-round-even,fx-ov-vhs,0.3,False,False,6.563411458333333,24,6.5671875,20,6.587087673611111,24,0,0
float32-round-even,fx-ov-vhs,0.9,False,False,5.415646701388889,17,5.422113715277778,20,5.412217881944445,17,0,0
float32-round-even,fx-ov-vhs,1.5,False,False,3.937131076388889,17,3.9439453125,20,3.9803602430555554,17,0,0
float32-round-even,fx-ov-vhs,2.1,False,False,2.9205078125,17,2.8979600694444443,20,2.9172743055555554,17,0,0
float32-round-even,fx-ov-halftone,0.3,True,True,0.04485677083333333,0,0.027473958333333333,0,0.0375,0,0,0
float32-round-even,fx-ov-halftone,0.9,True,True,0.04600694444444445,0,0.027907986111111113,0,0.03470052083333333,0,0,0
float32-round-even,fx-ov-halftone,1.5,True,True,0.04073350694444444,0,0.029253472222222222,0,0.025824652777777776,0,0,0
float32-round-even,fx-ov-halftone,2.1,True,True,0.0337890625,0,0.024522569444444444,0,0.037934027777777775,0,0,0
float32-round-even,fx-ov-paper,0.3,True,True,0.11061197916666667,8,0.08882378472222222,4,0.07764756944444444,0,0,0
float32-round-even,fx-ov-paper,0.9,True,True,0.12534722222222222,8,0.08977864583333334,4,0.07044270833333334,0,0,0
float32-round-even,fx-ov-paper,1.5,True,True,0.11460503472222222,8,0.08797743055555556,4,0.07337239583333334,0,0,0
float32-round-even,fx-ov-paper,2.1,True,True,0.11668836805555556,8,0.08452690972222222,4,0.07332899305555556,0,0,0
float32-round-even,fx-ov-burnt-edges,0.3,True,True,0.10160590277777778,8,0.1166015625,4,0.05227864583333333,0,0,0
float32-round-even,fx-ov-burnt-edges,0.9,True,True,0.10212673611111112,8,0.11024305555555555,4,0.055164930555555554,0,0,0
float32-round-even,fx-ov-burnt-edges,1.5,True,True,0.099609375,8,0.10674913194444445,4,0.04780815972222222,0,0,0
float32-round-even,fx-ov-burnt-edges,2.1,True,True,0.10169270833333334,8,0.11512586805555555,4,0.05572916666666667,0,0,0
float32-round-even,fx-ov-frame-film,0.3,True,True,0.05911458333333333,0,0.051041666666666666,4,0.04665798611111111,0,0,0
float32-round-even,fx-ov-frame-film,0.9,True,True,0.06204427083333333,0,0.0498046875,4,0.04626736111111111,0,0,0
float32-round-even,fx-ov-frame-film,1.5,True,True,0.06187065972222222,0,0.04787326388888889,4,0.05297309027777778,0,0,0
float32-round-even,fx-ov-frame-film,2.1,True,True,0.059722222222222225,0,0.051844618055555555,4,0.051671006944444445,0,0,0
float32-round-even,fx-ov-frame-polaroid,0.3,True,True,0.06870659722222222,0,0.05041232638888889,4,0.05590277777777778,0,0,0
float32-round-even,fx-ov-frame-polaroid,0.9,True,True,0.0685763888888889,0,0.05002170138888889,4,0.057530381944444445,0,0,0
float32-round-even,fx-ov-frame-polaroid,1.5,True,True,0.07059461805555556,0,0.05457899305555555,4,0.06664496527777777,0,0,0
float32-round-even,fx-ov-frame-polaroid,2.1,True,True,0.07586805555555555,0,0.04945746527777778,4,0.05570746527777778,0,0,0
float32-round-even,fx-ov-frame-neon-pink,0.3,True,True,0.06052517361111111,0,0.07413194444444444,4,0.039496527777777776,0,0,0
float32-round-even,fx-ov-frame-neon-pink,0.9,True,True,0.042816840277777775,0,0.03671875,0,0.06408420138888889,0,0,0
float32-round-even,fx-ov-frame-neon-pink,1.5,True,True,0.030837673611111113,0,0.039713541666666664,0,0.07259114583333333,0,0,0
float32-round-even,fx-ov-frame-neon-pink,2.1,True,True,0.0435546875,0,0.04674479166666667,4,0.0724609375,0,0,0
float32-round-even,fx-ov-frame-neon-blue,0.3,True,True,0.15503472222222223,8,0.1076171875,4,0.14212239583333333,8,0,0
float32-round-even,fx-ov-frame-neon-blue,0.9,True,True,0.12365451388888889,8,0.11417100694444444,4,0.1203125,8,0,0
float32-round-even,fx-ov-frame-neon-blue,1.5,True,True,0.11881510416666667,8,0.12506510416666666,4,0.09991319444444445,8,0,0
float32-round-even,fx-ov-frame-neon-blue,2.1,True,True,0.13077256944444443,8,0.13841145833333332,4,0.10872395833333333,8,0,0
float32-round-even,fx-ov-frame-neon-gold,0.3,True,True,0.1383029513888889,8,0.0810546875,4,0.07413194444444444,0,0,0
float32-round-even,fx-ov-frame-neon-gold,0.9,True,True,0.093359375,8,0.09318576388888888,4,0.05310329861111111,0,0,0
float32-round-even,fx-ov-frame-neon-gold,1.5,True,True,0.0568359375,0,0.09210069444444445,4,0.0560546875,0,0,0
float32-round-even,fx-ov-frame-neon-gold,2.1,True,True,0.06981336805555556,0,0.11087239583333333,4,0.07953559027777778,0,0,0
float32-round-even,fx-ov-frame-rec,0.3,True,True,0.031119791666666667,0,0.016644965277777778,0,0.03257378472222222,0,0,0
float32-round-even,fx-ov-frame-rec,0.9,True,True,0.032378472222222225,0,0.0193359375,0,0.031966145833333334,0,0,0
float32-round-even,fx-ov-frame-rec,1.5,True,True,0.028797743055555554,0,0.019140625,0,0.022981770833333335,0,0,0
float32-round-even,fx-ov-frame-rec,2.1,True,True,0.026931423611111113,0,0.017664930555555555,0,0.03359375,0,0,0
float32-round-even,fx-ov-frame-vignette,0.3,True,True,0.09188368055555556,8,0.09281684027777778,4,0.09116753472222222,8,0,0
float32-round-even,fx-ov-frame-vignette,0.9,True,True,0.09778645833333334,8,0.09338107638888889,4,0.0861328125,8,0,0
float32-round-even,fx-ov-frame-vignette,1.5,True,True,0.09891493055555556,8,0.09309895833333333,4,0.08676215277777778,8,0,0
float32-round-even,fx-ov-frame-vignette,2.1,True,True,0.09338107638888889,8,0.08884548611111111,4,0.08606770833333334,8,0,0
float32-round-even,fx-ov-frame-grid,0.3,True,True,0.07191840277777778,0,0.06631944444444444,4,0.05032552083333333,0,0,0
float32-round-even,fx-ov-frame-grid,0.9,True,True,0.08053385416666667,0,0.06204427083333333,4,0.05262586805555555,0,0,0
float32-round-even,fx-ov-frame-grid,1.5,True,True,0.07484809027777778,0,0.0626953125,4,0.04487847222222222,0,0,0
float32-round-even,fx-ov-frame-grid,2.1,True,True,0.06898871527777778,0,0.0652126736111111,4,0.05047743055555556,0,0,0
float32-round-even,fx-ov-leak-green,0.3,True,True,0.056163194444444446,0,0.05863715277777778,4,0.04993489583333333,0,0,0
float32-round-even,fx-ov-leak-green,0.9,True,True,0.052994791666666666,0,0.061046006944444446,4,0.04848090277777778,0,0,0
float32-round-even,fx-ov-leak-green,1.5,True,True,0.04934895833333333,0,0.06597222222222222,4,0.05559895833333333,0,0,0
float32-round-even,fx-ov-leak-green,2.1,True,True,0.05123697916666667,0,0.07013888888888889,4,0.0517578125,0,0,0
float32-round-even,fx-ov-leak-purple,0.3,True,True,0.0564453125,0,0.05703125,4,0.055013020833333336,0,0,0
float32-round-even,fx-ov-leak-purple,0.9,True,True,0.055121527777777776,0,0.052582465277777775,4,0.05325520833333333,0,0,0
float32-round-even,fx-ov-leak-purple,1.5,True,True,0.05572916666666667,0,0.0568359375,4,0.06345486111111111,0,0,0
float32-round-even,fx-ov-leak-purple,2.1,True,True,0.06449652777777778,0,0.05401475694444444,4,0.0685546875,0,0,0
float32-round-even,fx-ov-leak-red,0.3,True,True,0.05,0,0.05703125,4,0.049891493055555555,0,0,0
float32-round-even,fx-ov-leak-red,0.9,True,True,0.059092881944444446,0,0.052582465277777775,4,0.04956597222222222,0,0,0
float32-round-even,fx-ov-leak-red,1.5,True,True,0.06267361111111111,0,0.0568359375,4,0.05141059027777778,0,0,0
float32-round-even,fx-ov-leak-red,2.1,True,True,0.06417100694444444,0,0.05401475694444444,4,0.05568576388888889,0,0,0
float32-round-even,fx-ov-flare-blue,0.3,True,True,0.13550347222222223,8,0.13070746527777777,4,0.1373046875,8,0,0
float32-round-even,fx-ov-flare-blue,0.9,True,True,0.1576171875,8,0.15401475694444444,4,0.1379123263888889,8,0,0
float32-round-even,fx-ov-flare-blue,1.5,True,True,0.15813802083333334,8,0.1567925347222222,4,0.13381076388888888,8,0,0
float32-round-even,fx-ov-flare-blue,2.1,True,True,0.16419270833333333,8,0.1544704861111111,4,0.13838975694444444,8,0,0
float32-round-even,fx-ov-lightning,0.3,True,True,0.04665798611111111,0,0.06551649305555556,4,0.08059895833333333,0,0,0
float32-round-even,fx-ov-lightning,0.9,True,True,0.07016059027777778,0,0.0525390625,4,0.054947916666666666,0,0,0
float32-round-even,fx-ov-lightning,1.5,True,True,0.06872829861111111,0,0.05759548611111111,4,0.06345486111111111,0,0,0
float32-round-even,fx-ov-lightning,2.1,True,True,0.07938368055555556,0,0.05319010416666667,4,0.0556640625,0,0,0
float32-round-even,fx-ov-bokeh-blue,0.3,True,True,0.03767361111111111,0,0.032552083333333336,0,0.05759548611111111,0,0,0
float32-round-even,fx-ov-bokeh-blue,0.9,True,True,0.03602430555555555,0,0.03704427083333333,0,0.05970052083333333,0,0,0
float32-round-even,fx-ov-bokeh-blue,1.5,True,True,0.03381076388888889,0,0.03448350694444444,0,0.049479166666666664,0,0,0
float32-round-even,fx-ov-bokeh-blue,2.1,True,True,0.037434895833333336,0,0.03502604166666667,0,0.05588107638888889,0,0,0
float32-round-even,fx-ov-bokeh-rainbow,0.3,True,True,0.03767361111111111,0,0.04431423611111111,4,0.05659722222222222,0,0,0
float32-round-even,fx-ov-bokeh-rainbow,0.9,True,True,0.03602430555555555,0,0.04353298611111111,4,0.05381944444444445,0,0,0
float32-round-even,fx-ov-bokeh-rainbow,1.5,True,True,0.03381076388888889,0,0.043359375,4,0.044487847222222224,0,0,0
float32-round-even,fx-ov-bokeh-rainbow,2.1,True,True,0.037434895833333336,0,0.0453125,4,0.05375434027777778,0,0,0
float32-round-even,fx-ov-sparkle-pink,0.3,True,True,0.037434895833333336,0,0.031901041666666664,0,0.031640625,0,0,0
float32-round-even,fx-ov-sparkle-pink,0.9,True,True,0.033051215277777775,0,0.030403645833333333,0,0.03361545138888889,0,0,0
float32-round-even,fx-ov-sparkle-pink,1.5,True,True,0.031184895833333334,0,0.03042534722222222,0,0.03439670138888889,0,0,0
float32-round-even,fx-ov-sparkle-pink,2.1,True,True,0.03585069444444444,0,0.03220486111111111,0,0.04370659722222222,0,0,0
float32-round-even,fx-ov-sparkle-blue,0.3,True,True,0.03498263888888889,0,0.033854166666666664,0,0.035069444444444445,0,0,0
float32-round-even,fx-ov-sparkle-blue,0.9,True,True,0.028819444444444446,0,0.03279079861111111,0,0.0376953125,0,0,0
float32-round-even,fx-ov-sparkle-blue,1.5,True,True,0.027408854166666666,0,0.03315972222222222,0,0.037825520833333334,0,0,0
float32-round-even,fx-ov-sparkle-blue,2.1,True,True,0.032486979166666666,0,0.03383246527777778,0,0.0435546875,0,0,0
float32-round-even,fx-ov-hearts-red,0.3,False,False,1.6617838541666667,58,0.4527126736111111,12,0.4982638888888889,9,0,0
float32-round-even,fx-ov-hearts-red,0.9,False,False,1.9763237847222221,90,0.5130208333333334,16,0.6171657986111111,25,0,0
float32-round-even,fx-ov-hearts-red,1.5,False,False,1.6850043402777777,49,0.5447265625,20,0.5810980902777778,25,0,0
float32-round-even,fx-ov-hearts-red,2.1,False,False,0.9562717013888888,33,0.49832899305555556,16,0.44131944444444443,16,0,0
float32-round-even,fx-ov-fog-pink,0.3,True,True,0.13155381944444444,8,0.12612847222222223,4,0.11744791666666667,8,0,0
float32-round-even,fx-ov-fog-pink,0.9,True,True,0.13235677083333333,8,0.12838541666666667,4,0.1193359375,8,0,0
float32-round-even,fx-ov-fog-pink,1.5,True,True,0.1273220486111111,8,0.12823350694444444,4,0.11820746527777778,8,0,0
float32-round-even,fx-ov-fog-pink,2.1,True,True,0.13120659722222222,8,0.11861979166666667,4,0.11575520833333333,8,0,0
float32-round-even,fx-ov-fog-blue,0.3,True,True,0.13057725694444444,8,0.1224609375,4,0.11859809027777778,8,0,0
float32-round-even,fx-ov-fog-blue,0.9,True,True,0.141015625,8,0.12413194444444445,4,0.11974826388888889,8,0,0
float32-round-even,fx-ov-fog-blue,1.5,True,True,0.12782118055555555,8,0.12797309027777778,4,0.11868489583333333,8,0,0
float32-round-even,fx-ov-fog-blue,2.1,True,True,0.12914496527777777,8,0.11608072916666666,4,0.11649305555555556,8,0,0
float32-round-even,fx-ov-wash-sunset,0.3,True,True,0.10206163194444444,8,0.08639322916666667,4,0.05963541666666667,0,0,0
float32-round-even,fx-ov-wash-sunset,0.9,True,True,0.10447048611111111,8,0.08012152777777778,4,0.06228298611111111,0,0,0
float32-round-even,fx-ov-wash-sunset,1.5,True,True,0.096484375,8,0.08404947916666666,4,0.05813802083333333,0,0,0
float32-round-even,fx-ov-wash-sunset,2.1,True,True,0.09898003472222222,8,0.08274739583333333,4,0.06128472222222222,0,0,0
float32-round-even,fx-ov-wash-ocean,0.3,True,True,0.1017795138888889,8,0.07667100694444444,4,0.15132378472222222,8,0,0
float32-round-even,fx-ov-wash-ocean,0.9,True,True,0.09301215277777777,8,0.07176649305555556,4,0.14683159722222222,8,0,0
float32-round-even,fx-ov-wash-ocean,1.5,True,True,0.1013454861111111,8,0.06976996527777778,4,0.1394314236111111,8,0,0
float32-round-even,fx-ov-wash-ocean,2.1,True,True,0.09963107638888889,8,0.07556423611111111,4,0.14375,8,0,0
float32-round-even,fx-ov-wash-rose,0.3,True,True,0.10206163194444444,8,0.08276909722222223,4,0.07131076388888889,0,0,0
float32-round-even,fx-ov-wash-rose,0.9,True,True,0.10447048611111111,8,0.08016493055555556,4,0.06907552083333333,0,0,0
float32-round-even,fx-ov-wash-rose,1.5,True,True,0.096484375,8,0.07962239583333333,4,0.07078993055555556,0,0,0
float32-round-even,fx-ov-wash-rose,2.1,True,True,0.09898003472222222,8,0.08059895833333333,4,0.060872395833333336,0,0,0
float32-round-even,fx-ov-wash-neon,0.3,True,True,0.09422743055555556,8,0.08732638888888888,4,0.06315104166666667,0,0,0
float32-round-even,fx-ov-wash-neon,0.9,True,True,0.10577256944444445,8,0.08057725694444444,4,0.05792100694444444,0,0,0
float32-round-even,fx-ov-wash-neon,1.5,True,True,0.10594618055555556,8,0.08541666666666667,4,0.06050347222222222,0,0,0
float32-round-even,fx-ov-wash-neon,2.1,True,True,0.10314670138888889,8,0.08446180555555556,4,0.0623046875,0,0,0
float32-round-even,fx-ov-wash-gold,0.3,True,True,0.10377604166666667,8,0.08541666666666667,4,0.05963541666666667,0,0,0
float32-round-even,fx-ov-wash-gold,0.9,True,True,0.09856770833333334,8,0.08138020833333333,4,0.06228298611111111,0,0,0
float32-round-even,fx-ov-wash-gold,1.5,True,True,0.10425347222222223,8,0.08292100694444444,4,0.05813802083333333,0,0,0
float32-round-even,fx-ov-wash-gold,2.1,True,True,0.10334201388888889,8,0.0832248263888889,4,0.06128472222222222,0,0,0
float32-round-even,fx-ov-rainbow,0.3,True,True,0.10629340277777778,8,0.11241319444444445,4,0.0720486111111111,0,0,0
float32-round-even,fx-ov-rainbow,0.9,True,True,0.10631510416666666,8,0.10985243055555556,4,0.07699652777777778,0,0,0
float32-round-even,fx-ov-rainbow,1.5,True,True,0.11128472222222222,8,0.11399739583333333,4,0.07654079861111111,0,0,0
float32-round-even,fx-ov-rainbow,2.1,True,True,0.0998046875,8,0.10766059027777777,4,0.07936197916666667,0,0,0
float32-round-even,fx-ov-frame-neon-green,0.3,True,True,0.048980034722222225,0,0.09162326388888889,4,0.06597222222222222,0,0,0
float32-round-even,fx-ov-frame-neon-green,0.9,True,True,0.041015625,0,0.04066840277777778,4,0.05503472222222222,0,0,0
float32-round-even,fx-ov-frame-neon-green,1.5,True,True,0.03888888888888889,0,0.025434027777777778,0,0.04494357638888889,0,0,0
float32-round-even,fx-ov-frame-neon-green,2.1,True,True,0.03322482638888889,0,0.03257378472222222,0,0.08276909722222223,8,0,0
float32-round-even-staged,fx-shake,0.3,False,False,0.4969401041666667,9,0.49385850694444444,4,0.5157118055555555,9,0,0
float32-round-even-staged,fx-shake,0.9,True,True,0.107421875,8,0.10900607638888889,4,0.10887586805555556,8,0,0
float32-round-even-staged,fx-shake,1.5,False,False,1.5468967013888888,9,1.5361762152777778,12,1.5693359375,16,0,0
float32-round-even-staged,fx-shake,2.1,False,False,7.134483506944444,65,7.027061631944444,65,7.202105034722222,74,0,0
float32-round-even-staged,fx-blur,0.3,True,True,0.08650173611111112,8,0.0675998263888889,4,0.04984809027777778,0,0,0
float32-round-even-staged,fx-blur,0.9,True,True,0.07814670138888889,0,0.0759548611111111,4,0.05377604166666667,0,0,0
float32-round-even-staged,fx-blur,1.5,True,True,0.07105034722222223,0,0.06970486111111111,4,0.05572916666666667,0,0,0
float32-round-even-staged,fx-blur,2.1,True,True,0.07701822916666666,0,0.0749782986111111,4,0.05243055555555556,0,0,0
float32-round-even-staged,fx-ct-edge-glow,0.3,True,True,0.08511284722222222,8,0.10145399305555555,4,0.11280381944444444,8,0,0
float32-round-even-staged,fx-ct-edge-glow,0.9,True,True,0.0828125,0,0.11048177083333334,4,0.10844184027777778,8,0,0
float32-round-even-staged,fx-ct-edge-glow,1.5,True,True,0.14448784722222222,8,0.10700954861111112,4,0.10852864583333334,8,0,0
float32-round-even-staged,fx-ct-edge-glow,2.1,True,True,0.10123697916666667,8,0.10169270833333334,4,0.1111328125,8,0,0
float32-round-even-staged,fx-cc-slash-reveal,0.3,False,False,4.135720486111111,124,4.110134548611111,129,4.136610243055555,131,0,0
float32-round-even-staged,fx-cc-slash-reveal,0.9,True,True,0.1362847222222222,8,0.14743923611111112,4,0.14793836805555555,8,0,0
float32-round-even-staged,fx-cc-slash-reveal,1.5,True,True,0.09978298611111111,8,0.09487847222222222,4,0.0974609375,8,0,0
float32-round-even-staged,fx-cc-slash-reveal,2.1,False,False,5.774348958333333,148,5.701692708333334,142,5.711436631944444,148,0,0
float32-round-even-staged,fx-cc-black-flash,0.3,True,True,0.09431423611111112,8,0.08020833333333334,4,0.07621527777777778,0,0,0
float32-round-even-staged,fx-cc-black-flash,0.9,True,True,0.098828125,8,0.08838975694444444,4,0.07706163194444444,0,0,0
float32-round-even-staged,fx-cc-black-flash,1.5,True,True,0.09798177083333333,8,0.0884765625,4,0.06506076388888889,0,0,0
float32-round-even-staged,fx-cc-black-flash,2.1,True,True,0.09197048611111111,8,0.08402777777777778,4,0.071484375,0,0,0
float32-round-even-staged,fx-cc-diamond-zoom,0.3,True,True,0.11193576388888889,8,0.1334201388888889,4,0.1304253472222222,8,0,0
float32-round-even-staged,fx-cc-diamond-zoom,0.9,True,True,0.10125868055555555,8,0.09828559027777778,4,0.09704861111111111,8,0,0
float32-round-even-staged,fx-cc-diamond-zoom,1.5,True,True,0.12684461805555555,8,0.1103515625,4,0.098046875,8,0,0
float32-round-even-staged,fx-cc-diamond-zoom,2.1,True,True,0.1140407986111111,8,0.12068142361111112,4,0.10661892361111111,8,0,0
float32-round-even-staged,fx-ct-error-quake,0.3,False,False,21.863368055555554,115,17.897092013888887,113,21.985091145833334,140,0,0
float32-round-even-staged,fx-ct-error-quake,0.9,True,True,0.06636284722222222,0,0.05607638888888889,4,0.057465277777777775,0,0,0
float32-round-even-staged,fx-ct-error-quake,1.5,True,True,0.06067708333333333,0,0.05653211805555555,4,0.06297743055555556,0,0,0
float32-round-even-staged,fx-ct-error-quake,2.1,False,False,1.3927951388888888,25,2.676193576388889,65,2.877907986111111,74,0,0
float32-round-even-staged,fx-ct-explosion,0.3,True,True,0.05766059027777778,0,0.06712239583333333,4,0.037608506944444446,0,0,0
float32-round-even-staged,fx-ct-explosion,0.9,True,True,0.08391927083333334,8,0.06182725694444444,4,0.045811631944444445,0,0,0
float32-round-even-staged,fx-ct-explosion,1.5,True,True,0.06512586805555555,0,0.06809895833333333,4,0.04077690972222222,0,0,0
float32-round-even-staged,fx-ct-explosion,2.1,True,True,0.03658854166666667,0,0.06694878472222222,4,0.07133246527777778,0,0,0
float32-round-even-staged,fx-ct-scene-cut,0.3,False,False,40.97667100694444,140,41.658528645833336,142,44.72269965277778,148,0,0
float32-round-even-staged,fx-ct-scene-cut,0.9,False,False,94.79646267361112,156,96.15219184027778,157,95.73799913194445,157,0,0
float32-round-even-staged,fx-ct-scene-cut,1.5,False,False,93.98615451388889,156,95.41380208333334,158,94.89483506944444,156,0,0
float32-round-even-staged,fx-ct-scene-cut,2.1,False,False,93.57389322916667,148,95.00852864583334,150,94.51569010416667,148,0,0
float32-round-even-staged,fx-ct-sharpen-edges,0.3,True,True,0.20245225694444444,8,0.1833767361111111,4,0.17515190972222222,8,0,0
float32-round-even-staged,fx-ct-sharpen-edges,0.9,True,True,0.19329427083333334,8,0.18057725694444443,4,0.18489583333333334,8,0,0
float32-round-even-staged,fx-ct-sharpen-edges,1.5,True,True,0.19468315972222222,8,0.18111979166666667,4,0.1849392361111111,8,0,0
float32-round-even-staged,fx-ct-sharpen-edges,2.1,True,True,0.19016927083333332,8,0.17651909722222223,4,0.16944444444444445,8,0,0
float32-round-even-staged,fx-ct-game-over,0.3,True,True,0.04407552083333333,0,0.04626736111111111,4,0.04084201388888889,0,0,0
float32-round-even-staged,fx-ct-game-over,0.9,True,True,0.04268663194444444,0,0.04307725694444445,4,0.039453125,0,0,0
float32-round-even-staged,fx-ct-game-over,1.5,True,True,0.04568142361111111,0,0.04338107638888889,4,0.04244791666666667,0,0,0
float32-round-even-staged,fx-ct-game-over,2.1,True,True,0.05134548611111111,0,0.047417534722222224,4,0.048111979166666666,0,0,0
float32-round-even-staged,fx-cc-shiny-stack,0.3,False,False,10.536697048611112,74,11.145095486111112,81,11.758506944444445,82,0,0
float32-round-even-staged,fx-cc-shiny-stack,0.9,False,False,17.398046875,148,18.309852430555555,150,18.39125434027778,156,0,0
float32-round-even-staged,fx-cc-shiny-stack,1.5,False,False,17.422048611111112,140,18.040169270833335,146,17.9169921875,149,0,0
float32-round-even-staged,fx-cc-shiny-stack,2.1,False,False,4.551063368055556,49,4.840993923611111,49,5.109223090277778,49,0,0
float32-round-even-staged,fx-cc-dance-flash,0.3,False,True,0.34329427083333336,8,0.2429904513888889,4,0.27471788194444446,8,0,0
float32-round-even-staged,fx-cc-dance-flash,0.9,True,True,0.3546875,8,0.2271050347222222,4,0.26089409722222223,8,0,0
float32-round-even-staged,fx-cc-dance-flash,1.5,True,True,0.3311631944444444,8,0.24720052083333333,4,0.26471354166666666,8,0,0
float32-round-even-staged,fx-cc-dance-flash,2.1,True,True,0.34036458333333336,8,0.23424479166666667,4,0.2777777777777778,8,0,0
float32-round-even-staged,fx-ct-glass-breaking,0.3,False,False,7.579036458333333,107,7.211675347222222,97,7.551432291666667,99,0,0
float32-round-even-staged,fx-ct-glass-breaking,0.9,False,False,7.577734375,107,7.114409722222222,98,7.436610243055555,99,0,0
float32-round-even-staged,fx-ct-glass-breaking,1.5,False,False,8.291948784722223,107,7.9387803819444445,105,8.436588541666667,107,0,0
float32-round-even-staged,fx-ct-glass-breaking,2.1,False,False,7.576866319444444,107,7.157139756944445,101,7.479361979166667,99,0,0
float32-round-even-staged,fx-ct-negative-panels,0.3,True,True,0.107421875,8,0.04583333333333333,4,0.07625868055555556,0,0,0
float32-round-even-staged,fx-ct-negative-panels,0.9,True,True,0.12918836805555556,8,0.04967447916666667,4,0.10512152777777778,8,0,0
float32-round-even-staged,fx-ct-negative-panels,1.5,True,True,0.10082465277777777,8,0.05075954861111111,4,0.07797309027777778,0,0,0
float32-round-even-staged,fx-ct-negative-panels,2.1,False,False,47.11137152777778,206,50.107769097222224,223,64.93532986111111,247,0,0
float32-round-even-staged,fx-ct-darken-flash,0.3,True,True,0.031749131944444446,0,0.03205295138888889,0,0.023893229166666665,0,0,0
float32-round-even-staged,fx-ct-darken-flash,0.9,True,True,0.04602864583333333,0,0.043684895833333334,4,0.039496527777777776,0,0,0
float32-round-even-staged,fx-ct-darken-flash,1.5,True,True,0.04529079861111111,0,0.04309895833333333,4,0.03511284722222222,0,0,0
float32-round-even-staged,fx-ct-darken-flash,2.1,True,True,0.0724609375,0,0.0730251736111111,4,0.05755208333333333,0,0,0
float32-round-even-staged,fx-horizontal-open,0.3,True,True,0.006944444444444444,0,0.0078125,0,0.006705729166666666,0,0,0
float32-round-even-staged,fx-horizontal-open,0.9,True,True,0.025347222222222222,0,0.026627604166666666,0,0.023177083333333334,0,0,0
float32-round-even-staged,fx-horizontal-open,1.5,True,True,0.049370659722222224,0,0.04754774305555556,4,0.0421875,0,0,0
float32-round-even-staged,fx-horizontal-open,2.1,True,True,0.07515190972222222,0,0.063671875,4,0.06460503472222222,0,0,0
float32-round-even-staged,fx-ct-fireplace,0.3,False,False,1.6359375,33,1.0358723958333333,20,0.29509548611111114,9,0,0
float32-round-even-staged,fx-ct-fireplace,0.9,False,False,1.914453125,41,1.22890625,28,0.3599826388888889,9,0,0
float32-round-even-staged,fx-ct-fireplace,1.5,False,False,1.8498914930555554,41,1.1970052083333333,25,0.3495876736111111,9,0,0
float32-round-even-staged,fx-ct-fireplace,2.1,False,False,1.7330078125,41,1.0700086805555555,24,0.3232204861111111,9,0,0
float32-round-even-staged,fx-fade-in,0.3,True,True,0.028190104166666667,0,0.00703125,0,0.0123046875,0,0,0
float32-round-even-staged,fx-fade-in,0.9,True,True,0.13207465277777777,8,0.0779079861111111,4,0.07447916666666667,0,0,0
float32-round-even-staged,fx-fade-in,1.5,True,True,0.10230034722222223,8,0.08381076388888889,4,0.06684027777777778,0,0,0
float32-round-even-staged,fx-fade-in,2.1,True,True,0.06675347222222222,0,0.0576171875,4,0.053125,0,0,0
float32-round-even-staged,fx-ct-neon,0.3,True,True,0.08368055555555555,8,0.10768229166666667,4,0.10926649305555555,8,0,0
float32-round-even-staged,fx-ct-neon,0.9,True,True,0.09205729166666667,8,0.1123046875,4,0.10533854166666666,8,0,0
float32-round-even-staged,fx-ct-neon,1.5,True,True,0.08919270833333333,8,0.11610243055555555,4,0.1046875,8,0,0
float32-round-even-staged,fx-ct-neon,2.1,True,True,0.08216145833333334,8,0.11380208333333333,4,0.10729166666666666,8,0,0
float32-round-even-staged,fx-ct-vignette-noir,0.3,False,False,3.9774522569444444,17,3.9902994791666666,12,3.9774522569444444,17,0,0
float32-round-even-staged,fx-ct-vignette-noir,0.9,False,False,3.6661024305555556,17,3.6983072916666666,12,3.6661024305555556,17,0,0
float32-round-even-staged,fx-ct-vignette-noir,1.5,False,False,3.4764756944444444,17,3.489995659722222,12,3.4764756944444444,17,0,0
float32-round-even-staged,fx-ct-vignette-noir,2.1,False,False,3.2016059027777777,17,3.194704861111111,12,3.2016059027777777,17,0,0
float32-round-even-staged,fx-ct-dreamy-halo,0.3,True,True,0.07860243055555556,0,0.08671875,4,0.09166666666666666,8,0,0
float32-round-even-staged,fx-ct-dreamy-halo,0.9,True,True,0.08283420138888889,8,0.08079427083333333,4,0.0869140625,8,0,0
float32-round-even-staged,fx-ct-dreamy-halo,1.5,True,True,0.07866753472222222,0,0.087109375,4,0.08797743055555556,8,0,0
float32-round-even-staged,fx-ct-dreamy-halo,2.1,True,True,0.07842881944444445,0,0.08166232638888889,4,0.09249131944444444,8,0,0
float32-round-even-staged,fx-ct-lightning-crack,0.3,False,False,11.745681423611112,148,12.422504340277778,154,13.125043402777777,156,0,0
float32-round-even-staged,fx-ct-lightning-crack,0.9,True,True,0.09029947916666667,8,0.0775390625,4,0.0708984375,0,0,0
float32-round-even-staged,fx-ct-lightning-crack,1.5,False,False,8.1689453125,132,8.6328125,138,9.132118055555555,140,0,0
float32-round-even-staged,fx-ct-lightning-crack,2.1,True,True,0.10809461805555555,8,0.11516927083333334,4,0.10436197916666666,8,0,0
float32-round-even-staged,fx-ct-narrow-focus,0.3,True,True,0.015755208333333333,0,0.016080729166666665,0,0.015755208333333333,0,0,0
float32-round-even-staged,fx-ct-narrow-focus,0.9,True,True,0.02868923611111111,0,0.03246527777777778,0,0.02868923611111111,0,0,0
float32-round-even-staged,fx-ct-narrow-focus,1.5,True,True,0.03268229166666667,0,0.03109809027777778,0,0.03268229166666667,0,0,0
float32-round-even-staged,fx-ct-narrow-focus,2.1,True,True,0.027756076388888887,0,0.03205295138888889,0,0.027756076388888887,0,0,0
float32-round-even-staged,fx-vignette,0.3,False,False,9.32341579861111,25,9.385590277777778,29,9.297330729166667,25,0,0
float32-round-even-staged,fx-vignette,0.9,False,False,8.865928819444445,25,8.958268229166666,29,8.866731770833333,25,0,0
float32-round-even-staged,fx-vignette,1.5,False,False,8.353428819444444,25,8.431944444444444,28,8.36953125,25,0,0
float32-round-even-staged,fx-vignette,2.1,False,False,8.050325520833333,25,8.113715277777779,28,8.042838541666667,25,0,0
float32-round-even-staged,fx-ct-offset-slice,0.3,True,True,0.04303385416666667,0,0.03519965277777778,0,0.03830295138888889,0,0,0
float32-round-even-staged,fx-ct-offset-slice,0.9,False,False,7.9469618055555555,148,6.741080729166667,125,6.691818576388889,115,0,0
float32-round-even-staged,fx-ct-offset-slice,1.5,True,True,0.12599826388888888,0,0.0993923611111111,4,0.09717881944444444,0,0,0
float32-round-even-staged,fx-ct-offset-slice,2.1,True,True,0.03107638888888889,0,0.023394097222222222,0,0.031749131944444446,0,0,0
float32-round-even-staged,fx-zoom-lens,0.3,True,True,0.09151475694444444,8,0.0861328125,4,0.07749565972222222,0,0,0
float32-round-even-staged,fx-zoom-lens,0.9,True,True,0.07634548611111111,0,0.07317708333333334,4,0.06625434027777778,0,0,0
float32-round-even-staged,fx-zoom-lens,1.5,True,True,0.08849826388888889,8,0.08969184027777778,4,0.08821614583333333,8,0,0
float32-round-even-staged,fx-zoom-lens,2.1,True,True,0.09401041666666667,8,0.08784722222222222,4,0.07983940972222223,0,0,0
float32-round-even-staged,fx-ct-picture-bumps,0.3,True,True,0.10464409722222222,8,0.11104600694444444,4,0.08888888888888889,8,0,0
float32-round-even-staged,fx-ct-picture-bumps,0.9,True,True,0.05277777777777778,0,0.04984809027777778,4,0.04494357638888889,0,0,0
float32-round-even-staged,fx-ct-picture-bumps,1.5,True,True,0.10017361111111112,8,0.12057291666666667,4,0.1048828125,8,0,0
float32-round-even-staged,fx-ct-picture-bumps,2.1,True,True,0.07233072916666666,0,0.07428385416666666,4,0.06460503472222222,0,0,0
float32-round-even-staged,fx-ct-background-fit,0.3,True,True,0.024631076388888888,0,0.013693576388888889,0,0.009027777777777777,0,0,0
float32-round-even-staged,fx-ct-background-fit,0.9,True,True,0.16918402777777777,8,0.14144965277777777,4,0.10616319444444444,8,0,0
float32-round-even-staged,fx-ct-background-fit,1.5,True,True,0.10805121527777778,8,0.10199652777777778,4,0.09429253472222222,8,0,0
float32-round-even-staged,fx-ct-background-fit,2.1,True,True,0.11779513888888889,8,0.10733506944444444,4,0.09097222222222222,8,0,0
float32-round-even-staged,fx-ct-astral,0.3,True,True,0.08231336805555556,8,0.07174479166666667,4,0.05883246527777778,0,0,0
float32-round-even-staged,fx-ct-astral,0.9,True,True,0.10154079861111111,8,0.09984809027777777,4,0.0787109375,0,0,0
float32-round-even-staged,fx-ct-astral,1.5,True,True,0.08719618055555556,8,0.07267795138888888,4,0.06124131944444444,0,0,0
float32-round-even-staged,fx-ct-astral,2.1,True,True,0.10987413194444444,8,0.10885416666666667,4,0.08600260416666666,8,0,0
float32-round-even-staged,fx-cc-wobbly-flash,0.3,True,True,0.0915798611111111,8,0.10271267361111111,4,0.07999131944444444,0,0,0
float32-round-even-staged,fx-cc-wobbly-flash,0.9,True,True,0.11247829861111111,8,0.09305555555555556,4,0.08448350694444444,8,0,0
float32-round-even-staged,fx-cc-wobbly-flash,1.5,True,True,0.09800347222222222,8,0.08608940972222222,4,0.08114149305555556,0,0,0
float32-round-even-staged,fx-cc-wobbly-flash,2.1,True,True,0.09778645833333334,8,0.09774305555555556,4,0.075,0,0,0
float32-round-even-staged,fx-cc-feverish,0.3,True,True,0.058051215277777776,0,0.07927517361111111,4,0.052821180555555555,0,0,0
float32-round-even-staged,fx-cc-feverish,0.9,False,False,6.622482638888889,17,18.372135416666666,29,14.506727430555555,25,0,0
float32-round-even-staged,fx-cc-feverish,1.5,True,True,0.06417100694444444,0,0.07686631944444444,4,0.05681423611111111,0,0,0
float32-round-even-staged,fx-cc-feverish,2.1,True,True,0.05232204861111111,0,0.07777777777777778,4,0.054144965277777776,0,0,0
float32-round-even-staged,fx-ct-tension-zoom,0.3,True,True,0.09800347222222222,8,0.09715711805555556,4,0.08854166666666667,8,0,0
float32-round-even-staged,fx-ct-tension-zoom,0.9,True,True,0.08513454861111111,8,0.08591579861111111,4,0.0788845486111111,0,0,0
float32-round-even-staged,fx-ct-tension-zoom,1.5,True,True,0.08626302083333333,8,0.0827907986111111,4,0.09220920138888888,8,0,0
float32-round-even-staged,fx-ct-tension-zoom,2.1,True,True,0.09741753472222223,8,0.09418402777777778,4,0.08726128472222222,8,0,0
float32-round-even-staged,fx-ct-negative,0.3,True,True,0.04754774305555556,0,0.041276041666666666,4,0.0396484375,0,0,0
float32-round-even-staged,fx-ct-negative,0.9,True,True,0.04602864583333333,0,0.043684895833333334,4,0.039496527777777776,0,0,0
float32-round-even-staged,fx-ct-negative,1.5,True,True,0.04529079861111111,0,0.04309895833333333,4,0.03511284722222222,0,0,0
float32-round-even-staged,fx-ct-negative,2.1,True,True,0.045073784722222225,0,0.045182291666666666,4,0.039388020833333336,0,0,0
float32-round-even-staged,fx-ct-cut-shift,0.3,False,False,6.964279513888889,91,7.589908854166667,93,8.153732638888888,107,0,0
float32-round-even-staged,fx-ct-cut-shift,0.9,True,True,0.05180121527777778,0,0.057530381944444445,4,0.05486111111111111,0,0,0
float32-round-even-staged,fx-ct-cut-shift,1.5,False,False,7.162912326388889,75,7.335698784722222,77,7.602473958333333,74,0,0
float32-round-even-staged,fx-ct-cut-shift,2.1,True,True,0.2232421875,8,0.2249782986111111,4,0.23140190972222222,8,0,0
float32-round-even-staged,fx-ct-effect-mashup,0.3,True,True,0.024479166666666666,0,0.021484375,0,0.01577690972222222,0,0,0
float32-round-even-staged,fx-ct-effect-mashup,0.9,True,True,0.06024305555555556,0,0.043511284722222224,4,0.055815972222222225,0,0,0
float32-round-even-staged,fx-ct-effect-mashup,1.5,True,True,0.08869357638888889,8,0.08817274305555556,4,0.08179253472222223,0,0,0
float32-round-even-staged,fx-ct-effect-mashup,2.1,True,True,0.0712890625,0,0.0642578125,4,0.06226128472222222,0,0,0
float32-round-even-staged,fx-ct-hexagonal-spot,0.3,True,True,0.039778645833333334,0,0.05182291666666667,4,0.042144097222222225,0,0,0
float32-round-even-staged,fx-ct-hexagonal-spot,0.9,True,True,0.07619357638888889,0,0.064453125,4,0.0640625,0,0,0
float32-round-even-staged,fx-ct-hexagonal-spot,1.5,True,True,0.2433810763888889,8,0.049370659722222224,4,0.044205729166666666,0,0,0
float32-round-even-staged,fx-ct-hexagonal-spot,2.1,True,True,0.05141059027777778,0,0.08090277777777778,4,0.05358072916666667,0,0,0
float32-round-even-staged,fx-ct-broken-shine,0.3,True,True,0.07120225694444444,0,0.07864583333333333,4,0.07109375,0,0,0
float32-round-even-staged,fx-ct-broken-shine,0.9,True,True,0.06315104166666667,0,0.0646484375,4,0.05855034722222222,0,0,0
float32-round-even-staged,fx-ct-broken-shine,1.5,True,True,0.04663628472222222,0,0.040234375,0,0.04038628472222222,0,0,0
float32-round-even-staged,fx-ct-broken-shine,2.1,True,True,0.06534288194444444,0,0.06356336805555556,4,0.05950520833333333,0,0,0
float32-round-even-staged,fx-cc-move-cloud,0.3,True,True,0.08370225694444444,8,0.06677517361111111,4,0.07727864583333334,0,0,0
float32-round-even-staged,fx-cc-move-cloud,0.9,True,True,0.04865451388888889,0,0.0423828125,4,0.029383680555555555,0,0,0
float32-round-even-staged,fx-cc-move-cloud,1.5,True,True,0.04982638888888889,0,0.04136284722222222,4,0.031749131944444446,0,0,0
float32-round-even-staged,fx-cc-move-cloud,2.1,True,True,0.06905381944444444,0,0.071875,4,0.0754123263888889,0,0,0
float32-round-even-staged,fx-ct-grim-neo,0.3,True,True,0.07473958333333333,0,0.0806640625,4,0.07892795138888889,0,0,0
float32-round-even-staged,fx-ct-grim-neo,0.9,True,True,0.07298177083333333,0,0.06957465277777777,4,0.07424045138888889,0,0,0
float32-round-even-staged,fx-ct-grim-neo,1.5,True,True,0.06940104166666666,0,0.07801649305555555,4,0.07020399305555555,0,0,0
float32-round-even-staged,fx-ct-grim-neo,2.1,True,True,0.07897135416666666,0,0.0771484375,4,0.07890625,0,0,0
float32-round-even-staged,fx-ct-chaotic-heat,0.3,False,False,24.29001736111111,99,25.77580295138889,138,15.290516493055556,83,0,0
float32-round-even-staged,fx-ct-chaotic-heat,0.9,False,False,2.1982421875,17,2.7743706597222224,25,1.3176215277777779,17,0,0
float32-round-even-staged,fx-ct-chaotic-heat,1.5,False,False,29.455794270833334,123,35.31319444444444,154,18.31640625,140,0,0
float32-round-even-staged,fx-ct-chaotic-heat,2.1,False,False,9.009309895833333,131,8.758875868055556,121,4.751844618055555,107,0,0
float32-round-even-staged,fx-ct-delicate-rays,0.3,True,True,0.13869357638888888,8,0.11397569444444444,4,0.12482638888888889,8,0,0
float32-round-even-staged,fx-ct-delicate-rays,0.9,True,True,0.13023003472222222,8,0.11169704861111111,4,0.10531684027777778,8,0,0
float32-round-even-staged,fx-ct-delicate-rays,1.5,True,True,0.12797309027777778,8,0.1169704861111111,4,0.10023871527777778,8,0,0
float32-round-even-staged,fx-ct-delicate-rays,2.1,True,True,0.12901475694444445,8,0.11475694444444444,4,0.10883246527777778,8,0,0
float32-round-even-staged,fx-ct-shine-zoom,0.3,True,True,0.02478298611111111,0,0.019596354166666666,0,0.01955295138888889,0,0,0
float32-round-even-staged,fx-ct-shine-zoom,0.9,True,True,0.028276909722222222,0,0.026323784722222222,0,0.0255859375,0,0,0
float32-round-even-staged,fx-ct-shine-zoom,1.5,True,True,0.10286458333333333,8,0.10481770833333333,4,0.09769965277777778,8,0,0
float32-round-even-staged,fx-ct-shine-zoom,2.1,True,True,0.02035590277777778,0,0.021072048611111113,0,0.022200520833333334,0,0,0
float32-round-even-staged,fx-ct-magical-tome,0.3,True,True,0.07326388888888889,0,0.06927083333333334,4,0.050065104166666666,0,0,0
float32-round-even-staged,fx-ct-magical-tome,0.9,True,True,0.07710503472222222,0,0.06764322916666667,4,0.0494140625,0,0,0
float32-round-even-staged,fx-ct-magical-tome,1.5,True,True,0.07534722222222222,0,0.07003038194444444,4,0.04763454861111111,0,0,0
float32-round-even-staged,fx-ct-magical-tome,2.1,True,True,0.07608506944444444,0,0.06673177083333333,4,0.05353732638888889,0,0,0
float32-round-even-staged,fx-ct-phone-cube,0.3,True,True,0.06397569444444444,0,0.0632595486111111,4,0.058441840277777775,0,0,0
float32-round-even-staged,fx-ct-phone-cube,0.9,True,True,0.06395399305555556,0,0.06085069444444444,4,0.05596788194444444,0,0,0
float32-round-even-staged,fx-ct-phone-cube,1.5,True,True,0.05342881944444444,0,0.05553385416666667,4,0.05774739583333333,0,0,0
float32-round-even-staged,fx-ct-phone-cube,2.1,True,True,0.061024305555555554,0,0.06180555555555556,4,0.06299913194444444,0,0,0
float32-round-even-staged,fx-ct-grim-reaper,0.3,True,True,0.053211805555555554,0,0.06779513888888888,4,0.06497395833333333,0,0,0
float32-round-even-staged,fx-ct-grim-reaper,0.9,True,True,0.04921875,0,0.06154513888888889,4,0.05967881944444445,0,0,0
float32-round-even-staged,fx-ct-grim-reaper,1.5,True,True,0.04911024305555556,0,0.052734375,4,0.05852864583333333,0,0,0
float32-round-even-staged,fx-ct-grim-reaper,2.1,True,True,0.046050347222222225,0,0.05407986111111111,4,0.059309895833333334,0,0,0
float32-round-even-staged,fx-ct-phone-zoom,0.3,True,True,0.06072048611111111,0,0.0603515625,4,0.05447048611111111,0,0,0
float32-round-even-staged,fx-ct-phone-zoom,0.9,True,True,0.08335503472222222,8,0.07389322916666667,4,0.07322048611111111,0,0,0
float32-round-even-staged,fx-ct-phone-zoom,1.5,True,True,0.1478515625,8,0.14487847222222222,4,0.13003472222222223,8,0,0
float32-round-even-staged,fx-ct-phone-zoom,2.1,True,True,0.0634765625,0,0.06095920138888889,4,0.05026041666666667,0,0,0
float32-round-even-staged,fx-cc-chromatic,0.3,True,True,0.06677517361111111,0,0.0740017361111111,4,0.09898003472222222,8,0,0
float32-round-even-staged,fx-cc-chromatic,0.9,True,True,0.1150390625,8,0.07183159722222222,4,0.3712022569444444,8,0,0
float32-round-even-staged,fx-cc-chromatic,1.5,True,True,0.07139756944444445,0,0.06675347222222222,4,0.059895833333333336,0,0,0
float32-round-even-staged,fx-cc-chromatic,2.1,True,True,0.08619791666666667,8,0.11799045138888889,4,0.36378038194444445,8,0,0
float32-round-even-staged,fx-cc-ripple,0.3,True,True,0.14945746527777778,8,0.14153645833333334,4,0.12061631944444444,8,0,0
float32-round-even-staged,fx-cc-ripple,0.9,True,True,0.14069010416666666,8,0.13713107638888888,4,0.13088107638888888,8,0,0
float32-round-even-staged,fx-cc-ripple,1.5,True,True,0.09361979166666666,8,0.09375,4,0.08559027777777778,8,0,0
float32-round-even-staged,fx-cc-ripple,2.1,True,True,0.1427734375,8,0.14348958333333334,4,0.1320095486111111,8,0,0
float32-round-even-staged,fx-cc-retro-flicker,0.3,False,False,9.426302083333333,25,9.449826388888889,28,9.406184895833333,25,0,0
float32-round-even-staged,fx-cc-retro-flicker,0.9,False,False,8.711046006944445,25,8.904578993055555,28,8.973546006944444,25,0,0
float32-round-even-staged,fx-cc-retro-flicker,1.5,False,False,8.58962673611111,25,8.52947048611111,25,8.446419270833333,25,0,0
float32-round-even-staged,fx-cc-retro-flicker,2.1,False,False,11.470638020833333,41,10.924652777777778,40,10.27734375,33,0,0
float32-round-even-staged,fx-cc-handheld,0.3,True,True,0.09305555555555556,8,0.09782986111111111,4,0.0812717013888889,0,0,0
float32-round-even-staged,fx-cc-handheld,0.9,True,True,0.11343315972222222,8,0.10193142361111111,4,0.08973524305555555,8,0,0
float32-round-even-staged,fx-cc-handheld,1.5,True,True,0.09383680555555556,8,0.10375434027777777,4,0.08305121527777778,8,0,0
float32-round-even-staged,fx-cc-handheld,2.1,True,True,0.0984375,8,0.09561631944444444,4,0.08515625,8,0,0
float32-round-even-staged,fx-cc-film-wave,0.3,True,True,0.13763020833333334,8,0.13059895833333332,4,0.1265842013888889,8,0,0
float32-round-even-staged,fx-cc-film-wave,0.9,True,True,0.12745225694444445,8,0.1320095486111111,4,0.12022569444444445,8,0,0
float32-round-even-staged,fx-cc-film-wave,1.5,True,True,0.1408203125,8,0.13585069444444445,4,0.11970486111111112,8,0,0
float32-round-even-staged,fx-cc-film-wave,2.1,True,True,0.14396701388888888,8,0.1303168402777778,4,0.12072482638888889,8,0,0
float32-round-even-staged,fx-cc-wiggle-flicker,0.3,False,False,32.926974826388886,156,33.05201822916667,170,33.53608940972222,189,0,0
float32-round-even-staged,fx-cc-wiggle-flicker,0.9,False,False,24.206944444444446,132,24.22775607638889,134,23.800737847222223,140,0,0
float32-round-even-staged,fx-cc-wiggle-flicker,1.5,False,False,2.046462673611111,25,1.7150607638888888,16,2.7052734375,25,0,0
float32-round-even-staged,fx-cc-wiggle-flicker,2.1,False,False,10.463519965277778,91,10.389605034722223,97,10.604210069444445,107,0,0
float32-round-even-staged,fx-cc-bw-slider,0.3,True,True,0.11436631944444445,8,0.10523003472222223,4,0.10379774305555556,8,0,0
float32-round-even-staged,fx-cc-bw-slider,0.9,True,True,0.11436631944444445,8,0.13059895833333332,4,0.11371527777777778,8,0,0
float32-round-even-staged,fx-cc-bw-slider,1.5,True,True,0.10002170138888888,8,0.09674479166666666,4,0.08422309027777777,8,0,0
float32-round-even-staged,fx-cc-bw-slider,2.1,True,True,0.11703559027777778,8,0.11677517361111112,4,0.10974392361111111,8,0,0
float32-round-even-staged,fx-cc-hex-split,0.3,False,False,5.661306423611111,83,5.226671006944445,77,4.695247395833333,66,0,0
float32-round-even-staged,fx-cc-hex-split,0.9,False,False,7.8083984375,99,7.203689236111111,89,6.4599609375,82,0,0
float32-round-even-staged,fx-cc-hex-split,1.5,False,False,7.6419921875,99,6.990928819444444,93,6.223784722222222,82,0,0
float32-round-even-staged,fx-cc-hex-split,2.1,False,False,6.727864583333333,99,6.175260416666666,89,5.489995659722222,75,0,0
float32-round-even-staged,fx-cc-shimmer-360,0.3,True,True,0.10907118055555555,8,0.09765625,4,0.07437065972222222,0,0,0
float32-round-even-staged,fx-cc-shimmer-360,0.9,True,True,0.08530815972222222,8,0.07534722222222222,4,0.06614583333333333,0,0,0
float32-round-even-staged,fx-cc-shimmer-360,1.5,True,True,0.08858506944444444,8,0.07191840277777778,4,0.055512152777777775,0,0,0
float32-round-even-staged,fx-cc-shimmer-360,2.1,True,True,0.0828125,8,0.08142361111111111,4,0.06393229166666667,0,0,0
float32-round-even-staged,fx-cc-dynamic-blur,0.3,True,True,0.06963975694444445,0,0.07278645833333333,4,0.06942274305555556,0,0,0
float32-round-even-staged,fx-cc-dynamic-blur,0.9,True,True,0.07923177083333334,0,0.07630208333333334,4,0.06872829861111111,0,0,0
float32-round-even-staged,fx-cc-dynamic-blur,1.5,True,True,0.08337673611111111,8,0.07838541666666667,4,0.08168402777777778,0,0,0
float32-round-even-staged,fx-cc-dynamic-blur,2.1,True,True,0.07337239583333334,0,0.06399739583333333,4,0.06822916666666666,0,0,0
float32-round-even-staged,fx-cc-rebound-swing,0.3,True,True,0.12964409722222223,8,0.12211371527777778,4,0.10909288194444444,8,0,0
float32-round-even-staged,fx-cc-rebound-swing,0.9,True,True,0.1325954861111111,8,0.11783854166666667,4,0.10529513888888889,8,0,0
float32-round-even-staged,fx-cc-rebound-swing,1.5,True,True,0.12788628472222222,8,0.12272135416666667,4,0.10540364583333334,8,0,0
float32-round-even-staged,fx-cc-rebound-swing,2.1,True,True,0.12578125,8,0.11716579861111111,4,0.10668402777777777,8,0,0
float32-round-even-staged,fx-cc-cut-twist,0.3,True,True,0.13033854166666667,8,0.11345486111111111,4,0.10690104166666667,8,0,0
float32-round-even-staged,fx-cc-cut-twist,0.9,True,True,0.131640625,8,0.12378472222222223,4,0.11701388888888889,8,0,0
float32-round-even-staged,fx-cc-cut-twist,1.5,True,True,0.10460069444444445,8,0.1042751736111111,4,0.10284288194444445,8,0,0
float32-round-even-staged,fx-cc-cut-twist,2.1,True,True,0.13057725694444444,8,0.11221788194444444,4,0.10930989583333334,8,0,0
float32-round-even-staged,fx-cc-bg-copies,0.3,True,True,0.23830295138888888,8,0.20438368055555556,4,0.16375868055555556,0,0,0
float32-round-even-staged,fx-cc-bg-copies,0.9,True,True,0.2173394097222222,8,0.1886935763888889,4,0.14906684027777778,0,0,0
float32-round-even-staged,fx-cc-bg-copies,1.5,True,True,0.20737847222222222,8,0.18155381944444443,4,0.14661458333333333,0,0,0
float32-round-even-staged,fx-cc-bg-copies,2.1,True,True,0.2228515625,8,0.18624131944444444,4,0.15926649305555557,8,0,0
float32-round-even-staged,fx-cc-camera-punch,0.3,True,True,0.09212239583333333,8,0.09546440972222223,4,0.08645833333333333,8,0,0
float32-round-even-staged,fx-cc-camera-punch,0.9,True,True,0.09822048611111112,8,0.09014756944444445,4,0.07658420138888888,0,0,0
float32-round-even-staged,fx-cc-camera-punch,1.5,True,True,0.08858506944444444,8,0.08580729166666666,4,0.09105902777777777,8,0,0
float32-round-even-staged,fx-cc-camera-punch,2.1,True,True,0.08385416666666666,8,0.08302951388888889,4,0.07174479166666667,0,0,0
float32-round-even-staged,fx-cc-heart-ascent,0.3,False,False,1.1796657986111112,9,0.7058810763888889,12,0.6447048611111111,8,0,0
float32-round-even-staged,fx-cc-heart-ascent,0.9,False,False,1.6682942708333333,33,0.7785807291666667,37,0.9295138888888889,9,0,0
float32-round-even-staged,fx-cc-heart-ascent,1.5,False,False,1.6576605902777777,41,0.7875,37,0.9844401041666667,16,0,0
float32-round-even-staged,fx-cc-heart-ascent,2.1,False,False,1.7548177083333334,41,0.9597005208333333,45,1.0801432291666666,25,0,0
float32-round-even-staged,fx-cc-butterfly,0.3,True,True,0.08784722222222222,8,0.08548177083333333,4,0.07571614583333333,0,0,0
float32-round-even-staged,fx-cc-butterfly,0.9,True,True,0.08459201388888889,8,0.07934027777777777,4,0.08057725694444444,0,0,0
float32-round-even-staged,fx-cc-butterfly,1.5,True,True,0.11063368055555556,8,0.08949652777777778,4,0.09854600694444444,8,0,0
float32-round-even-staged,fx-cc-butterfly,2.1,True,True,0.0949435763888889,8,0.08780381944444444,4,0.08233506944444445,0,0,0
float32-round-even-staged,fx-cc-butterfly-dream,0.3,True,True,0.07239583333333334,0,0.07076822916666667,4,0.07387152777777778,0,0,0
float32-round-even-staged,fx-cc-butterfly-dream,0.9,True,True,0.08687065972222222,8,0.06616753472222223,4,0.0763671875,0,0,0
float32-round-even-staged,fx-cc-butterfly-dream,1.5,True,True,0.07938368055555556,0,0.07026909722222222,4,0.07554253472222222,0,0,0
float32-round-even-staged,fx-cc-butterfly-dream,2.1,True,True,0.07938368055555556,0,0.07098524305555555,4,0.07029079861111111,0,0,0
float32-round-even-staged,fx-cc-leak-warm,0.3,True,True,0.10336371527777778,8,0.09878472222222222,4,0.101171875,8,0,0
float32-round-even-staged,fx-cc-leak-warm,0.9,True,True,0.10227864583333333,8,0.0998046875,4,0.10186631944444445,8,0,0
float32-round-even-staged,fx-cc-leak-warm,1.5,True,True,0.11295572916666667,8,0.10065104166666666,4,0.10388454861111111,8,0,0
float32-round-even-staged,fx-cc-leak-warm,2.1,True,True,0.10852864583333334,8,0.09765625,4,0.10093315972222222,8,0,0
float32-round-even-staged,fx-cc-leak-neon,0.3,True,True,0.05796440972222222,0,0.04880642361111111,4,0.04722222222222222,0,0,0
float32-round-even-staged,fx-cc-leak-neon,0.9,True,True,0.0812717013888889,0,0.07111545138888889,4,0.0671875,0,0,0
float32-round-even-staged,fx-cc-leak-neon,1.5,True,True,0.07756076388888888,0,0.0793185763888889,4,0.06319444444444444,0,0,0
float32-round-even-staged,fx-cc-leak-neon,2.1,True,True,0.07604166666666666,0,0.06631944444444444,4,0.06065538194444445,0,0,0
float32-round-even-staged,fx-cc-vignette-rose,0.3,True,True,0.08543836805555556,8,0.06692708333333333,4,0.0681423611111111,0,0,0
float32-round-even-staged,fx-cc-vignette-rose,0.9,True,True,0.08984375,8,0.06649305555555556,4,0.061046006944444446,0,0,0
float32-round-even-staged,fx-cc-vignette-rose,1.5,True,True,0.08005642361111111,0,0.07417534722222222,4,0.06486545138888888,0,0,0
float32-round-even-staged,fx-cc-vignette-rose,2.1,True,True,0.09097222222222222,8,0.07024739583333334,4,0.06692708333333333,0,0,0
float32-round-even-staged,fx-cc-falling-petals,0.3,True,True,0.08266059027777778,0,0.06888020833333333,4,0.064453125,0,0,0
float32-round-even-staged,fx-cc-falling-petals,0.9,True,True,0.06881510416666667,0,0.07610677083333334,4,0.06501736111111112,0,0,0
float32-round-even-staged,fx-cc-falling-petals,1.5,True,True,0.09075520833333334,0,0.068359375,4,0.0661892361111111,0,0,0
float32-round-even-staged,fx-cc-falling-petals,2.1,True,True,0.09251302083333333,0,0.06525607638888889,4,0.06059027777777778,0,0,0
float32-round-even-staged,fx-cc-smoky-focus,0.3,True,True,0.06723090277777778,0,0.06432291666666666,4,0.06187065972222222,0,0,0
float32-round-even-staged,fx-cc-smoky-focus,0.9,True,True,0.07211371527777778,0,0.07022569444444444,4,0.064453125,0,0,0
float32-round-even-staged,fx-cc-smoky-focus,1.5,True,True,0.06525607638888889,0,0.07029079861111111,4,0.057356770833333334,0,0,0
float32-round-even-staged,fx-cc-smoky-focus,2.1,True,True,0.07048611111111111,0,0.06953125,4,0.05661892361111111,0,0,0
float32-round-even-staged,fx-cc-vintage-film,0.3,False,False,8.716319444444444,25,8.347916666666666,25,7.853233506944444,25,0,0
float32-round-even-staged,fx-cc-vintage-film,0.9,False,False,9.769140625,33,9.178407118055556,28,8.359331597222223,25,0,0
float32-round-even-staged,fx-cc-vintage-film,1.5,False,False,11.765169270833333,42,10.981684027777778,41,9.804991319444444,33,0,0
float32-round-even-staged,fx-cc-vintage-film,2.1,False,False,5.469270833333334,17,5.452799479166667,20,5.446875,17,0,0
float32-round-even-staged,fx-cc-stellar,0.3,True,True,0.11627604166666666,8,0.094140625,4,0.09581163194444445,8,0,0
float32-round-even-staged,fx-cc-stellar,0.9,True,True,0.12005208333333334,8,0.09861111111111111,4,0.10006510416666667,8,0,0
float32-round-even-staged,fx-cc-stellar,1.5,True,True,0.12133246527777777,8,0.11098090277777778,4,0.1037326388888889,8,0,0
float32-round-even-staged,fx-cc-stellar,2.1,True,True,0.13704427083333334,8,0.10974392361111111,4,0.10657552083333334,8,0,0
float32-round-even-staged,fx-cc-border-current,0.3,True,True,0.07072482638888888,0,0.0642578125,4,0.06401909722222222,0,0,0
float32-round-even-staged,fx-cc-border-current,0.9,True,True,0.071875,0,0.065625,4,0.05622829861111111,0,0,0
float32-round-even-staged,fx-cc-border-current,1.5,True,True,0.05755208333333333,0,0.059830729166666666,4,0.06796875,0,0,0
float32-round-even-staged,fx-cc-border-current,2.1,True,True,0.06801215277777778,0,0.05987413194444444,4,0.05297309027777778,0,0,0
float32-round-even-staged,fx-cc-ink-spill,0.3,True,True,0.05985243055555556,0,0.04583333333333333,4,0.05078125,0,0,0
float32-round-even-staged,fx-cc-ink-spill,0.9,True,True,0.016493055555555556,0,0.01482204861111111,0,0.013823784722222222,0,0,0
float32-round-even-staged,fx-cc-ink-spill,1.5,True,True,0.02263454861111111,0,0.0283203125,0,0.0251953125,0,0,0
float32-round-even-staged,fx-cc-ink-spill,2.1,True,True,0.10416666666666667,8,0.09839409722222223,4,0.10416666666666667,8,0,0
float32-round-even-staged,fx-cc-exploding-love,0.3,False,False,8.513237847222221,140,4.1546006944444445,69,3.8818359375,58,0,0
float32-round-even-staged,fx-cc-exploding-love,0.9,False,False,2.9817708333333335,66,1.7584635416666667,40,1.6435980902777778,33,0,0
float32-round-even-staged,fx-cc-exploding-love,1.5,True,True,0.15518663194444443,8,0.11417100694444444,4,0.10308159722222222,8,0,0
float32-round-even-staged,fx-cc-exploding-love,2.1,False,False,6.318402777777778,115,3.5419921875,65,3.279861111111111,57,0,0
float32-round-even-staged,fx-cc-damaged-vignette,0.3,True,True,0.046549479166666664,0,0.06291232638888888,4,0.032313368055555555,0,0,0
float32-round-even-staged,fx-cc-damaged-vignette,0.9,True,True,0.04826388888888889,0,0.0642361111111111,4,0.03170572916666667,0,0,0
float32-round-even-staged,fx-cc-damaged-vignette,1.5,True,True,0.04683159722222222,0,0.06597222222222222,4,0.03532986111111111,0,0,0
float32-round-even-staged,fx-cc-damaged-vignette,2.1,True,True,0.048111979166666666,0,0.05911458333333333,4,0.03428819444444445,0,0,0
float32-round-even-staged,fx-cc-firefly,0.3,False,False,2.9376736111111112,50,2.672113715277778,52,1.3930121527777777,25,0,0
float32-round-even-staged,fx-cc-firefly,0.9,False,False,6.901540798611111,107,6.025651041666666,97,2.9912977430555556,49,0,0
float32-round-even-staged,fx-cc-firefly,1.5,False,False,6.4388671875,99,5.6826171875,89,2.8746961805555555,49,0,0
float32-round-even-staged,fx-cc-firefly,2.1,False,False,4.514756944444445,74,4.0494140625,73,2.055056423611111,33,0,0
float32-round-even-staged,fx-cc-misty-tint,0.3,True,True,0.10863715277777777,8,0.10859375,4,0.11046006944444445,8,0,0
float32-round-even-staged,fx-cc-misty-tint,0.9,True,True,0.1048828125,8,0.11126302083333334,4,0.10247395833333334,8,0,0
float32-round-even-staged,fx-cc-misty-tint,1.5,True,True,0.10520833333333333,8,0.1138671875,4,0.10887586805555556,8,0,0
float32-round-even-staged,fx-cc-misty-tint,2.1,True,True,0.10690104166666667,8,0.10698784722222222,4,0.0978515625,8,0,0
float32-round-even-staged,fx-cc-sepia-cool,0.3,False,False,3.630121527777778,16,3.6303602430555557,12,3.654665798611111,16,0,0
float32-round-even-staged,fx-cc-sepia-cool,0.9,False,False,3.3695746527777777,9,3.3639756944444446,12,3.3518880208333335,16,0,0
float32-round-even-staged,fx-cc-sepia-cool,1.5,False,False,3.147092013888889,9,3.1436631944444446,12,3.1210503472222224,9,0,0
float32-round-even-staged,fx-cc-sepia-cool,2.1,False,False,2.8731987847222222,9,2.8713758680555554,12,2.883072916666667,9,0,0
float32-round-even-staged,fx-cc-snow-night,0.3,True,True,0.15421006944444443,8,0.09796006944444445,4,0.11362847222222222,8,0,0
float32-round-even-staged,fx-cc-snow-night,0.9,True,True,0.14596354166666667,8,0.10334201388888889,4,0.112890625,8,0,0
float32-round-even-staged,fx-cc-snow-night,1.5,True,True,0.148828125,8,0.1032986111111111,4,0.11451822916666667,8,0,0
float32-round-even-staged,fx-cc-snow-night,2.1,True,True,0.1529513888888889,8,0.10004340277777778,4,0.11215277777777778,8,0,0
float32-round-even-staged,fx-cc-rain,0.3,True,True,0.08450520833333333,8,0.06768663194444445,4,0.08932291666666667,8,0,0
float32-round-even-staged,fx-cc-rain,0.9,True,True,0.08543836805555556,8,0.06512586805555555,4,0.09086371527777778,8,0,0
float32-round-even-staged,fx-cc-rain,1.5,True,True,0.08641493055555556,8,0.065625,4,0.08528645833333333,0,0,0
float32-round-even-staged,fx-cc-rain,2.1,True,True,0.07309027777777778,0,0.07328559027777778,4,0.08426649305555556,0,0,0
float32-round-even-staged,fx-cc-rose-bloom,0.3,False,False,1.6487413194444445,66,1.3174696180555556,56,0.9673177083333333,32,0,0
float32-round-even-staged,fx-cc-rose-bloom,0.9,False,False,1.4523654513888888,50,1.342165798611111,57,0.8969835069444444,32,0,0
float32-round-even-staged,fx-cc-rose-bloom,1.5,False,False,2.1667100694444446,91,0.9456380208333334,37,0.6563802083333333,25,0,0
float32-round-even-staged,fx-cc-rose-bloom,2.1,False,False,2.9012803819444444,123,0.9962239583333333,33,0.9316623263888889,25,0,0
float32-round-even-staged,fx-cc-sparkle-shine,0.3,True,True,0.06742621527777778,0,0.059071180555555554,4,0.05694444444444444,0,0,0
float32-round-even-staged,fx-cc-sparkle-shine,0.9,True,True,0.0673828125,0,0.05740017361111111,4,0.05601128472222222,0,0,0
float32-round-even-staged,fx-cc-sparkle-shine,1.5,True,True,0.06686197916666667,0,0.06453993055555556,4,0.058333333333333334,0,0,0
float32-round-even-staged,fx-cc-sparkle-shine,2.1,True,True,0.07194010416666667,0,0.06306423611111112,4,0.05579427083333333,0,0,0
float32-round-even-staged,fx-cc-color-pixel,0.3,True,False,0.3397352430555556,9,0.2224609375,4,0.23891059027777778,8,0,0
float32-round-even-staged,fx-cc-color-pixel,0.9,True,True,0.3268012152777778,8,0.1965060763888889,4,0.17545572916666666,8,0,0
float32-round-even-staged,fx-cc-color-pixel,1.5,True,True,0.12990451388888888,8,0.18025173611111112,4,0.20501302083333334,8,0,0
float32-round-even-staged,fx-cc-color-pixel,2.1,True,True,0.12352430555555556,8,0.1818142361111111,4,0.2290581597222222,8,0,0
float32-round-even-staged,fx-cc-pixel-blocks,0.3,True,True,0.10768229166666667,8,0.10451388888888889,4,0.08483072916666666,8,0,0
float32-round-even-staged,fx-cc-pixel-blocks,0.9,True,True,0.09605034722222222,8,0.07493489583333333,4,0.07044270833333334,0,0,0
float32-round-even-staged,fx-cc-pixel-blocks,1.5,True,True,0.12367621527777778,8,0.11842447916666667,4,0.09754774305555555,8,0,0
float32-round-even-staged,fx-cc-pixel-blocks,2.1,True,True,0.13036024305555555,8,0.09958767361111111,4,0.08324652777777777,8,0,0
float32-round-even-staged,fx-cc-pixel-mutant,0.3,True,True,0.11870659722222222,8,0.09973958333333334,4,0.0880859375,8,0,0
float32-round-even-staged,fx-cc-pixel-mutant,0.9,False,False,3.7373480902777776,107,3.792751736111111,117,3.833029513888889,107,0,0
float32-round-even-staged,fx-cc-pixel-mutant,1.5,True,True,0.1263454861111111,8,0.10559895833333334,4,0.12890625,8,0,0
float32-round-even-staged,fx-cc-pixel-mutant,2.1,True,True,0.09561631944444444,8,0.09038628472222222,4,0.07708333333333334,0,0,0
float32-round-even-staged,fx-cc-pixel-art,0.3,True,True,0.22660590277777778,8,0.15965711805555555,4,0.14144965277777777,8,0,0
float32-round-even-staged,fx-cc-pixel-art,0.9,True,True,0.20607638888888888,8,0.19029947916666667,4,0.09470486111111111,8,0,0
float32-round-even-staged,fx-cc-pixel-art,1.5,True,True,0.19613715277777777,8,0.26360677083333334,4,0.1201171875,8,0,0
float32-round-even-staged,fx-cc-pixel-art,2.1,True,True,0.21019965277777777,8,0.20368923611111112,4,0.13404947916666668,8,0,0
float32-round-even-staged,fx-cc-pixel-universe,0.3,True,True,0.05900607638888889,0,0.048111979166666666,4,0.04663628472222222,0,0,0
float32-round-even-staged,fx-cc-pixel-universe,0.9,True,True,0.04880642361111111,0,0.050868055555555555,4,0.043402777777777776,0,0,0
float32-round-even-staged,fx-cc-pixel-universe,1.5,True,True,0.06712239583333333,0,0.04552951388888889,4,0.04038628472222222,0,0,0
float32-round-even-staged,fx-cc-pixel-universe,2.1,True,True,0.07274305555555556,0,0.05785590277777778,4,0.0513671875,0,0,0
float32-round-even-staged,fx-pb-pixel-scan,0.3,True,True,0.04754774305555556,0,0.041276041666666666,4,0.03982204861111111,0,0,0
float32-round-even-staged,fx-pb-pixel-scan,0.9,True,True,0.06401909722222222,0,0.059092881944444446,4,0.058094618055555554,0,0,0
float32-round-even-staged,fx-pb-pixel-scan,1.5,True,True,0.055078125,0,0.052235243055555554,4,0.040581597222222224,0,0,0
float32-round-even-staged,fx-pb-pixel-scan,2.1,True,True,0.045073784722222225,0,0.045182291666666666,4,0.039388020833333336,0,0,0
float32-round-even-staged,fx-pb-flip-phone,0.3,True,True,0.0548828125,0,0.04431423611111111,4,0.04424913194444444,0,0,0
float32-round-even-staged,fx-pb-flip-phone,0.9,True,True,0.05251736111111111,0,0.045746527777777775,4,0.04806857638888889,0,0,0
float32-round-even-staged,fx-pb-flip-phone,1.5,True,True,0.06388888888888888,0,0.046375868055555554,4,0.044205729166666666,0,0,0
float32-round-even-staged,fx-pb-flip-phone,2.1,True,True,0.06180555555555556,0,0.045182291666666666,4,0.044769965277777775,0,0,0
float32-round-even-staged,fx-pb-pixel-creation,0.3,True,True,0.13287760416666666,8,0.11653645833333333,4,0.04203559027777778,0,0,0
float32-round-even-staged,fx-pb-pixel-creation,0.9,True,True,0.17879774305555557,8,0.1859157986111111,4,0.2197265625,8,0,0
float32-round-even-staged,fx-pb-pixel-creation,1.5,False,False,1.5728081597222223,49,1.4985460069444445,45,1.3873697916666667,41,0,0
float32-round-even-staged,fx-pb-pixel-creation,2.1,True,True,0.04188368055555555,0,0.015885416666666666,0,0.013302951388888888,0,0,0
float32-round-even-staged,fx-pb-pixel-breakdown,0.3,True,True,0.052886284722222225,0,0.05021701388888889,4,0.04220920138888889,0,0,0
float32-round-even-staged,fx-pb-pixel-breakdown,0.9,True,True,0.25581597222222224,0,0.2622612847222222,4,0.2569444444444444,0,0,0
float32-round-even-staged,fx-pb-pixel-breakdown,1.5,True,True,0.028797743055555554,0,0.03454861111111111,0,0.02912326388888889,0,0,0
float32-round-even-staged,fx-pb-pixel-breakdown,2.1,True,True,0.028385416666666666,0,0.0326171875,0,0.02380642361111111,0,0,0
float32-round-even-staged,fx-pb-losing-hp,0.3,True,True,0.05021701388888889,0,0.04251302083333333,4,0.03975694444444444,0,0,0
float32-round-even-staged,fx-pb-losing-hp,0.9,True,True,0.09574652777777778,8,0.08444010416666667,4,0.0927734375,8,0,0
float32-round-even-staged,fx-pb-losing-hp,1.5,True,True,0.04921875,0,0.07925347222222222,4,0.0607421875,0,0,0
float32-round-even-staged,fx-pb-losing-hp,2.1,True,True,0.05319010416666667,0,0.0486328125,4,0.04709201388888889,0,0,0
float32-round-even-staged,fx-pb-sweet-party,0.3,False,False,4.708289930555556,164,3.0155381944444444,137,2.524826388888889,107,0,0
float32-round-even-staged,fx-pb-sweet-party,0.9,False,False,5.695421006944445,165,3.5781901041666666,121,3.5098741319444446,124,0,0
float32-round-even-staged,fx-pb-sweet-party,1.5,False,False,5.673350694444444,164,3.5484375,113,3.530403645833333,115,0,0
float32-round-even-staged,fx-pb-sweet-party,2.1,False,False,5.270247395833334,164,3.2938585069444444,109,2.9594835069444443,115,0,0
float32-round-even-staged,fx-pb-popping-bow,0.3,True,True,0.08248697916666667,8,0.13111979166666668,4,0.04375,0,0,0
float32-round-even-staged,fx-pb-popping-bow,0.9,True,True,0.08778211805555555,8,0.13569878472222222,4,0.04296875,0,0,0
float32-round-even-staged,fx-pb-popping-bow,1.5,True,True,0.09463975694444444,8,0.13589409722222223,4,0.036284722222222225,0,0,0
float32-round-even-staged,fx-pb-popping-bow,2.1,True,True,0.08485243055555555,8,0.1349826388888889,4,0.04259982638888889,0,0,0
float32-round-even-staged,fx-pb-misty-tint,0.3,True,True,0.07615017361111111,0,0.07419704861111111,4,0.07152777777777777,0,0,0
float32-round-even-staged,fx-pb-misty-tint,0.9,True,True,0.07495659722222223,0,0.07473958333333333,4,0.07404513888888889,0,0,0
float32-round-even-staged,fx-pb-misty-tint,1.5,True,True,0.07684461805555555,0,0.0798611111111111,4,0.0740017361111111,0,0,0
float32-round-even-staged,fx-pb-misty-tint,2.1,True,True,0.07766927083333333,0,0.07734375,4,0.07621527777777778,0,0,0
float32-round-even-staged,fx-pb-game-boy,0.3,True,True,0.040364583333333336,0,0.06801215277777778,4,0.022786458333333332,0,0,0
float32-round-even-staged,fx-pb-game-boy,0.9,True,True,0.03493923611111111,0,0.06165364583333333,4,0.028059895833333334,0,0,0
float32-round-even-staged,fx-pb-game-boy,1.5,True,True,0.017339409722222223,0,0.04809027777777778,4,0.019010416666666665,0,0,0
float32-round-even-staged,fx-pb-game-boy,2.1,True,True,0.030837673611111113,0,0.056792534722222225,4,0.02163628472222222,0,0,0
float32-round-even-staged,fx-pb-pixel-dissolve,0.3,True,True,0.1115451388888889,8,0.09375,4,0.09069010416666666,8,0,0
float32-round-even-staged,fx-pb-pixel-dissolve,0.9,True,True,0.058441840277777775,0,0.06427951388888889,4,0.06341145833333334,0,0,0
float32-round-even-staged,fx-pb-pixel-dissolve,1.5,True,True,0.018598090277777778,0,0.019661458333333333,0,0.0166015625,0,0,0
float32-round-even-staged,fx-pb-pixel-dissolve,2.1,True,True,0.028407118055555555,0,0.028059895833333334,0,0.023763020833333332,0,0,0
float32-round-even-staged,fx-pb-bead-art,0.3,True,True,0.07354600694444445,0,0.0703125,4,0.08480902777777778,0,0,0
float32-round-even-staged,fx-pb-bead-art,0.9,True,True,0.11202256944444444,0,0.10850694444444445,4,0.051953125,0,0,0
float32-round-even-staged,fx-pb-bead-art,1.5,True,True,0.10021701388888889,0,0.07992621527777778,4,0.060221354166666664,0,0,0
float32-round-even-staged,fx-pb-bead-art,2.1,True,True,0.07764756944444444,0,0.07899305555555555,4,0.09442274305555555,0,0,0
float32-round-even-staged,fx-pb-pixel-rain,0.3,True,True,0.12300347222222222,8,0.11163194444444445,4,0.11553819444444445,8,0,0
float32-round-even-staged,fx-pb-pixel-rain,0.9,True,True,0.12165798611111112,8,0.10891927083333333,4,0.1076171875,8,0,0
float32-round-even-staged,fx-pb-pixel-rain,1.5,True,True,0.12762586805555556,8,0.11783854166666667,4,0.11236979166666666,8,0,0
float32-round-even-staged,fx-pb-pixel-rain,2.1,True,True,0.13773871527777778,8,0.13174913194444443,4,0.13038194444444445,8,0,0
float32-round-even-staged,fx-st-phone-3d,0.3,True,True,0.055859375,0,0.05538194444444444,4,0.056727430555555555,0,0,0
float32-round-even-staged,fx-st-phone-3d,0.9,True,True,0.05822482638888889,0,0.058051215277777776,4,0.05594618055555556,0,0,0
float32-round-even-staged,fx-st-phone-3d,1.5,True,True,0.06260850694444445,0,0.060069444444444446,4,0.05607638888888889,0,0,0
float32-round-even-staged,fx-st-phone-3d,2.1,True,True,0.05933159722222222,0,0.06030815972222222,4,0.056966145833333336,0,0,0
float32-round-even-staged,fx-st-card-deck,0.3,True,True,0.0675998263888889,0,0.07024739583333334,4,0.058506944444444445,0,0,0
float32-round-even-staged,fx-st-card-deck,0.9,True,True,0.0710720486111111,0,0.06629774305555555,4,0.05733506944444444,0,0,0
float32-round-even-staged,fx-st-card-deck,1.5,True,True,0.06128472222222222,0,0.058680555555555555,4,0.05234375,0,0,0
float32-round-even-staged,fx-st-card-deck,2.1,True,True,0.06948784722222222,0,0.07026909722222222,4,0.06232638888888889,0,0,0
float32-round-even-staged,fx-st-polaroid,0.3,True,True,0.06720920138888889,0,0.06935763888888889,4,0.048741319444444445,0,0,0
float32-round-even-staged,fx-st-polaroid,0.9,True,True,0.08617621527777777,8,0.08220486111111111,4,0.07348090277777777,0,0,0
float32-round-even-staged,fx-st-polaroid,1.5,True,True,0.09303385416666667,8,0.08478732638888889,4,0.07328559027777778,0,0,0
float32-round-even-staged,fx-st-polaroid,2.1,True,True,0.0888671875,8,0.08489583333333334,4,0.06842447916666666,0,0,0
float32-round-even-staged,fx-st-retro-tv,0.3,True,True,0.048567708333333334,0,0.0416015625,4,0.03430989583333333,0,0,0
float32-round-even-staged,fx-st-retro-tv,0.9,True,True,0.04049479166666667,0,0.04578993055555555,4,0.040755208333333334,0,0,0
float32-round-even-staged,fx-st-retro-tv,1.5,False,False,0.3975694444444444,9,0.37254774305555555,4,0.3052517361111111,8,0,0
float32-round-even-staged,fx-st-retro-tv,2.1,True,True,0.3151041666666667,8,0.29034288194444446,4,0.23734809027777778,8,0,0
float32-round-even-staged,fx-st-billboard,0.3,True,True,0.03211805555555555,0,0.032703993055555554,0,0.03138020833333333,0,0,0
float32-round-even-staged,fx-st-billboard,0.9,True,True,0.03771701388888889,0,0.034440104166666666,0,0.03630642361111111,0,0,0
float32-round-even-staged,fx-st-billboard,1.5,True,True,0.03704427083333333,0,0.03331163194444445,0,0.025499131944444444,0,0,0
float32-round-even-staged,fx-st-billboard,2.1,True,True,0.03806423611111111,0,0.030013020833333334,0,0.03381076388888889,0,0,0
float32-round-even-staged,fx-st-film-strip,0.3,True,True,0.14928385416666667,8,0.1323784722222222,4,0.1103515625,8,0,0
float32-round-even-staged,fx-st-film-strip,0.9,False,False,0.6242838541666667,16,0.5225477430555555,12,0.3708767361111111,9,0,0
float32-round-even-staged,fx-st-film-strip,1.5,False,False,1.3596354166666667,17,1.1774956597222221,12,0.8733723958333334,9,0,0
float32-round-even-staged,fx-st-film-strip,2.1,False,False,1.3192925347222222,17,1.1457899305555554,12,0.8879991319444445,9,0,0
float32-round-even-staged,fx-st-fanned-cards,0.3,True,True,0.058333333333333334,0,0.043684895833333334,4,0.041276041666666666,0,0,0
float32-round-even-staged,fx-st-fanned-cards,0.9,True,True,0.060221354166666664,0,0.05182291666666667,4,0.04097222222222222,0,0,0
float32-round-even-staged,fx-st-fanned-cards,1.5,True,True,0.05857204861111111,0,0.04407552083333333,4,0.0416015625,0,0,0
float32-round-even-staged,fx-st-fanned-cards,2.1,True,True,0.048111979166666666,0,0.04090711805555555,4,0.032703993055555554,0,0,0
float32-round-even-staged,fx-st-glass-card,0.3,True,True,0.07884114583333333,0,0.07571614583333333,4,0.06145833333333333,0,0,0
float32-round-even-staged,fx-st-glass-card,0.9,True,True,0.0783420138888889,0,0.0732421875,4,0.06145833333333333,0,0,0
float32-round-even-staged,fx-st-glass-card,1.5,True,True,0.081640625,0,0.080078125,4,0.0652126736111111,0,0,0
float32-round-even-staged,fx-st-glass-card,2.1,True,True,0.07732204861111111,0,0.07775607638888889,4,0.06284722222222222,0,0,0
float32-round-even-staged,fx-ne-frame,0.3,True,True,0.06818576388888889,0,0.07482638888888889,4,0.0734592013888889,0,0,0
float32-round-even-staged,fx-ne-frame,0.9,False,False,1.7324652777777778,17,1.8978515625,17,1.9101779513888888,24,0,0
float32-round-even-staged,fx-ne-frame,1.5,True,True,0.06697048611111112,0,0.06996527777777778,4,0.06506076388888889,0,0,0
float32-round-even-staged,fx-ne-frame,2.1,True,True,0.06584201388888888,0,0.07291666666666667,4,0.06410590277777778,0,0,0
float32-round-even-staged,fx-ne-ring,0.3,True,True,0.06514756944444444,0,0.05935329861111111,4,0.05394965277777778,0,0,0
float32-round-even-staged,fx-ne-ring,0.9,False,False,2.2362630208333334,25,0.5768880208333333,8,1.6487413194444445,24,0,0
float32-round-even-staged,fx-ne-ring,1.5,True,True,0.06924913194444444,0,0.05737847222222222,4,0.044444444444444446,0,0,0
float32-round-even-staged,fx-ne-ring,2.1,True,True,0.07003038194444444,0,0.05750868055555555,4,0.04431423611111111,0,0,0
float32-round-even-staged,fx-ne-heart,0.3,True,True,0.06649305555555556,0,0.06792534722222222,4,0.0521484375,0,0,0
float32-round-even-staged,fx-ne-heart,0.9,True,True,0.06391059027777778,0,0.06781684027777778,4,0.049479166666666664,0,0,0
float32-round-even-staged,fx-ne-heart,1.5,True,True,0.06338975694444444,0,0.06597222222222222,4,0.04496527777777778,0,0,0
float32-round-even-staged,fx-ne-heart,2.1,True,True,0.06692708333333333,0,0.07055121527777777,4,0.052473958333333334,0,0,0
float32-round-even-staged,fx-ne-edges,0.3,False,False,0.3433376736111111,8,0.2975260416666667,4,0.4322048611111111,9,0,0
float32-round-even-staged,fx-ne-edges,0.9,False,False,0.3475477430555556,8,0.2433810763888889,4,0.40616319444444443,9,0,0
float32-round-even-staged,fx-ne-edges,1.5,False,False,0.3473307291666667,8,0.26456163194444443,4,0.408984375,9,0,0
float32-round-even-staged,fx-ne-edges,2.1,False,False,0.2964409722222222,8,0.2828776041666667,4,0.422265625,9,0,0
float32-round-even-staged,fx-ne-cyberpunk,0.3,True,True,0.11783854166666667,8,0.06484375,4,0.11278211805555556,8,0,0
float32-round-even-staged,fx-ne-cyberpunk,0.9,True,True,0.11814236111111111,8,0.06419270833333333,4,0.11095920138888889,8,0,0
float32-round-even-staged,fx-ne-cyberpunk,1.5,True,True,0.11451822916666667,8,0.07122395833333334,4,0.11419270833333334,8,0,0
float32-round-even-staged,fx-ne-cyberpunk,2.1,True,True,0.13062065972222223,8,0.06775173611111111,4,0.11243489583333334,8,0,0
float32-round-even-staged,fx-ne-tunnel,0.3,True,True,0.06749131944444445,0,0.08285590277777778,4,0.04429253472222222,0,0,0
float32-round-even-staged,fx-ne-tunnel,0.9,True,True,0.04585503472222222,0,0.11354166666666667,4,0.04021267361111111,0,0,0
float32-round-even-staged,fx-ne-tunnel,1.5,True,True,0.05366753472222222,0,0.07662760416666667,4,0.047526041666666664,0,0,0
float32-round-even-staged,fx-ne-tunnel,2.1,True,True,0.051432291666666664,0,0.10030381944444444,4,0.034266493055555555,0,0,0
float32-round-even-staged,fx-ne-lightning,0.3,True,True,0.07254774305555556,0,0.07855902777777778,4,0.06017795138888889,0,0,0
float32-round-even-staged,fx-ne-lightning,0.9,True,True,0.07209201388888889,0,0.07358940972222222,4,0.05549045138888889,0,0,0
float32-round-even-staged,fx-ne-lightning,1.5,True,True,0.07298177083333333,0,0.07367621527777778,4,0.06323784722222223,0,0,0
float32-round-even-staged,fx-ne-lightning,2.1,True,True,0.06818576388888889,0,0.07582465277777778,4,0.06019965277777778,0,0,0
float32-round-even-staged,fx-ne-scan,0.3,True,True,0.07740885416666667,0,0.08678385416666666,4,0.08552517361111112,8,0,0
float32-round-even-staged,fx-ne-scan,0.9,True,True,0.09329427083333333,8,0.11547309027777777,4,0.11080729166666667,8,0,0
float32-round-even-staged,fx-ne-scan,1.5,True,True,0.11987847222222223,8,0.12608506944444445,4,0.10607638888888889,8,0,0
float32-round-even-staged,fx-ne-scan,2.1,True,True,0.0810546875,0,0.07601996527777778,4,0.08483072916666666,8,0,0
float32-round-even-staged,fx-ne-scribble,0.3,True,True,0.05154079861111111,0,0.04559461805555556,4,0.0435546875,0,0,0
float32-round-even-staged,fx-ne-scribble,0.9,True,True,0.05952690972222222,0,0.055924479166666666,4,0.05010850694444444,0,0,0
float32-round-even-staged,fx-ne-scribble,1.5,True,True,0.06571180555555556,0,0.05896267361111111,4,0.05470920138888889,0,0,0
float32-round-even-staged,fx-ne-scribble,2.1,True,True,0.06788194444444444,0,0.062890625,4,0.05915798611111111,0,0,0
float32-round-even-staged,fx-ne-synthwave,0.3,True,True,0.11918402777777778,8,0.08758680555555555,4,0.04620225694444444,0,0,0
float32-round-even-staged,fx-ne-synthwave,0.9,True,True,0.11961805555555556,8,0.08470052083333333,4,0.04503038194444445,0,0,0
float32-round-even-staged,fx-ne-synthwave,1.5,True,True,0.12565104166666666,8,0.09483506944444445,4,0.04153645833333333,0,0,0
float32-round-even-staged,fx-ne-synthwave,2.1,True,True,0.13081597222222222,8,0.08519965277777777,4,0.04034288194444444,0,0,0
float32-round-even-staged,fx-ne-stars,0.3,False,False,7.281705729166666,115,4.227495659722222,69,8.0595703125,132,0,0
float32-round-even-staged,fx-ne-stars,0.9,False,False,6.360763888888889,82,6.2990234375,105,5.837065972222222,90,0,0
float32-round-even-staged,fx-ne-stars,1.5,False,False,6.149370659722222,91,4.1647352430555555,65,7.014756944444445,123,0,0
float32-round-even-staged,fx-ne-stars,2.1,False,False,6.742469618055556,83,7.315212673611111,109,5.786241319444445,90,0,0
float32-round-even-staged,fx-cr-sparkle-burst,0.3,False,False,4.1021918402777775,83,4.143077256944444,93,3.6328125,83,0,0
float32-round-even-staged,fx-cr-sparkle-burst,0.9,False,False,0.33684895833333334,9,0.32914496527777776,8,0.28435329861111114,9,0,0
float32-round-even-staged,fx-cr-sparkle-burst,1.5,False,False,2.995724826388889,66,2.887131076388889,69,2.501974826388889,58,0,0
float32-round-even-staged,fx-cr-sparkle-burst,2.1,False,False,4.765538194444445,99,4.853949652777778,110,4.330490451388889,107,0,0
float32-round-even-staged,fx-cr-glitter-rain,0.3,True,True,0.07154947916666667,0,0.06302083333333333,4,0.05423177083333333,0,0,0
float32-round-even-staged,fx-cr-glitter-rain,0.9,True,True,0.0769314236111111,0,0.06349826388888889,4,0.05625,0,0,0
float32-round-even-staged,fx-cr-glitter-rain,1.5,True,True,0.07892795138888889,0,0.06994357638888889,4,0.057183159722222224,0,0,0
float32-round-even-staged,fx-cr-glitter-rain,2.1,True,True,0.08289930555555555,0,0.06985677083333333,4,0.05779079861111111,0,0,0
float32-round-even-staged,fx-cr-rainbow-prism,0.3,True,True,0.04997829861111111,0,0.04468315972222222,4,0.04140625,0,0,0
float32-round-even-staged,fx-cr-rainbow-prism,0.9,True,True,0.08107638888888889,0,0.07100694444444444,4,0.06640625,0,0,0
float32-round-even-staged,fx-cr-rainbow-prism,1.5,True,True,0.062890625,0,0.06558159722222222,4,0.05601128472222222,0,0,0
float32-round-even-staged,fx-cr-rainbow-prism,2.1,True,True,0.04490017361111111,0,0.04544270833333333,4,0.03999565972222222,0,0,0
float32-round-even-staged,fx-cr-anamorphic,0.3,True,True,0.07174479166666667,0,0.09242621527777778,4,0.07901475694444444,0,0,0
float32-round-even-staged,fx-cr-anamorphic,0.9,True,True,0.08309461805555556,8,0.07651909722222222,4,0.07493489583333333,0,0,0
float32-round-even-staged,fx-cr-anamorphic,1.5,True,True,0.06566840277777777,0,0.07697482638888889,4,0.07274305555555556,0,0,0
float32-round-even-staged,fx-cr-anamorphic,2.1,True,True,0.06916232638888889,0,0.07033420138888889,4,0.06380208333333333,0,0,0
float32-round-even-staged,fx-cr-matrix,0.3,True,True,0.061610243055555555,0,0.06310763888888889,4,0.06395399305555556,0,0,0
float32-round-even-staged,fx-cr-matrix,0.9,True,True,0.06644965277777778,0,0.07398003472222223,4,0.059830729166666666,0,0,0
float32-round-even-staged,fx-cr-matrix,1.5,True,True,0.05967881944444445,0,0.06117621527777778,4,0.06134982638888889,0,0,0
float32-round-even-staged,fx-cr-matrix,2.1,True,True,0.07897135416666666,0,0.10236545138888889,4,0.08430989583333333,0,0,0
float32-round-even-staged,fx-cr-signal-lost,0.3,False,False,5.857573784722222,91,5.8375,93,5.885959201388889,91,0,0
float32-round-even-staged,fx-cr-signal-lost,0.9,False,False,5.836436631944444,91,5.809852430555556,89,5.801649305555555,91,0,0
float32-round-even-staged,fx-cr-signal-lost,1.5,False,False,11.229861111111111,107,11.23127170138889,109,11.230815972222222,107,0,0
float32-round-even-staged,fx-cr-signal-lost,2.1,False,False,35.80091145833333,132,41.27536892361111,134,45.416232638888886,148,0,0
float32-round-even-staged,fx-cr-slice-drift,0.3,True,True,0.07803819444444444,0,0.061783854166666666,4,0.0845703125,8,0,0
float32-round-even-staged,fx-cr-slice-drift,0.9,True,True,0.07955729166666667,0,0.07669270833333333,4,0.08257378472222222,0,0,0
float32-round-even-staged,fx-cr-slice-drift,1.5,True,True,0.08253038194444444,8,0.06668836805555556,4,0.094921875,8,0,0
float32-round-even-staged,fx-cr-slice-drift,2.1,True,True,0.07000868055555555,0,0.051671006944444445,4,0.07784288194444444,0,0,0
float32-round-even-staged,fx-cr-camcorder,0.3,True,True,0.11605902777777778,8,0.1109375,4,0.10319010416666667,8,0,0
float32-round-even-staged,fx-cr-camcorder,0.9,True,True,0.1126953125,8,0.11121961805555555,4,0.10657552083333334,8,0,0
float32-round-even-staged,fx-cr-camcorder,1.5,True,True,0.10687934027777778,8,0.10974392361111111,4,0.10407986111111112,8,0,0
float32-round-even-staged,fx-cr-camcorder,2.1,True,True,0.11360677083333333,8,0.10993923611111112,4,0.09340277777777778,8,0,0
float32-round-even-staged,fx-cr-projector,0.3,False,False,3.0868489583333334,9,2.5116753472222224,8,1.8634765625,9,0,0
float32-round-even-staged,fx-cr-projector,0.9,False,False,2.4575520833333333,9,1.9762586805555555,8,1.5112847222222223,9,0,0
float32-round-even-staged,fx-cr-projector,1.5,False,False,1.2786024305555554,9,1.1264322916666667,8,0.8725260416666667,9,0,0
float32-round-even-staged,fx-cr-projector,2.1,False,False,0.8694878472222223,9,0.7086805555555555,5,0.5675564236111111,9,0,0
float32-round-even-staged,fx-cr-comic-pop,0.3,True,True,0.15611979166666667,8,0.15870225694444445,4,0.12502170138888888,8,0,0
float32-round-even-staged,fx-cr-comic-pop,0.9,True,True,0.21384548611111112,8,0.17821180555555555,4,0.1259765625,8,0,0
float32-round-even-staged,fx-cr-comic-pop,1.5,True,True,0.13687065972222223,8,0.13435329861111112,4,0.13470052083333334,8,0,0
float32-round-even-staged,fx-cr-comic-pop,2.1,True,True,0.15219184027777777,8,0.12931857638888888,4,0.12632378472222222,8,0,0
float32-round-even-staged,fx-cr-dreamy,0.3,True,True,0.08020833333333334,0,0.07547743055555556,4,0.07484809027777778,0,0,0
float32-round-even-staged,fx-cr-dreamy,0.9,True,True,0.08235677083333333,8,0.08307291666666666,4,0.07955729166666667,0,0,0
float32-round-even-staged,fx-cr-dreamy,1.5,True,True,0.07788628472222223,0,0.08094618055555555,4,0.07189670138888889,0,0,0
float32-round-even-staged,fx-cr-dreamy,2.1,True,True,0.07886284722222223,0,0.08135850694444445,4,0.07706163194444444,0,0,0
float32-round-even-staged,fx-cr-kaleido-bloom,0.3,True,True,0.13046875,8,0.12821180555555556,4,0.12230902777777777,8,0,0
float32-round-even-staged,fx-cr-kaleido-bloom,0.9,True,True,0.13159722222222223,8,0.12632378472222222,4,0.11280381944444444,8,0,0
float32-round-even-staged,fx-cr-kaleido-bloom,1.5,True,True,0.12803819444444445,8,0.13430989583333333,4,0.10160590277777778,8,0,0
float32-round-even-staged,fx-cr-kaleido-bloom,2.1,True,True,0.14010416666666667,8,0.12921006944444444,4,0.10629340277777778,8,0,0
float32-round-even-staged,fx-cr-zoom-burst,0.3,True,True,0.07163628472222222,0,0.07860243055555556,4,0.07456597222222222,0,0,0
float32-round-even-staged,fx-cr-zoom-burst,0.9,True,True,0.050282118055555554,0,0.039778645833333334,0,0.03904079861111111,0,0,0
float32-round-even-staged,fx-cr-zoom-burst,1.5,True,True,0.04663628472222222,0,0.040234375,0,0.04038628472222222,0,0,0
float32-round-even-staged,fx-cr-zoom-burst,2.1,True,True,0.08049045138888888,0,0.08053385416666667,4,0.07927517361111111,0,0,0
float32-round-even-staged,fx-cr-ring-reveal,0.3,True,True,0.06430121527777778,0,0.05709635416666667,4,0.05657552083333333,0,0,0
float32-round-even-staged,fx-cr-ring-reveal,0.9,True,True,0.06410590277777778,0,0.053125,4,0.05134548611111111,0,0,0
float32-round-even-staged,fx-cr-ring-reveal,1.5,True,True,0.06306423611111112,0,0.060698784722222225,4,0.05559895833333333,0,0,0
float32-round-even-staged,fx-cr-ring-reveal,2.1,True,True,0.06267361111111111,0,0.061263020833333334,4,0.051953125,0,0,0
float32-round-even-staged,fx-cr-flash-cut,0.3,True,True,0.14518229166666666,8,0.0736328125,4,0.06970486111111111,0,0,0
float32-round-even-staged,fx-cr-flash-cut,0.9,True,True,0.20184461805555556,8,0.18993055555555555,4,0.20381944444444444,8,0,0
float32-round-even-staged,fx-cr-flash-cut,1.5,True,True,0.06844618055555556,0,0.06065538194444445,4,0.06901041666666667,0,0,0
float32-round-even-staged,fx-cr-flash-cut,2.1,True,True,0.049327256944444446,0,0.042881944444444445,4,0.04494357638888889,0,0,0
float32-round-even-staged,fx-cr-rgb-strobe,0.3,True,True,0.04754774305555556,0,0.041276041666666666,4,0.03982204861111111,0,0,0
float32-round-even-staged,fx-cr-rgb-strobe,0.9,True,True,0.021744791666666666,0,0.05279947916666667,4,0.024479166666666666,0,0,0
float32-round-even-staged,fx-cr-rgb-strobe,1.5,True,True,0.04529079861111111,0,0.04309895833333333,4,0.03511284722222222,0,0,0
float32-round-even-staged,fx-cr-rgb-strobe,2.1,True,True,0.019118923611111113,0,0.05284288194444445,4,0.022135416666666668,0,0,0
float32-round-even-staged,fx-cr-aurora,0.3,True,True,0.09874131944444445,8,0.10698784722222222,4,0.08391927083333334,8,0,0
float32-round-even-staged,fx-cr-aurora,0.9,True,True,0.09858940972222222,8,0.10735677083333334,4,0.08368055555555555,8,0,0
float32-round-even-staged,fx-cr-aurora,1.5,True,True,0.0954861111111111,8,0.10101996527777778,4,0.08502604166666666,8,0,0
float32-round-even-staged,fx-cr-aurora,2.1,True,True,0.09375,8,0.10323350694444444,4,0.08138020833333333,0,0,0
float32-round-even-staged,fx-cr-heart-pulse,0.3,True,True,0.09665798611111111,8,0.0912109375,4,0.0755859375,0,0,0
float32-round-even-staged,fx-cr-heart-pulse,0.9,True,True,0.09724392361111112,8,0.08509114583333334,4,0.07176649305555556,0,0,0
float32-round-even-staged,fx-cr-heart-pulse,1.5,True,True,0.04782986111111111,0,0.04461805555555556,4,0.03650173611111111,0,0,0
float32-round-even-staged,fx-cr-heart-pulse,2.1,True,True,0.0929904513888889,8,0.0970703125,4,0.0812717013888889,0,0,0
float32-round-even-staged,fx-cr-twinkle-sky,0.3,True,True,0.09752604166666666,8,0.082421875,4,0.08849826388888889,8,0,0
float32-round-even-staged,fx-cr-twinkle-sky,0.9,True,True,0.09563802083333334,8,0.08693576388888889,4,0.08441840277777778,0,0,0
float32-round-even-staged,fx-cr-twinkle-sky,1.5,True,True,0.0986328125,8,0.08786892361111111,4,0.09110243055555556,8,0,0
float32-round-even-staged,fx-cr-twinkle-sky,2.1,True,True,0.09915364583333333,8,0.0896267361111111,4,0.0859375,8,0,0
float32-round-even-staged,fx-cr-tri-split,0.3,False,False,8.47052951388889,58,8.111197916666667,61,7.868923611111111,74,0,0
float32-round-even-staged,fx-cr-tri-split,0.9,False,False,4.898893229166666,57,4.692339409722222,57,4.660004340277778,66,0,0
float32-round-even-staged,fx-cr-tri-split,1.5,False,False,10.698893229166666,58,10.136588541666667,61,9.741449652777778,74,0,0
float32-round-even-staged,fx-cr-tri-split,2.1,False,False,4.291666666666667,50,4.048589409722222,53,3.8379340277777776,58,0,0
float32-round-even-staged,fx-mt-velocity,0.3,True,True,0.09444444444444444,8,0.08960503472222223,4,0.08333333333333333,8,0,0
float32-round-even-staged,fx-mt-velocity,0.9,True,True,0.09437934027777778,8,0.09092881944444445,4,0.0787109375,0,0,0
float32-round-even-staged,fx-mt-velocity,1.5,True,True,0.09442274305555555,8,0.08871527777777778,4,0.08619791666666667,8,0,0
float32-round-even-staged,fx-mt-velocity,2.1,True,True,0.09496527777777777,8,0.09544270833333333,4,0.08550347222222222,8,0,0
float32-round-even-staged,fx-mt-beat-rotate,0.3,True,True,0.10481770833333333,8,0.09813368055555556,4,0.0978732638888889,8,0,0
float32-round-even-staged,fx-mt-beat-rotate,0.9,True,True,0.0929904513888889,8,0.09162326388888889,4,0.08971354166666666,8,0,0
float32-round-even-staged,fx-mt-beat-rotate,1.5,True,True,0.09776475694444445,8,0.09214409722222222,4,0.09626736111111112,8,0,0
float32-round-even-staged,fx-mt-beat-rotate,2.1,True,True,0.09880642361111111,8,0.09301215277777777,4,0.09420572916666667,8,0,0
float32-round-even-staged,fx-mt-photo-snap,0.3,True,True,0.076171875,0,0.07465277777777778,4,0.09079861111111111,8,0,0
float32-round-even-staged,fx-mt-photo-snap,0.9,False,False,2.07109375,17,2.0624348958333334,20,2.13984375,25,0,0
float32-round-even-staged,fx-mt-photo-snap,1.5,False,False,22.245269097222224,164,22.329296875,166,23.07890625,164,0,0
float32-round-even-staged,fx-mt-photo-snap,2.1,True,True,0.06762152777777777,0,0.07654079861111111,4,0.08656684027777778,8,0,0
float32-round-even-staged,fx-mt-zoom-shake,0.3,False,False,1.915842013888889,9,1.8161241319444446,8,1.7462022569444444,9,0,0
float32-round-even-staged,fx-mt-zoom-shake,0.9,True,True,0.25106336805555557,8,0.25169270833333335,4,0.22862413194444445,8,0,0
float32-round-even-staged,fx-mt-zoom-shake,1.5,False,False,15.226974826388888,74,14.4259765625,65,13.638411458333334,66,0,0
float32-round-even-staged,fx-mt-zoom-shake,2.1,False,False,9.548480902777778,50,9.19513888888889,49,8.723133680555556,49,0,0
float32-round-even-staged,fx-mt-split-swipe,0.3,True,True,0.04333767361111111,0,0.03723958333333333,0,0.034092881944444445,0,0,0
float32-round-even-staged,fx-mt-split-swipe,0.9,True,True,0.047938368055555555,0,0.0421875,4,0.029036458333333334,0,0,0
float32-round-even-staged,fx-mt-split-swipe,1.5,True,True,0.04945746527777778,0,0.041102430555555555,4,0.031575520833333336,0,0,0
float32-round-even-staged,fx-mt-split-swipe,2.1,True,True,0.08608940972222222,8,0.06764322916666667,4,0.049370659722222224,0,0,0
float32-round-even-staged,fx-mt-blur-punch,0.3,True,True,0.09227430555555556,8,0.08541666666666667,4,0.06896701388888889,0,0,0
float32-round-even-staged,fx-mt-blur-punch,0.9,True,True,0.0859375,8,0.07734375,4,0.06239149305555555,0,0,0
float32-round-even-staged,fx-mt-blur-punch,1.5,True,True,0.08023003472222222,0,0.07749565972222222,4,0.05987413194444444,0,0,0
float32-round-even-staged,fx-mt-blur-punch,2.1,True,True,0.0744140625,0,0.07319878472222222,4,0.060221354166666664,0,0,0
float32-round-even-staged,fx-mt-mirror-beat,0.3,True,True,0.04778645833333333,0,0.06013454861111111,4,0.06134982638888889,0,0,0
float32-round-even-staged,fx-mt-mirror-beat,0.9,True,False,0.25360243055555554,8,0.26640625,4,0.2684244791666667,9,0,0
float32-round-even-staged,fx-mt-mirror-beat,1.5,True,True,0.05635850694444444,0,0.05700954861111111,4,0.060004340277777776,0,0,0
float32-round-even-staged,fx-mt-mirror-beat,2.1,True,True,0.2634765625,8,0.2643012152777778,4,0.26321614583333336,8,0,0
float32-round-even-staged,fx-mt-step-zoom,0.3,True,True,0.12243923611111111,8,0.11924913194444445,4,0.11204427083333333,8,0,0
float32-round-even-staged,fx-mt-step-zoom,0.9,True,True,0.13500434027777777,8,0.1265625,4,0.11115451388888889,8,0,0
float32-round-even-staged,fx-mt-step-zoom,1.5,True,True,0.1320095486111111,8,0.13142361111111112,4,0.1154513888888889,8,0,0
float32-round-even-staged,fx-mt-step-zoom,2.1,True,True,0.13674045138888888,8,0.12408854166666666,4,0.10711805555555555,8,0,0
float32-round-even-staged,fx-mt-rgb-punch,0.3,True,True,0.08888888888888889,8,0.06935763888888889,4,0.06545138888888889,0,0,0
float32-round-even-staged,fx-mt-rgb-punch,0.9,True,True,0.07999131944444444,0,0.07393663194444444,4,0.07213541666666666,0,0,0
float32-round-even-staged,fx-mt-rgb-punch,1.5,True,True,0.07964409722222222,0,0.07102864583333333,4,0.08263888888888889,0,0,0
float32-round-even-staged,fx-mt-rgb-punch,2.1,True,True,0.09509548611111111,8,0.07866753472222222,4,0.07504340277777778,0,0,0
float32-round-even-staged,fx-mt-dutch-tilt,0.3,True,True,0.15323350694444443,8,0.13420138888888888,4,0.123046875,8,0,0
float32-round-even-staged,fx-mt-dutch-tilt,0.9,True,True,0.13971354166666666,8,0.13231336805555555,4,0.1287326388888889,8,0,0
float32-round-even-staged,fx-mt-dutch-tilt,1.5,True,True,0.15334201388888888,8,0.1408203125,4,0.1261935763888889,8,0,0
float32-round-even-staged,fx-mt-dutch-tilt,2.1,True,True,0.14884982638888888,8,0.13713107638888888,4,0.13016493055555556,8,0,0
float32-round-even-staged,fx-mt-echo-zoom,0.3,True,True,0.05221354166666667,0,0.04388020833333333,4,0.04778645833333333,0,0,0
float32-round-even-staged,fx-mt-echo-zoom,0.9,True,True,0.05004340277777778,0,0.045464409722222224,4,0.04194878472222222,0,0,0
float32-round-even-staged,fx-mt-echo-zoom,1.5,True,True,0.043858506944444445,0,0.050065104166666666,4,0.042881944444444445,0,0,0
float32-round-even-staged,fx-mt-echo-zoom,2.1,True,True,0.04796006944444445,0,0.049370659722222224,4,0.04266493055555556,0,0,0
float32-round-even-staged,fx-mt-cinematic,0.3,True,True,0.1263454861111111,8,0.11232638888888889,4,0.10006510416666667,8,0,0
float32-round-even-staged,fx-mt-cinematic,0.9,True,True,0.12593315972222222,8,0.10718315972222223,4,0.0978732638888889,8,0,0
float32-round-even-staged,fx-mt-cinematic,1.5,True,True,0.12886284722222222,8,0.1203342013888889,4,0.09937065972222223,8,0,0
float32-round-even-staged,fx-mt-cinematic,2.1,True,True,0.131640625,8,0.11818576388888889,4,0.10010850694444444,8,0,0
float32-round-even-staged,fx-swing-card,0.3,True,True,0.09602864583333333,8,0.08825954861111111,4,0.08797743055555556,8,0,0
float32-round-even-staged,fx-swing-card,0.9,True,True,0.07647569444444445,0,0.07766927083333333,4,0.07447916666666667,0,0,0
float32-round-even-staged,fx-swing-card,1.5,True,True,0.10991753472222222,8,0.09893663194444445,4,0.09848090277777778,8,0,0
float32-round-even-staged,fx-swing-card,2.1,True,True,0.08934461805555556,8,0.08363715277777778,4,0.08292100694444444,8,0,0
float32-round-even-staged,fx-orbit-card,0.3,True,True,0.07209201388888889,0,0.060460069444444445,4,0.05831163194444444,0,0,0
float32-round-even-staged,fx-orbit-card,0.9,True,True,0.068359375,0,0.06284722222222222,4,0.06226128472222222,0,0,0
float32-round-even-staged,fx-orbit-card,1.5,True,True,0.0767578125,0,0.06953125,4,0.05935329861111111,0,0,0
float32-round-even-staged,fx-orbit-card,2.1,True,True,0.07795138888888889,0,0.06575520833333333,4,0.058203125,0,0,0
float32-round-even-staged,fx-flip-card,0.3,True,True,0.06638454861111111,0,0.06961805555555556,4,0.0636935763888889,0,0,0
float32-round-even-staged,fx-flip-card,0.9,True,True,0.02849392361111111,0,0.02404513888888889,0,0.038736979166666664,0,0,0
float32-round-even-staged,fx-flip-card,1.5,True,True,0.08042534722222222,0,0.07152777777777777,4,0.07144097222222222,0,0,0
float32-round-even-staged,fx-flip-card,2.1,True,True,0.028103298611111112,0,0.021983506944444446,0,0.029774305555555554,0,0,0
float32-round-even-staged,fx-spin-card,0.3,True,True,0.10149739583333334,8,0.09320746527777778,4,0.09016927083333333,8,0,0
float32-round-even-staged,fx-spin-card,0.9,True,True,0.09720052083333333,8,0.08854166666666667,4,0.08272569444444444,8,0,0
float32-round-even-staged,fx-spin-card,1.5,True,True,0.09526909722222222,8,0.09236111111111112,4,0.08537326388888888,8,0,0
float32-round-even-staged,fx-spin-card,2.1,True,True,0.09453125,8,0.0906032986111111,4,0.08667534722222223,8,0,0
float32-round-even-staged,fx-phone-spin,0.3,True,True,0.043858506944444445,0,0.03517795138888889,0,0.02892795138888889,0,0,0
float32-round-even-staged,fx-phone-spin,0.9,True,True,0.026323784722222222,0,0.0224609375,0,0.019292534722222223,0,0,0
float32-round-even-staged,fx-phone-spin,1.5,True,True,0.013194444444444444,0,0.006944444444444444,0,0.010199652777777778,0,0,0
float32-round-even-staged,fx-phone-spin,2.1,True,True,0.030381944444444444,0,0.023307291666666667,0,0.021006944444444446,0,0,0
float32-round-even-staged,fx-cube-spin,0.3,True,True,0.03572048611111111,0,0.027647569444444443,0,0.031119791666666667,0,0,0
float32-round-even-staged,fx-cube-spin,0.9,True,True,0.036284722222222225,0,0.0296875,0,0.02146267361111111,0,0,0
float32-round-even-staged,fx-cube-spin,1.5,True,True,0.03424479166666667,0,0.02966579861111111,0,0.027821180555555554,0,0,0
float32-round-even-staged,fx-cube-spin,2.1,True,True,0.03962673611111111,0,0.027799479166666665,0,0.02892795138888889,0,0,0
float32-round-even-staged,fx-cube-tumble,0.3,True,True,0.034613715277777776,0,0.027408854166666666,0,0.02345920138888889,0,0,0
float32-round-even-staged,fx-cube-tumble,0.9,True,True,0.029253472222222222,0,0.024717881944444443,0,0.0193359375,0,0,0
float32-round-even-staged,fx-cube-tumble,1.5,True,True,0.03359375,0,0.022330729166666667,0,0.020073784722222224,0,0,0
float32-round-even-staged,fx-cube-tumble,2.1,True,True,0.03244357638888889,0,0.024457465277777778,0,0.01935763888888889,0,0,0
float32-round-even-staged,fx-dice-roll,0.3,True,True,0.0341796875,0,0.018967013888888887,0,0.020290798611111112,0,0,0
float32-round-even-staged,fx-dice-roll,0.9,True,True,0.026627604166666666,0,0.018359375,0,0.016384548611111112,0,0,0
float32-round-even-staged,fx-dice-roll,1.5,True,True,0.02554253472222222,0,0.018077256944444446,0,0.01521267361111111,0,0,0
float32-round-even-staged,fx-dice-roll,2.1,True,True,0.027300347222222222,0,0.017816840277777777,0,0.017578125,0,0,0
float32-round-even-staged,fx-globe,0.3,True,True,0.078515625,0,0.0812717013888889,4,0.07209201388888889,0,0,0
float32-round-even-staged,fx-globe,0.9,True,True,0.0779296875,0,0.07858072916666667,4,0.07194010416666667,0,0,0
float32-round-even-staged,fx-globe,1.5,True,True,0.07582465277777778,0,0.0779296875,4,0.06803385416666667,0,0,0
float32-round-even-staged,fx-globe,2.1,True,True,0.07502170138888889,0,0.07875434027777778,4,0.07035590277777778,0,0,0
float32-round-even-staged,fx-crystal-ball,0.3,True,True,0.13072916666666667,8,0.12931857638888888,4,0.11723090277777778,8,0,0
float32-round-even-staged,fx-crystal-ball,0.9,True,True,0.1332465277777778,8,0.13079427083333334,4,0.12200520833333334,8,0,0
float32-round-even-staged,fx-crystal-ball,1.5,True,True,0.12196180555555555,8,0.1328125,4,0.12769097222222223,8,0,0
float32-round-even-staged,fx-crystal-ball,2.1,True,True,0.12632378472222222,8,0.13363715277777777,4,0.12769097222222223,8,0,0
float32-round-even-staged,fx-tunnel,0.3,True,True,0.11380208333333333,8,0.1300564236111111,4,0.10501302083333333,8,0,0
float32-round-even-staged,fx-tunnel,0.9,True,True,0.11512586805555555,8,0.12703993055555557,4,0.10757378472222222,8,0,0
float32-round-even-staged,fx-tunnel,1.5,True,True,0.11553819444444445,8,0.1296657986111111,4,0.10132378472222223,8,0,0
float32-round-even-staged,fx-tunnel,2.1,True,True,0.12369791666666667,8,0.11271701388888888,4,0.0978732638888889,8,0,0
float32-round-even-staged,fx-mirror-room,0.3,True,True,0.06017795138888889,0,0.07013888888888889,4,0.07215711805555555,0,0,0
float32-round-even-staged,fx-mirror-room,0.9,True,True,0.06703559027777778,0,0.07662760416666667,4,0.06391059027777778,0,0,0
float32-round-even-staged,fx-mirror-room,1.5,True,True,0.06384548611111111,0,0.05733506944444444,4,0.053624131944444445,0,0,0
float32-round-even-staged,fx-mirror-room,2.1,True,True,0.08014322916666666,0,0.08120659722222222,4,0.06703559027777778,0,0,0
float32-round-even-staged,fx-spiral-tunnel,0.3,True,True,0.09772135416666666,8,0.0925564236111111,4,0.07647569444444445,0,0,0
float32-round-even-staged,fx-spiral-tunnel,0.9,True,True,0.09242621527777778,8,0.0841796875,4,0.071484375,0,0,0
float32-round-even-staged,fx-spiral-tunnel,1.5,True,True,0.10260416666666666,8,0.0974609375,4,0.08732638888888888,8,0,0
float32-round-even-staged,fx-spiral-tunnel,2.1,True,True,0.10583767361111111,8,0.09782986111111111,4,0.08600260416666666,8,0,0
float32-round-even-staged,fx-hyperspace,0.3,False,False,2.826801215277778,90,2.9291666666666667,97,3.3055555555555554,107,0,0
float32-round-even-staged,fx-hyperspace,0.9,False,False,3.2042100694444446,99,3.2964409722222223,105,3.631618923611111,124,0,0
float32-round-even-staged,fx-hyperspace,1.5,False,False,3.5567057291666666,107,3.693381076388889,114,4.109982638888889,131,0,0
float32-round-even-staged,fx-hyperspace,2.1,False,False,3.68515625,107,3.7873914930555554,114,4.1839409722222225,132,0,0
float32-round-even-staged,fx-star-rush,0.3,False,False,4.482443576388889,107,4.990972222222222,113,5.487543402777778,123,0,0
float32-round-even-staged,fx-star-rush,0.9,False,False,6.746050347222222,148,7.463346354166666,166,8.17267795138889,181,0,0
float32-round-even-staged,fx-star-rush,1.5,False,False,6.011263020833334,132,6.658441840277778,146,7.287044270833333,164,0,0
float32-round-even-staged,fx-star-rush,2.1,False,False,5.993706597222222,132,6.598111979166666,150,7.2014756944444445,165,0,0
float32-round-even-staged,fx-carousel,0.3,False,False,0.7498697916666667,9,0.7424045138888888,12,0.7259114583333334,9,0,0
float32-round-even-staged,fx-carousel,0.9,False,False,0.9611762152777777,9,0.9320095486111111,12,0.9256510416666667,9,0,0
float32-round-even-staged,fx-carousel,1.5,False,False,0.7444010416666667,9,0.7326605902777777,8,0.7214409722222223,9,0,0
float32-round-even-staged,fx-carousel,2.1,False,False,0.5239366319444444,9,0.5119791666666667,8,0.4911892361111111,9,0,0
float32-round-even-staged,fx-kaleido-drill,0.3,True,True,0.14559461805555557,8,0.14151475694444443,4,0.12864583333333332,8,0,0
float32-round-even-staged,fx-kaleido-drill,0.9,True,True,0.1361111111111111,8,0.1320529513888889,4,0.12135416666666667,8,0,0
float32-round-even-staged,fx-kaleido-drill,1.5,True,True,0.141796875,8,0.12693142361111112,4,0.123046875,8,0,0
float32-round-even-staged,fx-kaleido-drill,2.1,True,True,0.12649739583333333,8,0.11671006944444444,4,0.12265625,8,0,0
float32-round-even-staged,fx-tiny-planet,0.3,True,True,0.13967013888888888,8,0.13713107638888888,4,0.12107204861111111,8,0,0
float32-round-even-staged,fx-tiny-planet,0.9,True,True,0.13958333333333334,8,0.12884114583333334,4,0.12078993055555555,8,0,0
float32-round-even-staged,fx-tiny-planet,1.5,True,True,0.13524305555555555,8,0.13465711805555555,4,0.12899305555555557,8,0,0
float32-round-even-staged,fx-tiny-planet,2.1,True,True,0.14765625,8,0.13563368055555555,4,0.112890625,8,0,0
float32-round-even-staged,fx-infinite-zoom,0.3,True,True,0.11592881944444444,8,0.09748263888888889,4,0.09309895833333333,8,0,0
float32-round-even-staged,fx-infinite-zoom,0.9,True,True,0.11540798611111111,8,0.1044921875,4,0.10217013888888889,8,0,0
float32-round-even-staged,fx-infinite-zoom,1.5,True,True,0.11514756944444444,8,0.10290798611111111,4,0.10772569444444445,8,0,0
float32-round-even-staged,fx-infinite-zoom,2.1,True,True,0.0998263888888889,8,0.10212673611111112,4,0.10310329861111112,8,0,0
float32-round-even-staged,fx-cylinder,0.3,True,True,0.09811197916666667,8,0.09437934027777778,4,0.08878038194444444,8,0,0
float32-round-even-staged,fx-cylinder,0.9,True,True,0.08838975694444444,8,0.09268663194444444,4,0.08415798611111111,8,0,0
float32-round-even-staged,fx-cylinder,1.5,True,True,0.08708767361111111,8,0.09509548611111111,4,0.08062065972222222,0,0,0
float32-round-even-staged,fx-cylinder,2.1,True,True,0.08413628472222222,8,0.09144965277777778,4,0.09192708333333334,8,0,0
float32-round-even-staged,fx-neon-stage,0.3,True,True,0.0754123263888889,0,0.03170572916666667,0,0.03543836805555556,0,0,0
float32-round-even-staged,fx-neon-stage,0.9,True,True,0.038736979166666664,0,0.0314453125,0,0.029427083333333333,0,0,0
float32-round-even-staged,fx-neon-stage,1.5,True,True,0.03522135416666667,0,0.029774305555555554,0,0.030360243055555555,0,0,0
float32-round-even-staged,fx-neon-stage,2.1,True,True,0.038736979166666664,0,0.03203125,0,0.03244357638888889,0,0,0
float32-round-even-staged,fx-fade-out,0.3,True,True,0.08036024305555556,0,0.08988715277777778,4,0.06299913194444444,0,0,0
float32-round-even-staged,fx-fade-out,0.9,True,True,0.08285590277777778,8,0.0451171875,4,0.1013671875,8,0,0
float32-round-even-staged,fx-fade-out,1.5,True,True,0.003884548611111111,0,0.004253472222222222,0,0.005512152777777778,0,0,0
float32-round-even-staged,fx-fade-out,2.1,True,True,0,0,0,0,0,0,0,0
float32-round-even-staged,fx-white-flash,0.3,True,True,0.08665364583333333,8,0.09359809027777778,4,0.0572265625,0,0,0
float32-round-even-staged,fx-white-flash,0.9,True,True,0.04602864583333333,0,0.043684895833333334,4,0.039496527777777776,0,0,0
float32-round-even-staged,fx-white-flash,1.5,True,True,0.06197916666666667,0,0.10171440972222222,4,0.047764756944444445,0,0,0
float32-round-even-staged,fx-white-flash,2.1,True,True,0.045073784722222225,0,0.045182291666666666,4,0.039388020833333336,0,0,0
float32-round-even-staged,fx-blink,0.3,True,True,0.05078125,0,0.04314236111111111,4,0.039388020833333336,0,0,0
float32-round-even-staged,fx-blink,0.9,True,True,0.09513888888888888,8,0.021788194444444443,0,0.1154513888888889,8,0,0
float32-round-even-staged,fx-blink,1.5,True,True,0.04663628472222222,0,0.040234375,0,0.04038628472222222,0,0,0
float32-round-even-staged,fx-blink,2.1,True,True,0.04650607638888889,0,0.03982204861111111,0,0.03904079861111111,0,0,0
float32-round-even-staged,fx-motion-blur,0.3,True,True,0.08565538194444444,8,0.07849392361111111,4,0.07311197916666666,0,0,0
float32-round-even-staged,fx-motion-blur,0.9,True,True,0.08400607638888889,8,0.08155381944444444,4,0.07185329861111112,0,0,0
float32-round-even-staged,fx-motion-blur,1.5,True,True,0.07860243055555556,0,0.0802951388888889,4,0.0755859375,0,0,0
float32-round-even-staged,fx-motion-blur,2.1,True,True,0.08621961805555556,8,0.08018663194444445,4,0.07029079861111111,0,0,0
float32-round-even-staged,fx-mini-zoom,0.3,True,True,0.09815538194444444,8,0.09435763888888889,4,0.07530381944444445,0,0,0
float32-round-even-staged,fx-mini-zoom,0.9,True,True,0.09670138888888889,8,0.0904296875,4,0.07495659722222223,0,0,0
float32-round-even-staged,fx-mini-zoom,1.5,True,True,0.10138888888888889,8,0.08832465277777778,4,0.07981770833333333,0,0,0
float32-round-even-staged,fx-mini-zoom,2.1,True,True,0.09943576388888889,8,0.09366319444444444,4,0.07907986111111111,0,0,0
float32-round-even-staged,fx-camera-shake,0.3,True,True,0.14552951388888888,8,0.14205729166666667,4,0.12964409722222223,8,0,0
float32-round-even-staged,fx-camera-shake,0.9,True,True,0.13869357638888888,8,0.1265625,4,0.12317708333333334,8,0,0
float32-round-even-staged,fx-camera-shake,1.5,True,True,0.15716145833333334,8,0.15106336805555556,4,0.13977864583333333,8,0,0
float32-round-even-staged,fx-camera-shake,2.1,True,True,0.14947916666666666,8,0.13387586805555557,4,0.12545572916666667,8,0,0
float32-round-even-staged,fx-film-grain,0.3,False,False,9.54767795138889,33,9.667621527777778,32,9.650477430555556,33,0,0
float32-round-even-staged,fx-film-grain,0.9,False,False,9.707508680555556,33,9.770203993055556,32,9.767686631944445,33,0,0
float32-round-even-staged,fx-film-grain,1.5,False,False,9.697764756944444,33,9.79958767361111,32,9.844921875,33,0,0
float32-round-even-staged,fx-film-grain,2.1,False,False,9.678081597222222,33,9.758767361111111,32,9.773307291666667,33,0,0
float32-round-even-staged,fx-cinema,0.3,True,True,0.08580729166666666,8,0.05633680555555556,4,0.07651909722222222,0,0,0
float32-round-even-staged,fx-cinema,0.9,True,True,0.08483072916666666,8,0.05668402777777778,4,0.07265625,0,0,0
float32-round-even-staged,fx-cinema,1.5,True,True,0.08478732638888889,8,0.05980902777777778,4,0.07035590277777778,0,0,0
float32-round-even-staged,fx-cinema,2.1,True,True,0.08328993055555556,8,0.055013020833333336,4,0.07224392361111111,0,0,0
float32-round-even-staged,fx-vertical-open,0.3,True,True,0.005729166666666666,0,0.006814236111111111,0,0.006098090277777778,0,0,0
float32-round-even-staged,fx-vertical-open,0.9,True,True,0.045182291666666666,0,0.0345703125,0,0.03463541666666667,0,0,0
float32-round-even-staged,fx-vertical-open,1.5,True,True,0.06306423611111112,0,0.060698784722222225,4,0.05559895833333333,0,0,0
float32-round-even-staged,fx-vertical-open,2.1,True,True,0.06675347222222222,0,0.0576171875,4,0.053125,0,0,0
float32-round-even-staged,fx-camera-focus,0.3,True,True,0.07144097222222222,0,0.06831597222222222,4,0.06397569444444444,0,0,0
float32-round-even-staged,fx-camera-focus,0.9,True,True,0.06714409722222223,0,0.06657986111111111,4,0.062109375,0,0,0
float32-round-even-staged,fx-camera-focus,1.5,True,True,0.07797309027777778,0,0.0720486111111111,4,0.06642795138888889,0,0,0
float32-round-even-staged,fx-camera-focus,2.1,True,True,0.08511284722222222,8,0.06924913194444444,4,0.0652126736111111,0,0,0
float32-round-even-staged,fx-spin-blur,0.3,True,True,0.08122829861111111,0,0.0769314236111111,4,0.06920572916666666,0,0,0
float32-round-even-staged,fx-spin-blur,0.9,True,True,0.07588975694444444,0,0.07298177083333333,4,0.07300347222222223,0,0,0
float32-round-even-staged,fx-spin-blur,1.5,True,True,0.08270399305555555,8,0.08044704861111111,4,0.06330295138888889,0,0,0
float32-round-even-staged,fx-spin-blur,2.1,True,True,0.09292534722222222,8,0.08506944444444445,4,0.07057291666666667,0,0,0
float32-round-even-staged,fx-swing,0.3,True,True,0.09997829861111111,8,0.0892578125,4,0.07371961805555556,0,0,0
float32-round-even-staged,fx-swing,0.9,True,True,0.10132378472222223,8,0.09008246527777777,4,0.06985677083333333,0,0,0
float32-round-even-staged,fx-swing,1.5,True,True,0.1044921875,8,0.08828125,4,0.07819010416666666,0,0,0
float32-round-even-staged,fx-swing,2.1,True,True,0.09598524305555556,8,0.08676215277777778,4,0.07816840277777778,0,0,0
float32-round-even-staged,fx-low-exposure,0.3,True,True,0.06990017361111112,0,0.05881076388888889,4,0.03498263888888889,0,0,0
float32-round-even-staged,fx-low-exposure,0.9,True,True,0.06440972222222222,0,0.061046006944444446,4,0.03240017361111111,0,0,0
float32-round-even-staged,fx-low-exposure,1.5,True,True,0.06981336805555556,0,0.05629340277777778,4,0.03253038194444444,0,0,0
float32-round-even-staged,fx-low-exposure,2.1,True,True,0.06569010416666667,0,0.055013020833333336,4,0.03828125,0,0,0
float32-round-even-staged,fx-hazy,0.3,True,True,0.096875,8,0.07973090277777778,4,0.09772135416666666,8,0,0
float32-round-even-staged,fx-hazy,0.9,True,True,0.09926215277777778,8,0.08463541666666667,4,0.09038628472222222,8,0,0
float32-round-even-staged,fx-hazy,1.5,True,True,0.10486111111111111,8,0.088671875,4,0.09429253472222222,8,0,0
float32-round-even-staged,fx-hazy,2.1,True,True,0.11039496527777778,8,0.08582899305555555,4,0.09279513888888889,8,0,0
float32-round-even-staged,fx-to-colour,0.3,True,True,0.108203125,8,0.11039496527777778,4,0.10518663194444444,8,0,0
float32-round-even-staged,fx-to-colour,0.9,True,True,0.11438802083333334,8,0.11762152777777778,4,0.10542534722222222,8,0,0
float32-round-even-staged,fx-to-colour,1.5,True,True,0.12150607638888888,8,0.07428385416666666,4,0.09112413194444445,8,0,0
float32-round-even-staged,fx-to-colour,2.1,True,True,0.07808159722222222,0,0.06647135416666666,4,0.068359375,0,0,0
float32-round-even-staged,fx-colorize,0.3,True,True,0.08958333333333333,8,0.07758246527777778,4,0.05182291666666667,0,0,0
float32-round-even-staged,fx-colorize,0.9,True,True,0.08732638888888888,8,0.07317708333333334,4,0.051280381944444446,0,0,0
float32-round-even-staged,fx-colorize,1.5,True,True,0.09435763888888889,8,0.07703993055555555,4,0.0517578125,0,0,0
float32-round-even-staged,fx-colorize,2.1,True,True,0.08391927083333334,8,0.07209201388888889,4,0.054036458333333336,0,0,0
float32-round-even-staged,fx-tilt-shift,0.3,True,True,0.11165364583333333,8,0.10381944444444445,4,0.09118923611111111,8,0,0
float32-round-even-staged,fx-tilt-shift,0.9,True,True,0.1013671875,8,0.10414496527777778,4,0.09164496527777778,8,0,0
float32-round-even-staged,fx-tilt-shift,1.5,True,True,0.10911458333333333,8,0.11009114583333333,4,0.08226996527777777,8,0,0
float32-round-even-staged,fx-tilt-shift,2.1,True,True,0.10646701388888889,8,0.10642361111111111,4,0.08780381944444444,8,0,0
float32-round-even-staged,fx-iris-open,0.3,True,True,0.06493055555555556,0,0.0595703125,4,0.06197916666666667,0,0,0
float32-round-even-staged,fx-iris-open,0.9,True,True,0.07016059027777778,0,0.0681423611111111,4,0.07536892361111111,0,0,0
float32-round-even-staged,fx-iris-open,1.5,True,True,0.07291666666666667,0,0.07376302083333333,4,0.06879340277777778,0,0,0
float32-round-even-staged,fx-iris-open,2.1,True,True,0.07808159722222222,0,0.06647135416666666,4,0.068359375,0,0,0
float32-round-even-staged,fx-iris-close,0.3,True,True,0.06059027777777778,0,0.05384114583333333,4,0.05277777777777778,0,0,0
float32-round-even-staged,fx-iris-close,0.9,True,True,0.06351996527777778,0,0.052582465277777775,4,0.051171875,0,0,0
float32-round-even-staged,fx-iris-close,1.5,True,True,0.004318576388888889,0,0.002907986111111111,0,0.0025173611111111113,0,0,0
float32-round-even-staged,fx-iris-close,2.1,True,True,0,0,0,0,0,0,0,0
float32-round-even-staged,fx-slide-reveal,0.3,True,True,0.06907552083333333,0,0.056727430555555555,4,0.04900173611111111,0,0,0
float32-round-even-staged,fx-slide-reveal,0.9,True,True,0.1654730902777778,8,0.13246527777777778,4,0.09431423611111112,8,0,0
float32-round-even-staged,fx-slide-reveal,1.5,True,True,0.13081597222222222,8,0.11512586805555555,4,0.06829427083333334,0,0,0
float32-round-even-staged,fx-slide-reveal,2.1,True,True,0.07957899305555556,0,0.06729600694444444,4,0.045811631944444445,0,0,0
float32-round-even-staged,fx-zoom-intro,0.3,True,True,0.066015625,0,0.068359375,4,0.06050347222222222,0,0,0
float32-round-even-staged,fx-zoom-intro,0.9,True,True,0.144140625,8,0.13411458333333334,4,0.12115885416666666,8,0,0
float32-round-even-staged,fx-zoom-intro,1.5,True,True,0.14303385416666667,8,0.13891059027777777,4,0.13289930555555557,8,0,0
float32-round-even-staged,fx-zoom-intro,2.1,True,True,0.07879774305555555,0,0.06692708333333333,4,0.06872829861111111,0,0,0
float32-round-even-staged,fx-blur-in,0.3,True,True,0.05186631944444445,0,0.04071180555555556,4,0.02990451388888889,0,0,0
float32-round-even-staged,fx-blur-in,0.9,True,True,0.09945746527777778,8,0.08734809027777778,4,0.07671440972222222,0,0,0
float32-round-even-staged,fx-blur-in,1.5,True,True,0.11187065972222222,8,0.10217013888888889,4,0.08802083333333334,8,0,0
float32-round-even-staged,fx-blur-in,2.1,True,True,0.06675347222222222,0,0.0576171875,4,0.053125,0,0,0
float32-round-even-staged,fx-blur-out,0.3,True,True,0.1025390625,8,0.09867621527777778,4,0.08489583333333334,8,0,0
float32-round-even-staged,fx-blur-out,0.9,True,True,0.04446614583333333,0,0.04496527777777778,4,0.0306640625,0,0,0
float32-round-even-staged,fx-blur-out,1.5,True,True,0.014713541666666666,0,0.009027777777777777,0,0.007400173611111111,0,0,0
float32-round-even-staged,fx-blur-out,2.1,True,True,0,0,0,0,0,0,0,0
float32-round-even-staged,fx-curtain,0.3,True,True,0.016341145833333334,0,0.012847222222222222,0,0.01408420138888889,0,0,0
float32-round-even-staged,fx-curtain,0.9,True,True,0.03220486111111111,0,0.028407118055555555,0,0.03504774305555555,0,0,0
float32-round-even-staged,fx-curtain,1.5,True,True,0.03882378472222222,0,0.03192274305555556,0,0.040581597222222224,0,0,0
float32-round-even-staged,fx-curtain,2.1,True,True,0.03973524305555556,0,0.03404947916666667,0,0.04559461805555556,0,0,0
float32-round-even-staged,fx-the-end,0.3,True,True,0.05677083333333333,0,0.04997829861111111,4,0.048567708333333334,0,0,0
float32-round-even-staged,fx-the-end,0.9,True,True,0.034895833333333334,0,0.02964409722222222,0,0.028428819444444444,0,0,0
float32-round-even-staged,fx-the-end,1.5,True,True,0.005230034722222222,0,0.007161458333333333,0,0.004969618055555555,0,0,0
float32-round-even-staged,fx-the-end,2.1,True,True,0,0,0,0,0,0,0,0
float32-round-even-staged,fx-flash-in,0.3,True,True,0.022916666666666665,0,0.025694444444444443,0,0.02085503472222222,0,0,0
float32-round-even-staged,fx-flash-in,0.9,True,True,0.08849826388888889,8,0.06736111111111111,4,0.05314670138888889,0,0,0
float32-round-even-staged,fx-flash-in,1.5,True,True,0.04529079861111111,0,0.04309895833333333,4,0.03511284722222222,0,0,0
float32-round-even-staged,fx-flash-in,2.1,True,True,0.045073784722222225,0,0.045182291666666666,4,0.039388020833333336,0,0,0
float32-round-even-staged,fx-glitch-in,0.3,True,True,0.023719618055555555,0,0.018033854166666665,0,0.020572916666666666,0,0,0
float32-round-even-staged,fx-glitch-in,0.9,True,True,0.08873697916666666,8,0.06267361111111111,4,0.08289930555555555,8,0,0
float32-round-even-staged,fx-glitch-in,1.5,True,True,0.11564670138888888,8,0.03125,0,0.087109375,8,0,0
float32-round-even-staged,fx-glitch-in,2.1,True,True,0.02947048611111111,0,0.02282986111111111,0,0.022894965277777776,0,0,0
float32-round-even-staged,fx-film-burn,0.3,True,True,0.0740234375,0,0.06948784722222222,4,0.07209201388888889,0,0,0
float32-round-even-staged,fx-film-burn,0.9,True,True,0.05744357638888889,0,0.08166232638888889,4,0.06117621527777778,0,0,0
float32-round-even-staged,fx-film-burn,1.5,True,True,0,0,0.025911458333333335,0,0.02133246527777778,0,0,0
float32-round-even-staged,fx-film-burn,2.1,True,True,0,0,8.680555555555556e-05,0,0.0005208333333333333,0,0,0
float32-round-even-staged,fx-shutter,0.3,True,True,0.06059027777777778,0,0.05384114583333333,4,0.05277777777777778,0,0,0
float32-round-even-staged,fx-shutter,0.9,True,True,0.012630208333333334,0,0.019053819444444446,0,0.01384548611111111,0,0,0
float32-round-even-staged,fx-shutter,1.5,True,True,0.06306423611111112,0,0.060698784722222225,4,0.05559895833333333,0,0,0
float32-round-even-staged,fx-shutter,2.1,True,True,0.06675347222222222,0,0.0576171875,4,0.053125,0,0,0
float32-round-even-staged,fx-heart-reveal,0.3,True,True,0.015190972222222222,0,0.010373263888888888,0,0.011024305555555556,0,0,0
float32-round-even-staged,fx-heart-reveal,0.9,True,True,0.04131944444444444,0,0.03812934027777778,0,0.03452690972222222,0,0,0
float32-round-even-staged,fx-heart-reveal,1.5,True,True,0.04266493055555556,0,0.039388020833333336,0,0.0341796875,0,0,0
float32-round-even-staged,fx-heart-reveal,2.1,True,True,0.043055555555555555,0,0.04309895833333333,4,0.03875868055555556,0,0,0
float32-round-even-staged,fx-torn-reveal,0.3,True,True,0.039952256944444445,0,0.03478732638888889,0,0.031141493055555556,0,0,0
float32-round-even-staged,fx-torn-reveal,0.9,True,True,0.06499565972222222,0,0.06197916666666667,4,0.06710069444444444,0,0,0
float32-round-even-staged,fx-torn-reveal,1.5,True,True,0.07291666666666667,0,0.07376302083333333,4,0.06879340277777778,0,0,0
float32-round-even-staged,fx-torn-reveal,2.1,True,True,0.07808159722222222,0,0.06647135416666666,4,0.068359375,0,0,0
float32-round-even-staged,fx-disco,0.3,True,True,0.06547309027777778,0,0.0626953125,4,0.06697048611111112,0,0,0
float32-round-even-staged,fx-disco,0.9,True,True,0.06916232638888889,0,0.062000868055555554,4,0.06299913194444444,0,0,0
float32-round-even-staged,fx-disco,1.5,True,True,0.061675347222222225,0,0.06499565972222222,4,0.05978732638888889,0,0,0
float32-round-even-staged,fx-disco,2.1,True,True,0.06879340277777778,0,0.055859375,4,0.05802951388888889,0,0,0
float32-round-even-staged,fx-laser-show,0.3,True,True,0.05928819444444444,0,0.05640190972222222,4,0.059027777777777776,0,0,0
float32-round-even-staged,fx-laser-show,0.9,True,True,0.070703125,0,0.05959201388888889,4,0.05082465277777778,0,0,0
float32-round-even-staged,fx-laser-show,1.5,True,True,0.05492621527777778,0,0.05067274305555555,4,0.0474609375,0,0,0
float32-round-even-staged,fx-laser-show,2.1,True,True,0.056727430555555555,0,0.05946180555555555,4,0.05564236111111111,0,0,0
float32-round-even-staged,fx-club-lights,0.3,True,True,0.06256510416666666,0,0.06677517361111111,4,0.05390625,0,0,0
float32-round-even-staged,fx-club-lights,0.9,True,True,0.07096354166666667,0,0.0715060763888889,4,0.06061197916666667,0,0,0
float32-round-even-staged,fx-club-lights,1.5,True,True,0.07647569444444445,0,0.0802734375,4,0.06456163194444445,0,0,0
float32-round-even-staged,fx-club-lights,2.1,True,True,0.06323784722222223,0,0.062174479166666664,4,0.05536024305555556,0,0,0
float32-round-even-staged,fx-beat-zoom,0.3,True,True,0.05078125,0,0.043229166666666666,4,0.039561631944444446,0,0,0
float32-round-even-staged,fx-beat-zoom,0.9,True,True,0.048502604166666664,0,0.03830295138888889,0,0.03741319444444444,0,0,0
float32-round-even-staged,fx-beat-zoom,1.5,True,True,0.04663628472222222,0,0.040234375,0,0.04038628472222222,0,0,0
float32-round-even-staged,fx-beat-zoom,2.1,True,True,0.07706163194444444,0,0.07369791666666667,4,0.072265625,0,0,0
float32-round-even-staged,fx-mirror-ball,0.3,True,True,0.21009114583333333,8,0.2807074652777778,4,0.3069661458333333,8,0,0
float32-round-even-staged,fx-mirror-ball,0.9,True,True,0.2384982638888889,8,0.25145399305555555,4,0.30638020833333335,8,0,0
float32-round-even-staged,fx-mirror-ball,1.5,True,True,0.19858940972222222,8,0.17858072916666667,4,0.24233940972222223,8,0,0
float32-round-even-staged,fx-mirror-ball,2.1,True,True,0.19926215277777778,8,0.20394965277777777,4,0.23938802083333333,8,0,0
float32-round-even-staged,fx-confetti,0.3,True,True,0.05479600694444445,0,0.050520833333333334,4,0.04967447916666667,0,0,0
float32-round-even-staged,fx-confetti,0.9,True,True,0.05284288194444445,0,0.04756944444444444,4,0.048285590277777776,0,0,0
float32-round-even-staged,fx-confetti,1.5,True,True,0.05733506944444444,0,0.04895833333333333,4,0.052734375,0,0,0
float32-round-even-staged,fx-confetti,2.1,True,True,0.05381944444444445,0,0.050390625,4,0.046788194444444445,0,0,0
float32-round-even-staged,fx-colour-cycle,0.3,True,True,0.10364583333333334,8,0.11733940972222222,4,0.14561631944444445,8,0,0
float32-round-even-staged,fx-colour-cycle,0.9,True,True,0.13548177083333332,8,0.08917100694444445,4,0.1376953125,8,0,0
float32-round-even-staged,fx-colour-cycle,1.5,True,True,0.15013020833333332,8,0.11148003472222222,4,0.11681857638888889,8,0,0
float32-round-even-staged,fx-colour-cycle,2.1,True,True,0.1427951388888889,8,0.13289930555555557,4,0.0908203125,8,0,0
float32-round-even-staged,fx-balloons,0.3,True,True,0.052018229166666666,0,0.04348958333333333,4,0.05123697916666667,0,0,0
float32-round-even-staged,fx-balloons,0.9,True,True,0.047591145833333334,0,0.045985243055555555,4,0.056206597222222224,0,0,0
float32-round-even-staged,fx-balloons,1.5,True,True,0.04841579861111111,0,0.04544270833333333,4,0.03641493055555556,0,0,0
float32-round-even-staged,fx-balloons,2.1,True,True,0.04865451388888889,0,0.046440972222222224,4,0.039496527777777776,0,0,0
float32-round-even-staged,fx-earthquake,0.3,True,True,0.13626302083333333,8,0.13819444444444445,4,0.12411024305555556,8,0,0
float32-round-even-staged,fx-earthquake,0.9,True,True,0.14281684027777777,8,0.13292100694444445,4,0.1292751736111111,8,0,0
float32-round-even-staged,fx-earthquake,1.5,True,True,0.14242621527777777,8,0.13836805555555556,4,0.12797309027777778,8,0,0
float32-round-even-staged,fx-earthquake,2.1,True,True,0.14463975694444445,8,0.1349392361111111,4,0.12734375,8,0,0
float32-round-even-staged,fx-swirl,0.3,True,True,0.14244791666666667,8,0.13120659722222222,4,0.12914496527777777,8,0,0
float32-round-even-staged,fx-swirl,0.9,True,True,0.13995225694444444,8,0.1361328125,4,0.12990451388888888,8,0,0
float32-round-even-staged,fx-swirl,1.5,True,True,0.13081597222222222,8,0.14249131944444443,4,0.125390625,8,0,0
float32-round-even-staged,fx-swirl,2.1,True,True,0.14047309027777777,8,0.13615451388888888,4,0.1267578125,8,0,0
float32-round-even-staged,fx-spin,0.3,True,True,0.09737413194444444,8,0.0853515625,4,0.07434895833333334,0,0,0
float32-round-even-staged,fx-spin,0.9,True,True,0.09848090277777778,8,0.08142361111111111,4,0.06974826388888888,0,0,0
float32-round-even-staged,fx-spin,1.5,True,True,0.10073784722222222,8,0.08993055555555556,4,0.07571614583333333,0,0,0
float32-round-even-staged,fx-spin,2.1,True,True,0.10088975694444445,8,0.09212239583333333,4,0.07760416666666667,0,0,0
float32-round-even-staged,fx-bounce,0.3,True,True,0.09305555555555556,8,0.08984375,4,0.09292534722222222,8,0,0
float32-round-even-staged,fx-bounce,0.9,True,True,0.09207899305555556,8,0.09309895833333333,4,0.08116319444444445,0,0,0
float32-round-even-staged,fx-bounce,1.5,True,True,0.09691840277777777,8,0.08563368055555555,4,0.08658854166666667,8,0,0
float32-round-even-staged,fx-bounce,2.1,True,True,0.09372829861111111,8,0.09411892361111111,4,0.08784722222222222,8,0,0
float32-round-even-staged,fx-zoom-pulse,0.3,True,True,0.13899739583333334,8,0.1325954861111111,4,0.13231336805555555,8,0,0
float32-round-even-staged,fx-zoom-pulse,0.9,True,True,0.13995225694444444,8,0.1362847222222222,4,0.12115885416666666,8,0,0
float32-round-even-staged,fx-zoom-pulse,1.5,True,True,0.14793836805555555,8,0.14021267361111112,4,0.128125,8,0,0
float32-round-even-staged,fx-zoom-pulse,2.1,True,True,0.1370876736111111,8,0.14466145833333333,4,0.12881944444444443,8,0,0
float32-round-even-staged,fx-heartbeat,0.3,True,True,0.09767795138888889,8,0.09435763888888889,4,0.08337673611111111,8,0,0
float32-round-even-staged,fx-heartbeat,0.9,True,True,0.05119357638888889,0,0.041276041666666666,4,0.040473090277777776,0,0,0
float32-round-even-staged,fx-heartbeat,1.5,True,True,0.07699652777777778,0,0.06553819444444445,4,0.0666015625,0,0,0
float32-round-even-staged,fx-heartbeat,2.1,True,True,0.10473090277777777,8,0.08828125,4,0.09151475694444444,8,0,0
float32-round-even-staged,fx-light-leak,0.3,True,True,0.048676215277777775,0,0.04220920138888889,4,0.041449652777777776,0,0,0
float32-round-even-staged,fx-light-leak,0.9,True,True,0.04715711805555556,0,0.04772135416666667,4,0.04240451388888889,0,0,0
float32-round-even-staged,fx-light-leak,1.5,True,True,0.052018229166666666,0,0.050629340277777775,4,0.04299045138888889,0,0,0
float32-round-even-staged,fx-light-leak,2.1,True,True,0.05661892361111111,0,0.055078125,4,0.05199652777777778,0,0,0
float32-round-even-staged,fx-lens-flare,0.3,True,True,0.11538628472222222,8,0.1150390625,4,0.11358506944444445,8,0,0
float32-round-even-staged,fx-lens-flare,0.9,True,True,0.11184895833333333,8,0.11553819444444445,4,0.10677083333333333,8,0,0
float32-round-even-staged,fx-lens-flare,1.5,True,True,0.11564670138888888,8,0.11239149305555556,4,0.10581597222222222,8,0,0
float32-round-even-staged,fx-lens-flare,2.1,True,True,0.11551649305555556,8,0.12196180555555555,4,0.10475260416666667,8,0,0
float32-round-even-staged,fx-bokeh,0.3,True,True,0.08984375,8,0.0886501736111111,4,0.08624131944444445,8,0,0
float32-round-even-staged,fx-bokeh,0.9,True,True,0.09513888888888888,8,0.08704427083333334,4,0.09125434027777778,8,0,0
float32-round-even-staged,fx-bokeh,1.5,True,True,0.09047309027777778,8,0.09283854166666666,4,0.08031684027777777,0,0,0
float32-round-even-staged,fx-bokeh,2.1,True,True,0.09748263888888889,8,0.0920138888888889,4,0.07994791666666666,0,0,0
float32-round-even-staged,fx-sunbeam,0.3,True,True,0.07332899305555556,0,0.0646701388888889,4,0.0736328125,0,0,0
float32-round-even-staged,fx-sunbeam,0.9,True,True,0.055121527777777776,0,0.051258680555555554,4,0.051909722222222225,0,0,0
float32-round-even-staged,fx-sunbeam,1.5,True,True,0.05967881944444445,0,0.04934895833333333,4,0.05496961805555556,0,0,0
float32-round-even-staged,fx-sunbeam,2.1,True,True,0.05848524305555555,0,0.05262586805555555,4,0.04982638888888889,0,0,0
float32-round-even-staged,fx-rainbow-leak,0.3,True,True,0.0619140625,0,0.04993489583333333,4,0.04871961805555555,0,0,0
float32-round-even-staged,fx-rainbow-leak,0.9,True,True,0.047026909722222225,0,0.04561631944444444,4,0.042252604166666666,0,0,0
float32-round-even-staged,fx-rainbow-leak,1.5,True,True,0.05080295138888889,0,0.04984809027777778,4,0.039149305555555555,0,0,0
float32-round-even-staged,fx-rainbow-leak,2.1,True,True,0.056098090277777776,0,0.059071180555555554,4,0.052083333333333336,0,0,0
float32-round-even-staged,fx-bloom,0.3,True,True,0.10366753472222222,8,0.12293836805555555,4,0.11117621527777778,8,0,0
float32-round-even-staged,fx-bloom,0.9,True,True,0.10340711805555555,8,0.1273871527777778,4,0.11085069444444444,8,0,0
float32-round-even-staged,fx-bloom,1.5,True,True,0.10813802083333333,8,0.128515625,4,0.10536024305555555,8,0,0
float32-round-even-staged,fx-bloom,2.1,True,True,0.10362413194444445,8,0.1264105902777778,4,0.10310329861111112,8,0,0
float32-round-even-staged,fx-neon-edges,0.3,True,True,0.3316189236111111,8,0.17769097222222222,4,0.20805121527777778,8,0,0
float32-round-even-staged,fx-neon-edges,0.9,True,True,0.3353515625,8,0.23997395833333332,4,0.13645833333333332,8,0,0
float32-round-even-staged,fx-neon-edges,1.5,True,True,0.33404947916666666,8,0.30789930555555556,4,0.12013888888888889,8,0,0
float32-round-even-staged,fx-neon-edges,2.1,True,True,0.2658203125,8,0.3310763888888889,4,0.11864149305555556,8,0,0
float32-round-even-staged,fx-starburst,0.3,True,True,0.08895399305555556,8,0.07990451388888889,4,0.0755859375,0,0,0
float32-round-even-staged,fx-starburst,0.9,True,True,0.08639322916666667,8,0.08016493055555556,4,0.07033420138888889,0,0,0
float32-round-even-staged,fx-starburst,1.5,True,True,0.08628472222222222,8,0.08561197916666667,4,0.07165798611111111,0,0,0
float32-round-even-staged,fx-starburst,2.1,True,True,0.09173177083333334,8,0.0769314236111111,4,0.06727430555555555,0,0,0
float32-round-even-staged,fx-split-2,0.3,True,True,0.06770833333333333,0,0.06397569444444444,4,0.06770833333333333,0,0,0
float32-round-even-staged,fx-split-2,0.9,True,True,0.06870659722222222,0,0.05911458333333333,4,0.0580078125,0,0,0
float32-round-even-staged,fx-split-2,1.5,True,True,0.0673828125,0,0.06475694444444445,4,0.07222222222222222,0,0,0
float32-round-even-staged,fx-split-2,2.1,True,True,0.07348090277777777,0,0.05954861111111111,4,0.05603298611111111,0,0,0
float32-round-even-staged,fx-stack-2,0.3,True,True,0.07719184027777778,0,0.07881944444444444,4,0.073046875,0,0,0
float32-round-even-staged,fx-stack-2,0.9,True,True,0.07808159722222222,0,0.0783420138888889,4,0.07799479166666666,0,0,0
float32-round-even-staged,fx-stack-2,1.5,True,True,0.08292100694444444,0,0.08042534722222222,4,0.06768663194444445,0,0,0
float32-round-even-staged,fx-stack-2,2.1,True,True,0.087109375,8,0.07261284722222222,4,0.07026909722222222,0,0,0
float32-round-even-staged,fx-split-3,0.3,True,True,0.07738715277777777,0,0.07845052083333333,4,0.08220486111111111,0,0,0
float32-round-even-staged,fx-split-3,0.9,True,True,0.09069010416666666,8,0.08795572916666666,4,0.07317708333333334,0,0,0
float32-round-even-staged,fx-split-3,1.5,True,True,0.08752170138888889,8,0.08142361111111111,4,0.07571614583333333,0,0,0
float32-round-even-staged,fx-split-3,2.1,True,True,0.09680989583333334,8,0.0833984375,4,0.08776041666666666,8,0,0
float32-round-even-staged,fx-grid-4,0.3,True,True,0.2595703125,8,0.209375,4,0.2595703125,8,0,0
float32-round-even-staged,fx-grid-4,0.9,True,True,0.26851128472222224,8,0.21412760416666668,4,0.26851128472222224,8,0,0
float32-round-even-staged,fx-grid-4,1.5,True,True,0.28409288194444443,8,0.22413194444444445,4,0.28409288194444443,8,0,0
float32-round-even-staged,fx-grid-4,2.1,True,True,0.2642578125,8,0.23461371527777777,4,0.2642578125,8,0,0
float32-round-even-staged,fx-grid-9,0.3,True,True,0.062413194444444445,0,0.04537760416666667,4,0.05785590277777778,0,0,0
float32-round-even-staged,fx-grid-9,0.9,True,True,0.06258680555555556,0,0.056141493055555554,4,0.0388671875,0,0,0
float32-round-even-staged,fx-grid-9,1.5,True,True,0.0333984375,0,0.05358072916666667,4,0.05705295138888889,0,0,0
float32-round-even-staged,fx-grid-9,2.1,True,True,0.05950520833333333,0,0.06245659722222222,4,0.05802951388888889,0,0,0
float32-round-even-staged,fx-mirror-lr,0.3,True,True,0.03585069444444444,0,0.03259548611111111,0,0.04014756944444445,0,0,0
float32-round-even-staged,fx-mirror-lr,0.9,True,True,0.039149305555555555,0,0.04084201388888889,4,0.039539930555555554,0,0,0
float32-round-even-staged,fx-mirror-lr,1.5,True,True,0.040364583333333336,0,0.02868923611111111,0,0.037196180555555555,0,0,0
float32-round-even-staged,fx-mirror-lr,2.1,True,True,0.034678819444444446,0,0.036631944444444446,0,0.043793402777777775,0,0,0
float32-round-even-staged,fx-mirror-tb,0.3,True,True,0.07254774305555556,0,0.06284722222222222,4,0.05078125,0,0,0
float32-round-even-staged,fx-mirror-tb,0.9,True,True,0.07380642361111112,0,0.06128472222222222,4,0.05529513888888889,0,0,0
float32-round-even-staged,fx-mirror-tb,1.5,True,True,0.06885850694444444,0,0.06545138888888889,4,0.055338541666666664,0,0,0
float32-round-even-staged,fx-mirror-tb,2.1,True,True,0.0708984375,0,0.06631944444444444,4,0.059895833333333336,0,0,0
float32-round-even-staged,fx-kaleido-4,0.3,True,True,0.0892578125,8,0.07269965277777778,4,0.06851128472222222,0,0,0
float32-round-even-staged,fx-kaleido-4,0.9,True,True,0.09019097222222222,8,0.07473958333333333,4,0.07873263888888889,0,0,0
float32-round-even-staged,fx-kaleido-4,1.5,True,True,0.07795138888888889,0,0.07864583333333333,4,0.07506510416666666,0,0,0
float32-round-even-staged,fx-kaleido-4,2.1,True,True,0.09279513888888889,8,0.0700954861111111,4,0.06636284722222222,0,0,0
float32-round-even-staged,fx-rgb-panes,0.3,True,True,0.11640625,8,0.21011284722222223,4,0.24889322916666667,8,0,0
float32-round-even-staged,fx-rgb-panes,0.9,True,True,0.10698784722222222,8,0.20670572916666666,4,0.25731336805555555,8,0,0
float32-round-even-staged,fx-rgb-panes,1.5,True,True,0.10360243055555556,8,0.20475260416666666,4,0.228125,8,0,0
float32-round-even-staged,fx-rgb-panes,2.1,True,True,0.09889322916666667,8,0.20316840277777778,4,0.23125,8,0,0
float32-round-even-staged,fx-grid-flash,0.3,True,True,0.09188368055555556,8,0.06688368055555556,4,0.07769097222222222,0,0,0
float32-round-even-staged,fx-grid-flash,0.9,True,True,0.11807725694444444,8,0.06740451388888889,4,0.07914496527777778,0,0,0
float32-round-even-staged,fx-grid-flash,1.5,True,True,0.08598090277777778,8,0.07356770833333333,4,0.09040798611111112,8,0,0
float32-round-even-staged,fx-grid-flash,2.1,True,True,0.08057725694444444,0,0.06831597222222222,4,0.06595052083333333,0,0,0
float32-round-even-staged,fx-pencil-sketch,0.3,True,True,0.2125217013888889,8,0.2107638888888889,4,0.2072482638888889,8,0,0
float32-round-even-staged,fx-pencil-sketch,0.9,True,True,0.266015625,8,0.25733506944444445,4,0.27118055555555554,8,0,0
float32-round-even-staged,fx-pencil-sketch,1.5,True,True,0.260546875,8,0.2647786458333333,4,0.26536458333333335,8,0,0
float32-round-even-staged,fx-pencil-sketch,2.1,True,True,0.2946831597222222,8,0.29424913194444446,4,0.3003472222222222,8,0,0
float32-round-even-staged,fx-marker-lines,0.3,True,True,0.14064670138888888,8,0.14830729166666667,4,0.1842013888888889,8,0,0
float32-round-even-staged,fx-marker-lines,0.9,True,True,0.17159288194444444,8,0.1716796875,4,0.21260850694444444,8,0,0
float32-round-even-staged,fx-marker-lines,1.5,True,True,0.17838541666666666,8,0.1749782986111111,4,0.20950520833333333,8,0,0
float32-round-even-staged,fx-marker-lines,2.1,True,True,0.1732855902777778,8,0.17526041666666667,4,0.22072482638888888,8,0,0
float32-round-even-staged,fx-spray-neon,0.3,True,True,0.23407118055555556,8,0.1414279513888889,4,0.09945746527777778,8,0,0
float32-round-even-staged,fx-spray-neon,0.9,True,True,0.2492404513888889,8,0.15143229166666666,4,0.10579427083333333,8,0,0
float32-round-even-staged,fx-spray-neon,1.5,True,True,0.24830729166666668,8,0.1412109375,4,0.10831163194444444,8,0,0
float32-round-even-staged,fx-spray-neon,2.1,True,True,0.24711371527777778,8,0.14581163194444444,4,0.11343315972222222,8,0,0
float32-round-even-staged,fx-comic-print,0.3,True,True,0.11371527777777778,8,0.14585503472222222,4,0.10023871527777778,0,0,0
float32-round-even-staged,fx-comic-print,0.9,True,True,0.1107421875,8,0.14967447916666668,4,0.09453125,0,0,0
float32-round-even-staged,fx-comic-print,1.5,True,True,0.12092013888888889,8,0.14407552083333333,4,0.0919921875,0,0,0
float32-round-even-staged,fx-comic-print,2.1,True,True,0.11024305555555555,8,0.149609375,4,0.09932725694444444,0,0,0
float32-round-even-staged,fx-chalkboard,0.3,True,True,0.18057725694444443,8,0.17643229166666666,4,0.18624131944444444,8,0,0
float32-round-even-staged,fx-chalkboard,0.9,True,True,0.24097222222222223,8,0.2420138888888889,4,0.24622395833333333,8,0,0
float32-round-even-staged,fx-chalkboard,1.5,True,True,0.23328993055555555,8,0.24268663194444445,4,0.23997395833333332,8,0,0
float32-round-even-staged,fx-chalkboard,2.1,True,True,0.2657335069444444,8,0.26705729166666664,4,0.2711588541666667,8,0,0
float32-round-even-staged,fx-scribble-frame,0.3,True,True,0.074609375,0,0.0700954861111111,4,0.06866319444444445,0,0,0
float32-round-even-staged,fx-scribble-frame,0.9,True,True,0.07235243055555556,0,0.07126736111111111,4,0.07174479166666667,0,0,0
float32-round-even-staged,fx-scribble-frame,1.5,True,True,0.07669270833333333,0,0.07797309027777778,4,0.07102864583333333,0,0,0
float32-round-even-staged,fx-scribble-frame,2.1,True,True,0.08118489583333334,0,0.06950954861111111,4,0.07042100694444445,0,0,0
float32-round-even-staged,fx-confetti-burst,0.3,False,False,2.6965928819444445,107,2.4567274305555555,77,2.3826171875,83,0,0
float32-round-even-staged,fx-confetti-burst,0.9,False,False,1.3544270833333334,58,1.5026041666666667,57,1.6874565972222222,74,0,0
float32-round-even-staged,fx-confetti-burst,1.5,False,False,1.0500434027777779,49,1.1630859375,53,1.1270182291666666,41,0,0
float32-round-even-staged,fx-confetti-burst,2.1,False,False,0.9568142361111112,33,0.8950737847222222,33,1.125368923611111,33,0,0
float32-round-even-staged,fx-gold-glitter,0.3,True,True,0.06569010416666667,0,0.05768229166666667,4,0.05041232638888889,0,0,0
float32-round-even-staged,fx-gold-glitter,0.9,True,True,0.07124565972222222,0,0.06017795138888889,4,0.05249565972222222,0,0,0
float32-round-even-staged,fx-gold-glitter,1.5,True,True,0.06907552083333333,0,0.06215277777777778,4,0.05596788194444444,0,0,0
float32-round-even-staged,fx-gold-glitter,2.1,True,True,0.07380642361111112,0,0.06115451388888889,4,0.05635850694444444,0,0,0
float32-round-even-staged,fx-heart-rain,0.3,True,True,0.05392795138888889,0,0.048003472222222225,4,0.042469618055555554,0,0,0
float32-round-even-staged,fx-heart-rain,0.9,True,True,0.05659722222222222,0,0.04815538194444444,4,0.04357638888888889,0,0,0
float32-round-even-staged,fx-heart-rain,1.5,True,True,0.06384548611111111,0,0.046332465277777776,4,0.042144097222222225,0,0,0
float32-round-even-staged,fx-heart-rain,2.1,True,True,0.0693359375,0,0.05088975694444445,4,0.04607204861111111,0,0,0
float32-round-even-staged,fx-bubbles,0.3,True,True,0.06788194444444444,0,0.061957465277777776,4,0.06048177083333333,0,0,0
float32-round-even-staged,fx-bubbles,0.9,True,True,0.07189670138888889,0,0.06432291666666666,4,0.06449652777777778,0,0,0
float32-round-even-staged,fx-bubbles,1.5,True,True,0.07200520833333333,0,0.06981336805555556,4,0.0661892361111111,0,0,0
float32-round-even-staged,fx-bubbles,2.1,True,True,0.07634548611111111,0,0.06527777777777778,4,0.06534288194444444,0,0,0
float32-round-even-staged,fx-star-pop,0.3,True,True,0.05987413194444444,0,0.05896267361111111,4,0.05154079861111111,0,0,0
float32-round-even-staged,fx-star-pop,0.9,True,True,0.05314670138888889,0,0.04485677083333333,4,0.04665798611111111,0,0,0
float32-round-even-staged,fx-star-pop,1.5,True,True,0.06041666666666667,0,0.05308159722222222,4,0.047135416666666666,0,0,0
float32-round-even-staged,fx-star-pop,2.1,True,True,0.0806640625,0,0.07282986111111112,4,0.05538194444444444,0,0,0
float32-round-even-staged,fx-petals,0.3,True,True,0.0673828125,0,0.04142795138888889,4,0.0431640625,0,0,0
float32-round-even-staged,fx-petals,0.9,True,True,0.06940104166666666,0,0.044140625,4,0.04375,0,0,0
float32-round-even-staged,fx-petals,1.5,True,True,0.06942274305555556,0,0.04641927083333333,4,0.042078993055555555,0,0,0
float32-round-even-staged,fx-petals,2.1,True,True,0.06898871527777778,0,0.049891493055555555,4,0.04934895833333333,0,0,0
float32-round-even-staged,fx-snowfall,0.3,False,False,1.6568142361111111,49,1.8098524305555554,56,2.018185763888889,65,0,0
float32-round-even-staged,fx-snowfall,0.9,False,False,1.7237196180555556,50,1.862109375,57,2.0518663194444446,65,0,0
float32-round-even-staged,fx-snowfall,1.5,False,False,1.698415798611111,50,1.8646918402777777,56,2.0658203125,65,0,0
float32-round-even-staged,fx-snowfall,2.1,False,False,1.7102213541666667,50,1.8588107638888889,53,2.0657118055555554,58,0,0
float32-round-even-staged,fx-sparkler,0.3,True,True,0.11512586805555555,8,0.11393229166666667,4,0.12302517361111111,8,0,0
float32-round-even-staged,fx-sparkler,0.9,True,True,0.11130642361111111,8,0.11321614583333334,4,0.13023003472222222,8,0,0
float32-round-even-staged,fx-sparkler,1.5,True,True,0.12647569444444445,8,0.12180989583333333,4,0.11087239583333333,8,0,0
float32-round-even-staged,fx-sparkler,2.1,True,True,0.11378038194444444,8,0.11512586805555555,4,0.12081163194444444,8,0,0
float32-round-even-staged,fx-pixelate,0.3,True,True,0.0884765625,8,0.10184461805555556,4,0.09724392361111112,8,0,0
float32-round-even-staged,fx-pixelate,0.9,True,True,0.08220486111111111,8,0.09778645833333334,4,0.08235677083333333,8,0,0
float32-round-even-staged,fx-pixelate,1.5,True,True,0.0984375,8,0.10290798611111111,4,0.083203125,8,0,0
float32-round-even-staged,fx-pixelate,2.1,True,True,0.09411892361111111,8,0.09507378472222222,4,0.0837890625,8,0,0
float32-round-even-staged,fx-pixel-scan,0.3,True,True,0.08159722222222222,0,0.0826171875,4,0.08617621527777777,8,0,0
float32-round-even-staged,fx-pixel-scan,0.9,True,True,0.08025173611111111,0,0.07923177083333334,4,0.0857421875,8,0,0
float32-round-even-staged,fx-pixel-scan,1.5,True,True,0.08038194444444445,0,0.08370225694444444,4,0.07743055555555556,0,0,0
float32-round-even-staged,fx-pixel-scan,2.1,True,True,0.0884765625,8,0.0773654513888889,4,0.0751953125,0,0,0
float32-round-even-staged,fx-mosaic-pulse,0.3,True,True,0.09711371527777778,8,0.08342013888888888,4,0.07975260416666667,0,0,0
float32-round-even-staged,fx-mosaic-pulse,0.9,True,True,0.07990451388888889,0,0.07903645833333334,4,0.07369791666666667,0,0,0
float32-round-even-staged,fx-mosaic-pulse,1.5,True,True,0.08608940972222222,8,0.11996527777777778,4,0.07845052083333333,0,0,0
float32-round-even-staged,fx-mosaic-pulse,2.1,False,False,1.715625,49,1.5378255208333333,40,1.3600260416666667,33,0,0
float32-round-even-staged,fx-eight-bit,0.3,False,False,9.568467881944445,50,8.472330729166666,49,8.972960069444444,50,0,0
float32-round-even-staged,fx-eight-bit,0.9,False,False,9.60275607638889,50,8.841905381944445,49,8.698177083333333,50,0,0
float32-round-even-staged,fx-eight-bit,1.5,False,False,9.583159722222222,50,8.994965277777778,49,8.529861111111112,50,0,0
float32-round-even-staged,fx-eight-bit,2.1,False,False,9.528689236111111,50,8.5369140625,49,8.455230034722222,50,0,0
float32-round-even-staged,fx-pixel-sort,0.3,True,True,0.18057725694444443,8,0.1763237847222222,4,0.18237847222222223,8,0,0
float32-round-even-staged,fx-pixel-sort,0.9,True,True,0.1956814236111111,8,0.18422309027777778,4,0.20436197916666668,8,0,0
float32-round-even-staged,fx-pixel-sort,1.5,True,True,0.18155381944444443,8,0.16527777777777777,4,0.18430989583333332,8,0,0
float32-round-even-staged,fx-pixel-sort,2.1,True,True,0.18895399305555555,8,0.17024739583333334,4,0.1857638888888889,8,0,0
float32-round-even-staged,fx-pixel-breakdown,0.3,True,True,0.09171006944444444,8,0.08166232638888889,4,0.08982204861111111,8,0,0
float32-round-even-staged,fx-pixel-breakdown,0.9,True,True,0.1771918402777778,8,0.1958984375,4,0.20336371527777777,8,0,0
float32-round-even-staged,fx-pixel-breakdown,1.5,True,True,0.17309027777777777,8,0.18509114583333333,4,0.19305555555555556,8,0,0
float32-round-even-staged,fx-pixel-breakdown,2.1,True,True,0.10390625,0,0.0955078125,4,0.09210069444444445,0,0,0
float32-round-even-staged,fx-beads,0.3,True,True,0.049153645833333336,0,0.04676649305555555,4,0.04422743055555556,0,0,0
float32-round-even-staged,fx-beads,0.9,True,True,0.05199652777777778,0,0.04624565972222222,4,0.04296875,0,0,0
float32-round-even-staged,fx-beads,1.5,True,True,0.06130642361111111,0,0.05043402777777778,4,0.03845486111111111,0,0,0
float32-round-even-staged,fx-beads,2.1,True,True,0.05611979166666667,0,0.053233506944444446,4,0.04822048611111111,0,0,0
float32-round-even-staged,fx-led-wall,0.3,True,True,0.07467447916666667,0,0.08374565972222223,4,0.083984375,8,0,0
float32-round-even-staged,fx-led-wall,0.9,True,True,0.07795138888888889,0,0.08830295138888888,4,0.08483072916666666,8,0,0
float32-round-even-staged,fx-led-wall,1.5,True,True,0.07875434027777778,0,0.08862847222222223,4,0.0841796875,8,0,0
float32-round-even-staged,fx-led-wall,2.1,True,True,0.08745659722222222,8,0.08439670138888888,4,0.08656684027777778,8,0,0
float32-round-even-staged,fx-cross-stitch,0.3,True,True,0.06276041666666667,0,0.0560546875,4,0.08506944444444445,8,0,0
float32-round-even-staged,fx-cross-stitch,0.9,True,True,0.06061197916666667,0,0.053233506944444446,4,0.09555121527777778,8,0,0
float32-round-even-staged,fx-cross-stitch,1.5,True,True,0.05731336805555556,0,0.05627170138888889,4,0.09375,8,0,0
float32-round-even-staged,fx-cross-stitch,2.1,True,True,0.06204427083333333,0,0.056315104166666664,4,0.08823784722222222,8,0,0
float32-round-even-staged,fx-toy-bricks,0.3,True,True,0.1150173611111111,8,0.09973958333333334,4,0.07970920138888889,0,0,0
float32-round-even-staged,fx-toy-bricks,0.9,True,True,0.10668402777777777,8,0.1008029513888889,4,0.08739149305555556,8,0,0
float32-round-even-staged,fx-toy-bricks,1.5,True,True,0.09796006944444445,8,0.10208333333333333,4,0.08628472222222222,8,0,0
float32-round-even-staged,fx-toy-bricks,2.1,True,True,0.09997829861111111,8,0.10366753472222222,4,0.08409288194444445,8,0,0
float32-round-even-staged,fx-pixel-glitch,0.3,True,True,0.07688802083333333,0,0.0832248263888889,4,0.071484375,0,0,0
float32-round-even-staged,fx-pixel-glitch,0.9,True,True,0.09351128472222223,8,0.07766927083333333,4,0.08133680555555556,0,0,0
float32-round-even-staged,fx-pixel-glitch,1.5,True,True,0.08016493055555556,0,0.08348524305555556,4,0.07545572916666667,0,0,0
float32-round-even-staged,fx-pixel-glitch,2.1,True,True,0.08656684027777778,8,0.07530381944444445,4,0.07445746527777777,0,0,0
float32-round-even-staged,fx-rgb-split,0.3,True,True,0.11812065972222222,8,0.06729600694444444,4,0.06078559027777778,0,0,0
float32-round-even-staged,fx-rgb-split,0.9,True,True,0.13969184027777778,8,0.06864149305555556,4,0.07491319444444444,0,0,0
float32-round-even-staged,fx-rgb-split,1.5,True,True,0.10883246527777778,8,0.07046440972222222,4,0.08943142361111112,8,0,0
float32-round-even-staged,fx-rgb-split,2.1,True,True,0.09906684027777778,8,0.06729600694444444,4,0.05438368055555556,0,0,0
float32-round-even-staged,fx-digital-blocks,0.3,True,True,0.03819444444444445,0,0.03643663194444444,0,0.04485677083333333,0,0,0
float32-round-even-staged,fx-digital-blocks,0.9,True,True,0.04001736111111111,0,0.038172743055555555,0,0.04993489583333333,0,0,0
float32-round-even-staged,fx-digital-blocks,1.5,True,True,0.04754774305555556,0,0.03778211805555556,0,0.046050347222222225,0,0,0
float32-round-even-staged,fx-digital-blocks,2.1,True,True,0.04210069444444445,0,0.039887152777777775,0,0.05243055555555556,0,0,0
float32-round-even-staged,fx-vhs,0.3,False,False,4.5784722222222225,17,4.598394097222222,13,4.601540798611111,17,0,0
float32-round-even-staged,fx-vhs,0.9,False,False,4.529275173611111,17,4.544118923611111,13,4.5662109375,17,0,0
float32-round-even-staged,fx-vhs,1.5,False,False,4.546592881944444,17,4.551302083333334,13,4.540321180555556,17,0,0
float32-round-even-staged,fx-vhs,2.1,False,False,4.585373263888889,17,4.585611979166667,13,4.594921875,17,0,0
float32-round-even-staged,fx-scanline-jitter,0.3,True,True,0.09424913194444444,8,0.08359375,4,0.09563802083333334,8,0,0
float32-round-even-staged,fx-scanline-jitter,0.9,True,True,0.094140625,8,0.09340277777777778,4,0.09615885416666667,8,0,0
float32-round-even-staged,fx-scanline-jitter,1.5,True,True,0.09893663194444445,8,0.08257378472222222,4,0.09220920138888888,8,0,0
float32-round-even-staged,fx-scanline-jitter,2.1,True,True,0.0935546875,8,0.08298611111111111,4,0.09973958333333334,8,0,0
float32-round-even-staged,fx-datamosh,0.3,True,True,0.0900390625,0,0.08350694444444444,4,0.08834635416666667,0,0,0
float32-round-even-staged,fx-datamosh,0.9,True,True,0.07432725694444445,0,0.06019965277777778,4,0.06773003472222222,0,0,0
float32-round-even-staged,fx-datamosh,1.5,True,True,0.06705729166666667,0,0.05748697916666667,4,0.05570746527777778,0,0,0
float32-round-even-staged,fx-datamosh,2.1,True,True,0.08921440972222222,0,0.07293836805555555,4,0.07491319444444444,0,0,0
float32-round-even-staged,fx-signal-loss,0.3,True,True,0.0740234375,0,0.06948784722222222,4,0.07209201388888889,0,0,0
float32-round-even-staged,fx-signal-loss,0.9,False,False,14.636827256944445,148,14.598567708333333,150,14.628428819444444,148,0,0
float32-round-even-staged,fx-signal-loss,1.5,True,True,0.07291666666666667,0,0.07376302083333333,4,0.06879340277777778,0,0,0
float32-round-even-staged,fx-signal-loss,2.1,False,False,7.283919270833334,132,7.255251736111111,134,7.276171875,132,0,0
float32-round-even-staged,fx-chroma-wave,0.3,True,True,0.16161024305555555,8,0.0984375,4,0.16310763888888888,8,0,0
float32-round-even-staged,fx-chroma-wave,0.9,True,True,0.15826822916666666,8,0.09440104166666667,4,0.15737847222222223,8,0,0
float32-round-even-staged,fx-chroma-wave,1.5,True,True,0.16647135416666667,8,0.09383680555555556,4,0.1677734375,8,0,0
float32-round-even-staged,fx-chroma-wave,2.1,True,True,0.16710069444444445,8,0.09670138888888889,4,0.16694878472222222,8,0,0
float32-round-even-staged,fx-bad-tv,0.3,False,False,7.224110243055556,25,7.260980902777778,21,7.2615234375,25,0,0
float32-round-even-staged,fx-bad-tv,0.9,False,False,7.173003472222222,25,7.191796875,21,7.1760850694444445,25,0,0
float32-round-even-staged,fx-bad-tv,1.5,False,False,7.190559895833333,25,7.219683159722222,21,7.210894097222222,25,0,0
float32-round-even-staged,fx-bad-tv,2.1,False,False,7.231032986111111,25,7.259223090277778,21,7.270355902777778,25,0,0
float32-round-even-staged,fx-glitch-flash,0.3,True,True,0.04544270833333333,0,0.043467881944444446,4,0.04544270833333333,0,0,0
float32-round-even-staged,fx-glitch-flash,0.9,True,True,0.08747829861111112,8,0.07708333333333334,4,0.08433159722222222,8,0,0
float32-round-even-staged,fx-glitch-flash,1.5,True,True,0.045811631944444445,0,0.04021267361111111,0,0.045811631944444445,0,0,0
float32-round-even-staged,fx-glitch-flash,2.1,True,True,0.04299045138888889,0,0.04210069444444445,4,0.04299045138888889,0,0,0
float32-round-even-staged,fx-vhs-rewind,0.3,False,False,6.247504340277778,17,6.284201388888889,17,6.295746527777778,17,0,0
float32-round-even-staged,fx-vhs-rewind,0.9,False,False,6.349587673611111,17,6.388671875,17,6.3655381944444445,17,0,0
float32-round-even-staged,fx-vhs-rewind,1.5,False,False,6.374262152777778,17,6.4146484375,17,6.412087673611111,17,0,0
float32-round-even-staged,fx-vhs-rewind,2.1,True,True,0.14720052083333332,8,0.1380642361111111,4,0.14103732638888888,8,0,0
float32-round-even-staged,fx-film-8mm,0.3,False,False,10.421158854166666,33,10.485850694444444,29,10.48068576388889,33,0,0
float32-round-even-staged,fx-film-8mm,0.9,False,False,11.290603298611112,33,11.380967881944445,32,11.37966579861111,33,0,0
float32-round-even-staged,fx-film-8mm,1.5,False,False,11.177387152777778,33,11.263802083333333,32,11.170833333333333,33,0,0
float32-round-even-staged,fx-film-8mm,2.1,True,True,0.12222222222222222,8,0.11866319444444444,4,0.0949435763888889,8,0,0
float32-round-even-staged,fx-old-tv,0.3,False,False,6.331901041666667,24,6.415147569444445,20,6.387456597222222,24,0,0
float32-round-even-staged,fx-old-tv,0.9,False,False,6.405121527777778,25,6.4957465277777775,21,6.455338541666666,25,0,0
float32-round-even-staged,fx-old-tv,1.5,False,False,6.46171875,25,6.508832465277778,20,6.518576388888889,25,0,0
float32-round-even-staged,fx-old-tv,2.1,True,True,0.06573350694444445,0,0.06820746527777778,4,0.06803385416666667,0,0,0
float32-round-even-staged,fx-film-burn-leak,0.3,True,True,0.05546875,0,0.04626736111111111,4,0.04609375,0,0,0
float32-round-even-staged,fx-film-burn-leak,0.9,True,True,0.05329861111111111,0,0.05026041666666667,4,0.04348958333333333,0,0,0
float32-round-even-staged,fx-film-burn-leak,1.5,True,True,0.04993489583333333,0,0.052256944444444446,4,0.04286024305555555,0,0,0
float32-round-even-staged,fx-film-burn-leak,2.1,True,True,0.05173611111111111,0,0.05503472222222222,4,0.0509765625,0,0,0
float32-round-even-staged,fx-faded-print,0.3,True,True,0.12020399305555556,8,0.09921875,4,0.0673828125,0,0,0
float32-round-even-staged,fx-faded-print,0.9,True,True,0.11920572916666666,8,0.09789496527777777,4,0.07044270833333334,0,0,0
float32-round-even-staged,fx-faded-print,1.5,True,True,0.12252604166666667,8,0.10240885416666666,4,0.06931423611111111,0,0,0
float32-round-even-staged,fx-faded-print,2.1,True,True,0.12165798611111112,8,0.10462239583333334,4,0.07065972222222222,0,0,0
float32-round-even-staged,fx-seventies,0.3,False,False,4.77890625,17,5.041189236111111,16,5.0989366319444445,17,0,0
float32-round-even-staged,fx-seventies,0.9,False,False,4.785546875,17,5.117838541666667,16,5.142795138888889,17,0,0
float32-round-even-staged,fx-seventies,1.5,False,False,4.868098958333333,17,5.144986979166666,16,5.206814236111111,17,0,0
float32-round-even-staged,fx-seventies,2.1,True,True,0.0866970486111111,8,0.08546006944444444,4,0.05737847222222222,0,0,0
float32-round-even-staged,fx-dust-scratches,0.3,True,True,0.09231770833333333,0,0.08752170138888889,4,0.09168836805555555,0,0,0
float32-round-even-staged,fx-dust-scratches,0.9,True,True,0.07717013888888889,0,0.07495659722222223,4,0.081640625,0,0,0
float32-round-even-staged,fx-dust-scratches,1.5,True,True,0.14401041666666667,0,0.14809027777777778,4,0.14429253472222223,0,0,0
float32-round-even-staged,fx-dust-scratches,2.1,True,True,0.115234375,0,0.10538194444444444,4,0.10748697916666666,0,0,0
float32-round-even-staged,fx-cmyk-print,0.3,False,False,0.6306857638888889,9,2.1123914930555556,45,2.108420138888889,49,0,0
float32-round-even-staged,fx-cmyk-print,0.9,False,False,0.6266927083333333,9,2.096072048611111,45,2.1029296875,49,0,0
float32-round-even-staged,fx-cmyk-print,1.5,False,False,0.6111111111111112,9,2.0405598958333333,45,2.0960286458333335,42,0,0
float32-round-even-staged,fx-cmyk-print,2.1,False,False,0.6179470486111112,9,2.078342013888889,45,2.070073784722222,42,0,0
float32-round-even-staged,fx-sepia-flicker,0.3,True,True,0.09752604166666666,8,0.08927951388888888,4,0.07139756944444445,0,0,0
float32-round-even-staged,fx-sepia-flicker,0.9,True,True,0.09233940972222222,8,0.08741319444444444,4,0.06803385416666667,0,0,0
float32-round-even-staged,fx-sepia-flicker,1.5,True,True,0.1232638888888889,8,0.10540364583333334,4,0.0755859375,0,0,0
float32-round-even-staged,fx-sepia-flicker,2.1,True,True,0.105078125,8,0.10223524305555555,4,0.08168402777777778,0,0,0
float32-round-even-staged,fx-tr-vertical-blur,0.3,True,True,0.07669270833333333,0,0.06165364583333333,4,0.06940104166666666,0,0,0
float32-round-even-staged,fx-tr-vertical-blur,0.9,True,True,0.06831597222222222,0,0.07562934027777778,4,0.06134982638888889,0,0,0
float32-round-even-staged,fx-tr-vertical-blur,1.5,True,True,0.05279947916666667,0,0.06226128472222222,4,0.07341579861111111,0,0,0
float32-round-even-staged,fx-tr-vertical-blur,2.1,True,True,0.03641493055555556,0,0.039887152777777775,0,0.04739583333333333,0,0,0
float32-round-even-staged,fx-tr-slam-merge,0.3,True,True,0.15112847222222223,8,0.1271267361111111,4,0.094921875,8,0,0
float32-round-even-staged,fx-tr-slam-merge,0.9,True,True,0.1447482638888889,8,0.14635416666666667,4,0.09264322916666666,8,0,0
float32-round-even-staged,fx-tr-slam-merge,1.5,True,True,0.1314670138888889,8,0.12489149305555555,4,0.11341145833333334,8,0,0
float32-round-even-staged,fx-tr-slam-merge,2.1,True,True,0.12721354166666668,8,0.11178385416666667,4,0.10759548611111111,8,0,0
float32-round-even-staged,fx-tr-heat-flicks,0.3,True,True,0.02894965277777778,0,0.02328559027777778,0,0.018229166666666668,0,0,0
float32-round-even-staged,fx-tr-heat-flicks,0.9,True,True,0.0328125,0,0.03962673611111111,0,0.028428819444444444,0,0,0
float32-round-even-staged,fx-tr-heat-flicks,1.5,True,True,0.07059461805555556,0,0.0521484375,4,0.0431640625,0,0,0
float32-round-even-staged,fx-tr-heat-flicks,2.1,True,True,0.039388020833333336,0,0.03404947916666667,0,0.04576822916666667,0,0,0
float32-round-even-staged,fx-tr-glare,0.3,True,True,0.039496527777777776,0,0.038585069444444446,0,0.04680989583333333,0,0,0
float32-round-even-staged,fx-tr-glare,0.9,True,True,0.0666015625,0,0.06312934027777778,4,0.06032986111111111,0,0,0
float32-round-even-staged,fx-tr-glare,1.5,True,True,0.04578993055555555,0,0.04585503472222222,4,0.04147135416666667,0,0,0
float32-round-even-staged,fx-tr-glare,2.1,True,True,0.0576171875,0,0.04299045138888889,4,0.03381076388888889,0,0,0
float32-round-even-staged,fx-tr-cutout-scan,0.3,True,True,0.06493055555555556,0,0.06158854166666667,4,0.06412760416666667,0,0,0
float32-round-even-staged,fx-tr-cutout-scan,0.9,True,True,0.05,0,0.045746527777777775,4,0.05071614583333333,0,0,0
float32-round-even-staged,fx-tr-cutout-scan,1.5,True,True,0.06634114583333334,0,0.054210069444444446,4,0.06447482638888889,0,0,0
float32-round-even-staged,fx-tr-cutout-scan,2.1,True,True,0.10279947916666667,8,0.10171440972222222,4,0.09244791666666667,8,0,0
float32-round-even-staged,fx-tr-fake-zoom,0.3,True,True,0.07317708333333334,0,0.07330729166666666,4,0.09032118055555556,8,0,0
float32-round-even-staged,fx-tr-fake-zoom,0.9,True,True,0.07293836805555555,0,0.07782118055555555,4,0.09233940972222222,8,0,0
float32-round-even-staged,fx-tr-fake-zoom,1.5,True,True,0.1410590277777778,8,0.13101128472222223,4,0.14055989583333334,8,0,0
float32-round-even-staged,fx-tr-fake-zoom,2.1,True,True,0.1126953125,8,0.10540364583333334,4,0.12113715277777778,8,0,0
float32-round-even-staged,fx-tr-zoom-swipe,0.3,True,True,0.08587239583333334,8,0.06987847222222222,4,0.055989583333333336,0,0,0
float32-round-even-staged,fx-tr-zoom-swipe,0.9,True,True,0.1126953125,8,0.09850260416666666,4,0.06677517361111111,0,0,0
float32-round-even-staged,fx-tr-zoom-swipe,1.5,True,True,0.09678819444444445,8,0.09092881944444445,4,0.09678819444444445,8,0,0
float32-round-even-staged,fx-tr-zoom-swipe,2.1,True,True,0.07217881944444444,0,0.0748046875,4,0.07217881944444444,0,0,0
float32-round-even-staged,fx-tr-panel-clasp,0.3,True,True,0.09448784722222223,8,0.09819878472222222,4,0.09915364583333333,8,0,0
float32-round-even-staged,fx-tr-panel-clasp,0.9,True,True,0.064453125,0,0.06017795138888889,4,0.05828993055555556,0,0,0
float32-round-even-staged,fx-tr-panel-clasp,1.5,True,True,0.03884548611111111,0,0.03504774305555555,0,0.037651909722222224,0,0,0
float32-round-even-staged,fx-tr-panel-clasp,2.1,True,True,0.056098090277777776,0,0.05082465277777778,4,0.053168402777777776,0,0,0
float32-round-even-staged,fx-tr-heatwave-flash,0.3,True,True,0.05026041666666667,0,0.06378038194444445,4,0.06512586805555555,0,0,0
float32-round-even-staged,fx-tr-heatwave-flash,0.9,True,True,0.1283203125,8,0.13352864583333332,4,0.13480902777777778,8,0,0
float32-round-even-staged,fx-tr-heatwave-flash,1.5,True,True,0.16408420138888888,8,0.14819878472222223,4,0.10028211805555555,8,0,0
float32-round-even-staged,fx-tr-heatwave-flash,2.1,True,True,0.09275173611111111,8,0.08192274305555555,4,0.05275607638888889,0,0,0
float32-round-even-staged,fx-tr-mix,0.3,True,True,0.036328125,0,0.03532986111111111,0,0.04431423611111111,0,0,0
float32-round-even-staged,fx-tr-mix,0.9,True,True,0.06595052083333333,0,0.07452256944444445,4,0.0833984375,8,0,0
float32-round-even-staged,fx-tr-mix,1.5,True,True,0.09188368055555556,8,0.06799045138888889,4,0.04986979166666667,0,0,0
float32-round-even-staged,fx-tr-mix,2.1,True,True,0.04945746527777778,0,0.03526475694444445,0,0.02749565972222222,0,0,0
float32-round-even-staged,fx-tr-black-fade,0.3,True,True,0.15034722222222222,8,0.13995225694444444,4,0.14622395833333332,8,0,0
float32-round-even-staged,fx-tr-black-fade,0.9,True,True,0.0505859375,0,0.07651909722222222,4,0.048676215277777775,0,0,0
float32-round-even-staged,fx-tr-black-fade,1.5,True,True,0.0861328125,8,0.10088975694444445,4,0.09895833333333333,8,0,0
float32-round-even-staged,fx-tr-black-fade,2.1,True,True,0.19485677083333333,8,0.22068142361111112,4,0.23561197916666668,8,0,0
float32-round-even-staged,fx-tr-white-flash,0.3,True,True,0.1681640625,8,0.046397569444444446,4,0.0396484375,0,0,0
float32-round-even-staged,fx-tr-white-flash,0.9,True,True,0.023741319444444443,0,0.03741319444444444,0,0.0326171875,0,0,0
float32-round-even-staged,fx-tr-white-flash,1.5,True,True,0.04424913194444444,0,0.04487847222222222,4,0.044379340277777776,0,0,0
float32-round-even-staged,fx-tr-white-flash,2.1,True,True,0.05759548611111111,0,0.055577256944444445,4,0.0652126736111111,0,0,0
float32-round-even-staged,fx-tr-blur,0.3,True,True,0.057703993055555555,0,0.048003472222222225,4,0.03917100694444445,0,0,0
float32-round-even-staged,fx-tr-blur,0.9,True,True,0.09372829861111111,8,0.08348524305555556,4,0.053059895833333336,0,0,0
float32-round-even-staged,fx-tr-blur,1.5,True,True,0.07697482638888889,0,0.06994357638888889,4,0.07697482638888889,0,0,0
float32-round-even-staged,fx-tr-blur,2.1,True,True,0.04796006944444445,0,0.04733072916666667,4,0.04796006944444445,0,0,0
float32-round-even-staged,fx-tr-blink,0.3,True,True,0.10062934027777778,8,0.10299479166666667,4,0.102734375,8,0,0
float32-round-even-staged,fx-tr-blink,0.9,True,True,0.08120659722222222,0,0.0767578125,4,0.07901475694444444,0,0,0
float32-round-even-staged,fx-tr-blink,1.5,True,True,0.04782986111111111,0,0.042317708333333336,4,0.04854600694444444,0,0,0
float32-round-even-staged,fx-tr-blink,2.1,True,True,0.057530381944444445,0,0.051280381944444446,4,0.05407986111111111,0,0,0
float32-round-even-staged,fx-tr-pull-in,0.3,True,True,0.12404513888888889,8,0.11953125,4,0.1353515625,8,0,0
float32-round-even-staged,fx-tr-pull-in,0.9,True,True,0.12345920138888888,8,0.11879340277777778,4,0.12317708333333334,8,0,0
float32-round-even-staged,fx-tr-pull-in,1.5,True,True,0.12562934027777778,8,0.10579427083333333,4,0.08578559027777778,8,0,0
float32-round-even-staged,fx-tr-pull-in,2.1,True,True,0.16015625,8,0.1310763888888889,4,0.0943359375,8,0,0
float32-round-even-staged,fx-tr-pull-out,0.3,True,True,0.06903211805555555,0,0.06903211805555555,4,0.06903211805555555,0,0,0
float32-round-even-staged,fx-tr-pull-out,0.9,True,True,0.08103298611111111,0,0.08205295138888889,4,0.08103298611111111,0,0,0
float32-round-even-staged,fx-tr-pull-out,1.5,True,True,0.09444444444444444,8,0.06341145833333334,4,0.05872395833333333,0,0,0
float32-round-even-staged,fx-tr-pull-out,2.1,True,True,0.0490234375,0,0.04342447916666667,4,0.04071180555555556,0,0,0
float32-round-even-staged,fx-tr-zoom-spin,0.3,True,True,0.10015190972222222,8,0.10705295138888889,4,0.10260416666666666,8,0,0
float32-round-even-staged,fx-tr-zoom-spin,0.9,True,True,0.060069444444444446,0,0.07152777777777777,4,0.06495225694444444,0,0,0
float32-round-even-staged,fx-tr-zoom-spin,1.5,True,True,0.09485677083333334,8,0.08220486111111111,4,0.08940972222222222,8,0,0
float32-round-even-staged,fx-tr-zoom-spin,2.1,True,True,0.08504774305555556,8,0.08548177083333333,4,0.0974392361111111,8,0,0
float32-round-even-staged,fx-tr-rotate-cw,0.3,True,True,0.1583767361111111,8,0.13283420138888888,4,0.098046875,8,0,0
float32-round-even-staged,fx-tr-rotate-cw,0.9,True,True,0.1331814236111111,8,0.10512152777777778,4,0.08845486111111112,8,0,0
float32-round-even-staged,fx-tr-rotate-cw,1.5,True,True,0.08033854166666667,0,0.07222222222222222,4,0.06519097222222223,0,0,0
float32-round-even-staged,fx-tr-rotate-cw,2.1,True,True,0.11875,8,0.1105685763888889,4,0.10616319444444444,8,0,0
float32-round-even-staged,fx-tr-rotate-ccw,0.3,True,True,0.06171875,0,0.05475260416666667,4,0.04537760416666667,0,0,0
float32-round-even-staged,fx-tr-rotate-ccw,0.9,True,True,0.11299913194444444,8,0.07176649305555556,4,0.06462673611111111,0,0,0
float32-round-even-staged,fx-tr-rotate-ccw,1.5,True,True,0.03819444444444445,0,0.04958767361111111,4,0.05726996527777778,0,0,0
float32-round-even-staged,fx-tr-rotate-ccw,2.1,True,True,0.06139322916666667,0,0.06653645833333334,4,0.08057725694444444,0,0,0
float32-round-even-staged,fx-tr-shake,0.3,True,True,0.046397569444444446,0,0.04407552083333333,4,0.053211805555555554,0,0,0
float32-round-even-staged,fx-tr-shake,0.9,True,True,0.0869140625,8,0.12048611111111111,4,0.10538194444444444,8,0,0
float32-round-even-staged,fx-tr-shake,1.5,True,True,0.1513671875,8,0.07777777777777778,4,0.05757378472222222,0,0,0
float32-round-even-staged,fx-tr-shake,2.1,True,True,0.06944444444444445,0,0.05670572916666667,4,0.04709201388888889,0,0,0
float32-round-even-staged,fx-tr-whip-left,0.3,True,True,0.12593315972222222,8,0.11351996527777777,4,0.10835503472222222,8,0,0
float32-round-even-staged,fx-tr-whip-left,0.9,True,True,0.07894965277777778,0,0.07510850694444444,4,0.06827256944444444,0,0,0
float32-round-even-staged,fx-tr-whip-left,1.5,True,True,0.09420572916666667,8,0.10342881944444444,4,0.10125868055555555,8,0,0
float32-round-even-staged,fx-tr-whip-left,2.1,True,True,0.1642578125,8,0.15635850694444445,4,0.16319444444444445,8,0,0
float32-round-even-staged,fx-tr-whip-right,0.3,True,True,0.05536024305555556,0,0.07237413194444445,4,0.10464409722222222,8,0,0
float32-round-even-staged,fx-tr-whip-right,0.9,True,True,0.047265625,0,0.04733072916666667,4,0.049370659722222224,0,0,0
float32-round-even-staged,fx-tr-whip-right,1.5,True,True,0.1257595486111111,8,0.09555121527777778,4,0.10852864583333334,8,0,0
float32-round-even-staged,fx-tr-whip-right,2.1,True,True,0.11434461805555556,8,0.10069444444444445,4,0.11536458333333334,8,0,0
float32-round-even-staged,fx-tr-whip-up,0.3,True,True,0.12797309027777778,8,0.1008029513888889,4,0.057421875,0,0,0
float32-round-even-staged,fx-tr-whip-up,0.9,True,True,0.11603732638888889,8,0.09340277777777778,4,0.05492621527777778,0,0,0
float32-round-even-staged,fx-tr-whip-up,1.5,True,True,0.0822482638888889,0,0.08598090277777778,4,0.0822482638888889,0,0,0
float32-round-even-staged,fx-tr-whip-up,2.1,True,True,0.19301215277777778,8,0.20655381944444445,4,0.19301215277777778,8,0,0
float32-round-even-staged,fx-tr-whip-down,0.3,True,True,0.1486328125,8,0.14242621527777777,4,0.13871527777777778,8,0,0
float32-round-even-staged,fx-tr-whip-down,0.9,True,True,0.07478298611111112,0,0.08072916666666667,4,0.08255208333333333,8,0,0
float32-round-even-staged,fx-tr-whip-down,1.5,True,True,0.06703559027777778,0,0.06822916666666666,4,0.05514322916666667,0,0,0
float32-round-even-staged,fx-tr-whip-down,2.1,True,True,0.13289930555555557,8,0.12762586805555556,4,0.14242621527777777,8,0,0
float32-round-even-staged,fx-tr-slide-left,0.3,True,True,0.17547743055555556,8,0.17903645833333334,4,0.16529947916666668,8,0,0
float32-round-even-staged,fx-tr-slide-left,0.9,True,True,0.14607204861111112,8,0.13871527777777778,4,0.12953559027777778,8,0,0
float32-round-even-staged,fx-tr-slide-left,1.5,True,True,0.124609375,8,0.11577690972222222,4,0.09776475694444445,8,0,0
float32-round-even-staged,fx-tr-slide-left,2.1,True,True,0.19036458333333334,8,0.16178385416666666,4,0.09967447916666666,8,0,0
float32-round-even-staged,fx-tr-slide-right,0.3,True,True,0.11764322916666667,8,0.12415364583333334,4,0.11764322916666667,8,0,0
float32-round-even-staged,fx-tr-slide-right,0.9,True,True,0.0910373263888889,8,0.0890842013888889,4,0.0910373263888889,8,0,0
float32-round-even-staged,fx-tr-slide-right,1.5,True,True,0.08910590277777777,8,0.070703125,4,0.057356770833333334,0,0,0
float32-round-even-staged,fx-tr-slide-right,2.1,True,True,0.11189236111111112,8,0.0708984375,4,0.06853298611111111,0,0,0
float32-round-even-staged,fx-tr-slide-up,0.3,True,True,0.16536458333333334,8,0.16809895833333333,4,0.1447482638888889,8,0,0
float32-round-even-staged,fx-tr-slide-up,0.9,True,True,0.07740885416666667,0,0.07072482638888888,4,0.06890190972222222,0,0,0
float32-round-even-staged,fx-tr-slide-up,1.5,True,True,0.04407552083333333,0,0.03307291666666667,0,0.034266493055555555,0,0,0
float32-round-even-staged,fx-tr-slide-up,2.1,True,True,0.12078993055555555,8,0.11966145833333333,4,0.1361328125,8,0,0
float32-round-even-staged,fx-tr-slide-down,0.3,True,True,0.142578125,8,0.12875434027777777,4,0.1107421875,8,0,0
float32-round-even-staged,fx-tr-slide-down,0.9,True,True,0.08151041666666667,0,0.06516927083333333,4,0.05067274305555555,0,0,0
float32-round-even-staged,fx-tr-slide-down,1.5,True,True,0.09930555555555555,8,0.09769965277777778,4,0.09924045138888889,8,0,0
float32-round-even-staged,fx-tr-slide-down,2.1,True,True,0.1316189236111111,8,0.11397569444444444,4,0.10922309027777778,8,0,0
float32-round-even-staged,fx-tr-squeeze,0.3,True,True,0.04837239583333333,0,0.037586805555555554,0,0.03389756944444444,0,0,0
float32-round-even-staged,fx-tr-squeeze,0.9,True,True,0.04099392361111111,0,0.035980902777777775,0,0.03246527777777778,0,0,0
float32-round-even-staged,fx-tr-squeeze,1.5,True,True,0.03595920138888889,0,0.04175347222222222,4,0.04880642361111111,0,0,0
float32-round-even-staged,fx-tr-squeeze,2.1,True,True,0.06545138888888889,0,0.062413194444444445,4,0.06712239583333333,0,0,0
float32-round-even-staged,fx-tr-circle,0.3,True,True,0.036328125,0,0.03532986111111111,0,0.04431423611111111,0,0,0
float32-round-even-staged,fx-tr-circle,0.9,True,True,0.03732638888888889,0,0.03875868055555556,0,0.04789496527777778,0,0,0
float32-round-even-staged,fx-tr-circle,1.5,True,True,0.04982638888888889,0,0.04136284722222222,4,0.031749131944444446,0,0,0
float32-round-even-staged,fx-tr-circle,2.1,True,True,0.04945746527777778,0,0.03517795138888889,0,0.02749565972222222,0,0,0
float32-round-even-staged,fx-tr-heart,0.3,True,True,0.06338975694444444,0,0.054600694444444445,4,0.06156684027777778,0,0,0
float32-round-even-staged,fx-tr-heart,0.9,True,True,0.05625,0,0.045073784722222225,4,0.0458984375,0,0,0
float32-round-even-staged,fx-tr-heart,1.5,True,True,0.07526041666666666,0,0.06929253472222222,4,0.07697482638888889,0,0,0
float32-round-even-staged,fx-tr-heart,2.1,True,True,0.09470486111111111,8,0.09422743055555556,4,0.09301215277777777,8,0,0
float32-round-even-staged,fx-tr-star,0.3,True,True,0.034331597222222225,0,0.0328125,0,0.03819444444444445,0,0,0
float32-round-even-staged,fx-tr-star,0.9,True,True,0.0384765625,0,0.03430989583333333,0,0.04103732638888889,0,0,0
float32-round-even-staged,fx-tr-star,1.5,True,True,0.05635850694444444,0,0.05700954861111111,4,0.060004340277777776,0,0,0
float32-round-even-staged,fx-tr-star,2.1,True,True,0.05577256944444445,0,0.0541015625,4,0.06221788194444444,0,0,0
float32-round-even-staged,fx-tr-diamond,0.3,True,True,0.043511284722222224,0,0.03732638888888889,0,0.034440104166666666,0,0,0
float32-round-even-staged,fx-tr-diamond,0.9,True,True,0.048111979166666666,0,0.0421875,4,0.029383680555555555,0,0,0
float32-round-even-staged,fx-tr-diamond,1.5,True,True,0.045811631944444445,0,0.04021267361111111,0,0.045811631944444445,0,0,0
float32-round-even-staged,fx-tr-diamond,2.1,True,True,0.04299045138888889,0,0.04210069444444445,4,0.04299045138888889,0,0,0
float32-round-even-staged,fx-tr-clock,0.3,True,True,0.09448784722222223,8,0.09826388888888889,4,0.09898003472222222,8,0,0
float32-round-even-staged,fx-tr-clock,0.9,True,True,0.06553819444444445,0,0.06043836805555555,4,0.062413194444444445,0,0,0
float32-round-even-staged,fx-tr-clock,1.5,True,True,0.03611111111111111,0,0.03519965277777778,0,0.037825520833333334,0,0,0
float32-round-even-staged,fx-tr-clock,2.1,True,True,0.056098090277777776,0,0.05056423611111111,4,0.053168402777777776,0,0,0
float32-round-even-staged,fx-tr-blinds,0.3,True,True,0.04778645833333333,0,0.06013454861111111,4,0.06134982638888889,0,0,0
float32-round-even-staged,fx-tr-blinds,0.9,True,True,0.034657118055555554,0,0.036566840277777776,0,0.03832465277777778,0,0,0
float32-round-even-staged,fx-tr-blinds,1.5,True,True,0.05036892361111111,0,0.047764756944444445,4,0.03422309027777778,0,0,0
float32-round-even-staged,fx-tr-blinds,2.1,True,True,0.07957899305555556,0,0.06729600694444444,4,0.045811631944444445,0,0,0
float32-round-even-staged,fx-tr-doors,0.3,True,True,0.04544270833333333,0,0.043467881944444446,4,0.04544270833333333,0,0,0
float32-round-even-staged,fx-tr-doors,0.9,True,True,0.03064236111111111,0,0.03090277777777778,0,0.03064236111111111,0,0,0
float32-round-even-staged,fx-tr-doors,1.5,True,True,0.021809895833333332,0,0.0171875,0,0.018663194444444444,0,0,0
float32-round-even-staged,fx-tr-doors,2.1,True,True,0.02947048611111111,0,0.02282986111111111,0,0.022894965277777776,0,0,0
float32-round-even-staged,fx-tr-glitch,0.3,True,True,0.07393663194444444,0,0.05881076388888889,4,0.0705295138888889,0,0,0
float32-round-even-staged,fx-tr-glitch,0.9,True,True,0.12740885416666667,8,0.0697265625,4,0.09479166666666666,8,0,0
float32-round-even-staged,fx-tr-glitch,1.5,True,True,0.09565972222222222,8,0.07131076388888889,4,0.08220486111111111,0,0,0
float32-round-even-staged,fx-tr-glitch,2.1,True,True,0.042469618055555554,0,0.05026041666666667,4,0.06208767361111111,0,0,0
float32-round-even-staged,fx-tr-rgb-split,0.3,True,True,0.11927083333333334,8,0.0673828125,4,0.07580295138888889,0,0,0
float32-round-even-staged,fx-tr-rgb-split,0.9,True,True,0.1685763888888889,8,0.14351128472222222,4,0.10933159722222222,8,0,0
float32-round-even-staged,fx-tr-rgb-split,1.5,True,True,0.12879774305555555,8,0.13671875,4,0.10889756944444444,8,0,0
float32-round-even-staged,fx-tr-rgb-split,2.1,True,True,0.1251736111111111,8,0.05212673611111111,4,0.10217013888888889,8,0,0
float32-round-even-staged,fx-tr-pixelate,0.3,True,True,0.0802734375,0,0.0788845486111111,4,0.06349826388888889,0,0,0
float32-round-even-staged,fx-tr-pixelate,0.9,True,True,0.07144097222222222,0,0.07964409722222222,4,0.0654296875,0,0,0
float32-round-even-staged,fx-tr-pixelate,1.5,True,True,0.08602430555555556,8,0.06631944444444444,4,0.10125868055555555,8,0,0
float32-round-even-staged,fx-tr-pixelate,2.1,True,True,0.07417534722222222,0,0.07473958333333333,4,0.08563368055555555,8,0,0
float32-round-even-staged,fx-tr-swirl,0.3,True,True,0.08949652777777778,8,0.101171875,4,0.10553385416666666,8,0,0
float32-round-even-staged,fx-tr-swirl,0.9,True,True,0.08053385416666667,0,0.08982204861111111,4,0.10321180555555555,8,0,0
float32-round-even-staged,fx-tr-swirl,1.5,True,True,0.11193576388888889,8,0.08756510416666667,4,0.07758246527777778,0,0,0
float32-round-even-staged,fx-tr-swirl,2.1,True,True,0.1064453125,8,0.08637152777777778,4,0.075,0,0,0
float32-round-even-staged,fx-tr-ripple,0.3,True,True,0.09075520833333334,8,0.07957899305555556,4,0.08153211805555556,0,0,0
float32-round-even-staged,fx-tr-ripple,0.9,True,True,0.11451822916666667,8,0.11004774305555555,4,0.10073784722222222,8,0,0
float32-round-even-staged,fx-tr-ripple,1.5,True,True,0.15983072916666666,8,0.161328125,4,0.1706814236111111,8,0,0
float32-round-even-staged,fx-tr-ripple,2.1,True,True,0.14522569444444444,8,0.14381510416666668,4,0.1469184027777778,8,0,0
float32-round-even-staged,fx-tr-flare,0.3,True,True,0.07684461805555555,0,0.03361545138888889,0,0.03819444444444445,0,0,0
float32-round-even-staged,fx-tr-flare,0.9,False,True,0.04422743055555556,0,0.06171875,4,0.07849392361111111,0,0,0
float32-round-even-staged,fx-tr-flare,1.5,True,True,0.29672309027777777,8,0.11091579861111112,4,0.10186631944444445,8,0,0
float32-round-even-staged,fx-tr-flare,2.1,True,True,0.05740017361111111,0,0.0548828125,4,0.06256510416666666,0,0,0
float32-round-even-staged,fx-tr-film-burn,0.3,True,True,0.043511284722222224,0,0.03732638888888889,0,0.034440104166666666,0,0,0
float32-round-even-staged,fx-tr-film-burn,0.9,True,True,0.0373046875,0,0.04418402777777778,4,0.026671006944444443,0,0,0
float32-round-even-staged,fx-tr-film-burn,1.5,True,True,0.05015190972222222,0,0.04496527777777778,4,0.03619791666666667,0,0,0
float32-round-even-staged,fx-tr-film-burn,2.1,True,True,0.04299045138888889,0,0.04210069444444445,4,0.04299045138888889,0,0,0
float32-round-even-staged,fx-tr-kaleido,0.3,True,True,0.09448784722222223,8,0.09887152777777777,4,0.09950086805555555,8,0,0
float32-round-even-staged,fx-tr-kaleido,0.9,True,True,0.1736545138888889,8,0.18255208333333334,4,0.1882595486111111,8,0,0
float32-round-even-staged,fx-tr-kaleido,1.5,True,True,0.08786892361111111,8,0.08315972222222222,4,0.06746961805555556,0,0,0
float32-round-even-staged,fx-tr-kaleido,2.1,True,True,0.056098090277777776,0,0.050933159722222225,4,0.053168402777777776,0,0,0
float32-round-even-staged,fx-tr-flash-zoom,0.3,True,True,0.07408854166666666,0,0.08452690972222222,4,0.09029947916666667,8,0,0
float32-round-even-staged,fx-tr-flash-zoom,0.9,True,True,0.1424045138888889,8,0.13561197916666667,4,0.14659288194444445,8,0,0
float32-round-even-staged,fx-tr-flash-zoom,1.5,True,True,0.17465277777777777,8,0.13676215277777778,4,0.10930989583333334,8,0,0
float32-round-even-staged,fx-tr-flash-zoom,2.1,True,True,0.14908854166666666,8,0.12398003472222222,4,0.0916015625,8,0,0
float32-round-even-staged,fx-tr-stripes,0.3,True,True,0.04526909722222222,0,0.04338107638888889,4,0.04526909722222222,0,0,0
float32-round-even-staged,fx-tr-stripes,0.9,True,True,0.030967881944444445,0,0.028754340277777776,0,0.030967881944444445,0,0,0
float32-round-even-staged,fx-tr-stripes,1.5,True,True,0.024088541666666668,0,0.01694878472222222,0,0.017144097222222224,0,0,0
float32-round-even-staged,fx-tr-stripes,2.1,True,True,0.02947048611111111,0,0.022743055555555555,0,0.022547743055555555,0,0,0
float32-round-even-staged,fx-ov-glitter-rain,0.3,True,True,0.15088975694444445,8,0.12979600694444443,4,0.13880208333333333,8,0,0
float32-round-even-staged,fx-ov-glitter-rain,0.9,True,True,0.15147569444444445,8,0.13559027777777777,4,0.13270399305555555,8,0,0
float32-round-even-staged,fx-ov-glitter-rain,1.5,True,True,0.15620659722222222,8,0.1329861111111111,4,0.14798177083333333,8,0,0
float32-round-even-staged,fx-ov-glitter-rain,2.1,True,True,0.13765190972222222,8,0.13313802083333334,4,0.14500868055555555,8,0,0
float32-round-even-staged,fx-ov-gold-dust,0.3,True,True,0.037999131944444445,0,0.0357421875,0,0.03522135416666667,0,0,0
float32-round-even-staged,fx-ov-gold-dust,0.9,True,True,0.040364583333333336,0,0.034895833333333334,0,0.029405381944444444,0,0,0
float32-round-even-staged,fx-ov-gold-dust,1.5,True,True,0.03641493055555556,0,0.03153211805555556,0,0.03185763888888889,0,0,0
float32-round-even-staged,fx-ov-gold-dust,2.1,True,True,0.034678819444444446,0,0.033051215277777775,0,0.0396484375,0,0,0
float32-round-even-staged,fx-ov-bokeh-gold,0.3,True,True,0.05562065972222222,0,0.047309027777777776,4,0.0484375,0,0,0
float32-round-even-staged,fx-ov-bokeh-gold,0.9,True,True,0.053624131944444445,0,0.04939236111111111,4,0.05112847222222222,0,0,0
float32-round-even-staged,fx-ov-bokeh-gold,1.5,True,True,0.05138888888888889,0,0.04455295138888889,4,0.04798177083333333,0,0,0
float32-round-even-staged,fx-ov-bokeh-gold,2.1,True,True,0.057703993055555555,0,0.048394097222222224,4,0.048285590277777776,0,0,0
float32-round-even-staged,fx-ov-bokeh-pink,0.3,True,True,0.04635416666666667,0,0.027756076388888887,0,0.05757378472222222,0,0,0
float32-round-even-staged,fx-ov-bokeh-pink,0.9,True,True,0.04869791666666667,0,0.030230034722222222,0,0.057465277777777775,0,0,0
float32-round-even-staged,fx-ov-bokeh-pink,1.5,True,True,0.045073784722222225,0,0.028754340277777776,0,0.048914930555555555,0,0,0
float32-round-even-staged,fx-ov-bokeh-pink,2.1,True,True,0.04826388888888889,0,0.026584201388888888,0,0.05635850694444444,0,0,0
float32-round-even-staged,fx-ov-sparks,0.3,True,True,0.049088541666666666,0,0.059765625,4,0.05203993055555556,0,0,0
float32-round-even-staged,fx-ov-sparks,0.9,True,True,0.06065538194444445,0,0.0689453125,4,0.05212673611111111,0,0,0
float32-round-even-staged,fx-ov-sparks,1.5,True,True,0.062348090277777775,0,0.06260850694444445,4,0.05423177083333333,0,0,0
float32-round-even-staged,fx-ov-sparks,2.1,True,True,0.06861979166666667,0,0.06799045138888889,4,0.05618489583333333,0,0,0
float32-round-even-staged,fx-ov-embers,0.3,True,True,0.14440104166666667,8,0.12263454861111112,4,0.0974392361111111,8,0,0
float32-round-even-staged,fx-ov-embers,0.9,True,True,0.1451171875,8,0.11770833333333333,4,0.10141059027777778,8,0,0
float32-round-even-staged,fx-ov-embers,1.5,True,True,0.12881944444444443,8,0.11731770833333334,4,0.096484375,8,0,0
float32-round-even-staged,fx-ov-embers,2.1,True,True,0.12808159722222223,8,0.11831597222222222,4,0.10572916666666667,8,0,0
float32-round-even-staged,fx-ov-smoke,0.3,True,True,0.0609375,0,0.05596788194444444,4,0.056727430555555555,0,0,0
float32-round-even-staged,fx-ov-smoke,0.9,True,True,0.05412326388888889,0,0.05798611111111111,4,0.05705295138888889,0,0,0
float32-round-even-staged,fx-ov-smoke,1.5,True,True,0.04880642361111111,0,0.058441840277777775,4,0.057530381944444445,0,0,0
float32-round-even-staged,fx-ov-smoke,2.1,True,True,0.053233506944444446,0,0.05709635416666667,4,0.058333333333333334,0,0,0
float32-round-even-staged,fx-ov-fog-white,0.3,True,True,0.0666015625,0,0.06584201388888888,4,0.06345486111111111,0,0,0
float32-round-even-staged,fx-ov-fog-white,0.9,True,True,0.06838107638888889,0,0.06401909722222222,4,0.07365451388888888,0,0,0
float32-round-even-staged,fx-ov-fog-white,1.5,True,True,0.0732421875,0,0.06940104166666666,4,0.07534722222222222,0,0,0
float32-round-even-staged,fx-ov-fog-white,2.1,True,True,0.07354600694444445,0,0.066796875,4,0.07224392361111111,0,0,0
float32-round-even-staged,fx-ov-neon-ring,0.3,True,True,0.04008246527777778,0,0.04021267361111111,0,0.03923611111111111,0,0,0
float32-round-even-staged,fx-ov-neon-ring,0.9,True,True,0.03767361111111111,0,0.03973524305555556,0,0.03682725694444444,0,0,0
float32-round-even-staged,fx-ov-neon-ring,1.5,True,True,0.03689236111111111,0,0.03708767361111111,0,0.034375,0,0,0
float32-round-even-staged,fx-ov-neon-ring,2.1,True,True,0.03537326388888889,0,0.03689236111111111,0,0.039952256944444445,0,0,0
float32-round-even-staged,fx-ov-neon-hearts,0.3,True,True,0.04027777777777778,0,0.032942708333333334,0,0.028276909722222222,0,0,0
float32-round-even-staged,fx-ov-neon-hearts,0.9,True,True,0.03630642361111111,0,0.03400607638888889,0,0.032139756944444445,0,0,0
float32-round-even-staged,fx-ov-neon-hearts,1.5,True,True,0.032769097222222224,0,0.03589409722222222,0,0.03517795138888889,0,0,0
float32-round-even-staged,fx-ov-neon-hearts,2.1,True,True,0.031141493055555556,0,0.03135850694444445,0,0.03446180555555556,0,0,0
float32-round-even-staged,fx-ov-galaxy,0.3,True,True,0.048285590277777776,0,0.046484375,4,0.04157986111111111,0,0,0
float32-round-even-staged,fx-ov-galaxy,0.9,True,True,0.05082465277777778,0,0.04164496527777778,4,0.044596354166666664,0,0,0
float32-round-even-staged,fx-ov-galaxy,1.5,True,True,0.05238715277777778,0,0.04088541666666667,0,0.04333767361111111,0,0,0
float32-round-even-staged,fx-ov-galaxy,2.1,True,True,0.04809027777777778,0,0.038736979166666664,0,0.048003472222222225,0,0,0
float32-round-even-staged,fx-ov-fireflies,0.3,True,True,0.17682291666666666,8,0.11712239583333334,4,0.07330729166666666,0,0,0
float32-round-even-staged,fx-ov-fireflies,0.9,True,True,0.17196180555555557,8,0.11890190972222223,4,0.07274305555555556,0,0,0
float32-round-even-staged,fx-ov-fireflies,1.5,True,True,0.18463541666666666,8,0.11766493055555556,4,0.07947048611111111,0,0,0
float32-round-even-staged,fx-ov-fireflies,2.1,True,True,0.1759765625,8,0.11961805555555556,4,0.0802951388888889,0,0,0
float32-round-even-staged,fx-ov-magic-dust,0.3,True,True,0.04657118055555556,0,0.044769965277777775,4,0.07727864583333334,0,0,0
float32-round-even-staged,fx-ov-magic-dust,0.9,True,True,0.05462239583333333,0,0.041905381944444445,4,0.08023003472222222,0,0,0
float32-round-even-staged,fx-ov-magic-dust,1.5,True,True,0.050390625,0,0.043467881944444446,4,0.06338975694444444,0,0,0
float32-round-even-staged,fx-ov-magic-dust,2.1,True,True,0.050130208333333336,0,0.046158854166666666,4,0.09144965277777778,8,0,0
float32-round-even-staged,fx-ov-swirl,0.3,True,True,0.03619791666666667,0,0.03502604166666667,0,0.02912326388888889,0,0,0
float32-round-even-staged,fx-ov-swirl,0.9,True,True,0.03713107638888889,0,0.035481770833333336,0,0.037434895833333336,0,0,0
float32-round-even-staged,fx-ov-swirl,1.5,True,True,0.032421875,0,0.03400607638888889,0,0.0373046875,0,0,0
float32-round-even-staged,fx-ov-swirl,2.1,True,True,0.033637152777777776,0,0.03226996527777778,0,0.03517795138888889,0,0,0
float32-round-even-staged,fx-ov-sparkle-white,0.3,True,True,0.0724609375,0,0.05855034722222222,4,0.05807291666666667,0,0,0
float32-round-even-staged,fx-ov-sparkle-white,0.9,True,True,0.07623697916666666,0,0.0595703125,4,0.05813802083333333,0,0,0
float32-round-even-staged,fx-ov-sparkle-white,1.5,True,True,0.07406684027777778,0,0.06573350694444445,4,0.0654296875,0,0,0
float32-round-even-staged,fx-ov-sparkle-white,2.1,True,True,0.08263888888888889,0,0.060460069444444445,4,0.06085069444444444,0,0,0
float32-round-even-staged,fx-ov-glitter,0.3,True,True,0.06890190972222222,0,0.05325520833333333,4,0.04704861111111111,0,0,0
float32-round-even-staged,fx-ov-glitter,0.9,True,True,0.07135416666666666,0,0.053211805555555554,4,0.049153645833333336,0,0,0
float32-round-even-staged,fx-ov-glitter,1.5,True,True,0.07228732638888889,0,0.05232204861111111,4,0.051106770833333336,0,0,0
float32-round-even-staged,fx-ov-glitter,2.1,True,True,0.06727430555555555,0,0.05583767361111111,4,0.05180121527777778,0,0,0
float32-round-even-staged,fx-ov-hearts-pink,0.3,False,False,1.6617838541666667,58,0.4288411458333333,12,1.0307291666666667,41,0,0
float32-round-even-staged,fx-ov-hearts-pink,0.9,False,False,1.9763237847222221,90,0.4820963541666667,16,1.2639105902777779,74,0,0
float32-round-even-staged,fx-ov-hearts-pink,1.5,False,False,1.6850043402777777,49,0.5134114583333333,20,1.2344618055555556,66,0,0
float32-round-even-staged,fx-ov-hearts-pink,2.1,False,False,0.9562717013888888,33,0.4675347222222222,16,0.9942491319444444,57,0,0
float32-round-even-staged,fx-ov-stars,0.3,True,True,0.07417534722222222,0,0.06929253472222222,0,0.062065972222222224,0,0,0
float32-round-even-staged,fx-ov-stars,0.9,True,True,0.059071180555555554,0,0.05568576388888889,0,0.05505642361111111,0,0,0
float32-round-even-staged,fx-ov-stars,1.5,True,True,0.07016059027777778,0,0.06909722222222223,0,0.065625,0,0,0
float32-round-even-staged,fx-ov-stars,2.1,True,True,0.08888888888888889,0,0.08519965277777777,0,0.08298611111111111,0,0,0
float32-round-even-staged,fx-ov-confetti,0.3,True,True,0.07426215277777778,0,0.06768663194444445,4,0.052408854166666664,0,0,0
float32-round-even-staged,fx-ov-confetti,0.9,True,True,0.08283420138888889,8,0.06432291666666666,4,0.05520833333333333,0,0,0
float32-round-even-staged,fx-ov-confetti,1.5,True,True,0.07868923611111112,0,0.06527777777777778,4,0.04822048611111111,0,0,0
float32-round-even-staged,fx-ov-confetti,2.1,True,True,0.07298177083333333,0,0.06872829861111111,4,0.053624131944444445,0,0,0
float32-round-even-staged,fx-ov-snow,0.3,True,True,0.031792534722222224,0,0.029991319444444445,0,0.02150607638888889,0,0,0
float32-round-even-staged,fx-ov-snow,0.9,True,True,0.03739149305555556,0,0.03274739583333333,0,0.030360243055555555,0,0,0
float32-round-even-staged,fx-ov-snow,1.5,True,True,0.03871527777777778,0,0.031966145833333334,0,0.02992621527777778,0,0,0
float32-round-even-staged,fx-ov-snow,2.1,True,True,0.03532986111111111,0,0.026822916666666665,0,0.027213541666666667,0,0,0
float32-round-even-staged,fx-ov-rain,0.3,True,True,0.14986979166666667,8,0.1654079861111111,4,0.20082465277777778,8,0,0
float32-round-even-staged,fx-ov-rain,0.9,True,True,0.15084635416666667,8,0.16549479166666667,4,0.2075737847222222,8,0,0
float32-round-even-staged,fx-ov-rain,1.5,True,True,0.14639756944444443,8,0.16380208333333332,4,0.20831163194444444,8,0,0
float32-round-even-staged,fx-ov-rain,2.1,True,True,0.15440538194444445,8,0.156640625,4,0.19989149305555556,8,0,0
float32-round-even-staged,fx-ov-bubbles,0.3,True,True,0.030598958333333332,0,0.018988715277777776,0,0.03430989583333333,0,0,0
float32-round-even-staged,fx-ov-bubbles,0.9,True,True,0.033919270833333334,0,0.021809895833333332,0,0.03517795138888889,0,0,0
float32-round-even-staged,fx-ov-bubbles,1.5,True,True,0.030859375,0,0.021527777777777778,0,0.0265625,0,0,0
float32-round-even-staged,fx-ov-bubbles,2.1,True,True,0.026888020833333335,0,0.019856770833333332,0,0.035590277777777776,0,0,0
float32-round-even-staged,fx-ov-leak-warm,0.3,True,True,0.10314670138888889,8,0.08556857638888889,4,0.06924913194444444,0,0,0
float32-round-even-staged,fx-ov-leak-warm,0.9,True,True,0.10054253472222222,8,0.0900390625,4,0.07428385416666666,0,0,0
float32-round-even-staged,fx-ov-leak-warm,1.5,True,True,0.09665798611111111,8,0.09108072916666667,4,0.0700954861111111,0,0,0
float32-round-even-staged,fx-ov-leak-warm,2.1,True,True,0.09372829861111111,8,0.08862847222222223,4,0.0732421875,0,0,0
float32-round-even-staged,fx-ov-leak-pink,0.3,True,True,0.12315538194444445,8,0.13828125,4,0.13470052083333334,8,0,0
float32-round-even-staged,fx-ov-leak-pink,0.9,True,True,0.12337239583333333,8,0.1345486111111111,4,0.11946614583333333,8,0,0
float32-round-even-staged,fx-ov-leak-pink,1.5,True,True,0.11401909722222223,8,0.1292751736111111,4,0.1274956597222222,8,0,0
float32-round-even-staged,fx-ov-leak-pink,2.1,True,True,0.11397569444444444,8,0.13055555555555556,4,0.11937934027777777,8,0,0
float32-round-even-staged,fx-ov-leak-blue,0.3,True,True,0.09351128472222223,8,0.08819444444444445,4,0.08639322916666667,8,0,0
float32-round-even-staged,fx-ov-leak-blue,0.9,True,True,0.08561197916666667,8,0.08838975694444444,4,0.08526475694444445,8,0,0
float32-round-even-staged,fx-ov-leak-blue,1.5,True,True,0.09075520833333334,8,0.08391927083333334,4,0.08884548611111111,8,0,0
float32-round-even-staged,fx-ov-leak-blue,2.1,True,True,0.09032118055555556,8,0.08122829861111111,4,0.08307291666666666,8,0,0
float32-round-even-staged,fx-ov-light-streaks,0.3,False,False,2.8436631944444444,74,3.642556423611111,98,4.568381076388889,132,0,0
float32-round-even-staged,fx-ov-light-streaks,0.9,False,False,1.5875868055555555,33,2.437717013888889,61,3.3491319444444443,83,0,0
float32-round-even-staged,fx-ov-light-streaks,1.5,False,False,3.620681423611111,90,5.007443576388889,126,6.439301215277778,164,0,0
float32-round-even-staged,fx-ov-light-streaks,2.1,False,False,4.349565972222222,107,5.732964409722222,134,7.1978515625,173,0,0
float32-round-even-staged,fx-ov-stage-lights,0.3,True,True,0.03517795138888889,0,0.03947482638888889,0,0.03511284722222222,0,0,0
float32-round-even-staged,fx-ov-stage-lights,0.9,True,True,0.041102430555555555,0,0.0376953125,0,0.03962673611111111,0,0,0
float32-round-even-staged,fx-ov-stage-lights,1.5,True,True,0.03689236111111111,0,0.032725694444444446,0,0.03747829861111111,0,0,0
float32-round-even-staged,fx-ov-stage-lights,2.1,True,True,0.04008246527777778,0,0.03641493055555556,0,0.03680555555555556,0,0,0
float32-round-even-staged,fx-ov-prism-flare,0.3,True,True,0.09720052083333333,8,0.0876736111111111,4,0.06354166666666666,0,0,0
float32-round-even-staged,fx-ov-prism-flare,0.9,True,True,0.11731770833333334,8,0.0978732638888889,4,0.075,0,0,0
float32-round-even-staged,fx-ov-prism-flare,1.5,True,True,0.11644965277777777,8,0.09175347222222222,4,0.06560329861111111,0,0,0
float32-round-even-staged,fx-ov-prism-flare,2.1,True,True,0.11573350694444444,8,0.10412326388888889,4,0.07428385416666666,0,0,0
float32-round-even-staged,fx-ov-flare-gold,0.3,True,True,0.13893229166666668,8,0.12647569444444445,4,0.080859375,0,0,0
float32-round-even-staged,fx-ov-flare-gold,0.9,True,True,0.15425347222222222,8,0.1275390625,4,0.09246961805555555,8,0,0
float32-round-even-staged,fx-ov-flare-gold,1.5,True,True,0.14555121527777778,8,0.12124565972222222,4,0.08229166666666667,8,0,0
float32-round-even-staged,fx-ov-flare-gold,2.1,True,True,0.14210069444444445,8,0.11924913194444445,4,0.08971354166666666,8,0,0
float32-round-even-staged,fx-ov-sun-rays,0.3,True,True,0.1083984375,8,0.10753038194444445,4,0.1062282986111111,8,0,0
float32-round-even-staged,fx-ov-sun-rays,0.9,True,True,0.11427951388888889,8,0.10247395833333334,4,0.10709635416666667,8,0,0
float32-round-even-staged,fx-ov-sun-rays,1.5,True,True,0.10598958333333333,8,0.09615885416666667,4,0.10857204861111111,8,0,0
float32-round-even-staged,fx-ov-sun-rays,2.1,True,True,0.11206597222222223,8,0.1017578125,4,0.10677083333333333,8,0,0
float32-round-even-staged,fx-ov-spotlight,0.3,True,True,0.08350694444444444,0,0.07185329861111112,4,0.0818142361111111,8,0,0
float32-round-even-staged,fx-ov-spotlight,0.9,True,True,0.07081163194444444,0,0.07059461805555556,4,0.07621527777777778,0,0,0
float32-round-even-staged,fx-ov-spotlight,1.5,True,True,0.05772569444444445,0,0.06236979166666667,4,0.07033420138888889,0,0,0
float32-round-even-staged,fx-ov-spotlight,2.1,True,True,0.06545138888888889,0,0.05828993055555556,4,0.06686197916666667,0,0,0
float32-round-even-staged,fx-ov-bg-purple-smoke,0.3,True,True,0.020551215277777778,0,0.006966145833333334,0,0.03812934027777778,0,0,0
float32-round-even-staged,fx-ov-bg-purple-smoke,0.9,True,True,0.02087673611111111,0,0.008485243055555555,0,0.04353298611111111,0,0,0
float32-round-even-staged,fx-ov-bg-purple-smoke,1.5,True,True,0.025802951388888887,0,0.006944444444444444,0,0.04203559027777778,0,0,0
float32-round-even-staged,fx-ov-bg-purple-smoke,2.1,True,True,0.0189453125,0,0.0069010416666666664,0,0.043294270833333336,0,0,0
float32-round-even-staged,fx-ov-bg-pastel-ink,0.3,True,True,0.008528645833333333,0,0.05423177083333333,4,0.04194878472222222,0,0,0
float32-round-even-staged,fx-ov-bg-pastel-ink,0.9,True,True,0.012000868055555556,0,0.051605902777777775,4,0.04453125,0,0,0
float32-round-even-staged,fx-ov-bg-pastel-ink,1.5,True,True,0.011002604166666667,0,0.053211805555555554,4,0.04952256944444444,0,0,0
float32-round-even-staged,fx-ov-bg-pastel-ink,2.1,True,True,0.007877604166666666,0,0.06493055555555556,4,0.041840277777777775,0,0,0
float32-round-even-staged,fx-ov-bg-pink-gradient,0.3,True,True,0.0020833333333333333,0,0.017621527777777778,0,0.0681640625,0,0,0
float32-round-even-staged,fx-ov-bg-pink-gradient,0.9,True,True,0.001974826388888889,0,0.01755642361111111,0,0.06720920138888889,0,0,0
float32-round-even-staged,fx-ov-bg-pink-gradient,1.5,True,True,0.0011067708333333333,0,0.017990451388888887,0,0.06755642361111111,0,0,0
float32-round-even-staged,fx-ov-bg-pink-gradient,2.1,True,True,0.002018229166666667,0,0.017534722222222222,0,0.06703559027777778,0,0,0
float32-round-even-staged,fx-ov-bg-blue-hearts,0.3,True,True,0.016189236111111113,0,0.028059895833333334,0,0.06927083333333334,0,0,0
float32-round-even-staged,fx-ov-bg-blue-hearts,0.9,True,True,0.014019097222222223,0,0.029817708333333335,0,0.06864149305555556,0,0,0
float32-round-even-staged,fx-ov-bg-blue-hearts,1.5,True,True,0.019097222222222224,0,0.028211805555555556,0,0.07046440972222222,0,0,0
float32-round-even-staged,fx-ov-bg-blue-hearts,2.1,True,True,0.018012152777777776,0,0.030750868055555554,0,0.07654079861111111,0,0,0
float32-round-even-staged,fx-ov-bg-pink-bokeh,0.3,True,True,0.05416666666666667,0,0.019835069444444443,0,0.04216579861111111,0,0,0
float32-round-even-staged,fx-ov-bg-pink-bokeh,0.9,True,True,0.051171875,0,0.01325954861111111,0,0.0349609375,0,0,0
float32-round-even-staged,fx-ov-bg-pink-bokeh,1.5,True,True,0.053624131944444445,0,0.010286458333333333,0,0.03413628472222222,0,0,0
float32-round-even-staged,fx-ov-bg-pink-bokeh,2.1,True,True,0.05173611111111111,0,0.016037326388888887,0,0.03687065972222222,0,0,0
float32-round-even-staged,fx-ov-bg-golden-band,0.3,True,True,0.008116319444444445,0,0.0044921875,0,0.004427083333333333,0,0,0
float32-round-even-staged,fx-ov-bg-golden-band,0.9,True,True,0.0072265625,0,0.004231770833333333,0,0.003949652777777778,0,0,0
float32-round-even-staged,fx-ov-bg-golden-band,1.5,True,True,0.006727430555555556,0,0.004340277777777778,0,0.0039713541666666664,0,0,0
float32-round-even-staged,fx-ov-bg-golden-band,2.1,True,True,0.0057074652777777775,0,0.005772569444444445,0,0.0045138888888888885,0,0,0
float32-round-even-staged,fx-ov-bg-blue-smoke,0.3,True,True,0.011436631944444444,0,0.009505208333333333,0,0.01597222222222222,0,0,0
float32-round-even-staged,fx-ov-bg-blue-smoke,0.9,True,True,0.019032118055555554,0,0.009830729166666666,0,0.01792534722222222,0,0,0
float32-round-even-staged,fx-ov-bg-blue-smoke,1.5,True,True,0.01484375,0,0.0109375,0,0.020377604166666667,0,0,0
float32-round-even-staged,fx-ov-bg-blue-smoke,2.1,True,True,0.015147569444444444,0,0.010677083333333334,0,0.022894965277777776,0,0,0
float32-round-even-staged,fx-ov-bg-soft-gradient,0.3,True,True,0.058680555555555555,0,0,0,0.016145833333333335,0,0,0
float32-round-even-staged,fx-ov-bg-soft-gradient,0.9,True,True,0.06134982638888889,0,0,0,0.014583333333333334,0,0,0
float32-round-even-staged,fx-ov-bg-soft-gradient,1.5,True,True,0.0587890625,0,0,0,0.01423611111111111,0,0,0
float32-round-even-staged,fx-ov-bg-soft-gradient,2.1,True,True,0.06059027777777778,0,0,0,0.0140625,0,0,0
float32-round-even-staged,fx-ov-bg-light-wall,0.3,True,True,0.02927517361111111,0,0.040928819444444445,4,0.03888888888888889,0,0,0
float32-round-even-staged,fx-ov-bg-light-wall,0.9,True,True,0.024609375,0,0.03226996527777778,0,0.03389756944444444,0,0,0
float32-round-even-staged,fx-ov-bg-light-wall,1.5,True,True,0.03292100694444444,0,0.03333333333333333,0,0.04006076388888889,0,0,0
float32-round-even-staged,fx-ov-bg-light-wall,2.1,True,True,0.028971354166666668,0,0.03819444444444445,0,0.042252604166666666,0,0,0
float32-round-even-staged,fx-ov-bg-3d-shapes,0.3,False,False,13.133485243055556,124,12.945290798611111,126,11.836219618055555,124,0,0
float32-round-even-staged,fx-ov-bg-3d-shapes,0.9,False,False,13.106857638888888,124,12.9126953125,126,11.822330729166667,124,0,0
float32-round-even-staged,fx-ov-bg-3d-shapes,1.5,False,False,12.997417534722222,124,12.796245659722222,126,11.711067708333333,124,0,0
float32-round-even-staged,fx-ov-bg-3d-shapes,2.1,False,False,12.775108506944445,124,12.587977430555556,126,11.535308159722222,124,0,0
float32-round-even-staged,fx-ov-bg-red-hearts,0.3,True,True,0.02183159722222222,0,0.0005208333333333333,0,0.0007161458333333333,0,0,0
float32-round-even-staged,fx-ov-bg-red-hearts,0.9,True,True,0.01950954861111111,0,0.00034722222222222224,0,0.0003689236111111111,0,0,0
float32-round-even-staged,fx-ov-bg-red-hearts,1.5,True,True,0.019422743055555556,0,0.0005208333333333333,0,0.0005425347222222222,0,0,0
float32-round-even-staged,fx-ov-bg-red-hearts,2.1,True,True,0.019986979166666665,0,0.00078125,0,0.0007161458333333333,0,0,0
float32-round-even-staged,fx-ov-sc-aurora,0.3,True,True,0.005577256944444445,0,0.01955295138888889,0,0.019813368055555555,0,0,0
float32-round-even-staged,fx-ov-sc-aurora,0.9,True,True,0.006553819444444445,0,0.016861979166666666,0,0.016796875,0,0,0
float32-round-even-staged,fx-ov-sc-aurora,1.5,True,True,0.0054904513888888885,0,0.0154296875,0,0.015559895833333334,0,0,0
float32-round-even-staged,fx-ov-sc-aurora,2.1,True,True,0.005186631944444444,0,0.012348090277777777,0,0.01384548611111111,0,0,0
float32-round-even-staged,fx-ov-sc-milky-way,0.3,True,True,0.01838107638888889,0,0.0126953125,0,0.018294270833333334,0,0,0
float32-round-even-staged,fx-ov-sc-milky-way,0.9,True,True,0.014431423611111112,0,0.011197916666666667,0,0.018771701388888888,0,0,0
float32-round-even-staged,fx-ov-sc-milky-way,1.5,True,True,0.01545138888888889,0,0.010546875,0,0.015407986111111112,0,0,0
float32-round-even-staged,fx-ov-sc-milky-way,2.1,True,True,0.017339409722222223,0,0.012022569444444445,0,0.018836805555555555,0,0,0
float32-round-even-staged,fx-ov-sc-sunset-sea,0.3,True,True,0.031684027777777776,0,0.026584201388888888,0,0.02673611111111111,0,0,0
float32-round-even-staged,fx-ov-sc-sunset-sea,0.9,True,True,0.029014756944444445,0,0.028732638888888887,0,0.02894965277777778,0,0,0
float32-round-even-staged,fx-ov-sc-sunset-sea,1.5,True,True,0.02749565972222222,0,0.028211805555555556,0,0.027061631944444445,0,0,0
float32-round-even-staged,fx-ov-sc-sunset-sea,2.1,True,True,0.030143229166666667,0,0.027625868055555555,0,0.0263671875,0,0,0
float32-round-even-staged,fx-ov-sc-moon-dunes,0.3,True,True,0.008029513888888888,0,0.0115234375,0,0.0181640625,0,0,0
float32-round-even-staged,fx-ov-sc-moon-dunes,0.9,True,True,0.010677083333333334,0,0.010286458333333333,0,0.017013888888888887,0,0,0
float32-round-even-staged,fx-ov-sc-moon-dunes,1.5,True,True,0.008203125,0,0.010091145833333334,0,0.016514756944444445,0,0,0
float32-round-even-staged,fx-ov-sc-moon-dunes,2.1,True,True,0.008984375,0,0.010677083333333334,0,0.017534722222222222,0,0,0
float32-round-even-staged,fx-ov-sc-clouds,0.3,True,True,0.00896267361111111,0,0.02165798611111111,0,0.08313802083333334,0,0,0
float32-round-even-staged,fx-ov-sc-clouds,0.9,True,True,0.013020833333333334,0,0.025347222222222222,0,0.0857204861111111,8,0,0
float32-round-even-staged,fx-ov-sc-clouds,1.5,True,True,0.018098958333333335,0,0.03153211805555556,0,0.08391927083333334,0,0,0
float32-round-even-staged,fx-ov-sc-clouds,2.1,True,True,0.024348958333333334,0,0.035416666666666666,0,0.08433159722222222,0,0,0
float32-round-even-staged,fx-ov-sc-snowy-night,0.3,True,True,0.04791666666666667,0,0.03546006944444444,0,0.06189236111111111,0,0,0
float32-round-even-staged,fx-ov-sc-snowy-night,0.9,True,True,0.047764756944444445,0,0.037434895833333336,0,0.053450520833333334,0,0,0
float32-round-even-staged,fx-ov-sc-snowy-night,1.5,True,True,0.04876302083333333,0,0.03767361111111111,0,0.05390625,0,0,0
float32-round-even-staged,fx-ov-sc-snowy-night,2.1,True,True,0.04635416666666667,0,0.03522135416666667,0,0.059136284722222224,0,0,0
float32-round-even-staged,fx-ov-sc-ocean,0.3,True,True,0.037369791666666666,0,0.06397569444444444,4,0.053276909722222224,0,0,0
float32-round-even-staged,fx-ov-sc-ocean,0.9,True,True,0.03630642361111111,0,0.06399739583333333,4,0.046375868055555554,0,0,0
float32-round-even-staged,fx-ov-sc-ocean,1.5,True,True,0.03654513888888889,0,0.06319444444444444,4,0.03307291666666667,0,0,0
float32-round-even-staged,fx-ov-sc-ocean,2.1,True,True,0.03582899305555556,0,0.06432291666666666,4,0.02847222222222222,0,0,0
float32-round-even-staged,fx-ov-sc-shooting-stars,0.3,True,True,0.0012803819444444444,0,0.0013237847222222223,0,0.0028862847222222224,0,0,0
float32-round-even-staged,fx-ov-sc-shooting-stars,0.9,True,True,0.1029296875,0,0.1086154513888889,0,0.11015625,0,0,0
float32-round-even-staged,fx-ov-sc-shooting-stars,1.5,True,True,0.38591579861111114,8,0.4073350694444444,4,0.40381944444444445,8,0,0
float32-round-even-staged,fx-ov-sc-shooting-stars,2.1,True,True,0.39622395833333335,8,0.3818576388888889,4,0.4258029513888889,0,0,0
float32-round-even-staged,fx-ov-tr-colour-wipe,0.3,True,True,0.06864149305555556,0,0.0656467013888889,4,0.06015625,0,0,0
float32-round-even-staged,fx-ov-tr-colour-wipe,0.9,True,True,0,0,0,0,0,0,0,0
float32-round-even-staged,fx-ov-tr-colour-wipe,1.5,True,True,0.0876736111111111,8,0.0849609375,4,0.08240017361111111,0,0,0
float32-round-even-staged,fx-ov-tr-colour-wipe,2.1,True,True,0.07198350694444444,0,0.06486545138888888,4,0.06592881944444444,0,0,0
float32-round-even-staged,fx-ov-tr-diamond,0.3,False,True,0,0,0,0,0,0,0,0
float32-round-even-staged,fx-ov-tr-diamond,0.9,False,True,0,0,0,0,0,0,0,0
float32-round-even-staged,fx-ov-tr-diamond,1.5,True,True,0.06872829861111111,0,0.05759548611111111,4,0.06345486111111111,0,0,0
float32-round-even-staged,fx-ov-tr-diamond,2.1,False,True,0,0,0,0,0,0,0,0
float32-round-even-staged,fx-ov-tr-shape-pop,0.3,True,True,0.06529947916666666,0,0.05047743055555556,4,0.04505208333333333,0,0,0
float32-round-even-staged,fx-ov-tr-shape-pop,0.9,True,True,0.0019314236111111112,0,0.0017795138888888889,0,0.0024305555555555556,0,0,0
float32-round-even-staged,fx-ov-tr-shape-pop,1.5,True,True,0.04071180555555556,0,0.026801215277777776,0,0.024479166666666666,0,0,0
float32-round-even-staged,fx-ov-tr-shape-pop,2.1,True,True,0.06432291666666666,0,0.0521484375,4,0.050520833333333334,0,0,0
float32-round-even-staged,fx-ov-tr-glow-blob,0.3,True,True,0.006032986111111111,0,0.003689236111111111,0,0.005815972222222222,0,0,0
float32-round-even-staged,fx-ov-tr-glow-blob,0.9,True,True,0,0,0,0,0,0,0,0
float32-round-even-staged,fx-ov-tr-glow-blob,1.5,True,True,0.0021484375,0,0.0034071180555555556,0,0.003949652777777778,0,0,0
float32-round-even-staged,fx-ov-tr-glow-blob,2.1,True,True,0.007335069444444444,0,0.009526909722222223,0,0.010503472222222223,0,0,0
float32-round-even-staged,fx-ov-tr-fire-wipe,0.3,True,True,0.04375,0,0.05036892361111111,4,0.03511284722222222,0,0,0
float32-round-even-staged,fx-ov-tr-fire-wipe,0.9,True,True,0.05015190972222222,0,0.04088541666666667,4,0.021788194444444443,0,0,0
float32-round-even-staged,fx-ov-tr-fire-wipe,1.5,True,True,0.04652777777777778,0,0.04266493055555556,4,0.035872395833333334,0,0,0
float32-round-even-staged,fx-ov-tr-fire-wipe,2.1,True,True,0.052473958333333334,0,0.04884982638888889,4,0.040538194444444446,0,0,0
float32-round-even-staged,fx-ov-tr-ink,0.3,True,True,0.013888888888888888,0,0.013368055555555555,0,0.008723958333333334,0,0,0
float32-round-even-staged,fx-ov-tr-ink,0.9,True,True,0,0,0,0,0,0,0,0
float32-round-even-staged,fx-ov-tr-ink,1.5,True,True,0.009830729166666666,0,0.009157986111111112,0,0.0035807291666666665,0,0,0
float32-round-even-staged,fx-ov-tr-ink,2.1,True,True,0.01953125,0,0.015538194444444445,0,0.010525173611111112,0,0,0
float32-round-even-staged,fx-ov-tr-stripes,0.3,True,True,0.07723524305555556,0,0.07903645833333334,4,0.06907552083333333,0,0,0
float32-round-even-staged,fx-ov-tr-stripes,0.9,True,True,0.0014539930555555556,0,0.0008897569444444444,0,0.0010633680555555555,0,0,0
float32-round-even-staged,fx-ov-tr-stripes,1.5,True,True,0.05538194444444444,0,0.051280381944444446,4,0.052821180555555555,0,0,0
float32-round-even-staged,fx-ov-tr-stripes,2.1,True,True,0.08131510416666667,0,0.07432725694444445,4,0.07191840277777778,0,0,0
float32-round-even-staged,fx-ov-tr-iris,0.3,True,True,0.07003038194444444,0,0.05262586805555555,4,0.05384114583333333,0,0,0
float32-round-even-staged,fx-ov-tr-iris,0.9,True,True,0,0,0,0,0,0,0,0
float32-round-even-staged,fx-ov-tr-iris,1.5,True,True,0.06872829861111111,0,0.05759548611111111,4,0.06345486111111111,0,0,0
float32-round-even-staged,fx-ov-tr-iris,2.1,True,True,0.07938368055555556,0,0.05319010416666667,4,0.0556640625,0,0,0
float32-round-even-staged,fx-ov-tr-light-burst,0.3,False,False,9.277777777777779,99,8.304796006944445,89,8.406141493055555,91,0,0
float32-round-even-staged,fx-ov-tr-light-burst,0.9,False,False,2.712152777777778,49,2.4154296875,40,2.361067708333333,41,0,0
float32-round-even-staged,fx-ov-tr-light-burst,1.5,False,False,0.8339626736111111,17,0.8211371527777778,13,0.8506510416666667,17,0,0
float32-round-even-staged,fx-ov-tr-light-burst,2.1,False,False,9.340581597222222,107,8.353407118055555,93,8.408333333333333,91,0,0
float32-round-even-staged,fx-ov-tr-scribble,0.3,False,False,7.073328993055555,197,1.9680338541666667,49,4.787847222222222,140,0,0
float32-round-even-staged,fx-ov-tr-scribble,0.9,False,False,21.122526041666667,222,7.49296875,73,14.561197916666666,164,0,0
float32-round-even-staged,fx-ov-tr-scribble,1.5,False,False,6.170160590277778,172,3.320920138888889,69,4.4990234375,123,0,0
float32-round-even-staged,fx-ov-tr-scribble,2.1,False,False,6.225065104166666,189,1.781423611111111,49,4.1477647569444445,124,0,0
float32-round-even-staged,fx-ov-el-speed-lines,0.3,True,True,0.05490451388888889,0,0.05364583333333333,4,0.05490451388888889,0,0,0
float32-round-even-staged,fx-ov-el-speed-lines,0.9,True,True,0.04717881944444444,0,0.04468315972222222,4,0.04717881944444444,0,0,0
float32-round-even-staged,fx-ov-el-speed-lines,1.5,True,True,0.047591145833333334,0,0.0419921875,0,0.047591145833333334,0,0,0
float32-round-even-staged,fx-ov-el-speed-lines,2.1,True,True,0.0474609375,0,0.046788194444444445,4,0.0474609375,0,0,0
float32-round-even-staged,fx-ov-el-lightning,0.3,True,True,0.05427517361111111,0,0.04164496527777778,4,0.05080295138888889,0,0,0
float32-round-even-staged,fx-ov-el-lightning,0.9,False,False,3.0803602430555554,66,2.922482638888889,69,3.2069661458333334,75,0,0
float32-round-even-staged,fx-ov-el-lightning,1.5,True,True,0.025802951388888887,0,0.027300347222222222,0,0.03122829861111111,0,0,0
float32-round-even-staged,fx-ov-el-lightning,2.1,True,True,0.031119791666666667,0,0.030381944444444444,0,0.037934027777777775,0,0,0
float32-round-even-staged,fx-ov-el-moon,0.3,True,True,0.051106770833333336,0,0.05138888888888889,4,0.051497395833333334,0,0,0
float32-round-even-staged,fx-ov-el-moon,0.9,True,True,0.04490017361111111,0,0.04665798611111111,4,0.04576822916666667,0,0,0
float32-round-even-staged,fx-ov-el-moon,1.5,True,True,0.04924045138888889,0,0.04861111111111111,4,0.04203559027777778,0,0,0
float32-round-even-staged,fx-ov-el-moon,2.1,True,True,0.04889322916666667,0,0.04646267361111111,4,0.05227864583333333,0,0,0
float32-round-even-staged,fx-ov-el-smoke-puff,0.3,True,True,0.08324652777777777,8,0.07727864583333334,4,0.05481770833333333,0,0,0
float32-round-even-staged,fx-ov-el-smoke-puff,0.9,True,True,0.11030815972222222,8,0.09607204861111111,4,0.0634765625,0,0,0
float32-round-even-staged,fx-ov-el-smoke-puff,1.5,True,True,0.12682291666666667,8,0.10696614583333333,4,0.07209201388888889,0,0,0
float32-round-even-staged,fx-ov-el-smoke-puff,2.1,True,True,0.13407118055555556,8,0.12000868055555555,4,0.08396267361111111,8,0,0
float32-round-even-staged,fx-ov-el-scan-line,0.3,True,True,0.03875868055555556,0,0.03969184027777778,0,0.031575520833333336,0,0,0
float32-round-even-staged,fx-ov-el-scan-line,0.9,True,True,0.04010416666666667,0,0.031749131944444446,0,0.04320746527777778,0,0,0
float32-round-even-staged,fx-ov-el-scan-line,1.5,True,True,0.03376736111111111,0,0.049305555555555554,4,0.039214409722222225,0,0,0
float32-round-even-staged,fx-ov-el-scan-line,2.1,True,True,0.03739149305555556,0,0.04138454861111111,4,0.04631076388888889,0,0,0
float32-round-even-staged,fx-ov-el-stars-rating,0.3,True,True,0.07005208333333333,0,0.06328125,4,0.047417534722222224,0,0,0
float32-round-even-staged,fx-ov-el-stars-rating,0.9,True,True,0.07660590277777778,0,0.057291666666666664,4,0.051323784722222224,0,0,0
float32-round-even-staged,fx-ov-el-stars-rating,1.5,True,True,0.0705295138888889,0,0.05987413194444444,4,0.04077690972222222,0,0,0
float32-round-even-staged,fx-ov-el-stars-rating,2.1,True,True,0.06393229166666667,0,0.0619140625,4,0.04670138888888889,0,0,0
float32-round-even-staged,fx-ov-film-dust,0.3,False,False,5.514908854166666,17,5.60390625,16,5.550325520833334,17,0,0
float32-round-even-staged,fx-ov-film-dust,0.9,False,False,5.397873263888889,17,5.365733506944444,16,5.345876736111111,17,0,0
float32-round-even-staged,fx-ov-film-dust,1.5,False,False,5.0078125,17,5.1058159722222225,16,5.035590277777778,17,0,0
float32-round-even-staged,fx-ov-film-dust,2.1,False,False,5.049782986111111,17,5.033658854166666,17,4.9948133680555555,17,0,0
float32-round-even-staged,fx-ov-grain,0.3,False,False,19.094683159722223,58,19.170399305555556,56,19.094683159722223,58,0,0
float32-round-even-staged,fx-ov-grain,0.9,False,False,17.475130208333333,58,17.560264756944445,53,17.475130208333333,58,0,0
float32-round-even-staged,fx-ov-grain,1.5,False,False,15.683854166666666,57,15.778450520833333,53,15.683854166666666,57,0,0
float32-round-even-staged,fx-ov-grain,2.1,False,False,14.579405381944444,57,14.648003472222221,53,14.579405381944444,57,0,0
float32-round-even-staged,fx-ov-vhs,0.3,False,False,6.563411458333333,24,6.5671875,20,6.587087673611111,24,0,0
float32-round-even-staged,fx-ov-vhs,0.9,False,False,5.415646701388889,17,5.422113715277778,20,5.412217881944445,17,0,0
float32-round-even-staged,fx-ov-vhs,1.5,False,False,3.937131076388889,17,3.9439453125,20,3.9803602430555554,17,0,0
float32-round-even-staged,fx-ov-vhs,2.1,False,False,2.9205078125,17,2.8979600694444443,20,2.9172743055555554,17,0,0
float32-round-even-staged,fx-ov-halftone,0.3,True,True,0.04485677083333333,0,0.027473958333333333,0,0.0375,0,0,0
float32-round-even-staged,fx-ov-halftone,0.9,True,True,0.04600694444444445,0,0.027907986111111113,0,0.03470052083333333,0,0,0
float32-round-even-staged,fx-ov-halftone,1.5,True,True,0.04073350694444444,0,0.029253472222222222,0,0.025824652777777776,0,0,0
float32-round-even-staged,fx-ov-halftone,2.1,True,True,0.0337890625,0,0.024522569444444444,0,0.037934027777777775,0,0,0
float32-round-even-staged,fx-ov-paper,0.3,True,True,0.11061197916666667,8,0.08882378472222222,4,0.07764756944444444,0,0,0
float32-round-even-staged,fx-ov-paper,0.9,True,True,0.12534722222222222,8,0.08977864583333334,4,0.07044270833333334,0,0,0
float32-round-even-staged,fx-ov-paper,1.5,True,True,0.11477864583333333,8,0.08797743055555556,4,0.07337239583333334,0,0,0
float32-round-even-staged,fx-ov-paper,2.1,True,True,0.11668836805555556,8,0.08452690972222222,4,0.07332899305555556,0,0,0
float32-round-even-staged,fx-ov-burnt-edges,0.3,True,True,0.10160590277777778,8,0.1166015625,4,0.05227864583333333,0,0,0
float32-round-even-staged,fx-ov-burnt-edges,0.9,True,True,0.10212673611111112,8,0.11024305555555555,4,0.055164930555555554,0,0,0
float32-round-even-staged,fx-ov-burnt-edges,1.5,True,True,0.099609375,8,0.10674913194444445,4,0.04780815972222222,0,0,0
float32-round-even-staged,fx-ov-burnt-edges,2.1,True,True,0.10169270833333334,8,0.11512586805555555,4,0.05572916666666667,0,0,0
float32-round-even-staged,fx-ov-frame-film,0.3,True,True,0.05911458333333333,0,0.051041666666666666,4,0.04665798611111111,0,0,0
float32-round-even-staged,fx-ov-frame-film,0.9,True,True,0.06204427083333333,0,0.0498046875,4,0.04626736111111111,0,0,0
float32-round-even-staged,fx-ov-frame-film,1.5,True,True,0.06187065972222222,0,0.04787326388888889,4,0.05297309027777778,0,0,0
float32-round-even-staged,fx-ov-frame-film,2.1,True,True,0.059722222222222225,0,0.051844618055555555,4,0.051671006944444445,0,0,0
float32-round-even-staged,fx-ov-frame-polaroid,0.3,True,True,0.06870659722222222,0,0.05041232638888889,4,0.05590277777777778,0,0,0
float32-round-even-staged,fx-ov-frame-polaroid,0.9,True,True,0.0685763888888889,0,0.05002170138888889,4,0.057530381944444445,0,0,0
float32-round-even-staged,fx-ov-frame-polaroid,1.5,True,True,0.07059461805555556,0,0.05457899305555555,4,0.06664496527777777,0,0,0
float32-round-even-staged,fx-ov-frame-polaroid,2.1,True,True,0.07586805555555555,0,0.04945746527777778,4,0.05570746527777778,0,0,0
float32-round-even-staged,fx-ov-frame-neon-pink,0.3,True,True,0.06052517361111111,0,0.07413194444444444,4,0.039496527777777776,0,0,0
float32-round-even-staged,fx-ov-frame-neon-pink,0.9,True,True,0.042816840277777775,0,0.03671875,0,0.06408420138888889,0,0,0
float32-round-even-staged,fx-ov-frame-neon-pink,1.5,True,True,0.030837673611111113,0,0.039713541666666664,0,0.07259114583333333,0,0,0
float32-round-even-staged,fx-ov-frame-neon-pink,2.1,True,True,0.0435546875,0,0.04674479166666667,4,0.0724609375,0,0,0
float32-round-even-staged,fx-ov-frame-neon-blue,0.3,True,True,0.15503472222222223,8,0.1076171875,4,0.14212239583333333,8,0,0
float32-round-even-staged,fx-ov-frame-neon-blue,0.9,True,True,0.12365451388888889,8,0.11417100694444444,4,0.1203125,8,0,0
float32-round-even-staged,fx-ov-frame-neon-blue,1.5,True,True,0.11881510416666667,8,0.12506510416666666,4,0.09991319444444445,8,0,0
float32-round-even-staged,fx-ov-frame-neon-blue,2.1,True,True,0.13077256944444443,8,0.13841145833333332,4,0.10872395833333333,8,0,0
float32-round-even-staged,fx-ov-frame-neon-gold,0.3,True,True,0.1383029513888889,8,0.0810546875,4,0.07413194444444444,0,0,0
float32-round-even-staged,fx-ov-frame-neon-gold,0.9,True,True,0.093359375,8,0.09318576388888888,4,0.05310329861111111,0,0,0
float32-round-even-staged,fx-ov-frame-neon-gold,1.5,True,True,0.0568359375,0,0.09210069444444445,4,0.0560546875,0,0,0
float32-round-even-staged,fx-ov-frame-neon-gold,2.1,True,True,0.06981336805555556,0,0.11087239583333333,4,0.07953559027777778,0,0,0
float32-round-even-staged,fx-ov-frame-rec,0.3,True,True,0.031119791666666667,0,0.016644965277777778,0,0.03257378472222222,0,0,0
float32-round-even-staged,fx-ov-frame-rec,0.9,True,True,0.032378472222222225,0,0.0193359375,0,0.031966145833333334,0,0,0
float32-round-even-staged,fx-ov-frame-rec,1.5,True,True,0.028797743055555554,0,0.019140625,0,0.022981770833333335,0,0,0
float32-round-even-staged,fx-ov-frame-rec,2.1,True,True,0.026931423611111113,0,0.017664930555555555,0,0.03359375,0,0,0
float32-round-even-staged,fx-ov-frame-vignette,0.3,True,True,0.09188368055555556,8,0.09281684027777778,4,0.09116753472222222,8,0,0
float32-round-even-staged,fx-ov-frame-vignette,0.9,True,True,0.09778645833333334,8,0.09338107638888889,4,0.0861328125,8,0,0
float32-round-even-staged,fx-ov-frame-vignette,1.5,True,True,0.09891493055555556,8,0.09309895833333333,4,0.08676215277777778,8,0,0
float32-round-even-staged,fx-ov-frame-vignette,2.1,True,True,0.09338107638888889,8,0.08884548611111111,4,0.08606770833333334,8,0,0
float32-round-even-staged,fx-ov-frame-grid,0.3,True,True,0.07191840277777778,0,0.06631944444444444,4,0.05032552083333333,0,0,0
float32-round-even-staged,fx-ov-frame-grid,0.9,True,True,0.08053385416666667,0,0.06204427083333333,4,0.05262586805555555,0,0,0
float32-round-even-staged,fx-ov-frame-grid,1.5,True,True,0.07484809027777778,0,0.0626953125,4,0.04487847222222222,0,0,0
float32-round-even-staged,fx-ov-frame-grid,2.1,True,True,0.06898871527777778,0,0.0652126736111111,4,0.05047743055555556,0,0,0
float32-round-even-staged,fx-ov-leak-green,0.3,True,True,0.056163194444444446,0,0.05863715277777778,4,0.04993489583333333,0,0,0
float32-round-even-staged,fx-ov-leak-green,0.9,True,True,0.052994791666666666,0,0.061046006944444446,4,0.04848090277777778,0,0,0
float32-round-even-staged,fx-ov-leak-green,1.5,True,True,0.04934895833333333,0,0.06597222222222222,4,0.05559895833333333,0,0,0
float32-round-even-staged,fx-ov-leak-green,2.1,True,True,0.05123697916666667,0,0.07013888888888889,4,0.0517578125,0,0,0
float32-round-even-staged,fx-ov-leak-purple,0.3,True,True,0.0564453125,0,0.05703125,4,0.055013020833333336,0,0,0
float32-round-even-staged,fx-ov-leak-purple,0.9,True,True,0.055121527777777776,0,0.052582465277777775,4,0.05325520833333333,0,0,0
float32-round-even-staged,fx-ov-leak-purple,1.5,True,True,0.05572916666666667,0,0.0568359375,4,0.06345486111111111,0,0,0
float32-round-even-staged,fx-ov-leak-purple,2.1,True,True,0.06449652777777778,0,0.05392795138888889,4,0.0685546875,0,0,0
float32-round-even-staged,fx-ov-leak-red,0.3,True,True,0.05,0,0.05703125,4,0.049891493055555555,0,0,0
float32-round-even-staged,fx-ov-leak-red,0.9,True,True,0.059092881944444446,0,0.052582465277777775,4,0.04956597222222222,0,0,0
float32-round-even-staged,fx-ov-leak-red,1.5,True,True,0.06267361111111111,0,0.0568359375,4,0.05141059027777778,0,0,0
float32-round-even-staged,fx-ov-leak-red,2.1,True,True,0.06417100694444444,0,0.05392795138888889,4,0.05568576388888889,0,0,0
float32-round-even-staged,fx-ov-flare-blue,0.3,True,True,0.13550347222222223,8,0.13070746527777777,4,0.1373046875,8,0,0
float32-round-even-staged,fx-ov-flare-blue,0.9,True,True,0.1576171875,8,0.15401475694444444,4,0.1379123263888889,8,0,0
float32-round-even-staged,fx-ov-flare-blue,1.5,True,True,0.15813802083333334,8,0.1567925347222222,4,0.13381076388888888,8,0,0
float32-round-even-staged,fx-ov-flare-blue,2.1,True,True,0.16419270833333333,8,0.1544704861111111,4,0.13838975694444444,8,0,0
float32-round-even-staged,fx-ov-lightning,0.3,True,True,0.04665798611111111,0,0.06551649305555556,4,0.08059895833333333,0,0,0
float32-round-even-staged,fx-ov-lightning,0.9,True,True,0.07016059027777778,0,0.0525390625,4,0.054947916666666666,0,0,0
float32-round-even-staged,fx-ov-lightning,1.5,True,True,0.06872829861111111,0,0.05759548611111111,4,0.06345486111111111,0,0,0
float32-round-even-staged,fx-ov-lightning,2.1,True,True,0.07938368055555556,0,0.05319010416666667,4,0.0556640625,0,0,0
float32-round-even-staged,fx-ov-bokeh-blue,0.3,True,True,0.03767361111111111,0,0.032552083333333336,0,0.05759548611111111,0,0,0
float32-round-even-staged,fx-ov-bokeh-blue,0.9,True,True,0.03602430555555555,0,0.03704427083333333,0,0.05970052083333333,0,0,0
float32-round-even-staged,fx-ov-bokeh-blue,1.5,True,True,0.03381076388888889,0,0.03448350694444444,0,0.049479166666666664,0,0,0
float32-round-even-staged,fx-ov-bokeh-blue,2.1,True,True,0.037434895833333336,0,0.03502604166666667,0,0.05588107638888889,0,0,0
float32-round-even-staged,fx-ov-bokeh-rainbow,0.3,True,True,0.03767361111111111,0,0.04431423611111111,4,0.05659722222222222,0,0,0
float32-round-even-staged,fx-ov-bokeh-rainbow,0.9,True,True,0.03602430555555555,0,0.04353298611111111,4,0.05381944444444445,0,0,0
float32-round-even-staged,fx-ov-bokeh-rainbow,1.5,True,True,0.03381076388888889,0,0.043359375,4,0.044487847222222224,0,0,0
float32-round-even-staged,fx-ov-bokeh-rainbow,2.1,True,True,0.037434895833333336,0,0.0453125,4,0.05375434027777778,0,0,0
float32-round-even-staged,fx-ov-sparkle-pink,0.3,True,True,0.037434895833333336,0,0.031901041666666664,0,0.031640625,0,0,0
float32-round-even-staged,fx-ov-sparkle-pink,0.9,True,True,0.033051215277777775,0,0.030403645833333333,0,0.03361545138888889,0,0,0
float32-round-even-staged,fx-ov-sparkle-pink,1.5,True,True,0.031184895833333334,0,0.03042534722222222,0,0.03439670138888889,0,0,0
float32-round-even-staged,fx-ov-sparkle-pink,2.1,True,True,0.03585069444444444,0,0.03220486111111111,0,0.04370659722222222,0,0,0
float32-round-even-staged,fx-ov-sparkle-blue,0.3,True,True,0.03498263888888889,0,0.033854166666666664,0,0.035069444444444445,0,0,0
float32-round-even-staged,fx-ov-sparkle-blue,0.9,True,True,0.028819444444444446,0,0.03279079861111111,0,0.0376953125,0,0,0
float32-round-even-staged,fx-ov-sparkle-blue,1.5,True,True,0.027408854166666666,0,0.03315972222222222,0,0.037825520833333334,0,0,0
float32-round-even-staged,fx-ov-sparkle-blue,2.1,True,True,0.032486979166666666,0,0.03383246527777778,0,0.0435546875,0,0,0
float32-round-even-staged,fx-ov-hearts-red,0.3,False,False,1.6617838541666667,58,0.4527126736111111,12,0.4982638888888889,9,0,0
float32-round-even-staged,fx-ov-hearts-red,0.9,False,False,1.9763237847222221,90,0.5130208333333334,16,0.6171657986111111,25,0,0
float32-round-even-staged,fx-ov-hearts-red,1.5,False,False,1.6850043402777777,49,0.5447265625,20,0.5810980902777778,25,0,0
float32-round-even-staged,fx-ov-hearts-red,2.1,False,False,0.9562717013888888,33,0.49832899305555556,16,0.44131944444444443,16,0,0
float32-round-even-staged,fx-ov-fog-pink,0.3,True,True,0.13155381944444444,8,0.12612847222222223,4,0.11744791666666667,8,0,0
float32-round-even-staged,fx-ov-fog-pink,0.9,True,True,0.13235677083333333,8,0.12838541666666667,4,0.1193359375,8,0,0
float32-round-even-staged,fx-ov-fog-pink,1.5,True,True,0.1273220486111111,8,0.12823350694444444,4,0.11820746527777778,8,0,0
float32-round-even-staged,fx-ov-fog-pink,2.1,True,True,0.13120659722222222,8,0.11861979166666667,4,0.11575520833333333,8,0,0
float32-round-even-staged,fx-ov-fog-blue,0.3,True,True,0.13057725694444444,8,0.1224609375,4,0.11859809027777778,8,0,0
float32-round-even-staged,fx-ov-fog-blue,0.9,True,True,0.141015625,8,0.12413194444444445,4,0.11974826388888889,8,0,0
float32-round-even-staged,fx-ov-fog-blue,1.5,True,True,0.12782118055555555,8,0.12797309027777778,4,0.11868489583333333,8,0,0
float32-round-even-staged,fx-ov-fog-blue,2.1,True,True,0.12914496527777777,8,0.11608072916666666,4,0.11649305555555556,8,0,0
float32-round-even-staged,fx-ov-wash-sunset,0.3,True,True,0.10206163194444444,8,0.08639322916666667,4,0.05963541666666667,0,0,0
float32-round-even-staged,fx-ov-wash-sunset,0.9,True,True,0.10447048611111111,8,0.08012152777777778,4,0.06228298611111111,0,0,0
float32-round-even-staged,fx-ov-wash-sunset,1.5,True,True,0.096484375,8,0.08404947916666666,4,0.05813802083333333,0,0,0
float32-round-even-staged,fx-ov-wash-sunset,2.1,True,True,0.09898003472222222,8,0.08274739583333333,4,0.06128472222222222,0,0,0
float32-round-even-staged,fx-ov-wash-ocean,0.3,True,True,0.1017795138888889,8,0.07667100694444444,4,0.15132378472222222,8,0,0
float32-round-even-staged,fx-ov-wash-ocean,0.9,True,True,0.09301215277777777,8,0.07176649305555556,4,0.14683159722222222,8,0,0
float32-round-even-staged,fx-ov-wash-ocean,1.5,True,True,0.1013454861111111,8,0.06976996527777778,4,0.1394314236111111,8,0,0
float32-round-even-staged,fx-ov-wash-ocean,2.1,True,True,0.09963107638888889,8,0.07556423611111111,4,0.14375,8,0,0
float32-round-even-staged,fx-ov-wash-rose,0.3,True,True,0.10206163194444444,8,0.08276909722222223,4,0.07131076388888889,0,0,0
float32-round-even-staged,fx-ov-wash-rose,0.9,True,True,0.10447048611111111,8,0.08016493055555556,4,0.06907552083333333,0,0,0
float32-round-even-staged,fx-ov-wash-rose,1.5,True,True,0.096484375,8,0.07962239583333333,4,0.07078993055555556,0,0,0
float32-round-even-staged,fx-ov-wash-rose,2.1,True,True,0.09898003472222222,8,0.08059895833333333,4,0.060872395833333336,0,0,0
float32-round-even-staged,fx-ov-wash-neon,0.3,True,True,0.09422743055555556,8,0.08732638888888888,4,0.06315104166666667,0,0,0
float32-round-even-staged,fx-ov-wash-neon,0.9,True,True,0.10577256944444445,8,0.08057725694444444,4,0.05792100694444444,0,0,0
float32-round-even-staged,fx-ov-wash-neon,1.5,True,True,0.10594618055555556,8,0.08541666666666667,4,0.06050347222222222,0,0,0
float32-round-even-staged,fx-ov-wash-neon,2.1,True,True,0.10314670138888889,8,0.08446180555555556,4,0.0623046875,0,0,0
float32-round-even-staged,fx-ov-wash-gold,0.3,True,True,0.10377604166666667,8,0.08541666666666667,4,0.05963541666666667,0,0,0
float32-round-even-staged,fx-ov-wash-gold,0.9,True,True,0.09856770833333334,8,0.08138020833333333,4,0.06228298611111111,0,0,0
float32-round-even-staged,fx-ov-wash-gold,1.5,True,True,0.10425347222222223,8,0.08292100694444444,4,0.05813802083333333,0,0,0
float32-round-even-staged,fx-ov-wash-gold,2.1,True,True,0.10334201388888889,8,0.0832248263888889,4,0.06128472222222222,0,0,0
float32-round-even-staged,fx-ov-rainbow,0.3,True,True,0.10629340277777778,8,0.11241319444444445,4,0.0720486111111111,0,0,0
float32-round-even-staged,fx-ov-rainbow,0.9,True,True,0.10631510416666666,8,0.10985243055555556,4,0.07699652777777778,0,0,0
float32-round-even-staged,fx-ov-rainbow,1.5,True,True,0.11128472222222222,8,0.11399739583333333,4,0.07654079861111111,0,0,0
float32-round-even-staged,fx-ov-rainbow,2.1,True,True,0.0998046875,8,0.10766059027777777,4,0.07936197916666667,0,0,0
float32-round-even-staged,fx-ov-frame-neon-green,0.3,True,True,0.048980034722222225,0,0.09162326388888889,4,0.06597222222222222,0,0,0
float32-round-even-staged,fx-ov-frame-neon-green,0.9,True,True,0.041015625,0,0.04066840277777778,4,0.05503472222222222,0,0,0
float32-round-even-staged,fx-ov-frame-neon-green,1.5,True,True,0.03888888888888889,0,0.025434027777777778,0,0.04494357638888889,0,0,0
float32-round-even-staged,fx-ov-frame-neon-green,2.1,True,True,0.03322482638888889,0,0.03257378472222222,0,0.08276909722222223,8,0,0
