storage,id,time,baselineProvisionalPass,candidateProvisionalPass,luminanceError8,R_histogramWasserstein8,R_blurredMae8,R_meanError8,G_histogramWasserstein8,G_blurredMae8,G_meanError8,B_histogramWasserstein8,B_blurredMae8,B_meanError8,A_histogramWasserstein8,A_blurredMae8,A_meanError8
float32-sized,fx-shake,0.3,True,True,0.038028016493072414,0.059136284722222224,0.20929911946074553,0.03430989583333333,0.062348090277777775,0.20200799889104382,0.040299479166666666,0.06519097222222223,0.21841473073606796,0.026475694444444444,0,0,0
float32-sized,fx-shake,0.9,True,True,0.05009289496527458,0.05481770833333333,0.05961235739226372,0.04709201388888889,0.05731336805555556,0.05843169972827486,0.05210503472222222,0.04307725694444445,0.05029819760046607,0.03899739583333333,0,0,0
float32-sized,fx-shake,1.5,True,True,0.03258260850695649,0.07369791666666667,0.49576702080873913,0.03177083333333333,0.0919921875,0.5123588080422036,0.03474392361111111,0.07354600694444445,0.5501690237922697,0.013563368055555556,0,0,0
float32-sized,fx-shake,2.1,False,False,0.13452037326389643,0.15151909722222223,2.5021258162706057,0.10464409722222222,0.1958984375,2.6068570914493034,0.13878038194444445,0.21011284722222223,2.72248566499265,0.1802951388888889,0,0,0
float32-sized,fx-cc-slash-reveal,0.3,True,True,0.006131106770837391,0.128125,1.1535482141814999,0.0015190972222222222,0.1453342013888889,1.1430736990845947,0.0091796875,0.1349609375,1.1505261893647019,0.001540798611111111,0,0,0
float32-sized,fx-cc-slash-reveal,0.9,True,True,0.040789457465280066,0.038411458333333336,0.04420192540640506,0.032074652777777775,0.049262152777777776,0.04921980273937819,0.043359375,0.049153645833333336,0.04705811452558949,0.04099392361111111,0,0,0
float32-sized,fx-cc-slash-reveal,1.5,True,True,0.00020786892361002174,0.05251736111111111,0.03273300165913631,0.004166666666666667,0.054296875,0.022215625719997713,0.0016059027777777777,0.05041232638888889,0.03156798578797107,0.0007595486111111111,0,0,0
float32-sized,fx-cc-slash-reveal,2.1,True,True,0.0384698046874945,0.11380208333333333,1.6400721867245298,0.04375,0.11875,1.6307314107205793,0.03567708333333333,0.1232421875,1.6354930723161196,0.0505859375,0,0,0
float32-sized,fx-cc-diamond-zoom,0.3,True,True,0.0791297309027783,0.06640625,0.0673189570813745,0.06388888888888888,0.08680555555555555,0.08288199500528501,0.08298611111111111,0.09001736111111111,0.08954836160647284,0.08580729166666666,0,0,0
float32-sized,fx-cc-diamond-zoom,0.9,True,True,0.05047095486114017,0.05546875,0.055743138602665124,0.05260416666666667,0.05509982638888889,0.052559601504799845,0.049717881944444445,0.05625,0.05691234948609679,0.05164930555555555,0,0,0
float32-sized,fx-cc-diamond-zoom,1.5,True,True,0.055894101562500964,0.06690538194444444,0.06102127713880047,0.05470920138888889,0.06430121527777778,0.06016378198933724,0.05857204861111111,0.04609375,0.041841292364117065,0.03285590277777778,0,0,0
float32-sized,fx-cc-diamond-zoom,2.1,True,True,0.05932743923609962,0.05978732638888889,0.05774846288159905,0.05041232638888889,0.07515190972222222,0.06553401698947448,0.06334635416666666,0.05700954861111111,0.05534394256968879,0.04576822916666667,0,0,0
float32-sized,fx-ct-error-quake,0.3,False,False,3.6090111154513664,2.840798611111111,4.515216816849113,1.8630208333333333,4.177690972222222,5.411314013201486,4.03046875,4.6330078125,6.523200526817861,4.575368923611111,0,0,0
float32-sized,fx-ct-error-quake,0.9,True,True,0.005705842013881579,0.05078125,0.023842603784679638,0.0013020833333333333,0.03819444444444445,0.018156497092110035,0.005772569444444445,0.041449652777777776,0.02838744646132835,0.018012152777777776,0,0,0
float32-sized,fx-ct-error-quake,1.5,True,True,0.008112569444449491,0.045008680555555555,0.025069171880500438,0.012456597222222223,0.03943142361111111,0.016458812380305558,0.006575520833333333,0.04513888888888889,0.026775091209107076,0.010546875,0,0,0
float32-sized,fx-ct-error-quake,2.1,True,True,0.25980217881944156,0.1603732638888889,0.3273789894833265,0.15933159722222223,0.40358072916666665,0.692969730146345,0.2867404513888889,0.4194878472222222,0.7599227071374441,0.28880208333333335,0,0,0
float32-sized,fx-ct-explosion,0.3,True,True,0.052468168402754145,0.053624131944444445,0.051015924831102726,0.0521484375,0.05709635416666667,0.05800658225453262,0.05536024305555556,0.026150173611111112,0.03011531656900734,0.02476128472222222,0,0,0
float32-sized,fx-ct-explosion,0.9,True,True,0.029100668402776364,0.04924045138888889,0.05286107201728136,0.04585503472222222,0.03513454861111111,0.030917990557540638,0.02536892361111111,0.026453993055555555,0.02648645262861641,0.016731770833333333,0,0,0
float32-sized,fx-ct-explosion,1.5,True,True,0.02897083333333228,0.033528645833333336,0.03585144616230804,0.0236328125,0.04040798611111111,0.03718682988309971,0.031727430555555554,0.022243923611111112,0.023268352117757532,0.0173828125,0,0,0
float32-sized,fx-ct-explosion,2.1,True,True,0.05366829427080688,0.03519965277777778,0.03512816204040426,0.03446180555555556,0.05970052083333333,0.06090294970193192,0.059092881944444446,0.05757378472222222,0.062388342144318924,0.056488715277777775,0,0,0
float32-sized,fx-ct-scene-cut,0.3,False,False,10.922882903645856,13.361697048611111,22.687752496273983,10.922243923611111,14.165473090277779,23.137122950305805,10.83127170138889,14.072526041666666,24.655950192015748,11.83224826388889,0,0,0
float32-sized,fx-ct-scene-cut,0.9,False,False,95.28277403645835,94.19841579861111,93.86355152761743,94.19841579861111,95.61851128472222,95.29088458805194,95.61851128472222,95.1500217013889,94.82037579705319,95.1500217013889,0,0,0
float32-sized,fx-ct-scene-cut,1.5,False,False,94.88862743055557,93.77578125,93.65900358390724,93.77578125,95.244921875,95.11758674681181,95.23832465277778,94.70147569444444,94.57296897344833,94.70147569444444,0,0,0
float32-sized,fx-ct-scene-cut,2.1,False,False,94.55592941840281,93.44780815972223,92.97012761489374,93.44780815972223,94.90149739583333,94.42117471049838,94.90149739583333,94.39576822916666,93.90157954726945,94.39576822916666,0,0,0
float32-sized,fx-cc-shiny-stack,0.3,False,False,0.1132986414930599,1.716427951388889,10.416850219687644,0.1750217013888889,1.6209635416666666,11.026031883464793,0.10551215277777778,1.4227864583333334,11.632079567338755,0.008680555555555556,0,0,0
float32-sized,fx-cc-shiny-stack,0.9,False,False,0.1690310807291837,0.6649739583333333,6.812599809789654,0.16263020833333333,0.6258680555555556,6.838663368755733,0.17087673611111112,0.6691189236111111,6.486573460874305,0.16959635416666666,0,0,0
float32-sized,fx-cc-shiny-stack,1.5,False,False,0.391899058159737,2.3437065972222224,8.865679151158206,0.37725694444444446,2.1327473958333334,8.839559010842152,0.41043836805555556,1.7807074652777777,8.522786705640383,0.2513671875,0,0,0
float32-sized,fx-cc-shiny-stack,2.1,False,False,0.753311901041684,0.9184678819444444,4.493024714872424,0.7142578125,0.8938585069444445,4.785088008610845,0.7641710069444444,0.8573567708333333,5.049544980064858,0.7607421875,0,0,0
float32-sized,fx-ct-glass-breaking,0.3,False,False,0.8511943836805642,1.2140625,3.3825685729480326,0.9670138888888888,1.1146701388888889,3.2432272782973843,0.81796875,1.3628472222222223,3.6123106150594038,0.8392795138888889,0,0,0
float32-sized,fx-ct-glass-breaking,0.9,False,False,0.2935508376736138,0.8640190972222223,3.3460518164741138,0.34210069444444446,0.7893663194444445,3.1799861211858054,0.2837673611111111,0.9800998263888889,3.639353600246843,0.2475043402777778,0,0,0
float32-sized,fx-ct-glass-breaking,1.5,False,False,0.4027110546874937,0.9195529513888889,3.948632740332621,0.3449435763888889,0.8699435763888889,3.851578495456061,0.4127387152777778,1.0153645833333333,4.392208573866455,0.47348090277777777,0,0,0
float32-sized,fx-ct-glass-breaking,2.1,False,False,0.33068690538193835,0.39535590277777777,3.3908143706839775,0.2642795138888889,0.38947482638888886,3.3137895400138695,0.33478732638888886,0.5193793402777778,3.789610384729206,0.48561197916666665,0,0,0
float32-sized,fx-ct-negative-panels,0.3,True,True,0.008702951388897873,0.09010416666666667,0.07125105795596653,0.04613715277777778,0.02599826388888889,0.014876161771079989,0.0028211805555555555,0.05286458333333333,0.047071788716263115,0.012630208333333334,0,0,0
float32-sized,fx-ct-negative-panels,0.9,True,True,0.02565287760413071,0.11382378472222222,0.09561835292968159,0.08240017361111111,0.03357204861111111,0.01589407581573593,0.0060546875,0.08845486111111112,0.0672463611092776,0.05269097222222222,0,0,0
float32-sized,fx-ct-negative-panels,1.5,True,True,0.009210802951372443,0.082421875,0.06651535411172732,0.04761284722222222,0.030403645833333333,0.016314844988781677,0.002105034722222222,0.0505859375,0.04810391975878747,0.00822482638888889,0,0,0
float32-sized,fx-ct-negative-panels,2.1,False,False,31.630203784722227,25.220182291666667,40.3520787304641,25.072265625,31.79535590277778,43.803110278769815,31.79535590277778,49.30473090277778,58.94672898929268,49.30473090277778,0,0,0
float32-sized,fx-ct-fireplace,0.3,True,True,0.04446974826387873,0.10789930555555556,0.3904782824165405,0.09014756944444445,0.0865234375,0.23547526946432684,0.03595920138888889,0.041493055555555554,0.08192705891969908,0.005729166666666666,0,0,0
float32-sized,fx-ct-fireplace,0.9,True,True,0.10583871527776978,0.18046875,0.5076721186792269,0.15316840277777777,0.13550347222222223,0.3213441928867396,0.1013454861111111,0.06579861111111111,0.10094575929895541,0.010980902777777777,0,0,0
float32-sized,fx-ct-fireplace,1.5,True,True,0.0931894184027584,0.20462239583333333,0.45034213851488963,0.17237413194444445,0.12248263888888888,0.26779519606188423,0.07786458333333333,0.07467447916666667,0.09077998266853157,0.011827256944444444,0,0,0
float32-sized,fx-ct-fireplace,2.1,True,True,0.07119095920138818,0.2221137152777778,0.48027616933167294,0.14867621527777777,0.14661458333333333,0.28262626699869814,0.056553819444444445,0.062239583333333334,0.10109151731693403,0.011979166666666667,0,0,0
float32-sized,fx-ct-vignette-noir,0.3,True,True,0.015641145833342307,0.10266927083333334,0.1980307238237036,0.019986979166666665,0.10388454861111111,0.17864085208906808,0.013910590277777777,0.10266927083333334,0.1980307238237036,0.019986979166666665,0,0,0
float32-sized,fx-ct-vignette-noir,0.9,True,True,0.02363618055554184,0.09370659722222222,0.18454617778639332,0.0008246527777777778,0.11749131944444445,0.15501556883948084,0.03337673611111111,0.09370659722222222,0.18454617778639332,0.0008246527777777778,0,0,0
float32-sized,fx-ct-vignette-noir,1.5,True,True,0.031456215277771093,0.099609375,0.19430497165434635,0.04717881944444444,0.11187065972222222,0.14717016785197914,0.0251953125,0.099609375,0.19430497165434635,0.04717881944444444,0,0,0
float32-sized,fx-ct-vignette-noir,2.1,True,True,0.0026672222222288156,0.10985243055555556,0.17339983603085019,0.01154513888888889,0.11041666666666666,0.13990837060152614,0.0008680555555555555,0.10985243055555556,0.17339983603085019,0.01154513888888889,0,0,0
float32-sized,fx-ct-lightning-crack,0.3,False,False,0.28490886718749664,1.6113498263888888,11.686802145210022,0.29073350694444444,1.8718532986111112,12.362344744860318,0.2816189236111111,2.0452256944444445,13.06422756175662,0.3003472222222222,0,0,0
float32-sized,fx-ct-lightning-crack,0.9,True,True,0.032005347222238356,0.057356770833333334,0.05037079185092357,0.04181857638888889,0.049370659722222224,0.03510042756457246,0.029622395833333332,0.03413628472222222,0.03321688059295786,0.02671440972222222,0,0,0
float32-sized,fx-ct-lightning-crack,1.5,False,False,3.901099197048623,4.179926215277778,8.33284475795715,3.7594401041666665,4.457118055555555,8.808136527387688,3.921267361111111,4.6625,9.328480448014139,4.118446180555556,0,0,0
float32-sized,fx-ct-lightning-crack,2.1,True,True,0.0721476215277761,0.07198350694444444,0.06817976989704161,0.06733940972222222,0.07836371527777777,0.08000408996562167,0.07454427083333333,0.06256510416666666,0.06497386843407406,0.06256510416666666,0,0,0
float32-sized,fx-vignette,0.3,True,True,0.1236025607638993,0.22588975694444444,0.3977887320628347,0.1342230902777778,0.196484375,0.38915146200308454,0.12000868055555555,0.21608072916666668,0.4073937826648104,0.1279296875,0,0,0
float32-sized,fx-vignette,0.9,True,True,0.15843774739585115,0.19388020833333333,0.4407151088489263,0.14809027777777778,0.20444878472222222,0.4429425546269836,0.1635199652777778,0.1771484375,0.43007545486979104,0.13856336805555555,0,0,0
float32-sized,fx-vignette,1.5,True,True,0.16590170138888993,0.18645833333333334,0.41187407705992685,0.1501736111111111,0.21098090277777778,0.41182363928877685,0.1736545138888889,0.17087673611111112,0.4291261739015135,0.13541666666666666,0,0,0
float32-sized,fx-vignette,2.1,True,True,0.05251159288194174,0.1392144097222222,0.39988019187882057,0.04993489583333333,0.11779513888888889,0.39658601065560667,0.05373263888888889,0.12178819444444444,0.39318196497193725,0.048003472222222225,0,0,0
float32-sized,fx-ct-offset-slice,0.3,True,True,0.0131750347222237,0.026236979166666667,0.027084371648451257,0.01838107638888889,0.02478298611111111,0.02038253320117036,0.01115451388888889,0.024197048611111112,0.02257875549900151,0.017860243055555555,0,0,0
float32-sized,fx-ct-offset-slice,0.9,False,False,0.6446415407986024,1.007986111111111,2.547276204972074,0.9354166666666667,0.8059244791666667,2.147109615678094,0.5837022569444444,0.6259331597222222,1.9327865572099783,0.39207899305555555,0,0,0
float32-sized,fx-ct-offset-slice,1.5,True,True,0.00856605902779961,0.03532986111111111,0.051386981757115466,0.014800347222222222,0.026302083333333334,0.03622752571955941,0.00625,0.02912326388888889,0.04443529335779934,0.013151041666666667,0,0,0
float32-sized,fx-ct-offset-slice,2.1,True,True,0.0025637630208450446,0.025434027777777778,0.02464522227732919,0.007725694444444445,0.018967013888888887,0.011862224675986023,0.0006944444444444445,0.025151909722222223,0.018922679630334917,0.005881076388888889,0,0,0
float32-sized,fx-cc-feverish,0.3,True,True,0.030684457465298465,0.03674045138888889,0.03632611610425008,0.032877604166666664,0.04858940972222222,0.03738653066258165,0.03166232638888889,0.028081597222222223,0.03032680394409522,0.014539930555555556,0,0,0
float32-sized,fx-cc-feverish,0.9,False,False,15.586694969618051,6.622677951388889,6.625328036816107,6.622677951388889,18.372135416666666,18.357879937354006,18.372135416666666,14.50603298611111,14.401466546617728,14.390060763888888,0,0,0
float32-sized,fx-cc-feverish,1.5,True,True,0.03211050781249014,0.04641927083333333,0.04407651780085337,0.04273003472222222,0.04578993055555555,0.03693925230391551,0.03090277777777778,0.030685763888888887,0.02828933318499988,0.012803819444444444,0,0,0
float32-sized,fx-cc-feverish,2.1,True,True,0.02995513888889434,0.03166232638888889,0.03320919586265009,0.026627604166666666,0.048741319444444445,0.03903722705692688,0.03268229166666667,0.029752604166666665,0.027497430722980463,0.012738715277777778,0,0,0
float32-sized,fx-ct-tension-zoom,0.3,True,True,0.048677986111115956,0.05377604166666667,0.05907117712505506,0.048046875,0.05796440972222222,0.056045153751520485,0.050629340277777775,0.03828125,0.04167439873067801,0.031206597222222222,0,0,0
float32-sized,fx-ct-tension-zoom,0.9,True,True,0.03921588541665244,0.04555121527777778,0.05006147990715081,0.038346354166666666,0.046332465277777776,0.047254148813773836,0.0404296875,0.03474392361111111,0.040949421854037604,0.029752604166666665,0,0,0
float32-sized,fx-ct-tension-zoom,1.5,True,True,0.03642245659723642,0.04108072916666667,0.046934394123364725,0.03665364583333333,0.04181857638888889,0.04216754269695546,0.03608940972222222,0.041905381944444445,0.047887439256944137,0.03904079861111111,0,0,0
float32-sized,fx-ct-tension-zoom,2.1,True,True,0.051186614583315304,0.05757378472222222,0.057540508790677916,0.05080295138888889,0.056380208333333334,0.055858474135803346,0.05290798611111111,0.03752170138888889,0.040766677908654805,0.03526475694444445,0,0,0
float32-sized,fx-ct-cut-shift,0.3,False,False,1.1049641579861031,0.7801649305555556,4.535307880097914,0.7797743055555556,1.1265407986111111,4.915180230894764,1.1233289930555554,1.8848958333333334,5.477834735936964,1.8805989583333333,0,0,0
float32-sized,fx-ct-cut-shift,0.9,True,True,0.002695967881948036,0.05041232638888889,0.02912600130188869,6.510416666666667e-05,0.057183159722222224,0.02579635537363791,0.0028862847222222224,0.05381944444444445,0.02760802186067874,0.008940972222222222,0,0,0
float32-sized,fx-ct-cut-shift,1.5,False,False,0.43123024739583116,0.8420355902777777,3.529710348888702,0.5216796875,0.9087022569444444,3.6621356011649726,0.44524739583333334,1.0732638888888888,4.018152408848807,0.026041666666666668,0,0,0
float32-sized,fx-ct-cut-shift,2.1,True,True,0.03985736111110327,0.06994357638888889,0.07559006327853916,0.02866753472222222,0.07367621527777778,0.06905406789284847,0.04303385416666667,0.0830078125,0.08235503621964627,0.041341145833333336,0,0,0
float32-sized,fx-cc-move-cloud,0.3,True,True,0.06959469618053049,0.08309461805555556,0.08318115258991798,0.08309461805555556,0.06512586805555555,0.0656844198544266,0.06512586805555555,0.07411024305555555,0.07303516544984974,0.07411024305555555,0,0,0
float32-sized,fx-cc-move-cloud,0.9,True,True,0.0039233854166411675,0.04262152777777778,0.02783565948754295,0.019618055555555555,0.036219618055555555,0.016149218137212658,2.170138888888889e-05,0.021354166666666667,0.016663803632069953,0.0032118055555555554,0,0,0
float32-sized,fx-cc-move-cloud,1.5,True,True,0.005862087673619953,0.043402777777777776,0.025172601166831045,0.015234375,0.03624131944444445,0.01644025834254229,0.0038628472222222224,0.022547743055555555,0.01765273179389083,0.0019314236111111112,0,0,0
float32-sized,fx-cc-move-cloud,2.1,True,True,0.0671952647569185,0.06892361111111112,0.0683855475020489,0.06853298611111111,0.06710069444444444,0.06586676283129332,0.06640625,0.07146267361111111,0.06919728923062532,0.0710720486111111,0,0,0
float32-sized,fx-ct-chaotic-heat,0.3,False,False,2.1199076692708445,14.555989583333334,21.53235765691055,10.469487847222222,18.2123046875,18.67537563380053,0.1560546875,10.068294270833333,10.496633393883627,0.07901475694444444,0,0,0
float32-sized,fx-ct-chaotic-heat,0.9,True,True,0.4314644574652817,0.8213758680555555,1.1676302692264753,0.5985894097222222,1.0987196180555556,1.7357111068493616,0.4416015625,0.7092881944444445,0.7893775740244746,0.16106770833333334,0,0,0
float32-sized,fx-ct-chaotic-heat,1.5,False,False,5.0364839626736,14.873502604166667,19.218285966574015,14.153363715277777,18.795052083333335,19.512272570763084,2.2765190972222222,8.157291666666667,11.32389121269023,5.530642361111111,0,0,0
float32-sized,fx-ct-chaotic-heat,2.1,False,False,8.452124123263886,8.931792534722222,8.961539910920244,8.931792534722222,8.685568576388889,8.705169858186823,8.685568576388889,4.7272352430555555,4.727793375107753,4.7272352430555555,0,0,0
float32-sized,fx-ct-magical-tome,0.3,True,True,0.025349049479160612,0.03676215277777778,0.036048831603829073,0.031901041666666664,0.034895833333333334,0.02910154413012672,0.02421875,0.020290798611111112,0.027859636401231437,0.017252604166666668,0,0,0
float32-sized,fx-ct-magical-tome,0.9,True,True,0.03107263888887246,0.0423828125,0.043506095318027,0.038346354166666666,0.037434895833333336,0.03407613240368894,0.030577256944444443,0.020290798611111112,0.026593759380389253,0.014561631944444445,0,0,0
float32-sized,fx-ct-magical-tome,1.5,True,True,0.025410794270840142,0.03576388888888889,0.03774085163340919,0.031727430555555554,0.03348524305555556,0.03125538566360033,0.024457465277777778,0.02185329861111111,0.02509038579442053,0.01625434027777778,0,0,0
float32-sized,fx-ct-magical-tome,2.1,True,True,0.024434153645827905,0.036284722222222225,0.03679780400526533,0.030512152777777777,0.032877604166666664,0.029401991765795384,0.0236328125,0.017252604166666668,0.02670034339002796,0.01447482638888889,0,0,0
float32-sized,fx-ct-grim-reaper,0.3,True,True,0.030251354166651367,0.027777777777777776,0.029400602777545443,0.02426215277777778,0.03806423611111111,0.034955208252179584,0.03198784722222222,0.03420138888888889,0.035707011033837534,0.030685763888888887,0,0,0
float32-sized,fx-ct-grim-reaper,0.9,True,True,0.025812777777787232,0.023046875,0.02488767950061955,0.020182291666666668,0.03315972222222222,0.03130958173343181,0.028125,0.029427083333333333,0.029723468844044972,0.019487847222222222,0,0,0
float32-sized,fx-ct-grim-reaper,1.5,True,True,0.02256540798610729,0.023849826388888887,0.0246445135729352,0.018424479166666667,0.028211805555555556,0.02797844574810654,0.02421875,0.026150173611111112,0.02888256008017879,0.01838107638888889,0,0,0
float32-sized,fx-ct-grim-reaper,2.1,True,True,0.025018632812489727,0.021267361111111112,0.025025370093812737,0.02052951388888889,0.028819444444444446,0.030698934442188294,0.026041666666666668,0.02992621527777778,0.03664337730885978,0.028103298611111112,0,0,0
float32-sized,fx-ct-phone-zoom,0.3,True,True,0.03172482638888141,0.03615451388888889,0.03593059706623464,0.03194444444444444,0.03400607638888889,0.03385081516782968,0.03244357638888889,0.026258680555555556,0.027959641878938662,0.023958333333333335,0,0,0
float32-sized,fx-ct-phone-zoom,0.9,True,True,0.038601540798609335,0.0501953125,0.04883045633071865,0.04911024305555556,0.039952256944444445,0.03711959021536895,0.03665364583333333,0.03142361111111111,0.031770250139110306,0.026953125,0,0,0
float32-sized,fx-ct-phone-zoom,1.5,True,True,0.05179859809028642,0.05657552083333333,0.06257917365575213,0.05206163194444444,0.058333333333333334,0.05675327366334539,0.05364583333333333,0.03728298611111111,0.04808885573149869,0.032725694444444446,0,0,0
float32-sized,fx-ct-phone-zoom,2.1,True,True,0.03225488281249511,0.036393229166666666,0.03661232294428932,0.03309461805555555,0.03556857638888889,0.034886240547313645,0.03331163194444445,0.023220486111111112,0.02352653084132191,0.019314236111111112,0,0,0
float32-sized,fx-cc-retro-flicker,0.3,True,True,0.97224924045139,1.1427951388888888,1.20628750776168,1.1427951388888888,0.946484375,1.0215428669631477,0.946484375,0.7252821180555555,0.8267753364197669,0.7252821180555555,0,0,0
float32-sized,fx-cc-retro-flicker,0.9,True,True,0.13833267361111723,0.23951822916666668,0.4425470956953048,0.16182725694444444,0.2552734375,0.4290782179250654,0.13391927083333333,0.20049913194444444,0.4136613382639352,0.11286892361111112,0,0,0
float32-sized,fx-cc-retro-flicker,1.5,True,True,0.07097720920138784,0.1974392361111111,0.3704054296414265,0.09622395833333333,0.16940104166666667,0.347511968356977,0.06354166666666666,0.19203559027777778,0.36229288928609155,0.07029079861111111,0,0,0
float32-sized,fx-cc-retro-flicker,2.1,False,False,4.235277712673607,4.9369140625,4.981264543529902,4.9369140625,4.126388888888889,4.172738394408296,4.126388888888889,3.2478732638888888,3.2862190040207437,3.2478732638888888,0,0,0
float32-sized,fx-cc-handheld,0.3,True,True,0.054250030381950864,0.05763888888888889,0.05986665394136776,0.05625,0.05646701388888889,0.05897467740177576,0.05611979166666667,0.03682725694444444,0.03980280373700457,0.029839409722222224,0,0,0
float32-sized,fx-cc-handheld,0.9,True,True,0.047863094618051605,0.05505642361111111,0.05697994828167131,0.05297309027777778,0.05115017361111111,0.05346381584664584,0.04798177083333333,0.040538194444444446,0.043747490975758516,0.031640625,0,0,0
float32-sized,fx-cc-handheld,1.5,True,True,0.04825867187500421,0.053168402777777776,0.05526779781965718,0.05177951388888889,0.05570746527777778,0.05323198375743438,0.04880642361111111,0.03849826388888889,0.039139522215775255,0.03246527777777778,0,0,0
float32-sized,fx-cc-handheld,2.1,True,True,0.051183168402772594,0.055121527777777776,0.0589433257738809,0.055121527777777776,0.05438368055555556,0.053021602922687865,0.052256944444444446,0.03611111111111111,0.03933981406911512,0.02894965277777778,0,0,0
float32-sized,fx-cc-wiggle-flicker,0.3,False,False,22.865194184027757,23.318033854166668,24.107421897462952,23.318033854166668,22.7951171875,23.716320195165423,22.7951171875,22.22593315972222,23.366153759800202,22.22593315972222,0,0,0
float32-sized,fx-cc-wiggle-flicker,0.9,False,False,14.866536328124994,15.255381944444444,15.962655969631513,15.255381944444444,14.869162326388889,15.689570880490441,14.869162326388889,13.69552951388889,14.69973915280983,13.69552951388889,0,0,0
float32-sized,fx-cc-wiggle-flicker,1.5,True,True,0.03474713541667995,0.11278211805555556,0.5894897519278625,0.04307725694444445,0.0935329861111111,0.4164216420919082,0.03259548611111111,0.1099609375,0.6322977763634995,0.03153211805555556,0,0,0
float32-sized,fx-cc-wiggle-flicker,2.1,False,False,0.9212678862847241,1.6264105902777777,3.456548050653031,0.7222873263888889,1.5904730902777777,3.693104686493349,0.9550564236111111,1.641232638888889,3.9664044673167465,1.172482638888889,0,0,0
float32-sized,fx-cc-hex-split,0.3,True,True,0.09128644097222605,0.1635199652777778,0.6191079682383394,0.0832248263888889,0.13608940972222222,0.5423687677434378,0.0949435763888889,0.11174045138888888,0.4753925592791719,0.07879774305555555,0,0,0
float32-sized,fx-cc-hex-split,0.9,True,True,0.16037684027779164,0.19685329861111112,0.7487358623460463,0.16299913194444443,0.17842881944444444,0.6758639541393934,0.16106770833333334,0.18765190972222223,0.6111099297658089,0.14581163194444444,0,0,0
float32-sized,fx-cc-hex-split,1.5,True,True,0.19119947482637656,0.2296657986111111,0.8741408223329247,0.21126302083333334,0.21532118055555555,0.7690248441421034,0.1896267361111111,0.17960069444444443,0.6644008692722112,0.14769965277777777,0,0,0
float32-sized,fx-cc-hex-split,2.1,True,True,0.33023331163195735,0.3658420138888889,0.789269296955795,0.3592447916666667,0.33177083333333335,0.7094166100529393,0.3267361111111111,0.2868706597222222,0.5921022092595486,0.27944878472222223,0,0,0
float32-sized,fx-cc-heart-ascent,0.3,True,True,0.18247881510416164,0.4935980902777778,0.8120281614341476,0.4925564236111111,0.1695529513888889,0.33996252273718786,0.07940538194444445,0.36015625,0.4687438637025898,0.2904513888888889,0,0,0
float32-sized,fx-cc-heart-ascent,0.9,True,True,0.04409161892361624,0.09984809027777777,1.0643791173941834,0.06430121527777778,0.09203559027777777,0.42187721844046033,0.0392578125,0.06254340277777778,0.6150770677491099,0.03246527777777778,0,0,0
float32-sized,fx-cc-heart-ascent,1.5,True,True,0.11448981770836042,0.1496310763888889,1.1596869929634865,0.12914496527777777,0.13276909722222222,0.4558451411826868,0.11193576388888889,0.12115885416666666,0.704284650603056,0.09663628472222222,0,0,0
float32-sized,fx-cc-heart-ascent,2.1,True,True,0.06535543836804436,0.19327256944444443,1.3377305698641886,0.16106770833333334,0.10492621527777778,0.5617948628651263,0.03322482638888889,0.14989149305555555,0.8070309494552176,0.10180121527777777,0,0,0
float32-sized,fx-cc-butterfly,0.3,True,True,0.012810238715289302,0.04157986111111111,0.03841153070757245,0.017491319444444445,0.043684895833333334,0.02484206158452133,0.011176215277777778,0.04338107638888889,0.031713901101626106,0.01521267361111111,0,0,0
float32-sized,fx-cc-butterfly,0.9,True,True,0.018567999131960278,0.045572916666666664,0.037384806000104645,0.022569444444444444,0.04548611111111111,0.033494267644517114,0.01723090277777778,0.043684895833333334,0.04263324012069931,0.020030381944444446,0,0,0
float32-sized,fx-cc-butterfly,1.5,True,True,0.019154344618073083,0.05455729166666667,0.05128895692646501,0.027387152777777778,0.04392361111111111,0.031210717189156863,0.016189236111111113,0.05049913194444444,0.04802721747305674,0.024283854166666667,0,0,0
float32-sized,fx-cc-butterfly,2.1,True,True,0.012302391493051346,0.045638020833333334,0.05119514624133585,0.024500868055555555,0.041449652777777776,0.02727700692634292,0.008463541666666666,0.04405381944444445,0.04622017339822433,0.014409722222222223,0,0,0
float32-sized,fx-cc-butterfly-dream,0.3,True,True,0.029531809895829042,0.03962673611111111,0.03800169374678756,0.03376736111111111,0.04090711805555555,0.035174574358070865,0.028754340277777776,0.043684895833333334,0.03929804142960028,0.02476128472222222,0,0,0
float32-sized,fx-cc-butterfly-dream,0.9,True,True,0.025288081597224732,0.049327256944444446,0.04864116684419467,0.039952256944444445,0.03739149305555556,0.032096265753905596,0.021766493055555555,0.03617621527777778,0.03360323514457183,0.0169921875,0,0,0
float32-sized,fx-cc-butterfly-dream,1.5,True,True,0.02917679253471306,0.04921875,0.04796957902384146,0.03958333333333333,0.03819444444444445,0.03482098478657929,0.02638888888888889,0.043511284722222224,0.040946659965064976,0.026150173611111112,0,0,0
float32-sized,fx-cc-butterfly-dream,2.1,True,True,0.026690108506940646,0.040928819444444445,0.04004617039308703,0.028038194444444445,0.0396484375,0.038409025654288005,0.02697482638888889,0.0337890625,0.03536230339777284,0.01990017361111111,0,0,0
float32-sized,fx-cc-leak-warm,0.3,True,True,0.05210223524306912,0.0775390625,0.07703047264208697,0.07272135416666667,0.05438368055555556,0.05022022676623187,0.048914930555555555,0.03802083333333333,0.03636452485984687,0.022960069444444446,0,0,0
float32-sized,fx-cc-leak-warm,0.9,True,True,0.05038654079862681,0.07940538194444445,0.07743033171724863,0.07228732638888889,0.0533203125,0.05102253801033217,0.04663628472222222,0.03637152777777778,0.04326173727867827,0.023046875,0,0,0
float32-sized,fx-cc-leak-warm,1.5,True,True,0.05996654513890576,0.09246961805555555,0.08690656003350052,0.08747829861111112,0.05863715277777778,0.055949217418095505,0.05447048611111111,0.0431640625,0.043619562081007326,0.0333984375,0,0,0
float32-sized,fx-cc-leak-warm,2.1,True,True,0.057915494791615174,0.08361545138888889,0.08483716558854068,0.08031684027777777,0.057074652777777776,0.054268663091858176,0.054774305555555555,0.03812934027777778,0.03732923598233882,0.02306857638888889,0,0,0
float32-sized,fx-cc-leak-neon,0.3,True,True,0.004273962673607912,0.041731770833333334,0.023164087208986918,0.004969618055555555,0.03478732638888889,0.018909442445973024,0.0042751736111111115,0.029383680555555555,0.021178602767698985,0.0022135416666666666,0,0,0
float32-sized,fx-cc-leak-neon,0.9,True,True,0.023551766493042692,0.04446614583333333,0.04124596287734158,0.0298828125,0.04533420138888889,0.032424018042531824,0.02150607638888889,0.041840277777777775,0.03822189174946082,0.025173611111111112,0,0,0
float32-sized,fx-cc-leak-neon,1.5,True,True,0.036705659722215955,0.047309027777777776,0.049319342440972705,0.04027777777777778,0.04806857638888889,0.04208368824142009,0.03608940972222222,0.03888888888888889,0.036231024885883915,0.03229166666666667,0,0,0
float32-sized,fx-cc-leak-neon,2.1,True,True,0.018744674479165724,0.04435763888888889,0.04173267036067533,0.019791666666666666,0.04201388888888889,0.03416644409772633,0.018229166666666668,0.03630642361111111,0.03759150288993272,0.020768229166666666,0,0,0
float32-sized,fx-cc-falling-petals,0.3,True,True,0.01237159288194789,0.05193142361111111,0.042178483724972377,0.01130642361111111,0.04513888888888889,0.026994343850591164,0.0125,0.042881944444444445,0.03150806258591014,0.01423611111111111,0,0,0
float32-sized,fx-cc-falling-petals,0.9,True,True,9.003906251336957e-05,0.048502604166666664,0.028041941242088718,0.0060546875,0.04286024305555555,0.030372442375124455,0.0011501736111111111,0.03849826388888889,0.028388303554522813,0.007682291666666666,0,0,0
float32-sized,fx-cc-falling-petals,1.5,True,True,0.009928897569452033,0.05698784722222222,0.03884583607246704,0.008680555555555556,0.0515625,0.022366527721258998,0.009895833333333333,0.04396701388888889,0.031618560452184856,0.013932291666666667,0,0,0
float32-sized,fx-cc-falling-petals,2.1,True,True,0.0037819661458229348,0.061089409722222224,0.04402115562081788,0.0008897569444444444,0.04685329861111111,0.02161183626273923,0.0034505208333333332,0.04292534722222222,0.03016731585614936,0.015581597222222222,0,0,0
float32-sized,fx-cc-smoky-focus,0.3,True,True,0.018804882812489154,0.03888888888888889,0.03181119101576965,0.014322916666666666,0.03845486111111111,0.03307358145418141,0.019965277777777776,0.03582899305555556,0.03685817866195803,0.0205078125,0,0,0
float32-sized,fx-cc-smoky-focus,0.9,True,True,0.021307026909710203,0.0408203125,0.03305920611690664,0.02111545138888889,0.04396701388888889,0.037971525197075945,0.021744791666666666,0.03515625,0.03395276010591318,0.017534722222222222,0,0,0
float32-sized,fx-cc-smoky-focus,1.5,True,True,0.02174670138889212,0.03634982638888889,0.029754685188320282,0.01482204861111111,0.04294704861111111,0.03757972159033982,0.024153645833333334,0.02866753472222222,0.033385226478008595,0.018294270833333334,0,0,0
float32-sized,fx-cc-smoky-focus,2.1,True,True,0.02164416232641031,0.039322916666666666,0.035969578619927486,0.025607638888888888,0.04309895833333333,0.03541116724466383,0.02113715277777778,0.028233506944444445,0.03381576048799057,0.014995659722222223,0,0,0
float32-sized,fx-cc-vintage-film,0.3,False,False,4.7250828168402705,5.404904513888889,5.383552926926587,5.403862847222222,4.650824652777778,4.621996697179586,4.650130208333334,3.4688151041666666,3.454059156818846,3.4688151041666666,0,0,0
float32-sized,fx-cc-vintage-film,0.9,False,False,6.008501710069453,6.899392361111111,6.889780285981451,6.898350694444445,5.909006076388889,5.892819257061205,5.907964409722222,4.384157986111111,4.371289322503448,4.384157986111111,0,0,0
float32-sized,fx-cc-vintage-film,1.5,False,False,5.511033081597219,6.344965277777778,6.356833309720509,6.3203125,5.444401041666667,5.463047161197487,5.419401041666666,4.060373263888889,4.087995271114537,4.035720486111111,0,0,0
float32-sized,fx-cc-vintage-film,2.1,True,True,0.05799651909723025,0.15481770833333333,0.3091952078274828,0.06384548611111111,0.12845052083333333,0.27890101583664645,0.0576171875,0.10164930555555556,0.28718725753947716,0.04453125,0,0,0
float32-sized,fx-cc-stellar,0.3,True,True,0.020559804687508176,0.07673611111111112,0.055818013021984136,0.042708333333333334,0.048828125,0.02533244227013487,0.01662326388888889,0.040473090277777776,0.02531289220046121,0.0056640625,0,0,0
float32-sized,fx-cc-stellar,0.9,True,True,0.02640307725694413,0.07235243055555556,0.05731919280812337,0.04327256944444444,0.056640625,0.030357694077291827,0.024739583333333332,0.037608506944444446,0.030237018055194697,0.006792534722222222,0,0,0
float32-sized,fx-cc-stellar,1.5,True,True,0.02433698350694158,0.06903211805555555,0.061535803367003664,0.041341145833333336,0.06076388888888889,0.02934091219209981,0.021875,0.04140625,0.030686713629578092,0.001345486111111111,0,0,0
float32-sized,fx-cc-stellar,2.1,True,True,0.024921206597241508,0.08075086805555555,0.06352708111739769,0.0525390625,0.0568359375,0.027080352105823147,0.019466145833333334,0.04372829861111111,0.028679377618905752,0.0023654513888888887,0,0,0
float32-sized,fx-cc-ink-spill,0.3,True,True,0.0021902430555513774,0.048567708333333334,0.023332068677265127,0.01154513888888889,0.03576388888888889,0.015072428944143321,0.0016927083333333334,0.043359375,0.024096693427513437,0.01310763888888889,0,0,0
float32-sized,fx-cc-ink-spill,0.9,True,True,0.004903936631944106,0.008680555555555556,0.009298088294130907,0.006510416666666667,0.007790798611111111,0.00809826798808054,0.0042751736111111115,0.008138020833333334,0.00886522555581243,0.006401909722222222,0,0,0
float32-sized,fx-cc-ink-spill,1.5,True,True,0.02216957465277858,0.0166015625,0.01949082228730466,0.0162109375,0.0248046875,0.02488523659313936,0.024283854166666667,0.019466145833333334,0.021172079842560847,0.018771701388888888,0,0,0
float32-sized,fx-cc-ink-spill,2.1,True,True,0.04313611111109594,0.06141493055555555,0.05550519926488619,0.04765625,0.05546875,0.04471988328280966,0.04140625,0.06072048611111111,0.055263003274683024,0.046961805555555555,0,0,0
float32-sized,fx-cc-exploding-love,0.3,False,False,0.23001701822917653,1.261545138888889,6.289120251723315,1.2473090277777779,1.3180989583333333,2.9073667466626967,0.7037326388888889,1.292599826388889,2.771389409447494,0.11239149305555556,0,0,0
float32-sized,fx-cc-exploding-love,0.9,False,False,0.08277552517363063,1.0291666666666666,2.1661884921621346,0.8868923611111111,0.569140625,1.1751917607913969,0.15316840277777777,0.7460720486111111,1.1131085696624115,0.052191840277777776,0,0,0
float32-sized,fx-cc-exploding-love,1.5,True,True,0.008751037326376832,0.06065538194444445,0.09676843103785697,0.021245659722222223,0.04806857638888889,0.0639723759348793,0.0040581597222222225,0.04826388888888889,0.06637803273491133,0.018446180555555556,0,0,0
float32-sized,fx-cc-exploding-love,2.1,False,False,0.36758159722224093,1.3289930555555556,4.766190153677033,1.0977430555555556,0.8358289930555556,2.6836921616426777,0.8073567708333333,1.420095486111111,2.571887400090905,0.3260416666666667,0,0,0
float32-sized,fx-cc-damaged-vignette,0.3,True,True,0.03171201388887823,0.03240017361111111,0.023144168396221045,0.0004991319444444444,0.06065538194444445,0.04796501307488005,0.0451171875,0.02328559027777778,0.019916915980440264,0.0062282986111111115,0,0,0
float32-sized,fx-cc-damaged-vignette,0.9,True,True,0.026415264756948886,0.033116319444444445,0.024707253187393252,0.008637152777777778,0.05520833333333333,0.043372342906376364,0.03502604166666667,0.020030381944444446,0.020215075078400837,0.006532118055555556,0,0,0
float32-sized,fx-cc-damaged-vignette,1.5,True,True,0.02635940104165968,0.032421875,0.02567692794504299,0.0006510416666666666,0.057465277777777775,0.04405206224898848,0.037109375,0.02265625,0.020332482187639965,0.004427083333333333,0,0,0
float32-sized,fx-cc-damaged-vignette,2.1,True,True,0.02354106336805728,0.029752604166666665,0.02170436537945839,0.0028862847222222224,0.04813368055555556,0.037528397202659096,0.03250868055555556,0.017144097222222224,0.01858044856811787,0.004470486111111111,0,0,0
float32-sized,fx-cc-firefly,0.3,True,True,0.0871538715277893,0.2996961805555556,1.7420894687281276,0.12508680555555557,0.2580512152777778,1.539787743568984,0.08357204861111112,0.11371527777777778,0.7721697633162088,0.0109375,0,0,0
float32-sized,fx-cc-firefly,0.9,False,False,0.33084243923610757,0.5458550347222222,5.2134160149522355,0.4010199652777778,0.5813802083333334,4.526889247067,0.33125,0.4264105902777778,2.243437586598248,0.12016059027777778,0,0,0
float32-sized,fx-cc-firefly,1.5,False,False,0.36397722656248277,0.5216362847222222,4.849580851856981,0.41555989583333336,0.5328776041666666,4.269546067862331,0.3728081597222222,0.3351996527777778,2.150808216782489,0.124609375,0,0,0
float32-sized,fx-cc-firefly,2.1,False,False,0.6045476605902991,0.7896267361111111,3.7952314005048335,0.720703125,0.6784071180555555,3.400523186387996,0.5973307291666666,0.3371310763888889,1.7212181999720775,0.3340060763888889,0,0,0
float32-sized,fx-cc-misty-tint,0.3,True,True,0.04533897569444889,0.054210069444444446,0.054141548152086945,0.04921875,0.04978298611111111,0.04738332257292404,0.045572916666666664,0.04635416666666667,0.043971232924485126,0.03159722222222222,0,0,0
float32-sized,fx-cc-misty-tint,0.9,True,True,0.04406198350694979,0.04819878472222222,0.04711274523902717,0.04073350694444444,0.05301649305555556,0.04718396981757132,0.04641927083333333,0.04236111111111111,0.039280421236955104,0.030512152777777777,0,0,0
float32-sized,fx-cc-misty-tint,1.5,True,True,0.04902659288192979,0.050303819444444446,0.05102584493651385,0.04631076388888889,0.05635850694444444,0.05240922595138497,0.05084635416666667,0.04950086805555556,0.04364538000508786,0.03899739583333333,0,0,0
float32-sized,fx-cc-misty-tint,2.1,True,True,0.050265047743039304,0.05329861111111111,0.0501058117759472,0.04631076388888889,0.058203125,0.05196219269488385,0.053515625,0.04537760416666667,0.038303395149459685,0.029709201388888887,0,0,0
float32-sized,fx-cc-sepia-cool,0.3,True,True,0.027775655381944375,0.10416666666666667,0.18246001937616216,0.01870659722222222,0.11126302083333334,0.16380495113224708,0.029969618055555557,0.09715711805555556,0.18206552101058238,0.03274739583333333,0,0,0
float32-sized,fx-cc-sepia-cool,0.9,True,True,0.04236361545137868,0.07808159722222222,0.17218498018635026,0.028038194444444445,0.09171006944444444,0.150858401461056,0.046961805555555555,0.09233940972222222,0.17070100761450382,0.03899739583333333,0,0,0
float32-sized,fx-cc-sepia-cool,1.5,True,True,0.013404852430539904,0.10590277777777778,0.17385531020368789,0.024088541666666668,0.08177083333333333,0.1461737936061755,0.011328125,0.07330729166666666,0.1649345816599699,0.0025173611111111113,0,0,0
float32-sized,fx-cc-sepia-cool,2.1,True,True,0.016878398437498277,0.10088975694444445,0.1760090359098978,0.030490451388888888,0.07393663194444444,0.14131036805249214,0.012651909722222222,0.05334201388888889,0.1654844591138125,0.018663194444444444,0,0,0
float32-sized,fx-cc-snow-night,0.3,True,True,0.02913735243056692,0.12356770833333333,0.08083268748882147,0.078125,0.054036458333333336,0.02627964437148555,0.015277777777777777,0.07426215277777778,0.042797526167416236,0.022178819444444445,0,0,0
float32-sized,fx-cc-snow-night,0.9,True,True,0.030332777777772435,0.10690104166666667,0.07399239313278828,0.06888020833333333,0.05724826388888889,0.030764755354835176,0.019574652777777778,0.07048611111111111,0.0412679413369431,0.023394097222222222,0,0,0
float32-sized,fx-cc-snow-night,1.5,True,True,0.02915625434027902,0.11189236111111112,0.07475397046401151,0.07252604166666667,0.05416666666666667,0.024742679871172454,0.01740451388888889,0.07215711805555555,0.03869439632516837,0.017860243055555555,0,0,0
float32-sized,fx-cc-snow-night,2.1,True,True,0.032483185763908295,0.11970486111111112,0.07900646359692448,0.07756076388888888,0.049305555555555554,0.028914060202446596,0.02035590277777778,0.07560763888888888,0.0390256551771125,0.01987847222222222,0,0,0
float32-sized,fx-cc-rain,0.3,True,True,0.03310639756942635,0.06948784722222222,0.04892261119971383,0.028776041666666665,0.057530381944444445,0.0410295230378364,0.03344184027777778,0.07708333333333334,0.059559509854037,0.042534722222222224,0,0,0
float32-sized,fx-cc-rain,0.9,True,True,0.03335975694444926,0.07272135416666667,0.049719906137474394,0.031141493055555556,0.05158420138888889,0.038363609456749916,0.03396267361111111,0.07762586805555556,0.05261329971034146,0.033919270833333334,0,0,0
float32-sized,fx-cc-rain,1.5,True,True,0.030876979166663432,0.07039930555555556,0.04714945601318117,0.03064236111111111,0.05056423611111111,0.037658306979087106,0.031163194444444445,0.07170138888888888,0.04766816866515477,0.028732638888888887,0,0,0
float32-sized,fx-cc-rain,2.1,True,True,0.035500221354183736,0.061371527777777775,0.040767424504012974,0.025607638888888888,0.057139756944444446,0.044793306535352885,0.038346354166666666,0.07250434027777777,0.048503122922563265,0.03643663194444444,0,0,0
float32-sized,fx-cc-rose-bloom,0.3,True,True,0.409996076388893,0.5547743055555555,1.2123822714424246,0.5326822916666667,0.40965711805555555,0.886103229959952,0.3768446180555556,0.3793402777777778,0.629503994283753,0.37712673611111114,0,0,0
float32-sized,fx-cc-rose-bloom,0.9,True,True,0.2002413802083396,0.4066623263888889,0.9387475534937099,0.07289496527777778,0.35987413194444445,0.7986889088420409,0.24203559027777777,0.28305121527777777,0.5395358727958597,0.16121961805555557,0,0,0
float32-sized,fx-cc-rose-bloom,1.5,True,True,0.20585078993055106,0.5611545138888889,1.5014518354065678,0.5580295138888889,0.2215060763888889,0.5245637380167026,0.10319010416666667,0.22209201388888888,0.37038021578529456,0.1857638888888889,0,0,0
float32-sized,fx-cc-rose-bloom,2.1,False,False,0.0513344444444499,0.20670572916666666,2.151166980573,0.07367621527777778,0.2330295138888889,0.6639462660369239,0.08411458333333334,0.2673828125,0.6365775842184036,0.0947265625,0,0,0
float32-sized,fx-cc-sparkle-shine,0.3,True,True,0.001375585937495316,0.048285590277777776,0.026922479894963845,6.510416666666667e-05,0.04318576388888889,0.01770667213033675,0.002126736111111111,0.03832465277777778,0.02146844550953122,0.0018229166666666667,0,0,0
float32-sized,fx-cc-sparkle-shine,0.9,True,True,0.004624001736104333,0.05067274305555555,0.026468204177217885,0.009613715277777778,0.045073784722222225,0.01996434523087192,0.003754340277777778,0.03982204861111111,0.02212823300494672,0.0014539930555555556,0,0,0
float32-sized,fx-cc-sparkle-shine,1.5,True,True,0.0032769140625106274,0.050629340277777775,0.028740310306259502,0.0041015625,0.050130208333333336,0.018703248796738688,0.002560763888888889,0.0375,0.025578541163975885,0.007942708333333333,0,0,0
float32-sized,fx-cc-sparkle-shine,2.1,True,True,0.002456519097208343,0.05653211805555555,0.03114446537991074,0.005533854166666667,0.04236111111111111,0.017221970654705716,0.002777777777777778,0.03878038194444444,0.027415573972223647,0.009787326388888889,0,0,0
float32-sized,fx-cc-pixel-blocks,0.3,True,True,0.01846609809028621,0.04240451388888889,0.06882983222586163,0.03250868055555556,0.050065104166666666,0.05553020739052401,0.014388020833333333,0.042426215277777776,0.05367006316794332,0.017513020833333334,0,0,0
float32-sized,fx-cc-pixel-blocks,0.9,True,True,0.01245851996527847,0.05047743055555556,0.048557193703877795,0.014930555555555556,0.036610243055555554,0.03773791651737585,0.011870659722222222,0.02458767361111111,0.03578851216532841,0.011002604166666667,0,0,0
float32-sized,fx-cc-pixel-blocks,1.5,True,True,0.020647847222235782,0.05271267361111111,0.0731641866895964,0.010785590277777778,0.05796440972222222,0.06607932348427645,0.02406684027777778,0.04186197916666667,0.05806180180765575,0.0158203125,0,0,0
float32-sized,fx-cc-pixel-blocks,2.1,True,True,0.02306788628470713,0.055013020833333336,0.06944430882754876,0.037608506944444446,0.03721788194444445,0.04726060438261978,0.020377604166666667,0.032421875,0.0455477417570548,0.0069010416666666664,0,0,0
float32-sized,fx-cc-pixel-mutant,0.3,True,True,0.09260976996526438,0.08498263888888889,0.09464168349796892,0.06588541666666667,0.10407986111111112,0.1037173015617691,0.10247395833333334,0.07428385416666666,0.08266544478271988,0.07358940972222222,0,0,0
float32-sized,fx-cc-pixel-mutant,0.9,False,False,0.03585669704861516,0.5167317708333333,2.3594046358090566,0.01916232638888889,0.4328125,2.4161075536967394,0.04774305555555555,0.45316840277777776,2.456228609931754,0.08012152777777778,0,0,0
float32-sized,fx-cc-pixel-mutant,1.5,True,True,0.06164502170138064,0.08880208333333334,0.11371062099101924,0.06848958333333334,0.08771701388888889,0.10472025910652011,0.05959201388888889,0.08795572916666666,0.13036323557158502,0.06182725694444444,0,0,0
float32-sized,fx-cc-pixel-mutant,2.1,True,True,0.09076755642360013,0.091015625,0.09401977515307382,0.091015625,0.09524739583333333,0.09378930241506755,0.0931640625,0.07081163194444444,0.08096455035681185,0.06629774305555555,0,0,0
float32-sized,fx-cc-pixel-universe,0.3,True,True,0.009884878472220748,0.02345920138888889,0.02736571811566711,0.013953993055555556,0.023328993055555556,0.020162533255558956,0.008658854166666667,0.017990451388888887,0.0220107049514762,0.010047743055555556,0,0,0
float32-sized,fx-cc-pixel-universe,0.9,True,True,0.02400880642360903,0.030186631944444445,0.031051566212046976,0.028450520833333333,0.030338541666666666,0.029221408915483534,0.02426215277777778,0.020008680555555554,0.024311161706063532,0.008420138888888888,0,0,0
float32-sized,fx-cc-pixel-universe,1.5,True,True,0.01319408854167392,0.03734809027777778,0.038527092245528846,0.031141493055555556,0.0203125,0.021026579279991967,0.008680555555555556,0.0169921875,0.018578506549100694,0.005056423611111111,0,0,0
float32-sized,fx-cc-pixel-universe,2.1,True,True,0.020395247395825322,0.042491319444444446,0.04168695043036265,0.02717013888888889,0.03159722222222222,0.02716502663669935,0.020008680555555554,0.019986979166666665,0.02367987246531788,0.0042751736111111115,0,0,0
float32-sized,fx-pb-pixel-scan,0.3,True,True,0.010890225694438982,0.0412109375,0.020870017605390433,0.010828993055555555,0.03337673611111111,0.017331121827273525,0.011501736111111112,0.030533854166666666,0.0192970374911958,0.005013020833333334,0,0,0
float32-sized,fx-pb-pixel-scan,0.9,True,True,0.011630316840296473,0.026302083333333334,0.029863916203078458,0.016145833333333335,0.031184895833333334,0.024599531383165424,0.010828993055555555,0.02914496527777778,0.02421481541710834,0.006271701388888889,0,0,0
float32-sized,fx-pb-pixel-scan,1.5,True,True,0.0019220052083426253,0.035243055555555555,0.02758031987929505,0.004166666666666667,0.0365234375,0.025573256757246553,0.001540798611111111,0.021875,0.02163510197910423,0.0009114583333333333,0,0,0
float32-sized,fx-pb-pixel-scan,2.1,True,True,0.009702421874990819,0.037651909722222224,0.021646102091843433,0.0059244791666666664,0.037109375,0.02050751838777587,0.010720486111111111,0.02771267361111111,0.020401797980574676,0.0107421875,0,0,0
float32-sized,fx-pb-flip-phone,0.3,True,True,0.03142257812500304,0.041341145833333336,0.04264762207394397,0.04055989583333333,0.03285590277777778,0.03218179406416803,0.029427083333333333,0.0294921875,0.027740418553186093,0.024283854166666667,0,0,0
float32-sized,fx-pb-flip-phone,0.9,True,True,0.03186955729165675,0.036566840277777776,0.035449564882433414,0.03478732638888889,0.03259548611111111,0.03248727946289239,0.030685763888888887,0.03608940972222222,0.03846388090282346,0.035004340277777775,0,0,0
float32-sized,fx-pb-flip-phone,1.5,True,True,0.03229200086805406,0.04791666666666667,0.04660250472284254,0.04618055555555556,0.03122829861111111,0.030867640541680844,0.028450520833333333,0.03170572916666667,0.03373303128417023,0.02944878472222222,0,0,0
float32-sized,fx-pb-flip-phone,2.1,True,True,0.03302749131943017,0.0458984375,0.046534241139144325,0.0458984375,0.03198784722222222,0.030055282851314688,0.02990451388888889,0.030533854166666666,0.031852572681594825,0.026063368055555557,0,0,0
float32-sized,fx-pb-pixel-breakdown,0.3,True,True,0.0029059722222370965,0.032486979166666666,0.026414684683791493,0.003927951388888889,0.03350694444444444,0.022973035939495408,0.005381944444444444,0.0263671875,0.02084242029830158,0.0014973958333333334,0,0,0
float32-sized,fx-pb-pixel-breakdown,0.9,True,True,0.030878437500007294,0.09075520833333334,0.21421536070723132,0.010503472222222223,0.0775390625,0.22324635507024268,0.0349609375,0.06397569444444444,0.2250082460105177,0.05043402777777778,0,0,0
float32-sized,fx-pb-pixel-breakdown,1.5,True,True,0.01704242187499716,0.016297743055555557,0.018929042268616594,0.015603298611111111,0.019748263888888888,0.020953319149186807,0.017795138888888888,0.015559895833333334,0.018658345519983334,0.013823784722222222,0,0,0
float32-sized,fx-pb-pixel-breakdown,2.1,True,True,0.017057612847210635,0.015082465277777778,0.018669760648449055,0.013693576388888889,0.020377604166666667,0.022492247718412746,0.018988715277777776,0.01056857638888889,0.01390055745159042,0.007834201388888889,0,0,0
float32-sized,fx-pb-sweet-party,0.3,False,False,0.19874256944444824,0.7496961805555555,2.92658867124062,0.3708767361111111,0.47703993055555555,1.7954081789075838,0.14891493055555555,0.3932291666666667,1.5719003741004889,0.18546006944444443,0,0,0
float32-sized,fx-pb-sweet-party,0.9,False,False,0.04212417534721169,0.33444010416666664,3.657687312061455,0.10596788194444444,0.23079427083333334,1.969952851336739,0.09164496527777778,0.17493489583333333,2.4998799532662934,0.012348090277777777,0,0,0
float32-sized,fx-pb-sweet-party,1.5,False,False,0.01279759114584067,0.25308159722222223,4.018115928473888,0.04848090277777778,0.2542534722222222,2.333583509326077,0.018663194444444444,0.2748480902777778,2.729745639149578,0.1351345486111111,0,0,0
float32-sized,fx-pb-sweet-party,2.1,False,False,0.40246397569444525,1.0161675347222223,3.733677901786812,0.5488064236111111,0.8083550347222223,2.0350602373839815,0.3468967013888889,0.8412543402777778,2.4013252378184347,0.5219835069444444,0,0,0
float32-sized,fx-pb-misty-tint,0.3,True,True,0.028122087673608576,0.04203559027777778,0.04135498919546788,0.028276909722222222,0.04181857638888889,0.03924056352856802,0.028233506944444445,0.03815104166666667,0.04022281857235541,0.0265625,0,0,0
float32-sized,fx-pb-misty-tint,0.9,True,True,0.02791016493054599,0.03940972222222222,0.036344075088781756,0.025694444444444443,0.045008680555555555,0.038011678395431285,0.028428819444444444,0.03832465277777778,0.04039737932946163,0.029296875,0,0,0
float32-sized,fx-pb-misty-tint,1.5,True,True,0.027596341145837755,0.04186197916666667,0.04160335706056699,0.027278645833333334,0.04561631944444444,0.039981582563969595,0.028255208333333334,0.03845486111111111,0.03617077763572726,0.022005208333333335,0,0,0
float32-sized,fx-pb-misty-tint,2.1,True,True,0.028478650173624942,0.04411892361111111,0.04380879167287684,0.028971354166666668,0.04388020833333333,0.04030632487460368,0.028385416666666666,0.04479166666666667,0.04022705017816969,0.02795138888888889,0,0,0
float32-sized,fx-pb-bead-art,0.3,True,True,0.01903037760419579,0.029405381944444444,0.04894542639688299,0.0138671875,0.028428819444444444,0.058007490362551234,0.019791666666666666,0.03211805555555555,0.06517734343940383,0.026692708333333332,0,0,0
float32-sized,fx-pb-bead-art,0.9,True,True,0.004061111111127502,0.04140625,0.08485712591297542,0.013802083333333333,0.04309895833333333,0.08251675482238241,0.009982638888888888,0.02113715277777778,0.03972281543409532,0.0019965277777777776,0,0,0
float32-sized,fx-pb-bead-art,1.5,True,True,0.009430802951413852,0.030164930555555556,0.07446204313090607,0.021267361111111112,0.04090711805555555,0.05705959798192379,0.0059244791666666664,0.03062065972222222,0.04613642689987062,0.009309895833333333,0,0,0
float32-sized,fx-pb-bead-art,2.1,True,True,0.015550924479185824,0.03828125,0.06147100947884732,0.00047743055555555554,0.04418402777777778,0.060659471056812214,0.022395833333333334,0.05792100694444444,0.07627201159214976,0.005056423611111111,0,0,0
float32-sized,fx-pb-pixel-rain,0.3,True,True,0.03332302951389465,0.06588541666666667,0.054672310208881685,0.04010416666666667,0.05625,0.04475558792680634,0.03224826388888889,0.04778645833333333,0.043031682470683175,0.024001736111111113,0,0,0
float32-sized,fx-pb-pixel-rain,0.9,True,True,0.02912052517359598,0.05486111111111111,0.05617590843303966,0.038671875,0.056315104166666664,0.04115979063902319,0.02736545138888889,0.0498046875,0.04280667595044279,0.01838107638888889,0,0,0
float32-sized,fx-pb-pixel-rain,1.5,True,True,0.03197387586806144,0.06338975694444444,0.05299718133159902,0.03943142361111111,0.057465277777777775,0.04308558323794334,0.030815972222222224,0.05099826388888889,0.04261528157373644,0.021484375,0,0,0
float32-sized,fx-pb-pixel-rain,2.1,True,True,0.05742424913195521,0.07072482638888888,0.06759494158402804,0.056315104166666664,0.07176649305555556,0.06478719544274789,0.05887586805555556,0.0685763888888889,0.06288018102377889,0.04631076388888889,0,0,0
float32-sized,fx-st-polaroid,0.3,True,True,0.03892119357639956,0.04108072916666667,0.04289299532185959,0.040299479166666666,0.041493055555555554,0.03984347268803453,0.04045138888888889,0.023350694444444445,0.027000343290621034,0.01970486111111111,0,0,0
float32-sized,fx-st-polaroid,0.9,True,True,0.049033650173598176,0.0564453125,0.05559137404224754,0.05505642361111111,0.05008680555555556,0.04894754402409541,0.048350694444444446,0.03958333333333333,0.0407812097725227,0.03806423611111111,0,0,0
float32-sized,fx-st-polaroid,1.5,True,True,0.05021813368055916,0.06382378472222222,0.06312097464530679,0.06208767361111111,0.051671006944444445,0.049241949778045524,0.04767795138888889,0.04255642361111111,0.04440997995179264,0.0404296875,0,0,0
float32-sized,fx-st-polaroid,2.1,True,True,0.05116608506942555,0.059092881944444446,0.05894608634804006,0.0583984375,0.05394965277777778,0.0524591476000679,0.05099826388888889,0.0384765625,0.037975731321442954,0.03153211805555556,0,0,0
float32-sized,fx-st-retro-tv,0.3,True,True,0.0023577473958340533,0.016059027777777776,0.023341227859072756,0.004904513888888889,0.0166015625,0.017019031915549862,0.0022352430555555554,0.007921006944444444,0.016733231306057764,0.003927951388888889,0,0,0
float32-sized,fx-st-retro-tv,0.9,True,True,0.01285671006943545,0.01697048611111111,0.020792363497418614,0.013802083333333333,0.022178819444444445,0.020529790282901392,0.013194444444444444,0.010720486111111111,0.018692934890963304,0.006727430555555556,0,0,0
float32-sized,fx-st-retro-tv,1.5,True,True,0.3540355295138866,0.38272569444444443,0.3853021227087846,0.38203125,0.35453559027777776,0.35911995851418527,0.35245225694444443,0.2879774305555556,0.2957789680501266,0.28728298611111114,0,0,0
float32-sized,fx-st-retro-tv,2.1,True,True,0.2747688671874968,0.3009114583333333,0.3058196967019971,0.29973958333333334,0.27532552083333334,0.2800274252252436,0.27254774305555557,0.22358940972222222,0.22808605757435332,0.2232421875,0,0,0
float32-sized,fx-st-billboard,0.3,True,True,0.01858677951388188,0.019401041666666667,0.019584305547314124,0.01870659722222222,0.01968315972222222,0.025171385130225973,0.018815104166666666,0.01918402777777778,0.02018414749642121,0.01597222222222222,0,0,0
float32-sized,fx-st-billboard,0.9,True,True,0.017710290798611084,0.02131076388888889,0.02262351723630339,0.01987847222222222,0.020464409722222222,0.026226866428097226,0.017296006944444445,0.016818576388888888,0.02100219059475372,0.0154296875,0,0,0
float32-sized,fx-st-billboard,1.5,True,True,0.01828363281250489,0.022243923611111112,0.02479965281630979,0.020073784722222224,0.020247395833333334,0.024322718955296294,0.018120659722222224,0.015017361111111112,0.017580926265338574,0.014626736111111111,0,0,0
float32-sized,fx-st-billboard,2.1,True,True,0.01626787326389234,0.020789930555555555,0.025615972958791887,0.020789930555555555,0.018511284722222222,0.02133809908580147,0.01482204861111111,0.02087673611111111,0.021941513829500717,0.017274305555555557,0,0,0
float32-sized,fx-st-film-strip,0.3,True,True,0.031368229166652384,0.0318359375,0.12350117850402395,0.029709201388888887,0.039496527777777776,0.11393037037606277,0.033203125,0.0267578125,0.08783621415733926,0.018077256944444446,0,0,0
float32-sized,fx-st-film-strip,0.9,True,True,0.3839001866319478,0.45553385416666664,0.5737989016709422,0.4534505208333333,0.3795355902777778,0.4809375466843591,0.3769314236111111,0.24952256944444445,0.33409637559959615,0.24813368055555557,0,0,0
float32-sized,fx-st-film-strip,1.5,True,True,1.0490935199652682,1.201171875,1.326629394395093,1.1969184027777777,1.0360026041666666,1.144588080532028,1.0344401041666667,0.7606987847222222,0.8439394963570842,0.7589626736111111,0,0,0
float32-sized,fx-st-film-strip,2.1,True,True,1.0947817534722333,1.2389105902777777,1.280700384623642,1.2389105902777777,1.0805989583333333,1.1114405497326336,1.0805989583333333,0.8126953125,0.8535309412209634,0.8108723958333334,0,0,0
float32-sized,fx-ne-frame,0.3,True,True,0.034329735243048276,0.034895833333333334,0.036523291616804864,0.026475694444444444,0.04635416666666667,0.04172221038149312,0.03715277777777778,0.03452690972222222,0.04389930096940516,0.0294921875,0,0,0
float32-sized,fx-ne-frame,0.9,True,True,1.84578540364582,1.712717013888889,1.6405651496503357,1.712717013888889,1.8811848958333333,1.805303016286466,1.8811848958333333,1.8869574652777779,1.8027302440062998,1.8869574652777779,0,0,0
float32-sized,fx-ne-frame,1.5,True,True,0.028272760416669485,0.036675347222222224,0.0373143571267194,0.027387152777777778,0.04071180555555556,0.03497068386067061,0.02894965277777778,0.03741319444444444,0.034367398577597706,0.024175347222222223,0,0,0
float32-sized,fx-ne-frame,2.1,True,True,0.030470946180557235,0.03463541666666667,0.037420705539602965,0.026258680555555556,0.04244791666666667,0.038977325825925065,0.03216145833333333,0.03888888888888889,0.034950755834442716,0.026128472222222223,0,0,0
float32-sized,fx-ne-ring,0.3,True,True,0.020049991319453397,0.030512152777777777,0.03383247417028964,0.022916666666666665,0.04064670138888889,0.027594576791612833,0.019596354166666666,0.023567708333333333,0.024430312984192213,0.016102430555555554,0,0,0
float32-sized,fx-ne-ring,0.9,False,False,0.9823709939236238,2.2216362847222224,2.2176542007103612,2.2216362847222224,0.5482855902777778,0.549624979126331,0.5482855902777778,1.6338975694444444,1.6324968046299315,1.633203125,0,0,0
float32-sized,fx-ne-ring,1.5,True,True,0.021137426215261712,0.03943142361111111,0.04113385797050722,0.03279079861111111,0.03715277777777778,0.028679626583414747,0.018619791666666666,0.017621527777777778,0.01996658053692883,0.011762152777777778,0,0,0
float32-sized,fx-ne-ring,2.1,True,True,0.017489509548596516,0.03704427083333333,0.03231015659621046,0.0283203125,0.033637152777777776,0.025700569571993688,0.01484375,0.016059027777777776,0.02496630839856375,0.011805555555555555,0,0,0
float32-sized,fx-ne-heart,0.3,True,True,0.022093146701394062,0.029730902777777776,0.03364864285549044,0.024522569444444444,0.041666666666666664,0.032096735005473165,0.022569444444444444,0.024544270833333333,0.024257777164340702,0.010221354166666667,0,0,0
float32-sized,fx-ne-heart,0.9,True,True,0.022792773437501523,0.03634982638888889,0.03348565866741441,0.024934895833333335,0.04450954861111111,0.03283162679520259,0.02358940972222222,0.02426215277777778,0.023016849722493498,0.00859375,0,0,0
float32-sized,fx-ne-heart,1.5,True,True,0.025423823784720412,0.03556857638888889,0.03244693321633255,0.021940104166666665,0.0453125,0.0343111625855031,0.02829861111111111,0.024088541666666668,0.02012561925371698,0.0072048611111111115,0,0,0
float32-sized,fx-ne-heart,2.1,True,True,0.02391919270833398,0.03250868055555556,0.029774561161928177,0.021354166666666667,0.044379340277777776,0.033908679836333167,0.025716145833333332,0.026085069444444445,0.02606606140097709,0.013671875,0,0,0
float32-sized,fx-ne-lightning,0.3,True,True,0.03909472222221666,0.0423828125,0.03796625741238987,0.02211371527777778,0.05568576388888889,0.04928449335587083,0.04613715277777778,0.025108506944444445,0.0331690966348852,0.0193359375,0,0,0
float32-sized,fx-ne-lightning,0.9,True,True,0.036276757812501614,0.04153645833333333,0.036300337856779705,0.028385416666666666,0.04906684027777778,0.04475037863938221,0.04095052083333333,0.021202256944444445,0.02707908027374397,0.013216145833333333,0,0,0
float32-sized,fx-ne-lightning,1.5,True,True,0.03428386718749721,0.040299479166666666,0.03523703737280563,0.019422743055555556,0.0509765625,0.0452178489377102,0.04021267361111111,0.029861111111111113,0.03349405257200047,0.019314236111111112,0,0,0
float32-sized,fx-ne-lightning,2.1,True,True,0.0332554600694408,0.04192708333333333,0.03604631638329697,0.025434027777777778,0.04422743055555556,0.03944042220399097,0.03606770833333333,0.03259548611111111,0.03536753369014527,0.028428819444444444,0,0,0
float32-sized,fx-ne-stars,0.3,False,False,0.30048848090277147,0.8768446180555556,5.057895148537928,0.11499565972222223,0.7559678819444444,2.896654621421153,0.38491753472222223,0.8557508680555556,5.403242630068758,0.0103515625,0,0,0
float32-sized,fx-ne-stars,0.9,False,False,1.2167554166666719,1.128125,5.123996602493325,1.016796875,1.5984157986111112,5.268486280616222,1.3677300347222223,0.8673611111111111,4.363018690434319,0.31002604166666664,0,0,0
float32-sized,fx-ne-stars,1.5,False,False,0.15158593315970847,0.6065755208333333,4.317660826678581,0.4810546875,0.4433376736111111,2.9049709127935337,0.021809895833333332,0.7077256944444444,4.68696098433934,0.46697048611111114,0,0,0
float32-sized,fx-ne-stars,2.1,False,False,0.13127968315970406,0.7360894097222223,5.594880877779755,0.17580295138888888,0.6386067708333333,6.257339991575586,0.1423828125,0.3835503472222222,4.416870026692388,0.10980902777777778,0,0,0
float32-sized,fx-cr-sparkle-burst,0.3,False,False,0.1122087282985973,0.4124348958333333,2.4576156311545616,0.11169704861111111,0.4029296875,2.4378735937027254,0.11456163194444445,0.3562065972222222,2.110668795631807,0.09040798611111112,0,0,0
float32-sized,fx-cr-sparkle-burst,0.9,True,True,0.00778122829862582,0.11215277777777778,0.23716173322785047,0.001953125,0.10431857638888889,0.2301824573256615,0.010091145833333334,0.08838975694444444,0.19866173342125137,0.013563368055555556,0,0,0
float32-sized,fx-cr-sparkle-burst,1.5,False,False,0.2822862499999985,0.4166449652777778,2.10117971442091,0.2740234375,0.4291015625,2.022420625119403,0.2902560763888889,0.36343315972222223,1.7550550646274643,0.22766927083333333,0,0,0
float32-sized,fx-cr-sparkle-burst,2.1,False,False,0.2030499782986226,0.5526475694444445,2.545696042147893,0.23294270833333333,0.46119791666666665,2.5304966973902574,0.19730902777777778,0.4115234375,2.2364090363138898,0.17189670138888888,0,0,0
float32-sized,fx-cr-glitter-rain,0.3,True,True,0.0022443663194451346,0.04837239583333333,0.030496195003485837,0.002756076388888889,0.04097222222222222,0.017173157831564312,0.0024305555555555556,0.040125868055555555,0.019828111478893684,0.0011067708333333333,0,0,0
float32-sized,fx-cr-glitter-rain,0.9,True,True,0.00030512586806707986,0.047591145833333334,0.03199570290320421,0.008094618055555556,0.043359375,0.020452015411271392,0.0014756944444444444,0.03927951388888889,0.020736081067604786,0.004991319444444444,0,0,0
float32-sized,fx-cr-glitter-rain,1.5,True,True,0.003954670138895722,0.05310329861111111,0.03179884887847583,0.004622395833333333,0.05084635416666667,0.018638916097972476,0.0032769097222222223,0.03986545138888889,0.024423568013205475,0.008702256944444445,0,0,0
float32-sized,fx-cr-glitter-rain,2.1,True,True,0.0004720876736143964,0.05737847222222222,0.033354523675911275,0.004296875,0.0458984375,0.020149006644853477,0.0006293402777777778,0.04268663194444444,0.027830858820683015,0.012348090277777777,0,0,0
float32-sized,fx-cr-matrix,0.3,True,True,0.021889019097223184,0.03969184027777778,0.02590930786810586,0.012955729166666667,0.04192708333333333,0.03297144764970176,0.025520833333333333,0.038563368055555554,0.026105964995275326,0.012217881944444444,0,0,0
float32-sized,fx-cr-matrix,0.9,True,True,0.01639122829860895,0.04474826388888889,0.03257735403928105,0.015538194444444445,0.05088975694444445,0.03945610583858065,0.017513020833333334,0.034657118055555554,0.027325769228278268,0.007790798611111111,0,0,0
float32-sized,fx-cr-matrix,1.5,True,True,0.02072482204861359,0.03611111111111111,0.026350552162313034,0.013454861111111112,0.04407552083333333,0.0292761397311507,0.023849826388888887,0.029969618055555557,0.02808159232850532,0.011176215277777778,0,0,0
float32-sized,fx-cr-matrix,2.1,True,True,0.01843157118054961,0.05457899305555555,0.038254189084344935,0.019075520833333335,0.06048177083333333,0.0682468957594448,0.01838107638888889,0.05084635416666667,0.04706412956823348,0.017035590277777776,0,0,0
float32-sized,fx-cr-signal-lost,0.3,True,True,0.020885017361109703,0.16204427083333334,0.4839425897084564,0.03812934027777778,0.13914930555555555,0.4421992692042672,0.016883680555555555,0.1558810763888889,0.4628901022117506,0.009743923611111111,0,0,0
float32-sized,fx-cr-signal-lost,0.9,True,True,0.06893198350695684,0.14086371527777777,0.3026673017763699,0.06755642361111111,0.12404513888888889,0.2790664850932406,0.06688368055555556,0.12348090277777778,0.3068991376479333,0.09327256944444444,0,0,0
float32-sized,fx-cr-signal-lost,1.5,True,True,0.10266171874999941,0.19105902777777778,0.5558987878992521,0.12469618055555555,0.13678385416666666,0.5564601286443454,0.0945095486111111,0.15620659722222222,0.56359368076004,0.11853298611111111,0,0,0
float32-sized,fx-cr-signal-lost,2.1,False,False,14.021440876736108,12.497526041666667,26.42917036775044,12.411762152777778,14.088129340277778,32.546872627995164,13.774761284722222,21.400868055555556,37.531376840034696,21.20486111111111,0,0,0
float32-sized,fx-cr-slice-drift,0.3,True,True,0.027475993923616215,0.046484375,0.0439638974098485,0.03854166666666667,0.03734809027777778,0.031081236870317414,0.023198784722222223,0.04924045138888889,0.043889631761164574,0.037261284722222225,0,0,0
float32-sized,fx-cr-slice-drift,0.9,True,True,0.03437531684028272,0.04956597222222222,0.04449230225994526,0.03706597222222222,0.04331597222222222,0.04088564396283286,0.03389756944444444,0.04568142361111111,0.04376046993829742,0.031184895833333334,0,0,0
float32-sized,fx-cr-slice-drift,1.5,True,True,0.027072816840274072,0.042078993055555555,0.043822377548347766,0.03192274305555556,0.03825954861111111,0.03269911101185215,0.024631076388888888,0.04865451388888889,0.05074186365333181,0.03697916666666667,0,0,0
float32-sized,fx-cr-slice-drift,2.1,True,True,0.013360021701373626,0.043793402777777775,0.038263879879929304,0.025607638888888888,0.031141493055555556,0.023844676884753568,0.00896267361111111,0.040863715277777775,0.036499630936697884,0.02085503472222222,0,0,0
float32-sized,fx-cr-projector,0.3,False,False,2.525450733506929,3.0259114583333333,3.025669152491372,3.0259114583333333,2.449088541666667,2.447196351144267,2.449088541666667,1.8086154513888888,1.805517816428337,1.808224826388889,0,0,0
float32-sized,fx-cr-projector,0.9,False,False,1.7460893142361158,2.140234375,2.135804713479317,2.140234375,1.6803385416666667,1.6714971789474207,1.6803385416666667,1.2368055555555555,1.2298923817593952,1.2368055555555555,0,0,0
float32-sized,fx-cr-projector,1.5,True,True,0.09258131944443448,0.17973090277777778,0.3345291298769406,0.09839409722222223,0.17465277777777777,0.26056069241597013,0.09513888888888888,0.16393229166666667,0.19641466025664428,0.050130208333333336,0,0,0
float32-sized,fx-cr-projector,2.1,True,True,0.5399848828125187,0.6807291666666667,0.7113320737078405,0.6807291666666667,0.5120225694444445,0.5527223854176727,0.5120225694444445,0.4121310763888889,0.435237981463931,0.4025390625,0,0,0
float32-sized,fx-cr-flash-cut,0.3,True,True,0.040524895833343066,0.11493055555555555,0.10785082490303766,0.08515625,0.0505859375,0.0421949111660916,0.030533854166666666,0.03637152777777778,0.03275967822375122,0.008072916666666667,0,0,0
float32-sized,fx-cr-flash-cut,0.9,True,True,0.030561870659724377,0.06647135416666666,0.0835639827877006,0.0310546875,0.06697048611111112,0.0798727289357757,0.030946180555555557,0.06449652777777778,0.08387182047839288,0.025303819444444445,0,0,0
float32-sized,fx-cr-flash-cut,1.5,True,True,0.003692161458346277,0.04301215277777778,0.02724071494146251,0.005815972222222222,0.030577256944444443,0.025041882524538997,0.0029296875,0.03693576388888889,0.035954268059632644,0.004991319444444444,0,0,0
float32-sized,fx-cr-flash-cut,2.1,True,True,0.005936250000004861,0.04055989583333333,0.02649392234094979,0.014865451388888888,0.029383680555555555,0.016955531885516927,0.003081597222222222,0.03404947916666667,0.025848723002771044,0.007921006944444444,0,0,0
float32-sized,fx-cr-aurora,0.3,True,True,0.03381371093749408,0.040538194444444446,0.03934996093268254,0.028125,0.053125,0.04097085045191318,0.03741319444444444,0.03062065972222222,0.03144299545403496,0.014908854166666667,0,0,0
float32-sized,fx-cr-aurora,0.9,True,True,0.03318102864582784,0.038346354166666666,0.04165638000820622,0.027842881944444446,0.05353732638888889,0.04122570526776604,0.036610243055555554,0.0265625,0.031989407938287875,0.014930555555555556,0,0,0
float32-sized,fx-cr-aurora,1.5,True,True,0.030076380208328146,0.04088541666666667,0.04242379762175329,0.02634548611111111,0.04819878472222222,0.036739984977037864,0.03253038194444444,0.028125,0.0327239241524574,0.01675347222222222,0,0,0
float32-sized,fx-cr-aurora,2.1,True,True,0.03864433159721159,0.03958333333333333,0.036366540578725744,0.025347222222222222,0.05340711805555556,0.04915385746974214,0.04503038194444445,0.02634548611111111,0.0330714159950378,0.014539930555555556,0,0,0
float32-sized,fx-cr-twinkle-sky,0.3,True,True,0.0009122829861070159,0.044661458333333334,0.030770014536088814,0.002907986111111111,0.04153645833333333,0.01784934033169818,0.0009982638888888888,0.04522569444444444,0.031048374081401944,0.005815972222222222,0,0,0
float32-sized,fx-cr-twinkle-sky,0.9,True,True,0.0006365407986237415,0.0572265625,0.026960918026194342,0.0074435763888888885,0.04422743055555556,0.022386394856188596,0.0005208333333333333,0.04370659722222222,0.02912062009965696,0.007942708333333333,0,0,0
float32-sized,fx-cr-twinkle-sky,1.5,True,True,0.0013457248263790689,0.05158420138888889,0.03008517935200106,0.009440104166666666,0.038172743055555555,0.02242218926123479,0.0004557291666666667,0.04509548611111111,0.028701552952470965,0.004644097222222222,0,0,0
float32-sized,fx-cr-twinkle-sky,2.1,True,True,0.004523884548589763,0.05206163194444444,0.033687171671502494,0.010785590277777778,0.04040798611111111,0.020640806393342995,0.003732638888888889,0.04223090277777778,0.02829197847688043,0.006076388888888889,0,0,0
float32-sized,fx-cr-tri-split,0.3,False,False,0.6343147916666538,0.5859592013888889,2.529006130467126,0.5176866319444444,0.7498263888888889,2.5259216345862656,0.6473524305555556,0.9657769097222222,2.7930509040178886,0.8485894097222222,0,0,0
float32-sized,fx-cr-tri-split,0.9,True,False,0.5718951996527579,0.5312065972222222,1.8064032208622978,0.4243923611111111,0.6574652777777777,1.7626048432486283,0.5934461805555555,0.8076822916666667,2.012463078492589,0.7927517361111112,0,0,0
float32-sized,fx-cr-tri-split,1.5,False,False,0.3164701171875208,0.3942925347222222,2.4594845761292103,0.09641927083333333,0.44798177083333335,2.3829379888817535,0.33526475694444446,0.7817274305555556,2.6428770397595382,0.7782552083333333,0,0,0
float32-sized,fx-cr-tri-split,2.1,True,True,0.4102304123263565,0.4297092013888889,1.2365488273719631,0.2663845486111111,0.5221788194444444,1.2399807717905584,0.43289930555555556,0.6279947916666667,1.4029414988474211,0.6092447916666667,0,0,0
float32-sized,fx-mt-photo-snap,0.3,True,True,0.0557689583333314,0.04887152777777778,0.05078191181291553,0.048177083333333336,0.05737847222222222,0.05652388540099817,0.056163194444444446,0.07421875,0.07277185780684538,0.07421875,0,0,0
float32-sized,fx-mt-photo-snap,0.9,True,True,0.14015315972223163,0.17764756944444443,0.8498666750360157,0.14965277777777777,0.16829427083333334,0.8458262353969727,0.14064670138888888,0.15868055555555555,0.8473620931535456,0.10729166666666666,0,0,0
float32-sized,fx-mt-photo-snap,1.5,False,False,0.3632182725694406,0.5055989583333333,13.394450152422577,0.3369357638888889,0.5202690972222223,13.495614840459698,0.3765190972222222,0.5038194444444445,13.428006797053364,0.30885416666666665,0,0,0
float32-sized,fx-mt-photo-snap,2.1,True,True,0.05506704427082809,0.04986979166666667,0.05138759231634215,0.04986979166666667,0.056315104166666664,0.0571874660605107,0.056315104166666664,0.06078559027777778,0.06054644153984741,0.0580078125,0,0,0
float32-sized,fx-mt-zoom-shake,0.3,True,True,0.06281976996528726,0.11384548611111112,0.19937538425408508,0.0484375,0.10353732638888889,0.16411033123886698,0.06729600694444444,0.1027560763888889,0.1759339889169852,0.06082899305555556,0,0,0
float32-sized,fx-mt-zoom-shake,0.9,True,True,0.05052209201387825,0.05687934027777778,0.06634601567231828,0.04958767361111111,0.061197916666666664,0.05936467591047571,0.05134548611111111,0.049544270833333334,0.06548247306391979,0.0451171875,0,0,0
float32-sized,fx-mt-zoom-shake,1.5,True,True,0.405236184895827,0.5797092013888889,1.4807933394987827,0.4040581597222222,0.5663845486111111,1.262888083148844,0.4116970486111111,0.3549045138888889,1.2598338010144194,0.3447048611111111,0,0,0
float32-sized,fx-mt-zoom-shake,2.1,True,True,0.07109072916667003,0.23802083333333332,0.8004513669896137,0.11276041666666667,0.24244791666666668,0.7367917542250927,0.06453993055555556,0.20186631944444444,0.7490484662360719,0.01328125,0,0,0
float32-sized,fx-globe,0.3,True,True,0.045240928819438864,0.058680555555555555,0.05964967158706777,0.051041666666666666,0.055924479166666666,0.05486486413356318,0.04325086805555556,0.048567708333333334,0.04763068809596823,0.04787326388888889,0,0,0
float32-sized,fx-globe,0.9,True,True,0.04801144097223187,0.05479600694444445,0.055214174200586975,0.05479600694444445,0.04715711805555556,0.0470611878094523,0.04698350694444445,0.04099392361111111,0.041153854283694696,0.03821614583333333,0,0,0
float32-sized,fx-globe,1.5,True,True,0.04927147135416021,0.04982638888888889,0.050438062356076015,0.049479166666666664,0.051280381944444446,0.05065744453524022,0.05075954861111111,0.0349609375,0.03601947844302182,0.033919270833333334,0,0,0
float32-sized,fx-globe,2.1,True,True,0.029373806423606652,0.04624565972222222,0.04941678667094272,0.023198784722222223,0.04568142361111111,0.04950734198152053,0.03240017361111111,0.04210069444444445,0.041539147089723,0.017578125,0,0,0
float32-sized,fx-hyperspace,0.3,False,True,0.25355818142359965,0.29008246527777776,1.4082652961555102,0.2341796875,0.2740017361111111,1.4532004492639412,0.2542534722222222,0.3187065972222222,1.6514417624829951,0.3037326388888889,0,0,0
float32-sized,fx-hyperspace,0.9,False,True,0.19728944878472277,0.20047743055555556,1.5898769792446816,0.20047743055555556,0.19578993055555555,1.6493579737317172,0.19578993055555555,0.20414496527777778,1.8142329976505702,0.2027560763888889,0,0,0
float32-sized,fx-hyperspace,1.5,False,True,0.5700245269097337,0.5540147569444445,1.660557478449813,0.5540147569444445,0.5701171875,1.7322377704493244,0.5699435763888889,0.6200520833333333,1.929809896487674,0.61796875,0,0,0
float32-sized,fx-hyperspace,2.1,False,False,0.19389398437500205,0.1974392361111111,1.8796662987097459,0.1675347222222222,0.20831163194444444,1.9431866180187831,0.1999782986111111,0.21783854166666666,2.1410635169480994,0.21124131944444444,0,0,0
float32-sized,fx-star-rush,0.3,False,False,0.13463928385415613,0.2503689236111111,1.9770857232740275,0.10553385416666666,0.2829861111111111,2.1950929440277855,0.13528645833333333,0.3314670138888889,2.414339618541756,0.21393229166666666,0,0,0
float32-sized,fx-star-rush,0.9,False,False,0.25220451822917767,0.5242621527777778,2.40493548099252,0.2384982638888889,0.5343967013888888,2.6772756328973872,0.25492621527777776,0.48760850694444446,2.930730888394793,0.2656032986111111,0,0,0
float32-sized,fx-star-rush,1.5,False,False,0.2876272743055637,0.3013237847222222,2.327959996224637,0.26668836805555557,0.31395399305555555,2.5748683823807443,0.29346788194444445,0.30575086805555557,2.7906865093899387,0.2914279513888889,0,0,0
float32-sized,fx-star-rush,2.1,False,False,0.26360888888889633,0.2705295138888889,2.4327210384853255,0.24965277777777778,0.32180989583333336,2.6637537898515946,0.2678168402777778,0.3486111111111111,2.882559155333584,0.2630208333333333,0,0,0
float32-sized,fx-camera-shake,0.3,True,True,0.04724208333333024,0.05998263888888889,0.056535319045712885,0.04691840277777778,0.056640625,0.051260731126957094,0.049088541666666666,0.038802083333333334,0.04170602116408097,0.02990451388888889,0,0,0
float32-sized,fx-camera-shake,0.9,True,True,0.047163815104156015,0.059136284722222224,0.06126512848777582,0.0556640625,0.050868055555555555,0.04982278415202617,0.04600694444444445,0.03763020833333333,0.04115544182566075,0.03359375,0,0,0
float32-sized,fx-camera-shake,1.5,True,True,0.05160512586805055,0.06414930555555555,0.06384596700149776,0.056901041666666666,0.06013454861111111,0.057282008594747115,0.05206163194444444,0.04450954861111111,0.050752062613796896,0.03148871527777778,0,0,0
float32-sized,fx-camera-shake,2.1,True,True,0.04571087239582994,0.06336805555555555,0.06494982987659612,0.05828993055555556,0.047591145833333334,0.048597664782997145,0.04338107638888889,0.04416232638888889,0.0489742128208792,0.031749131944444446,0,0,0
float32-sized,fx-film-grain,0.3,True,True,0.28752654947915346,0.3353515625,0.6831195823792906,0.31243489583333334,0.30690104166666665,0.6713503070935845,0.279296875,0.3155381944444444,0.6965889977524878,0.295703125,0,0,0
float32-sized,fx-film-grain,0.9,True,True,0.032956523437491114,0.19479166666666667,0.5509878687649183,0.03146701388888889,0.18079427083333333,0.5497787439382099,0.03200954861111111,0.21156684027777778,0.5704694645885677,0.046723090277777775,0,0,0
float32-sized,fx-film-grain,1.5,True,True,0.17237641059028874,0.20219184027777778,0.6157628918606128,0.17311197916666668,0.25149739583333336,0.6031648714262933,0.1773654513888889,0.271484375,0.6092345400298329,0.12078993055555555,0,0,0
float32-sized,fx-film-grain,2.1,True,True,0.020455121527774622,0.21284722222222222,0.649437661130615,0.008029513888888888,0.1931423611111111,0.6672771483291647,0.02131076388888889,0.15633680555555557,0.6689637705359999,0.048567708333333334,0,0,0
float32-sized,fx-glitch-in,0.3,True,True,0.006924401041672468,0.011935763888888888,0.014962711418683059,0.009505208333333333,0.011697048611111111,0.009698344113719917,0.005620659722222222,0.016102430555555554,0.01692421826646143,0.012239583333333333,0,0,0
float32-sized,fx-glitch-in,0.9,True,True,0.03178593315973899,0.06052517361111111,0.05316603391636394,0.04919704861111111,0.035069444444444445,0.034216429455566924,0.025520833333333333,0.04982638888888889,0.04658372459005355,0.042578125,0,0,0
float32-sized,fx-glitch-in,1.5,True,True,0.028302105034754277,0.0935546875,0.09339879789463161,0.08830295138888888,0.025347222222222222,0.01554001681379789,0.007465277777777778,0.06180555555555556,0.05958008017207907,0.05802951388888889,0,0,0
float32-sized,fx-glitch-in,2.1,True,True,0.002180559895833767,0.027734375,0.02350759001124396,0.006206597222222222,0.019965277777777776,0.012374166208878018,0.0012586805555555556,0.020811631944444443,0.013285026813780316,0.0005425347222222222,0,0,0
float32-sized,fx-film-burn,0.3,True,True,0.006197434895838683,0.04494357638888889,0.025306715415751763,2.170138888888889e-05,0.04201388888888889,0.018975662800932165,0.006814236111111111,0.03585069444444444,0.02806115369482691,0.018272569444444445,0,0,0
float32-sized,fx-film-burn,0.9,True,True,0.018754982638853335,0.025716145833333332,0.02033012853435396,0.003146701388888889,0.0494140625,0.03887329328409306,0.024891493055555554,0.024674479166666666,0.027296589372153603,0.003927951388888889,0,0,0
float32-sized,fx-film-burn,1.5,True,True,0.019057174479172545,0,0,0,0.02556423611111111,0.024621190514055445,0.025390625,0.0177734375,0.015563780614438145,0.012434895833333333,0,0,0
float32-sized,fx-film-burn,2.1,True,True,9.968750001121407e-05,0,0,0,8.680555555555556e-05,5.308251131010288e-05,8.680555555555556e-05,0.0005208333333333333,0.00034529816823679864,0.0005208333333333333,0,0,0
float32-sized,fx-torn-reveal,0.3,True,True,0.001165060763888448,0.026844618055555554,0.011109584992586675,0.0024522569444444444,0.021723090277777777,0.009238920003946653,0.001540798611111111,0.016037326388888887,0.012027742883846702,0.008094618055555556,0,0,0
float32-sized,fx-torn-reveal,0.9,True,True,0.006595264756953156,0.04142795138888889,0.02389588635328041,0.0044921875,0.036458333333333336,0.018620068490626963,0.006510416666666667,0.03697916666666667,0.02431953769547903,0.013628472222222222,0,0,0
float32-sized,fx-torn-reveal,1.5,True,True,0.006444869791664587,0.04236111111111111,0.02594616715967815,0.010069444444444445,0.04537760416666667,0.018199179467821597,0.004839409722222222,0.03550347222222222,0.027794684452436942,0.011675347222222222,0,0,0
float32-sized,fx-torn-reveal,2.1,True,True,0.005828741319447772,0.04809027777777778,0.02726482906253209,0.005555555555555556,0.03634982638888889,0.017003956101535687,0.005013020833333334,0.03993055555555555,0.027611650916512954,0.014713541666666666,0,0,0
float32-sized,fx-mirror-ball,0.3,True,True,0.022320937499998195,0.03422309027777778,0.03332452246008851,0.004014756944444444,0.05835503472222222,0.061720331143471384,0.029014756944444445,0.028624131944444443,0.052543211522265515,0.009917534722222222,0,0,0
float32-sized,fx-mirror-ball,0.9,True,True,0.020906180555556375,0.044835069444444445,0.04115894968043339,0.012543402777777778,0.0548828125,0.05878060261676879,0.024674479166666666,0.029036458333333334,0.053085820832084685,0.008203125,0,0,0
float32-sized,fx-mirror-ball,1.5,True,True,0.014175442708335595,0.0431640625,0.04253681931551171,0.004448784722222222,0.06349826388888889,0.05643869793803406,0.018315972222222223,0.04381510416666667,0.056188690836069734,0.0018012152777777779,0,0,0
float32-sized,fx-mirror-ball,2.1,True,True,0.005294622395851434,0.041666666666666664,0.052429084194281286,0.0049479166666666664,0.07330729166666666,0.06853689074350157,0.006727430555555556,0.04641927083333333,0.07819249582204764,0.007877604166666666,0,0,0
float32-sized,fx-confetti,0.3,True,True,0.002812682291676083,0.03721788194444445,0.02473538901645151,0.008745659722222222,0.03984375,0.02064739365274956,0.006727430555555556,0.028016493055555557,0.022394854827947244,0.0019314236111111112,0,0,0
float32-sized,fx-confetti,0.9,True,True,0.00037016493055830324,0.03626302083333333,0.025371552114788375,0.0039713541666666664,0.03452690972222222,0.018959560533409983,0.0022786458333333335,0.029535590277777777,0.023757117620742913,0.005750868055555556,0,0,0
float32-sized,fx-confetti,1.5,True,True,0.0038449305555730007,0.04396701388888889,0.026811328650147938,0.010243055555555556,0.03250868055555556,0.01968119094304626,0.0018229166666666667,0.03602430555555555,0.028531614489556677,0.0050347222222222225,0,0,0
float32-sized,fx-confetti,2.1,True,True,0.00020014756941577616,0.04327256944444444,0.02631956593165774,0.007855902777777778,0.031901041666666664,0.01900318219091356,0.003298611111111111,0.03185763888888889,0.02241772538016851,0.0067708333333333336,0,0,0
float32-sized,fx-balloons,0.3,True,True,0.005088046875002306,0.04203559027777778,0.022322084506908663,0.0004123263888888889,0.03138020833333333,0.01809491603344127,0.005902777777777778,0.029231770833333334,0.031242570028304797,0.010785590277777778,0,0,0
float32-sized,fx-balloons,0.9,True,True,0.006150429687494352,0.03452690972222222,0.018371560706963212,0.0010633680555555555,0.03509114583333333,0.018858874114807814,0.006662326388888889,0.031727430555555554,0.03321800177391971,0.016059027777777776,0,0,0
float32-sized,fx-balloons,1.5,True,True,0.001776184895845745,0.03669704861111111,0.022839481123889786,0.0072265625,0.03550347222222222,0.01979691399403488,0.00021701388888888888,0.02578125,0.020137933192177514,0.001171875,0,0,0
float32-sized,fx-balloons,2.1,True,True,0.004306310763880106,0.03910590277777778,0.025148091351052147,0.0009114583333333333,0.03480902777777778,0.02148512505373387,0.005512152777777778,0.027126736111111112,0.019831412602151485,0.007725694444444445,0,0,0
float32-sized,fx-earthquake,0.3,True,True,0.04962953125000524,0.05944010416666667,0.06203836146778283,0.0560546875,0.05555555555555555,0.053155435756541004,0.049305555555555554,0.042816840277777775,0.04305724936129097,0.033919270833333334,0,0,0
float32-sized,fx-earthquake,0.9,True,True,0.04644050347219775,0.0607421875,0.06590696719969429,0.05475260416666667,0.0501953125,0.04957974760443863,0.04576822916666667,0.0396484375,0.042627088257048626,0.028624131944444443,0,0,0
float32-sized,fx-earthquake,1.5,True,True,0.05070295138888525,0.062000868055555554,0.06283310245978882,0.05640190972222222,0.05295138888888889,0.05184489629487607,0.050694444444444445,0.042078993055555555,0.045753472803372615,0.03400607638888889,0,0,0
float32-sized,fx-earthquake,2.1,True,True,0.049548094618046434,0.06477864583333333,0.06725383525939041,0.0632595486111111,0.05416666666666667,0.04790168054126867,0.047135416666666666,0.041015625,0.045353474785299656,0.03307291666666667,0,0,0
float32-sized,fx-light-leak,0.3,True,True,0.008472973090277947,0.039214409722222225,0.020424675444042768,0.007703993055555556,0.03274739583333333,0.01751994367944881,0.009136284722222223,0.030381944444444444,0.019658744020155515,0.004166666666666667,0,0,0
float32-sized,fx-light-leak,0.9,True,True,0.005097764756953893,0.03318142361111111,0.01785235150885829,0.0034071180555555556,0.03674045138888889,0.022774279153568975,0.0057074652777777775,0.03289930555555556,0.02103385369685107,0.004036458333333334,0,0,0
float32-sized,fx-light-leak,1.5,True,True,0.001844861111109708,0.031966145833333334,0.020198648116811133,0.004752604166666666,0.037651909722222224,0.02157111560509345,0.0010199652777777778,0.02797309027777778,0.024032691628510457,0.0014539930555555556,0,0,0
float32-sized,fx-light-leak,2.1,True,True,0.0027618706597394294,0.03430989583333333,0.02575940421323762,0.002712673611111111,0.03810763888888889,0.03078193014186887,0.003081597222222222,0.03042534722222222,0.026706214927569607,0.00026041666666666666,0,0,0
float32-sized,fx-bokeh,0.3,True,True,0.007824921875013047,0.04079861111111111,0.03216886494007882,0.01792534722222222,0.042252604166666666,0.023964828996746238,0.006488715277777778,0.033463541666666666,0.02699325248860157,0.008680555555555556,0,0,0
float32-sized,fx-bokeh,0.9,True,True,0.006018025173602837,0.039322916666666666,0.033471831097603204,0.01506076388888889,0.0423828125,0.025481149688163215,0.004535590277777778,0.041514756944444446,0.030679557696750147,0.0059244791666666664,0,0,0
float32-sized,fx-bokeh,1.5,True,True,0.007330520833320975,0.04398871527777778,0.03153867549439251,0.009006076388888888,0.04084201388888889,0.023105905339602818,0.007942708333333333,0.03674045138888889,0.02950845272278614,0.003667534722222222,0,0,0
float32-sized,fx-bokeh,2.1,True,True,0.012381371527780516,0.04635416666666667,0.03240420571169526,0.009157986111111112,0.03984375,0.027794953017289088,0.015321180555555555,0.038585069444444446,0.02722087494897522,0.007248263888888889,0,0,0
float32-sized,fx-grid-flash,0.3,True,True,0.05699706597224008,0.07078993055555556,0.058572000674343094,0.05894097222222222,0.07000868055555555,0.05459965614372596,0.05724826388888889,0.07769097222222222,0.05370422667680344,0.04878472222222222,0,0,0
float32-sized,fx-grid-flash,0.9,True,True,0.05434046874999865,0.11108940972222223,0.08503530969053556,0.08960503472222223,0.05889756944444444,0.04347178108256906,0.04370659722222222,0.06534288194444444,0.05491708735927164,0.05583767361111111,0,0,0
float32-sized,fx-grid-flash,1.5,True,True,0.0484473524305713,0.07521701388888889,0.06587574551929926,0.067578125,0.073828125,0.045171666636896105,0.04079861111111111,0.07482638888888889,0.07259411036345198,0.06788194444444444,0,0,0
float32-sized,fx-grid-flash,2.1,True,True,0.05505479166667726,0.06773003472222222,0.05621617643159317,0.051323784722222224,0.06605902777777778,0.05604246291144053,0.05703125,0.05687934027777778,0.05406976134353557,0.04646267361111111,0,0,0
float32-sized,fx-pencil-sketch,0.3,True,True,0.03543608072916982,0.052408854166666664,0.0734444629716608,0.03491753472222222,0.05633680555555556,0.06714722769960763,0.03585069444444444,0.06349826388888889,0.07224044142387101,0.03285590277777778,0,0,0
float32-sized,fx-pencil-sketch,0.9,True,True,0.02211980902779942,0.05933159722222222,0.06912162366941005,0.027734375,0.057942708333333336,0.05924414438702584,0.02113715277777778,0.06727430555555555,0.06746528233343883,0.015321180555555555,0,0,0
float32-sized,fx-pencil-sketch,1.5,True,True,0.04371931423611386,0.05525173611111111,0.06364610654510779,0.04192708333333333,0.05601128472222222,0.0625039241860843,0.0447265625,0.05985243055555556,0.06385852351731316,0.03901909722222222,0,0,0
float32-sized,fx-pencil-sketch,2.1,True,True,0.0352170876736011,0.06443142361111111,0.0766054684574677,0.03830295138888889,0.06712239583333333,0.06601184199508804,0.034266493055555555,0.05759548611111111,0.07503545706406596,0.035546875,0,0,0
float32-sized,fx-marker-lines,0.3,True,True,0.07026130642360329,0.03361545138888889,0.03890044611331763,0.021028645833333335,0.09956597222222222,0.10002249483627162,0.08862847222222223,0.04592013888888889,0.05428629865151416,0.033289930555555555,0,0,0
float32-sized,fx-marker-lines,0.9,True,True,0.06865885416667084,0.03990885416666667,0.05234827973730664,0.023763020833333332,0.09650607638888889,0.09405881973971962,0.08695746527777778,0.042469618055555554,0.05108713948461745,0.019596354166666666,0,0,0
float32-sized,fx-marker-lines,1.5,True,True,0.06806196180558288,0.04405381944444445,0.04469130002332843,0.016319444444444445,0.10015190972222222,0.09385879789743495,0.08786892361111111,0.038411458333333336,0.043502282352718,0.02421875,0,0,0
float32-sized,fx-marker-lines,2.1,True,True,0.07375789062498939,0.04481336805555555,0.04917522720473055,0.023372395833333334,0.10368923611111111,0.09693483126350498,0.09309895833333333,0.046332465277777776,0.053850345985982,0.030533854166666666,0,0,0
float32-sized,fx-spray-neon,0.3,True,True,0.02190223524304713,0.04431423611111111,0.061246134497680044,0.04027777777777778,0.028450520833333333,0.041280771913036515,0.0146484375,0.05562065972222222,0.05409406621072878,0.0396484375,0,0,0
float32-sized,fx-spray-neon,0.9,True,True,0.022001006944464052,0.05032552083333333,0.06992068209344908,0.03526475694444445,0.03185763888888889,0.038867720752430376,0.016666666666666666,0.0529296875,0.0565292996025334,0.03578559027777778,0,0,0
float32-sized,fx-spray-neon,1.5,True,True,0.02197538628472273,0.04314236111111111,0.06100165631702453,0.03407118055555555,0.03009982638888889,0.031874365699814444,0.016297743055555557,0.057183159722222224,0.04902849840661057,0.04259982638888889,0,0,0
float32-sized,fx-spray-neon,2.1,True,True,0.02258205729164331,0.0458984375,0.06515177093396336,0.040863715277777775,0.031792534722222224,0.040679050780657144,0.014561631944444445,0.0603515625,0.05701610089470129,0.04819878472222222,0,0,0
float32-sized,fx-chalkboard,0.3,True,True,0.05448162760416153,0.05245225694444444,0.061094964024999324,0.05049913194444444,0.05798611111111111,0.06591346284430562,0.055859375,0.05642361111111111,0.06556084304002584,0.05256076388888889,0,0,0
float32-sized,fx-chalkboard,0.9,True,True,0.061504878472220526,0.05221354166666667,0.06498122519879371,0.04314236111111111,0.06740451388888889,0.07995411492996182,0.06723090277777778,0.061328125,0.07821711734656767,0.058854166666666666,0,0,0
float32-sized,fx-chalkboard,1.5,True,True,0.040282491319430846,0.03958333333333333,0.059762049392868555,0.03819444444444445,0.04884982638888889,0.053368399566795725,0.041731770833333334,0.04353298611111111,0.05992928599915444,0.032074652777777775,0,0,0
float32-sized,fx-chalkboard,2.1,True,True,0.05313470486110816,0.06278211805555556,0.0709596617460282,0.05635850694444444,0.05464409722222222,0.06214379133602212,0.05256076388888889,0.05036892361111111,0.0679852506323479,0.049327256944444446,0,0,0
float32-sized,fx-scribble-frame,0.3,True,True,0.007163324652779579,0.03919270833333333,0.03192393446367554,0.010243055555555556,0.037934027777777775,0.022460443429602468,0.007378472222222222,0.031336805555555555,0.027954487858663172,0.004036458333333334,0,0,0
float32-sized,fx-scribble-frame,0.9,True,True,0.002302760416654337,0.038411458333333336,0.03131145607980393,0.004904513888888889,0.03641493055555556,0.022551011013118395,0.0022569444444444442,0.04136284722222222,0.025223214418214842,0.004904513888888889,0,0,0
float32-sized,fx-scribble-frame,1.5,True,True,0.006293702256940037,0.03980034722222222,0.02991524967509552,0.00625,0.04168836805555556,0.022530527378673827,0.006966145833333334,0.031575520833333336,0.029081654505311336,0.00023871527777777777,0,0,0
float32-sized,fx-scribble-frame,2.1,True,True,0.005515720486101827,0.043120659722222225,0.02932694425677648,0.007052951388888889,0.03674045138888889,0.021297295180094544,0.0059244791666666664,0.03804253472222222,0.028594419087737466,0.0030598958333333333,0,0,0
float32-sized,fx-confetti-burst,0.3,True,True,0.03175572048608899,0.08509114583333334,0.5044714914575538,0.06139322916666667,0.1166015625,0.5121549744220795,0.07957899305555556,0.16907552083333333,0.49842839815488227,0.16768663194444444,0,0,0
float32-sized,fx-confetti-burst,0.9,True,True,0.011024939236094156,0.06827256944444444,0.2581982702071681,0.0016493055555555556,0.06848958333333334,0.30598486458934765,0.01792534722222222,0.07825520833333334,0.3391131419853986,0.020008680555555554,0,0,0
float32-sized,fx-confetti-burst,1.5,True,True,0.03956480468750101,0.17881944444444445,0.3548814749784138,0.07421875,0.12740885416666667,0.2744760635030072,0.07445746527777777,0.10970052083333333,0.25382170095489676,0.028971354166666668,0,0,0
float32-sized,fx-confetti-burst,2.1,True,True,0.11511802517361502,0.16827256944444444,0.25524809023221445,0.093359375,0.20690104166666667,0.21869144124988998,0.12977430555555555,0.1567925347222222,0.29541158521318317,0.03400607638888889,0,0,0
float32-sized,fx-gold-glitter,0.3,True,True,0.004069852430561127,0.036219618055555555,0.031053445587303975,0.004361979166666667,0.03502604166666667,0.025295785398811135,0.007291666666666667,0.028016493055555557,0.02152825340787418,0.0030164930555555557,0,0,0
float32-sized,fx-gold-glitter,0.9,True,True,0.00012198784722272649,0.03526475694444445,0.03351809460740272,0.0014105902777777778,0.03396267361111111,0.019992098213239093,0.0013237847222222223,0.03109809027777778,0.027248427424198578,0.007269965277777778,0,0,0
float32-sized,fx-gold-glitter,1.5,True,True,0.0012437413194419378,0.03413628472222222,0.02587235765984081,0.005230034722222222,0.03411458333333333,0.02073328512902946,0.003125,0.03773871527777778,0.027362098774755456,0.0016710069444444444,0,0,0
float32-sized,fx-gold-glitter,2.1,True,True,3.781249999690317e-05,0.03435329861111111,0.030535113167945622,0.009309895833333333,0.028776041666666665,0.02174085605474835,0.0036024305555555558,0.031575520833333336,0.026445864942483608,0.0077473958333333336,0,0,0
float32-sized,fx-heart-rain,0.3,True,True,0.005472039930566552,0.041167534722222225,0.02070322429199586,0.0041015625,0.03693576388888889,0.01692620560133662,0.00625,0.02966579861111111,0.020918604345968584,0.0018012152777777779,0,0,0
float32-sized,fx-heart-rain,0.9,True,True,0.003736545138878,0.035633680555555554,0.02126930602129906,0.0008680555555555555,0.0337890625,0.01824756987376909,0.005403645833333333,0.030555555555555555,0.020303077272701746,0.00078125,0,0,0
float32-sized,fx-heart-rain,1.5,True,True,0.0034893576388839165,0.04001736111111111,0.027469629290356876,0.005078125,0.03517795138888889,0.017852725620476986,0.0032335069444444442,0.027777777777777776,0.02212166445834498,0.001345486111111111,0,0,0
float32-sized,fx-heart-rain,2.1,True,True,0.003916875000001596,0.041731770833333334,0.027214863707774987,0.004752604166666666,0.03539496527777778,0.018439440324102864,0.0060546875,0.0255859375,0.020365069805445377,0.008268229166666667,0,0,0
float32-sized,fx-bubbles,0.3,True,True,0.005926714409710598,0.040581597222222224,0.029064872352789293,0.0072048611111111115,0.039605034722222224,0.017981190368924805,0.005533854166666667,0.036783854166666664,0.023537393702590004,0.0060546875,0,0,0
float32-sized,fx-bubbles,0.9,True,True,0.0054893012152774645,0.040299479166666666,0.027865329686156178,0.012217881944444444,0.04088541666666667,0.0192205077934038,0.0037760416666666667,0.03324652777777778,0.021285487784311996,0.0026475694444444446,0,0,0
float32-sized,fx-bubbles,1.5,True,True,0.0006583506944508599,0.04756944444444444,0.02750933172555552,0.002777777777777778,0.048111979166666666,0.018050417562782594,0.0006293402777777778,0.03962673611111111,0.026423671748290016,0.005295138888888889,0,0,0
float32-sized,fx-bubbles,2.1,True,True,0.006872191840258779,0.05017361111111111,0.029864575924724128,0.004991319444444444,0.04309895833333333,0.02047833115651867,0.008810763888888889,0.04008246527777778,0.028778928367873307,0.006792534722222222,0,0,0
float32-sized,fx-star-pop,0.3,True,True,0.00687036458332102,0.03951822916666667,0.025904186885537684,0.00935329861111111,0.03973524305555556,0.02633625934664396,0.012217881944444444,0.03487413194444444,0.02563939271022022,0.0016710069444444444,0,0,0
float32-sized,fx-star-pop,0.9,True,True,0.004427078993046507,0.034266493055555555,0.022387275886819453,0.008268229166666667,0.027756076388888887,0.01830960622435492,0.0033203125,0.03342013888888889,0.026853466336522955,0.004079861111111111,0,0,0
float32-sized,fx-star-pop,1.5,True,True,0.0043244531249939655,0.03732638888888889,0.025063387433672233,0.010980902777777777,0.030164930555555556,0.02019336181859011,0.0023003472222222223,0.03372395833333333,0.02833034824480924,0.004774305555555556,0,0,0
float32-sized,fx-star-pop,2.1,True,True,0.0038953776041665833,0.03600260416666667,0.03223264768413555,0.006141493055555555,0.032769097222222224,0.024526894318350513,0.008420138888888888,0.030381944444444444,0.022294771650457814,0.011371527777777777,0,0,0
float32-sized,fx-petals,0.3,True,True,0.005801961805545375,0.05080295138888889,0.028851536578815305,0.009092881944444445,0.030924479166666668,0.01700496604498743,0.010655381944444445,0.02736545138888889,0.018731067910862525,0.001584201388888889,0,0,0
float32-sized,fx-petals,0.9,True,True,0.0050155815972203754,0.04357638888888889,0.026205173394379062,0.009678819444444445,0.03233506944444445,0.018196236123446993,0.00959201388888889,0.030338541666666666,0.019228983832349236,0.002951388888888889,0,0,0
float32-sized,fx-petals,1.5,True,True,0.005053645833328346,0.04390190972222222,0.028302828760901334,0.0006293402777777778,0.034830729166666664,0.01929019101701601,0.006966145833333334,0.023893229166666665,0.019035348347328365,0.0028428819444444443,0,0,0
float32-sized,fx-petals,2.1,True,True,0.00646373697915692,0.04481336805555555,0.028850124299403854,0.004796006944444445,0.03478732638888889,0.021567122868979674,0.009657118055555556,0.03012152777777778,0.021409469520857007,0.00798611111111111,0,0,0
float32-sized,fx-snowfall,0.3,True,True,0.02991861979165833,0.08428819444444445,0.33190932445899496,0.03372395833333333,0.074609375,0.35644745092026114,0.029730902777777776,0.08459201388888889,0.4022197943988812,0.020572916666666666,0,0,0
float32-sized,fx-snowfall,0.9,True,True,0.015292521701397277,0.10952690972222222,0.4022583363344053,0.005750868055555556,0.10390625,0.427770976838036,0.017100694444444446,0.08172743055555555,0.47709421553440834,0.025477430555555555,0,0,0
float32-sized,fx-snowfall,1.5,True,True,0.06748137152776224,0.10796440972222222,0.39200928251586115,0.06312934027777778,0.13587239583333333,0.41791808420447507,0.06829427083333334,0.15049913194444445,0.46341947088662694,0.07224392361111111,0,0,0
float32-sized,fx-snowfall,2.1,True,True,0.046239631076375076,0.10128038194444444,0.35430993767525565,0.04585503472222222,0.1013454861111111,0.3757040806186162,0.04943576388888889,0.07829861111111111,0.41845788980040916,0.015711805555555555,0,0,0
float32-sized,fx-eight-bit,0.3,False,False,4.1468180381944535,4.195290798611111,4.160631362821668,4.195290798611111,4.139214409722222,4.085581061293181,4.139214409722222,4.0794053819444445,4.083706763016161,4.0794053819444445,0,0,0
float32-sized,fx-eight-bit,0.9,False,False,4.331954644097223,4.139127604166666,4.118286144143327,4.139127604166666,4.423589409722222,4.318057926916209,4.423589409722222,3.9920355902777778,3.905899098268879,3.9920355902777778,0,0,0
float32-sized,fx-eight-bit,1.5,False,False,4.221891618923607,4.271809895833333,4.207250016479902,4.271809895833333,4.252039930555555,4.216633310501035,4.252039930555555,3.7762586805555554,3.7046080703403144,3.7762586805555554,0,0,0
float32-sized,fx-eight-bit,2.1,False,False,4.273655820312499,4.168880208333333,4.066829864129672,4.168880208333333,4.374956597222222,4.393295062044887,4.374956597222222,3.5787109375,3.557469777515076,3.5787109375,0,0,0
float32-sized,fx-pixel-breakdown,0.3,True,True,0.008067374131940142,0.04405381944444445,0.03835576645525867,0.00390625,0.03865017361111111,0.03139891157278918,0.012478298611111112,0.05080295138888889,0.04108857559892016,0.0003689236111111111,0,0,0
float32-sized,fx-pixel-breakdown,0.9,True,True,0.017779079861114155,0.08062065972222222,0.1309888111781634,0.012565104166666667,0.09246961805555555,0.11412883459416713,0.02280815972222222,0.09242621527777778,0.13705571894566107,0.05731336805555556,0,0,0
float32-sized,fx-pixel-breakdown,1.5,True,True,0.026241779513881625,0.09887152777777777,0.13754823483426745,0.053168402777777776,0.09537760416666667,0.10007647410870057,0.0166015625,0.07907986111111111,0.12384640162286503,0.04244791666666667,0,0,0
float32-sized,fx-pixel-breakdown,2.1,True,True,0.005352178819435949,0.04079861111111111,0.060897265620488264,0.005338541666666667,0.035481770833333336,0.05642946173419786,0.006098090277777778,0.03302951388888889,0.05663489011258748,0.0019965277777777776,0,0,0
float32-sized,fx-pixel-glitch,0.3,True,True,0.03909243055554157,0.04299045138888889,0.04016812193867843,0.029188368055555556,0.05319010416666667,0.049578185468832525,0.0427734375,0.037608506944444446,0.04219157055589699,0.031792534722222224,0,0,0
float32-sized,fx-pixel-glitch,0.9,True,True,0.032559040798616934,0.0470703125,0.046716997360454884,0.03487413194444444,0.043511284722222224,0.040022969306200064,0.03131510416666667,0.04691840277777778,0.04662830907840306,0.03806423611111111,0,0,0
float32-sized,fx-pixel-glitch,1.5,True,True,0.03645394965279536,0.041796875,0.045775331544187135,0.028038194444444445,0.05249565972222222,0.04663633522858989,0.04021267361111111,0.04301215277777778,0.04306053787587639,0.024001736111111113,0,0,0
float32-sized,fx-pixel-glitch,2.1,True,True,0.03083238715277048,0.04229600694444444,0.04192715805117649,0.027669270833333332,0.04520399305555556,0.04016016762476487,0.03209635416666667,0.0408203125,0.04485529319447794,0.027625868055555555,0,0,0
float32-sized,fx-digital-blocks,0.3,True,True,0.008001896701379962,0.025651041666666666,0.020617628143858823,0.017144097222222224,0.023676215277777777,0.015451529485514722,0.005577256944444445,0.03131510416666667,0.01936135471810741,0.005099826388888889,0,0,0
float32-sized,fx-digital-blocks,0.9,True,True,0.00777108940972937,0.026649305555555555,0.025656174110089136,0.022395833333333334,0.022157118055555557,0.012819252149298735,0.0037109375,0.03561197916666667,0.02099036909365527,0.004926215277777778,0,0,0
float32-sized,fx-digital-blocks,1.5,True,True,0.007991315104177943,0.028059895833333334,0.027715546717828825,0.02033420138888889,0.025151909722222223,0.01535052327398624,0.004796006944444445,0.029817708333333335,0.020581369606386585,0.003298611111111111,0,0,0
float32-sized,fx-digital-blocks,2.1,True,True,0.008909722222213645,0.025260416666666667,0.0260608037389161,0.020572916666666666,0.02751736111111111,0.014409033748381364,0.005772569444444445,0.036328125,0.021120281134350164,0.005642361111111111,0,0,0
float32-sized,fx-vhs,0.3,True,True,0.0032754036458300106,0.14526909722222223,0.23811567624848134,0.009418402777777777,0.09427083333333333,0.2320079503449158,0.0033420138888888887,0.10188802083333333,0.2258753007109649,0.015473090277777778,0,0,0
float32-sized,fx-vhs,0.9,True,True,0.041804730902782694,0.14012586805555555,0.22596447731371636,0.05509982638888889,0.12797309027777778,0.19711145635264535,0.038346354166666666,0.11069878472222222,0.2278455004602521,0.0369140625,0,0,0
float32-sized,fx-vhs,1.5,True,True,0.03575759982639681,0.1337890625,0.2353363641963315,0.03747829861111111,0.11605902777777778,0.2144598738869919,0.03637152777777778,0.08415798611111111,0.21374007956553787,0.024609375,0,0,0
float32-sized,fx-vhs,2.1,True,True,0.06404253472223331,0.11540798611111111,0.22265507036419405,0.06762152777777777,0.10939670138888889,0.206485550514836,0.06720920138888889,0.108203125,0.22200358734065567,0.022135416666666668,0,0,0
float32-sized,fx-scanline-jitter,0.3,True,True,0.06595095486107994,0.07918836805555556,0.07475265424610388,0.07241753472222222,0.06775173611111111,0.06405932122824214,0.06254340277777778,0.08218315972222222,0.08211807397086736,0.0806640625,0,0,0
float32-sized,fx-scanline-jitter,0.9,True,True,0.07071046440975692,0.07560763888888888,0.0716533847224371,0.06753472222222222,0.07530381944444445,0.07283971419341287,0.07217881944444444,0.07115885416666666,0.07106505934181134,0.06551649305555556,0,0,0
float32-sized,fx-scanline-jitter,1.5,True,True,0.06467666666671334,0.08240017361111111,0.08429185629522427,0.07779947916666667,0.0654296875,0.06333692387542977,0.06013454861111111,0.07450086805555556,0.07098800086753868,0.07102864583333333,0,0,0
float32-sized,fx-scanline-jitter,2.1,True,True,0.06393855468746779,0.08244357638888888,0.08049963568089577,0.07680121527777778,0.064453125,0.060120687164693216,0.05889756944444444,0.07743055555555556,0.07881000159566928,0.07599826388888889,0,0,0
float32-sized,fx-datamosh,0.3,True,True,0.006360529513884217,0.04715711805555556,0.03639004436430637,0.0039713541666666664,0.04131944444444444,0.028797762135338766,0.007465277777777778,0.048285590277777776,0.04070074935812212,0.0024522569444444444,0,0,0
float32-sized,fx-datamosh,0.9,True,True,0.002560616319456699,0.04585503472222222,0.03043918052198473,0.004578993055555556,0.032769097222222224,0.02039332092502758,0.002777777777777778,0.0451171875,0.026072990257333246,0.005533854166666667,0,0,0
float32-sized,fx-datamosh,1.5,True,True,0.004504422743053738,0.052994791666666666,0.027095551535495883,0.004600694444444445,0.040863715277777775,0.0171748889807446,0.0033203125,0.03986545138888889,0.026438456206228745,0.015950520833333332,0,0,0
float32-sized,fx-datamosh,2.1,True,True,0.0001407074652775009,0.04602864583333333,0.024846384933531848,0.0003689236111111111,0.04021267361111111,0.018517072420610292,0.0008897569444444444,0.03415798611111111,0.025711223739554888,0.011848958333333333,0,0,0
float32-sized,fx-signal-loss,0.3,True,True,0.006197434895838683,0.04494357638888889,0.025306715415751763,2.170138888888889e-05,0.04201388888888889,0.018975662800932165,0.006814236111111111,0.03585069444444444,0.02806115369482691,0.018272569444444445,0,0,0
float32-sized,fx-signal-loss,0.9,True,True,0.23402429253471269,0.28248697916666665,0.6575436943113695,0.23409288194444444,0.2995659722222222,0.6533021324641761,0.23381076388888888,0.29127604166666665,0.6552577043222422,0.2359375,0,0,0
float32-sized,fx-signal-loss,1.5,True,True,0.006444869791664587,0.04236111111111111,0.02594616715967815,0.010069444444444445,0.04537760416666667,0.018199179467821597,0.004839409722222222,0.03550347222222222,0.027794684452436942,0.011675347222222222,0,0,0
float32-sized,fx-signal-loss,2.1,True,True,0.19817146267362773,0.1994140625,0.41638835621883563,0.19542100694444445,0.1984375,0.4070501847057841,0.19809027777777777,0.20811631944444445,0.42235943621690414,0.20707465277777778,0,0,0
float32-sized,fx-bad-tv,0.3,True,True,0.002392317708341807,0.18721788194444444,0.3728359390647272,0.007096354166666667,0.16371527777777778,0.3497904858111568,0.0020833333333333333,0.1509765625,0.38299933420614973,0.0083984375,0,0,0
float32-sized,fx-bad-tv,0.9,True,True,0.059556137152782185,0.1427517361111111,0.29971272307472735,0.056640625,0.16297743055555555,0.30408187922883645,0.06245659722222222,0.12556423611111112,0.32496824860808204,0.03940972222222222,0,0,0
float32-sized,fx-bad-tv,1.5,True,True,0.05630928385416212,0.16104600694444443,0.3628520379356741,0.06916232638888889,0.11469184027777778,0.3174102938831227,0.0521484375,0.15164930555555556,0.34659977313625134,0.05967881944444445,0,0,0
float32-sized,fx-bad-tv,2.1,True,True,0.08614724826389875,0.16979166666666667,0.32756547509329803,0.08888888888888889,0.16534288194444444,0.324539728450364,0.08930121527777778,0.12777777777777777,0.33596512664113,0.04683159722222222,0,0,0
float32-sized,fx-glitch-flash,0.3,True,True,0.0013573958333381597,0.03585069444444444,0.023402526894482096,0.004166666666666667,0.03522135416666667,0.01673115945040157,0.00023871527777777777,0.03585069444444444,0.023402526894482096,0.004166666666666667,0,0,0
float32-sized,fx-glitch-flash,0.9,True,True,0.03908082899306464,0.04967447916666667,0.05183132243746714,0.04559461805555556,0.04743923611111111,0.039705516132956684,0.035980902777777775,0.053515625,0.054988031988829136,0.05060763888888889,0,0,0
float32-sized,fx-glitch-flash,1.5,True,True,0.0008110069444171586,0.039778645833333334,0.024400938304732122,0.0054904513888888885,0.03244357638888889,0.01730441253341448,0.0033203125,0.039778645833333334,0.024400938304732122,0.0054904513888888885,0,0,0
float32-sized,fx-glitch-flash,2.1,True,True,0.0029423611111099035,0.036957465277777775,0.021747759852568195,0.010004340277777777,0.033637152777777776,0.017460358932984216,0.00013020833333333333,0.036957465277777775,0.021747759852568195,0.010004340277777777,0,0,0
float32-sized,fx-vhs-rewind,0.3,True,True,0.23277056857637035,0.27567274305555556,0.5063414449050393,0.2572699652777778,0.24131944444444445,0.49453663065109005,0.22712673611111112,0.23875868055555555,0.5198824274487172,0.21653645833333332,0,0,0
float32-sized,fx-vhs-rewind,0.9,True,True,0.09751209635417979,0.1741970486111111,0.5035806041193387,0.10483940972222222,0.16614583333333333,0.49270236348388047,0.09965277777777778,0.18094618055555556,0.5071034709722023,0.05473090277777778,0,0,0
float32-sized,fx-vhs-rewind,1.5,True,True,0.05111136718750231,0.14518229166666666,0.4751724019108851,0.06171875,0.15718315972222222,0.43854916628101676,0.046723090277777775,0.15904947916666667,0.4574134714729138,0.06334635416666666,0,0,0
float32-sized,fx-vhs-rewind,2.1,True,True,0.03741578993056294,0.04624565972222222,0.048706111408941696,0.03608940972222222,0.04756944444444444,0.046451480329057236,0.03919270833333333,0.04342447916666667,0.045066497213776764,0.023719618055555555,0,0,0
float32-sized,fx-film-8mm,0.3,True,True,0.37725092447917064,0.3887803819444444,0.8362984924581494,0.34889322916666665,0.4203125,0.8254537693467613,0.38676215277777776,0.4087673611111111,0.8309384522025905,0.3665364583333333,0,0,0
float32-sized,fx-film-8mm,0.9,True,True,0.16311203124999452,0.2863498263888889,0.8804876083747936,0.16994357638888888,0.2777560763888889,0.8825149646267362,0.1644314236111111,0.22259114583333334,0.8870546673356854,0.12992621527777778,0,0,0
float32-sized,fx-film-8mm,1.5,True,True,0.106418324652779,0.287890625,0.7843268742030572,0.10815972222222223,0.26163194444444443,0.7910842817977645,0.106640625,0.21128472222222222,0.7812278015567443,0.09908854166666667,0,0,0
float32-sized,fx-film-8mm,2.1,True,True,0.04755157552082778,0.05755208333333333,0.06229635213019753,0.04978298611111111,0.052083333333333336,0.05808808337222777,0.04774305555555555,0.041905381944444445,0.05257057139465703,0.03908420138888889,0,0,0
float32-sized,fx-old-tv,0.3,True,True,0.2735799652777757,0.314453125,0.49614221679797504,0.26922743055555554,0.3089409722222222,0.4806067183789311,0.27708333333333335,0.29440104166666664,0.4859589756437497,0.25169270833333335,0,0,0
float32-sized,fx-old-tv,0.9,True,True,0.10275994791666676,0.1615017361111111,0.4691019499346639,0.08754340277777778,0.16119791666666666,0.4611794113522794,0.10698784722222222,0.15846354166666668,0.4881573937643205,0.1056857638888889,0,0,0
float32-sized,fx-old-tv,1.5,True,True,0.07970854166666186,0.16006944444444443,0.44283395269698983,0.07161458333333333,0.15848524305555556,0.4369345792412522,0.08088107638888889,0.18763020833333333,0.4500488222698907,0.09192708333333334,0,0,0
float32-sized,fx-old-tv,2.1,True,True,0.0310787760416531,0.035872395833333334,0.03725870852800664,0.030533854166666666,0.0376953125,0.037307840053642544,0.031966145833333334,0.02931857638888889,0.03589904509513293,0.023893229166666665,0,0,0
float32-sized,fx-film-burn-leak,0.3,True,True,0.005287048611108958,0.041015625,0.024278881951651274,0.005381944444444444,0.033984375,0.018632949582388855,0.005512152777777778,0.03146701388888889,0.022980045730327747,0.002777777777777778,0,0,0
float32-sized,fx-film-burn-leak,0.9,True,True,0.004486050347225046,0.033203125,0.02176626043499927,0.004644097222222222,0.03498263888888889,0.02328353612084101,0.004383680555555556,0.03250868055555556,0.0200549161674415,0.0050347222222222225,0,0,0
float32-sized,fx-film-burn-leak,1.5,True,True,0.0002460243055537603,0.03088107638888889,0.02310819725232133,0.0018012152777777779,0.037543402777777776,0.024365599996012823,0.0008246527777777778,0.029969618055555557,0.02321300555073948,0.0005425347222222222,0,0,0
float32-sized,fx-film-burn-leak,2.1,True,True,0.0004417404513787915,0.03090277777777778,0.02510495189729827,0.00034722222222222224,0.03589409722222222,0.025343457751626355,0.0009114583333333333,0.03044704861111111,0.025830850788149846,0.0018880208333333333,0,0,0
float32-sized,fx-seventies,0.3,True,True,0.1838462803819425,0.19895833333333332,0.3874167006213337,0.1762152777777778,0.263671875,0.4017426244343158,0.18559027777777778,0.28509114583333334,0.4075467435612047,0.18904079861111112,0,0,0
float32-sized,fx-seventies,0.9,True,True,0.06423186631943167,0.19092881944444445,0.39398727404411144,0.0671875,0.17178819444444443,0.40315815102741076,0.06358506944444445,0.16566840277777778,0.4211332155337729,0.06193576388888889,0,0,0
float32-sized,fx-seventies,1.5,True,True,0.04594966145835144,0.12387152777777778,0.3587842081459413,0.033854166666666664,0.18556857638888888,0.3604135931918368,0.048676215277777775,0.17113715277777777,0.3847134599894748,0.05455729166666667,0,0,0
float32-sized,fx-seventies,2.1,True,True,0.027203884548612223,0.03825954861111111,0.042475924206720236,0.031575520833333336,0.04748263888888889,0.0422754941663703,0.028602430555555555,0.030338541666666666,0.03130103299585363,0.00047743055555555554,0,0,0
float32-sized,fx-dust-scratches,0.3,True,True,0.024755273437492065,0.045703125,0.04095325717406004,0.018793402777777777,0.04424913194444444,0.03498513205560428,0.02523871527777778,0.041731770833333334,0.044728823304954424,0.03752170138888889,0,0,0
float32-sized,fx-dust-scratches,0.9,True,True,0.0018138628472144092,0.042881944444444445,0.0313239320023269,0.0016927083333333334,0.04045138888888889,0.025187894373186737,0.0019965277777777776,0.04223090277777778,0.03178167688604153,0.01032986111111111,0,0,0
float32-sized,fx-dust-scratches,1.5,True,True,0.08016929253473393,0.08116319444444445,0.08942183540620582,0.08116319444444445,0.08133680555555556,0.08487029732410313,0.07916666666666666,0.08717447916666667,0.09542887900126838,0.08717447916666667,0,0,0
float32-sized,fx-dust-scratches,2.1,True,True,0.032723806423632595,0.04869791666666667,0.07663421944502163,0.03159722222222222,0.04600694444444445,0.06769565823043158,0.03389756944444444,0.04194878472222222,0.07613270638357542,0.0244140625,0,0,0
float32-sized,fx-tr-slam-merge,0.3,True,True,0.061995937500000764,0.10694444444444444,0.10129029562151481,0.09809027777777778,0.07374131944444444,0.0597748804958464,0.05486111111111111,0.04552951388888889,0.04429545551264516,0.02638888888888889,0,0,0
float32-sized,fx-tr-slam-merge,0.9,True,True,0.07887542968748562,0.09166666666666666,0.0847836967894903,0.08250868055555556,0.0875,0.08547467484426904,0.08385416666666666,0.0298828125,0.04388078343479826,0.018858506944444443,0,0,0
float32-sized,fx-tr-slam-merge,1.5,True,True,0.05415452256944775,0.061371527777777775,0.06229051886193077,0.05755208333333333,0.05774739583333333,0.05906041949910558,0.0548828125,0.043229166666666666,0.046029314160512924,0.03693576388888889,0,0,0
float32-sized,fx-tr-slam-merge,2.1,True,True,0.03438268229167818,0.05464409722222222,0.04948757789134658,0.033854166666666664,0.05015190972222222,0.041417124671021266,0.03539496527777778,0.043793402777777775,0.04435179875079097,0.025911458333333335,0,0,0
float32-sized,fx-tr-heat-flicks,0.3,True,True,0.0004860677083229348,0.024652777777777777,0.019600917425996973,0.007942708333333333,0.019943576388888887,0.0130635177587477,0.0014973958333333334,0.013237847222222222,0.009547078140720769,0.0018229166666666667,0,0,0
float32-sized,fx-tr-heat-flicks,0.9,True,True,0.015065529513890397,0.025694444444444443,0.014695203747247467,0.011848958333333333,0.03650173611111111,0.025828144413182826,0.016710069444444444,0.023350694444444445,0.018496525880661734,0.008246527777777778,0,0,0
float32-sized,fx-tr-heat-flicks,1.5,True,True,0.0007489670138909332,0.05570746527777778,0.03032221989494414,0.00861545138888889,0.03552517361111111,0.021151703359793224,0.0018446180555555555,0.03734809027777778,0.018378739290249444,0.0032769097222222223,0,0,0
float32-sized,fx-tr-heat-flicks,2.1,True,True,0.014596067708325222,0.028624131944444443,0.027818480013703663,0.026150173611111112,0.0267578125,0.013773237864432337,0.011436631944444444,0.037434895833333336,0.02087000784672724,0.011870659722222222,0,0,0
float32-sized,fx-tr-shake,0.3,True,True,0.0015871614583318205,0.032942708333333334,0.022751620812349972,0.0012586805555555556,0.03348524305555556,0.017569635285024567,0.0018012152777777779,0.03741319444444444,0.02757891133815503,0.00043402777777777775,0,0,0
float32-sized,fx-tr-shake,0.9,True,True,0.0799024088541671,0.06221788194444444,0.06651470050241885,0.0615234375,0.08967013888888889,0.08897799330062867,0.087109375,0.06688368055555556,0.06762753468525887,0.06263020833333334,0,0,0
float32-sized,fx-tr-shake,1.5,True,True,0.05828973090277145,0.1259765625,0.12390021103837927,0.1238064236111111,0.04865451388888889,0.04408148961120156,0.04236111111111111,0.03044704861111111,0.03141015853094296,0.023155381944444445,0,0,0
float32-sized,fx-tr-shake,2.1,True,True,0.022330581597231003,0.04956597222222222,0.040684927110621154,0.035633680555555554,0.03591579861111111,0.0245670493774389,0.019596354166666666,0.026866319444444446,0.02412290100054262,0.010243055555555556,0,0,0
float32-sized,fx-tr-glitch,0.3,True,True,0.006616514756956349,0.0505859375,0.026694381149522533,0.0025390625,0.036675347222222224,0.019720605114045896,0.010286458333333333,0.044444444444444446,0.02501534056731129,0.002777777777777778,0,0,0
float32-sized,fx-tr-glitch,0.9,True,True,0.02736639322918677,0.07528211805555556,0.07244001172988287,0.0681640625,0.03969184027777778,0.02669019835734323,0.014518229166666667,0.046484375,0.04200218562700768,0.034505208333333336,0,0,0
float32-sized,fx-tr-glitch,1.5,True,True,0.03779344618057223,0.05212673611111111,0.05735864084112281,0.05095486111111111,0.04652777777777778,0.04148774651823176,0.03389756944444444,0.05026041666666667,0.05081237143372654,0.03763020833333333,0,0,0
float32-sized,fx-tr-glitch,2.1,True,True,0.002300199652779611,0.031749131944444446,0.02330172650544689,0.0026692708333333334,0.03515625,0.02405494734821877,0.0038628472222222224,0.04342447916666667,0.032443641316572853,0.0014539930555555556,0,0,0
float32-sized,fx-tr-flare,0.3,True,True,0.009750394965280407,0.05262586805555555,0.031787536806743,0.0026258680555555558,0.023546006944444444,0.014886689298165093,0.011827256944444444,0.03289930555555556,0.018788853941823263,0.01015625,0,0,0
float32-sized,fx-tr-flare,0.9,True,True,0.02549322482640548,0.026909722222222224,0.02352648566177562,0.016840277777777777,0.029861111111111113,0.0301541948353097,0.027083333333333334,0.04750434027777778,0.0411431572814312,0.03522135416666667,0,0,0
float32-sized,fx-tr-flare,1.5,True,True,0.1245801432291671,0.2960286458333333,0.29450572098921624,0.29390190972222224,0.0826171875,0.0827475402921404,0.08070746527777778,0.06267361111111111,0.06742043735130802,0.06059027777777778,0,0,0
float32-sized,fx-tr-flare,2.1,True,True,0.0039570833333471,0.05601128472222222,0.0301256760247289,0.00023871527777777777,0.052886284722222225,0.021936155130056624,0.004578993055555556,0.0611328125,0.035138512217475625,0.008745659722222222,0,0,0
float32-sized,fx-tr-film-burn,0.3,True,True,0.005372369791672327,0.03999565972222222,0.023137845207423485,0.0162109375,0.03155381944444444,0.016909164711579532,0.0036458333333333334,0.027018229166666668,0.021176132743740857,0.009440104166666666,0,0,0
float32-sized,fx-tr-film-burn,0.9,True,True,0.021704314236103528,0.03161892361111111,0.027369374920737193,0.025716145833333332,0.03480902777777778,0.027861294947242904,0.022135416666666668,0.0169921875,0.016713852375728158,0.005620659722222222,0,0,0
float32-sized,fx-tr-film-burn,1.5,True,True,0.018295698784726255,0.036393229166666666,0.03354544003690426,0.017469618055555556,0.0296875,0.028225103403322793,0.020182291666666668,0.026692708333333332,0.02040427880278247,0.0020399305555555557,0,0,0
float32-sized,fx-tr-film-burn,2.1,True,True,0.0029423611111099035,0.036957465277777775,0.021747759852568195,0.010004340277777777,0.033637152777777776,0.017460358932984216,0.00013020833333333333,0.036957465277777775,0.021747759852568195,0.010004340277777777,0,0,0
float32-sized,fx-ov-glitter-rain,0.3,True,True,0.05311380208334526,0.07873263888888889,0.078388786072339,0.0681423611111111,0.0576171875,0.05327275912857474,0.0482421875,0.07157118055555556,0.07042994393478993,0.057118055555555554,0,0,0
float32-sized,fx-ov-glitter-rain,0.9,True,True,0.051870863715294036,0.07669270833333333,0.07556662715320109,0.06697048611111112,0.058203125,0.05469465819493948,0.04761284722222222,0.06825086805555555,0.05863493314792913,0.04958767361111111,0,0,0
float32-sized,fx-ov-glitter-rain,1.5,True,True,0.049761736111122445,0.07432725694444445,0.07170628907106052,0.06490885416666667,0.06002604166666667,0.0501555198267462,0.04401041666666667,0.0732421875,0.0685964407771443,0.06213107638888889,0,0,0
float32-sized,fx-ov-glitter-rain,2.1,True,True,0.05646510416667638,0.06773003472222222,0.06480309566967317,0.05922309027777778,0.06573350694444445,0.0566010717034311,0.05466579861111111,0.07358940972222222,0.07267550102609777,0.06616753472222223,0,0,0
float32-sized,fx-ov-gold-dust,0.3,True,True,0.00820341145832515,0.022330729166666667,0.017497073425638447,0.002712673611111111,0.01950954861111111,0.016181095625379227,0.012738715277777778,0.016471354166666667,0.01488373165974201,0.004578993055555556,0,0,0
float32-sized,fx-ov-gold-dust,0.9,True,True,0.004951627604164344,0.02361111111111111,0.020261609032771726,0.006293402777777778,0.017621527777777778,0.013274827434913513,0.008940972222222222,0.014561631944444445,0.013530174822296726,0.0014539930555555556,0,0,0
float32-sized,fx-ov-gold-dust,1.5,True,True,0.005261631944442513,0.019270833333333334,0.016837976247241367,0.004166666666666667,0.01755642361111111,0.014620202999709354,0.008875868055555555,0.014973958333333334,0.01608997090621882,0.002777777777777778,0,0,0
float32-sized,fx-ov-gold-dust,2.1,True,True,0.0021839713541709216,0.023220486111111112,0.0175648415098354,0.005729166666666666,0.015950520833333332,0.011510125480916424,0.005013020833333334,0.018424479166666667,0.019821041543904384,0.0025390625,0,0,0
float32-sized,fx-ov-bokeh-gold,0.3,True,True,0.0008223133680402839,0.028190104166666667,0.02458197119656523,0.004622395833333333,0.018880208333333332,0.018869476885398813,8.680555555555556e-05,0.017447916666666667,0.025534783995299466,0.003081597222222222,0,0,0
float32-sized,fx-ov-bokeh-gold,0.9,True,True,0.0001097526041604624,0.02146267361111111,0.026952226762624872,0.004752604166666666,0.021397569444444445,0.019162216550080987,0.001171875,0.02634548611111111,0.027040873699799305,0.00390625,0,0,0
float32-sized,fx-ov-bokeh-gold,1.5,True,True,0.0023738845486107607,0.020095486111111113,0.026808364801745827,0.0020399305555555557,0.02406684027777778,0.016020610855549216,0.0029296875,0.024370659722222222,0.024924156497078936,0.0021484375,0,0,0
float32-sized,fx-ov-bokeh-gold,2.1,True,True,0.00014483506944173996,0.02111545138888889,0.023754586685784895,0.0014973958333333334,0.020616319444444444,0.01910897579527658,0.0005208333333333333,0.020594618055555555,0.02397879037282088,0.002756076388888889,0,0,0
float32-sized,fx-ov-bokeh-pink,0.3,True,True,0.0032712977430549017,0.03042534722222222,0.021056216694739303,0.006423611111111111,0.0162109375,0.011939584449320487,0.004969618055555555,0.037999131944444445,0.03711968550356435,0.014995659722222223,0,0,0
float32-sized,fx-ov-bokeh-pink,0.9,True,True,0.0006218142360978618,0.03012152777777778,0.025645134243099804,0.014192708333333333,0.0205078125,0.013462485700926178,0.0030164930555555557,0.030078125,0.033390048864661535,0.003298611111111111,0,0,0
float32-sized,fx-ov-bokeh-pink,1.5,True,True,0.0041822265624915644,0.027408854166666666,0.025852017608026873,0.0023654513888888887,0.018988715277777776,0.014908077448308245,0.0054904513888888885,0.03107638888888889,0.030274620597135864,0.010503472222222223,0,0,0
float32-sized,fx-ov-bokeh-pink,2.1,True,True,0.0007027560763930296,0.026302083333333334,0.023749534599115673,0.0023003472222222223,0.014561631944444445,0.010920406418321166,0.0005425347222222222,0.03309461805555555,0.03433102349584693,0.0111328125,0,0,0
float32-sized,fx-ov-sparks,0.3,True,True,0.011539427083334886,0.018359375,0.02159927720878023,0.006814236111111111,0.022916666666666665,0.020915351470861557,0.013324652777777777,0.020833333333333332,0.02245465783887176,0.007769097222222222,0,0,0
float32-sized,fx-ov-sparks,0.9,True,True,0.014612868923620681,0.022157118055555557,0.02343932746855109,0.008832465277777778,0.024544270833333333,0.024319152450552394,0.017078993055555554,0.022005208333333335,0.02095634051515515,0.0072048611111111115,0,0,0
float32-sized,fx-ov-sparks,1.5,True,True,0.012796753472230193,0.017643229166666666,0.021520112009837514,0.0074435763888888885,0.0244140625,0.019532138970697156,0.014691840277777778,0.019118923611111113,0.022135113103721273,0.009787326388888889,0,0,0
float32-sized,fx-ov-sparks,2.1,True,True,0.008632816840282942,0.021744791666666666,0.023498176359385007,0.002690972222222222,0.022591145833333333,0.019499905865185532,0.010698784722222222,0.019856770833333332,0.02101973885197521,0.0056640625,0,0,0
float32-sized,fx-ov-embers,0.3,True,True,0.05262781249996351,0.07517361111111111,0.06887085564872987,0.06236979166666667,0.0677734375,0.05505896220521633,0.053059895833333336,0.05559895833333333,0.050554116935735194,0.019661458333333333,0,0,0
float32-sized,fx-ov-embers,0.9,True,True,0.05406828124998242,0.08617621527777777,0.07754003873141614,0.07454427083333333,0.0661892361111111,0.0518955763499646,0.05203993055555556,0.05206163194444444,0.04840712099541848,0.0138671875,0,0,0
float32-sized,fx-ov-embers,1.5,True,True,0.05094462673611133,0.06966145833333333,0.06563782455386025,0.06458333333333334,0.06605902777777778,0.05169767989209088,0.05043402777777778,0.05217013888888889,0.050220768075666465,0.015842013888888888,0,0,0
float32-sized,fx-ov-embers,2.1,True,True,0.04926076388889555,0.07395833333333333,0.07389512768955346,0.06970486111111111,0.05881076388888889,0.050365109916421465,0.04665798611111111,0.055512152777777775,0.052178143548522606,0.01484375,0,0,0
float32-sized,fx-ov-smoke,0.3,True,True,0.020598385416676024,0.02634548611111111,0.028036822750109183,0.012239583333333333,0.0279296875,0.027835260761068372,0.023111979166666668,0.031163194444444445,0.03351886788088893,0.0203125,0,0,0
float32-sized,fx-ov-smoke,0.9,True,True,0.01835030815971095,0.02131076388888889,0.026374787577522835,0.011328125,0.028125,0.02895785739264264,0.020833333333333332,0.027105034722222223,0.0295033943004494,0.014431423611111112,0,0,0
float32-sized,fx-ov-smoke,1.5,True,True,0.0171814149305618,0.020247395833333334,0.020555426038150207,0.009526909722222223,0.02931857638888889,0.02680392862335515,0.01890190972222222,0.0318359375,0.03381198209931431,0.022677951388888888,0,0,0
float32-sized,fx-ov-smoke,2.1,True,True,0.015022217881949018,0.02328559027777778,0.02723977819206195,0.009787326388888889,0.02554253472222222,0.02557199062428618,0.016688368055555555,0.02890625,0.02794429788240836,0.013932291666666667,0,0,0
float32-sized,fx-ov-fog-white,0.3,True,True,0.024768068576406677,0.04871961805555555,0.04061640023569047,0.03166232638888889,0.043793402777777775,0.03099723825905196,0.022699652777777777,0.041493055555555554,0.03336805567386346,0.024956597222222224,0,0,0
float32-sized,fx-ov-fog-white,0.9,True,True,0.028151948784710612,0.044422743055555554,0.03752988798542809,0.02736545138888889,0.04045138888888889,0.032452577475330036,0.027604166666666666,0.04383680555555555,0.042863578675738624,0.03589409722222222,0,0,0
float32-sized,fx-ov-fog-white,1.5,True,True,0.0308136762152742,0.04919704861111111,0.044381011086544415,0.030186631944444445,0.044921875,0.03674253682411509,0.03129340277777778,0.04140625,0.041820571339364516,0.027907986111111113,0,0,0
float32-sized,fx-ov-fog-white,2.1,True,True,0.026742821180533838,0.049153645833333336,0.043425961591813216,0.026801215277777776,0.04049479166666667,0.03384478862459678,0.026171875,0.04429253472222222,0.04293898995691342,0.0322265625,0,0,0
float32-sized,fx-ov-galaxy,0.3,True,True,0.011389388020830893,0.0208984375,0.023760275218350578,0.010698784722222222,0.017578125,0.020482806411081893,0.011675347222222222,0.018359375,0.022725429446174984,0.010590277777777778,0,0,0
float32-sized,fx-ov-galaxy,0.9,True,True,0.012406289062511178,0.023958333333333335,0.02575907477436106,0.011111111111111112,0.019032118055555554,0.01711660498879492,0.013042534722222223,0.0181640625,0.02335186741336098,0.009917534722222222,0,0,0
float32-sized,fx-ov-galaxy,1.5,True,True,0.01134093315972251,0.02751736111111111,0.02934863811471764,0.016362847222222223,0.019140625,0.015380145044777038,0.00993923611111111,0.02068142361111111,0.023804701296826148,0.010438368055555555,0,0,0
float32-sized,fx-ov-galaxy,2.1,True,True,0.007323958333323333,0.02478298611111111,0.030576841848956367,0.0035590277777777777,0.013953993055555556,0.014921478229267121,0.007964409722222222,0.0203125,0.023581678659919586,0.012065972222222223,0,0,0
float32-sized,fx-ov-fireflies,0.3,True,True,0.09893843749999576,0.17300347222222223,0.16553013995694194,0.16349826388888888,0.10961371527777777,0.09186188141541349,0.08465711805555555,0.06970486111111111,0.058992760819012106,0.050303819444444446,0,0,0
float32-sized,fx-ov-fireflies,0.9,True,True,0.10159963107638248,0.16712239583333333,0.15721026914770236,0.1564453125,0.1123046875,0.09523658750924754,0.09077690972222222,0.06805555555555555,0.05535704372996365,0.047309027777777776,0,0,0
float32-sized,fx-ov-fireflies,1.5,True,True,0.10186774305557833,0.17934027777777778,0.16884037746388655,0.17074652777777777,0.11119791666666666,0.08698729712278357,0.08602430555555556,0.07465277777777778,0.06633701994905387,0.055989583333333336,0,0,0
float32-sized,fx-ov-fireflies,2.1,True,True,0.10154092447916696,0.1697265625,0.16646891949979606,0.1605251736111111,0.11358506944444445,0.09245236775100432,0.08871527777777778,0.07517361111111111,0.06270673433900381,0.05490451388888889,0,0,0
float32-sized,fx-ov-magic-dust,0.3,True,True,0.02049836371529068,0.029861111111111113,0.023734976012831015,0.0011284722222222221,0.029796006944444446,0.02687157727822474,0.023849826388888887,0.05748697916666667,0.052552448334419646,0.0443359375,0,0,0
float32-sized,fx-ov-magic-dust,0.9,True,True,0.015010694444441697,0.03578559027777778,0.030516118691318057,0.007790798611111111,0.02476128472222222,0.022359008796161536,0.018815104166666666,0.05570746527777778,0.05465113943832922,0.04446614583333333,0,0,0
float32-sized,fx-ov-magic-dust,1.5,True,True,0.018623710937490046,0.03424479166666667,0.03138429055818708,0.003689236111111111,0.028276909722222222,0.025836255079882776,0.0240234375,0.0419921875,0.0420145219410735,0.030837673611111113,0,0,0
float32-sized,fx-ov-magic-dust,2.1,True,True,0.019954626736122805,0.027821180555555554,0.02863780984516172,0.0020399305555555557,0.02992621527777778,0.02496651084924703,0.02341579861111111,0.06458333333333334,0.057669643306127574,0.05043402777777778,0,0,0
float32-sized,fx-ov-sparkle-white,0.3,True,True,0.007757790798606834,0.05479600694444445,0.024730869969988887,0.007921006944444444,0.02834201388888889,0.018550805265013327,0.011979166666666667,0.03342013888888889,0.02222714042125255,0.012109375,0,0,0
float32-sized,fx-ov-sparkle-white,0.9,True,True,0.00997538194444303,0.05944010416666667,0.027366387826059047,0.0004557291666666667,0.027582465277777777,0.01841763441844849,0.013042534722222223,0.03539496527777778,0.02665964689796882,0.010308159722222222,0,0,0
float32-sized,fx-ov-sparkle-white,1.5,True,True,0.011403732638882502,0.06065538194444445,0.025003375490519255,0.004361979166666667,0.03487413194444444,0.02032711131507121,0.0154296875,0.0337890625,0.024932569541217496,0.01794704861111111,0,0,0
float32-sized,fx-ov-sparkle-white,2.1,True,True,0.007232456597222381,0.06770833333333333,0.02406990058093904,0.0007378472222222222,0.03046875,0.01771269714426139,0.00920138888888889,0.03650173611111111,0.022123715590148214,0.011197916666666667,0,0,0
float32-sized,fx-ov-glitter,0.3,True,True,0.007665282118068717,0.052886284722222225,0.021023914347910486,0.0009331597222222223,0.030989583333333334,0.017681302543592646,0.008854166666666666,0.028732638888888887,0.025606978831847618,0.015711805555555555,0,0,0
float32-sized,fx-ov-glitter,0.9,True,True,0.009085664062510546,0.052083333333333336,0.026802881697702043,0.012369791666666666,0.03224826388888889,0.019249241595513982,0.007074652777777778,0.0287109375,0.02419086482073672,0.0193359375,0,0,0
float32-sized,fx-ov-glitter,1.5,True,True,0.010175034722223586,0.051323784722222224,0.027664295939443084,0.008658854166666667,0.030533854166666666,0.01865770348713355,0.009657118055555556,0.03365885416666667,0.026535694815400756,0.019769965277777777,0,0,0
float32-sized,fx-ov-glitter,2.1,True,True,0.012670950520828228,0.04900173611111111,0.025810442633227595,0.007074652777777778,0.0306640625,0.02088849281691952,0.013823784722222222,0.03109809027777778,0.025585937859789822,0.01773003472222222,0,0,0
float32-sized,fx-ov-hearts-pink,0.3,True,True,0.1873261501736181,0.42506510416666665,0.9427108085019998,0.3539279513888889,0.14411892361111112,0.24165957646555666,0.12415364583333334,0.3341145833333333,0.604294336774558,0.32252604166666665,0,0,0
float32-sized,fx-ov-hearts-pink,0.9,True,True,0.10134087673613124,0.4044921875,1.1192245574204516,0.3951171875,0.05813802083333333,0.2415087870834481,0.01677517361111111,0.10206163194444444,0.7171636016598304,0.07398003472222223,0,0,0
float32-sized,fx-ov-hearts-pink,1.5,True,True,0.1675330946180651,0.5617838541666667,1.007078385221696,0.5558810763888888,0.10394965277777778,0.2625006627087243,0.054774305555555555,0.2205295138888889,0.7359960504302113,0.14097222222222222,0,0,0
float32-sized,fx-ov-hearts-pink,2.1,True,True,0.1245896354166689,0.2238498263888889,0.6053771736086584,0.21968315972222222,0.10221354166666667,0.225360301712524,0.09370659722222222,0.16959635416666666,0.6374224075712992,0.15049913194444445,0,0,0
float32-sized,fx-ov-stars,0.3,True,True,0.012299999999996203,0.02673611111111111,0.033960708419359296,0.016796875,0.02150607638888889,0.02673526073204336,0.0103515625,0.023914930555555554,0.03096682139348724,0.018359375,0,0,0
float32-sized,fx-ov-stars,0.9,True,True,0.004368624131956267,0.021788194444444443,0.026449013643300753,0.005121527777777778,0.020008680555555554,0.02110968609600971,0.003168402777777778,0.02476128472222222,0.026182234625182158,0.014040798611111112,0,0,0
float32-sized,fx-ov-stars,1.5,True,True,0.001431176215277219,0.0193359375,0.027914484267949513,0.0018880208333333333,0.021788194444444443,0.02405947633714594,0.0014756944444444444,0.028255208333333334,0.029652891542303016,0.010763888888888889,0,0,0
float32-sized,fx-ov-stars,2.1,True,True,0.011365147569442513,0.02165798611111111,0.03409876572158109,0.010763888888888889,0.023003472222222224,0.03359615892939949,0.011284722222222222,0.029557291666666666,0.034946463220435424,0.013932291666666667,0,0,0
float32-sized,fx-ov-confetti,0.3,True,True,0.0009790147569219698,0.055338541666666664,0.02473400940982785,0.0007378472222222222,0.05145399305555556,0.01890592384538301,6.510416666666667e-05,0.0294921875,0.027005749903465385,0.0107421875,0,0,0
float32-sized,fx-ov-confetti,0.9,True,True,0.0003157335069374767,0.0658203125,0.028688613988965425,0.0029730902777777776,0.04887152777777778,0.014781679641681143,0.0018663194444444445,0.03572048611111111,0.025489972182069984,0.014105902777777778,0,0,0
float32-sized,fx-ov-confetti,1.5,True,True,0.0021711111111102355,0.06197916666666667,0.02930649420333675,0.009027777777777777,0.04978298611111111,0.017240443929493334,0.0010850694444444445,0.024305555555555556,0.022869882407943663,0.01423611111111111,0,0,0
float32-sized,fx-ov-confetti,2.1,True,True,0.0023301736111136506,0.05835503472222222,0.02655418298949592,0.007703993055555556,0.048980034722222225,0.01708899625407584,0.0001953125,0.029709201388888887,0.021332904332899964,0.0115234375,0,0,0
float32-sized,fx-ov-snow,0.3,True,True,0.004650876736064902,0.025065104166666668,0.019684887810395547,0.008268229166666667,0.022222222222222223,0.016135598563553403,0.0038194444444444443,0.014388020833333333,0.01205181386732423,0.0022352430555555554,0,0,0
float32-sized,fx-ov-snow,0.9,True,True,0.008728307291676174,0.02849392361111111,0.02426400738509626,0.009092881944444445,0.026888020833333335,0.02057296289946501,0.0087890625,0.025325520833333334,0.021863879189533735,0.007052951388888889,0,0,0
float32-sized,fx-ov-snow,1.5,True,True,0.008695611979163687,0.03454861111111111,0.027436929296289936,0.009114583333333334,0.02541232638888889,0.017169438886751542,0.008745659722222222,0.022894965277777776,0.019135988542266825,0.006966145833333334,0,0,0
float32-sized,fx-ov-snow,2.1,True,True,0.005514322916667425,0.029600694444444443,0.02572426806814506,0.009505208333333333,0.021614583333333333,0.013006745824914632,0.0046875,0.021961805555555554,0.016003958472690066,0.001953125,0,0,0
float32-sized,fx-ov-rain,0.3,True,True,0.08858966145834302,0.12005208333333334,0.08899145200670487,0.08411458333333334,0.1345486111111111,0.08723666795066641,0.08454861111111112,0.17183159722222222,0.14076992149264866,0.141796875,0,0,0
float32-sized,fx-ov-rain,0.9,True,True,0.0861688715278035,0.12220052083333334,0.08969431387387243,0.08218315972222222,0.13645833333333332,0.08946870607978968,0.08177083333333333,0.17701822916666668,0.1412269254778288,0.14147135416666667,0,0,0
float32-sized,fx-ov-rain,1.5,True,True,0.0913341970485817,0.10885416666666667,0.07995755904240687,0.07217881944444444,0.13255208333333332,0.09341091666144688,0.09188368055555556,0.18483072916666668,0.14231870667251625,0.14229600694444444,0,0,0
float32-sized,fx-ov-rain,2.1,True,True,0.08678601562502308,0.1185546875,0.08593702770919998,0.08187934027777778,0.12599826388888888,0.08464225210555239,0.08289930555555555,0.1730685763888889,0.1401254186464524,0.13973524305555557,0,0,0
float32-sized,fx-ov-bubbles,0.3,True,True,0.004149032118064611,0.02634548611111111,0.018582463606205517,0.015321180555555555,0.014388020833333333,0.008427898401295255,0.0008897569444444444,0.029405381944444444,0.02205364958032559,0.003537326388888889,0,0,0
float32-sized,fx-ov-bubbles,0.9,True,True,0.00671973958333183,0.027886284722222224,0.01898217257328661,0.016644965277777778,0.01642795138888889,0.00881044021843646,0.0034071180555555556,0.032703993055555554,0.020788018125394134,0.010308159722222222,0,0,0
float32-sized,fx-ov-bubbles,1.5,True,True,0.003156736111108671,0.025260416666666667,0.02191454335083666,0.012890625,0.014713541666666666,0.00995510064146242,8.680555555555556e-05,0.021875,0.016361503888220472,0.004904513888888889,0,0,0
float32-sized,fx-ov-bubbles,2.1,True,True,0.00404847656248819,0.02228732638888889,0.014746993303512963,0.011002604166666667,0.014995659722222223,0.007935799508838891,0.0016276041666666667,0.030598958333333332,0.01833850754950034,0.007552083333333333,0,0,0
float32-sized,fx-ov-leak-warm,0.3,True,True,0.030116128472215564,0.06443142361111111,0.056293429502327366,0.05349392361111111,0.040690104166666664,0.03537486844765045,0.026844618055555554,0.03161892361111111,0.03173448637004852,0.006315104166666667,0,0,0
float32-sized,fx-ov-leak-warm,0.9,True,True,0.03581209201388447,0.061783854166666666,0.05975870532331215,0.04815538194444444,0.05071614583333333,0.045345936762915914,0.0361328125,0.03292100694444444,0.034001162051638514,0.0037109375,0,0,0
float32-sized,fx-ov-leak-warm,1.5,True,True,0.03585868055553476,0.05525173611111111,0.052639596806970404,0.04505208333333333,0.04967447916666667,0.04520751034096399,0.03617621527777778,0.033854166666666664,0.0270944544735436,0.005642361111111111,0,0,0
float32-sized,fx-ov-leak-warm,2.1,True,True,0.041342109374980396,0.05740017361111111,0.05494689087369308,0.05002170138888889,0.049609375,0.045574701271865185,0.04162326388888889,0.029969618055555557,0.03430474240593154,0.012999131944444445,0,0,0
float32-sized,fx-ov-leak-pink,0.3,True,True,0.05637108506942923,0.06851128472222222,0.06770019956580622,0.06291232638888888,0.07139756944444445,0.059250266759494116,0.05434027777777778,0.07953559027777778,0.06356060826570137,0.0572265625,0,0,0
float32-sized,fx-ov-leak-pink,0.9,True,True,0.0548813281249636,0.06976996527777778,0.06453504751299191,0.05796440972222222,0.06579861111111111,0.058774064072540405,0.054210069444444446,0.06569010416666667,0.05719757244636809,0.05245225694444444,0,0,0
float32-sized,fx-ov-leak-pink,1.5,True,True,0.052985594618064624,0.060980902777777776,0.0535761897719946,0.05060763888888889,0.06577690972222222,0.05671852496197675,0.05275607638888889,0.0754123263888889,0.06830828358511001,0.06226128472222222,0,0,0
float32-sized,fx-ov-leak-pink,2.1,True,True,0.060711558159709966,0.06527777777777778,0.06721989155388801,0.06315104166666667,0.07039930555555556,0.06280135175567461,0.06037326388888889,0.06456163194444445,0.06091347074537847,0.05687934027777778,0,0,0
float32-sized,fx-ov-leak-blue,0.3,True,True,0.051566953125018244,0.06156684027777778,0.058681367477652555,0.04715711805555556,0.05785590277777778,0.05563665931432864,0.05303819444444444,0.055403645833333334,0.05867867196268861,0.04997829861111111,0,0,0
float32-sized,fx-ov-leak-blue,0.9,True,True,0.05347325520833124,0.0537109375,0.058006796153466086,0.049544270833333334,0.0580078125,0.0560014081934839,0.05470920138888889,0.0607421875,0.0558248136066217,0.05279947916666667,0,0,0
float32-sized,fx-ov-leak-blue,1.5,True,True,0.05095484375002002,0.049305555555555554,0.05539319589175734,0.04405381944444445,0.056141493055555554,0.05390578490817082,0.05271267361111111,0.06032986111111111,0.0607523678678044,0.053862847222222225,0,0,0
float32-sized,fx-ov-leak-blue,2.1,True,True,0.053285941840300666,0.056380208333333334,0.05986282570313211,0.054600694444444445,0.05496961805555556,0.05392223574445119,0.05232204861111111,0.06438802083333334,0.06047366563532504,0.05896267361111111,0,0,0
float32-sized,fx-ov-light-streaks,0.3,False,False,3.1694815321180627,2.5093315972222223,2.7739918575438547,2.5093315972222223,3.2700303819444443,3.5763876306887714,3.2700303819444443,4.117339409722222,4.515237596831529,4.117339409722222,0,0,0
float32-sized,fx-ov-light-streaks,0.9,False,False,1.4173176996527843,1.117013888888889,1.3874393984462825,1.117013888888889,1.4678385416666666,2.0467835786351225,1.4626302083333333,1.8534288194444444,2.7777550039696455,1.852734375,0,0,0
float32-sized,fx-ov-light-streaks,1.5,False,False,0.07321905381944305,0.28192274305555554,2.79932766761411,0.12684461805555555,0.14468315972222223,3.724851070543397,0.0630859375,0.20075954861111112,4.725182917067642,0.015690104166666666,0,0,0
float32-sized,fx-ov-light-streaks,2.1,False,False,0.9349832508680578,0.8819010416666667,3.726283270613453,0.8819010416666667,0.9365668402777778,4.8339143213757385,0.9363932291666667,1.0784505208333333,6.098930931122093,1.077322048611111,0,0,0
float32-sized,fx-ov-stage-lights,0.3,True,True,0.012829335937503572,0.0173828125,0.019010191601648237,0.006575520833333333,0.018771701388888888,0.01750850547979191,0.0138671875,0.023958333333333335,0.024133675053114874,0.020963541666666665,0,0,0
float32-sized,fx-ov-stage-lights,0.9,True,True,0.012526050347226203,0.02048611111111111,0.02345222066182,0.013324652777777777,0.015863715277777777,0.015351301272581542,0.011870659722222222,0.02261284722222222,0.023315821845691028,0.016666666666666666,0,0,0
float32-sized,fx-ov-stage-lights,1.5,True,True,0.010944379340273258,0.025260416666666667,0.023815534906299902,0.014496527777777778,0.013628472222222222,0.014799137216120029,0.008984375,0.022547743055555555,0.02385510754205424,0.01990017361111111,0,0,0
float32-sized,fx-ov-stage-lights,2.1,True,True,0.014943259548608978,0.0216796875,0.02256432285357015,0.009223090277777778,0.018880208333333332,0.018710170133377863,0.016189236111111113,0.02087673611111111,0.02310191966176954,0.019444444444444445,0,0,0
float32-sized,fx-ov-bg-purple-smoke,0.3,True,True,0.010572873263889448,0.01916232638888889,0.01986202422260746,0.018467881944444445,0.005750868055555556,0.007474798995615489,0.005750868055555556,0.03509114583333333,0.037393876081292174,0.03509114583333333,0,0,0
float32-sized,fx-ov-bg-purple-smoke,0.9,True,True,0.012389539930559579,0.019487847222222222,0.02041694464142516,0.018055555555555554,0.007964409722222222,0.008501465520085759,0.007964409722222222,0.04236111111111111,0.04126020805818878,0.039539930555555554,0,0,0
float32-sized,fx-ov-bg-purple-smoke,1.5,True,True,0.011766467013885062,0.023372395833333334,0.024968671172350094,0.020247395833333334,0.0067708333333333336,0.007386338779112424,0.006597222222222222,0.04090711805555555,0.0400729376592713,0.037999131944444445,0,0,0
float32-sized,fx-ov-bg-purple-smoke,2.1,True,True,0.009929973958335836,0.018598090277777778,0.018150493289445648,0.010959201388888888,0.006553819444444445,0.006918286105257196,0.006553819444444445,0.04138454861111111,0.03901005024861143,0.04034288194444444,0,0,0
float32-sized,fx-ov-bg-pastel-ink,0.3,True,True,0.043628454861135424,0.008528645833333333,0.008268655207326355,0.008528645833333333,0.05423177083333333,0.057076273213588706,0.05423177083333333,0.04194878472222222,0.04204317518567325,0.04194878472222222,0,0,0
float32-sized,fx-ov-bg-pastel-ink,0.9,True,True,0.042601263020856095,0.011653645833333334,0.013018855257504775,0.011653645833333334,0.051605902777777775,0.05015571914325408,0.051605902777777775,0.04453125,0.046445570090321325,0.04453125,0,0,0
float32-sized,fx-ov-bg-pastel-ink,1.5,True,True,0.04397176649305834,0.011002604166666667,0.011492067661908986,0.011002604166666667,0.053211805555555554,0.05309076735733395,0.053211805555555554,0.04952256944444444,0.04871679765477552,0.04952256944444444,0,0,0
float32-sized,fx-ov-bg-pastel-ink,2.1,True,True,0.05113398003473435,0.007877604166666666,0.0075938566654383905,0.007877604166666666,0.06493055555555556,0.06543051761561156,0.06493055555555556,0.041840277777777775,0.04166963192589172,0.041840277777777775,0,0,0
float32-sized,fx-ov-bg-pink-gradient,0.3,True,True,0.017594986979162286,0.001736111111111111,0.002076709779702026,0.001736111111111111,0.017447916666666667,0.017248426843089925,0.017274305555555557,0.06781684027777778,0.06777914530893624,0.06746961805555556,0,0,0
float32-sized,fx-ov-bg-pink-gradient,0.9,True,True,0.017506553819444548,0.001974826388888889,0.0016813129132797308,0.0016276041666666667,0.01720920138888889,0.017474688612524773,0.01720920138888889,0.06720920138888889,0.06719137901160704,0.06720920138888889,0,0,0
float32-sized,fx-ov-bg-pink-gradient,1.5,True,True,0.017524097222207047,0.0011067708333333333,0.0010405866454592245,0.0007161458333333333,0.017816840277777777,0.01771800277303159,0.017469618055555556,0.06755642361111111,0.06750315099804732,0.06755642361111111,0,0,0
float32-sized,fx-ov-bg-pink-gradient,2.1,True,True,0.017338489583323735,0.002018229166666667,0.001978225720904802,0.0016710069444444444,0.017361111111111112,0.01714684775868133,0.017013888888888887,0.06668836805555556,0.06696514202882703,0.06668836805555556,0,0,0
float32-sized,fx-ov-bg-blue-hearts,0.3,True,True,0.02405315104165595,0.013715277777777778,0.013926609754433312,0.012586805555555556,0.023893229166666665,0.023917061633592952,0.023155381944444445,0.06671006944444445,0.06756470275943607,0.06671006944444445,0,0,0
float32-sized,fx-ov-bg-blue-hearts,0.9,True,True,0.02480491753472336,0.01154513888888889,0.010996023480114234,0.010069444444444445,0.026128472222222223,0.024715962217776995,0.024913194444444446,0.06829427083333334,0.06680799579092943,0.06712239583333333,0,0,0
float32-sized,fx-ov-bg-blue-hearts,1.5,True,True,0.024455655381956376,0.01657986111111111,0.014144946225873143,0.012934027777777777,0.02421875,0.023913810649810335,0.0234375,0.06846788194444445,0.06927619243956828,0.06846788194444445,0,0,0
float32-sized,fx-ov-bg-blue-hearts,2.1,True,True,0.025676184895829124,0.013715277777777778,0.01300281118610842,0.01228298611111111,0.02654079861111111,0.028197797855702166,0.024978298611111113,0.07202690972222223,0.07373611953361701,0.07202690972222223,0,0,0
float32-sized,fx-ov-bg-pink-bokeh,0.3,True,True,0.014559509548611516,0.04986979166666667,0.05318346228604709,0.04917534722222222,0.0048177083333333336,0.011394094760721698,0.0030381944444444445,0.02892795138888889,0.03395019687959024,0.0267578125,0,0,0
float32-sized,fx-ov-bg-pink-bokeh,0.9,True,True,0.014311263020829301,0.04921875,0.04762040562237099,0.04774305555555555,0.004622395833333333,0.008166621998101826,0.0030598958333333333,0.02771267361111111,0.03161159740965041,0.02732204861111111,0,0,0
float32-sized,fx-ov-bg-pink-bokeh,1.5,True,True,0.01441309895833598,0.05119357638888889,0.051855628525217044,0.050455729166666664,0.005164930555555555,0.005772685884964022,0.002387152777777778,0.028450520833333333,0.03138942678394763,0.027408854166666666,0,0,0
float32-sized,fx-ov-bg-pink-bokeh,2.1,True,True,0.013313563368058112,0.04861111111111111,0.04874810500178469,0.04782986111111111,0.005316840277777778,0.009207618841698451,0.0018012152777777779,0.02719184027777778,0.03181784378859604,0.025716145833333332,0,0,0
float32-sized,fx-ov-bg-golden-band,0.3,True,True,0.004316796875000861,0.007769097222222222,0.006636810325014354,0.006727430555555556,0.004318576388888889,0.003535269607591051,0.0036241319444444446,0.004427083333333333,0.0038996578346038153,0.004079861111111111,0,0,0
float32-sized,fx-ov-bg-golden-band,0.9,True,True,0.003596723090277365,0.0060546875,0.005929016396620579,0.0057074652777777775,0.0034939236111111113,0.0033733665888562,0.0029730902777777776,0.0035590277777777777,0.0034617207936043807,0.0035590277777777777,0,0,0
float32-sized,fx-ov-bg-golden-band,1.5,True,True,0.00448555989583177,0.0069010416666666664,0.007278290815387646,0.0069010416666666664,0.004166666666666667,0.0037494134214265426,0.0038194444444444443,0.0039713541666666664,0.0038868398111780236,0.0039713541666666664,0,0,0
float32-sized,fx-ov-bg-golden-band,2.1,True,True,0.004625976562502743,0.005360243055555556,0.005206286854052465,0.005013020833333334,0.0052517361111111115,0.00450629495278448,0.004557291666666667,0.004166666666666667,0.004088598729708397,0.004166666666666667,0,0,0
float32-sized,fx-ov-bg-blue-smoke,0.3,True,True,0.007483493923613693,0.009309895833333333,0.01026286496649116,0.00896267361111111,0.007942708333333333,0.008820336568782542,0.0069010416666666664,0.011371527777777777,0.013738840903726394,0.008897569444444444,0,0,0
float32-sized,fx-ov-bg-blue-smoke,0.9,True,True,0.008476132812500481,0.01447482638888889,0.017869711737035752,0.01447482638888889,0.008094618055555556,0.008600835559329162,0.006532118055555556,0.0140625,0.014893873423101622,0.010069444444444445,0,0,0
float32-sized,fx-ov-bg-blue-smoke,1.5,True,True,0.010960585937500156,0.01310763888888889,0.014836811166013231,0.01310763888888889,0.009895833333333333,0.010565813712379855,0.009722222222222222,0.01794704861111111,0.017188238308914538,0.016905381944444443,0,0,0
float32-sized,fx-ov-bg-blue-smoke,2.1,True,True,0.011311080729166534,0.014453125,0.015886393070169466,0.014453125,0.009461805555555555,0.010757783851767124,0.009461805555555555,0.020768229166666666,0.022803628168402094,0.020377604166666667,0,0,0
float32-sized,fx-ov-bg-light-wall,0.3,True,True,0.03763320746526233,0.02892795138888889,0.02849514774872511,0.02892795138888889,0.04040798611111111,0.03894707965100068,0.040234375,0.0375,0.03750373011736186,0.0375,0,0,0
float32-sized,fx-ov-bg-light-wall,0.9,True,True,0.030299184027768433,0.024609375,0.02461227206995947,0.024609375,0.03200954861111111,0.031641491272290344,0.03166232638888889,0.03355034722222222,0.03343229671772354,0.03355034722222222,0,0,0
float32-sized,fx-ov-bg-light-wall,1.5,True,True,0.03302319878470428,0.03253038194444444,0.030619832041225464,0.03253038194444444,0.03298611111111111,0.03212459484679627,0.03263888888888889,0.03828125,0.038797253569975106,0.03828125,0,0,0
float32-sized,fx-ov-bg-light-wall,2.1,True,True,0.03598225694445034,0.028624131944444443,0.028487461051787073,0.027842881944444446,0.03802083333333333,0.038023557980877684,0.03780381944444444,0.041905381944444445,0.04392971180199982,0.041905381944444445,0,0,0
float32-sized,fx-ov-bg-3d-shapes,0.3,False,False,0.8533898263889057,1.5552734375,10.30686682952291,0.8707682291666666,1.5759331597222221,10.14481539181487,0.8485026041666667,1.3631727430555556,9.336321779716078,0.8506293402777778,0,0,0
float32-sized,fx-ov-bg-3d-shapes,0.9,False,False,0.8225752560763908,1.538888888888889,10.236666877422694,0.8455729166666667,1.555490451388889,10.085516111465331,0.8148654513888889,1.3412109375,9.302067546832626,0.8312282986111111,0,0,0
float32-sized,fx-ov-bg-3d-shapes,1.5,False,False,0.7839990581597078,1.5121744791666667,10.133084044299078,0.8124782986111111,1.5303602430555556,9.992962068044783,0.7735894097222222,1.3157118055555554,9.203826042351517,0.8032552083333333,0,0,0
float32-sized,fx-ov-bg-3d-shapes,2.1,False,False,0.7118238368055358,1.4307508680555556,10.004011379980506,0.7422526041666667,1.4674913194444446,9.873350730315027,0.7013454861111111,1.2545789930555555,9.105826085306951,0.7260199652777778,0,0,0
float32-sized,fx-ov-bg-red-hearts,0.3,True,True,0.003996523437500343,0.020703125,0.02096331508738989,0.01892361111111111,0.00034722222222222224,0.00045003485157928103,0,0.0003689236111111111,0.0005649661132302374,0.0003689236111111111,0,0,0
float32-sized,fx-ov-bg-red-hearts,0.9,True,True,0.004067847222216869,0.018771701388888888,0.0188859384235308,0.018424479166666667,0.00017361111111111112,0.00025980398467321294,0.00017361111111111112,0.0003689236111111111,0.00033506003678550626,0.0003689236111111111,0,0,0
float32-sized,fx-ov-bg-red-hearts,1.5,True,True,0.0039005381944434703,0.018641493055555555,0.019229964938586103,0.01794704861111111,0.00017361111111111112,0.0003911009582293471,0.00017361111111111112,0.0005425347222222222,0.0005406290207963423,0.0005425347222222222,0,0,0
float32-sized,fx-ov-bg-red-hearts,2.1,True,True,0.004041076388887177,0.019292534722222223,0.01970323161571566,0.019292534722222223,0.0006076388888888889,0.0008092078178662106,8.680555555555556e-05,0.0003689236111111111,0.0005152679357053244,2.170138888888889e-05,0,0,0
float32-sized,fx-ov-sc-aurora,0.3,True,True,0.0164199479166669,0.005577256944444445,0.005573627966481946,0.005577256944444445,0.01955295138888889,0.019176792180962694,0.01937934027777778,0.019813368055555555,0.01811335191665541,0.019032118055555554,0,0,0
float32-sized,fx-ov-sc-aurora,0.9,True,True,0.014185355902775143,0.006206597222222222,0.0058294690248934045,0.005815972222222222,0.016861979166666666,0.01652823688495581,0.016514756944444445,0.016796875,0.015777480764328444,0.015755208333333333,0,0,0
float32-sized,fx-ov-sc-aurora,1.5,True,True,0.013201840277787369,0.0054904513888888885,0.005255210305620692,0.0054904513888888885,0.015256076388888888,0.015227636331918083,0.015256076388888888,0.015559895833333334,0.016220120122586203,0.015559895833333334,0,0,0
float32-sized,fx-ov-sc-aurora,2.1,True,True,0.01066187065972457,0.005186631944444444,0.005751702861514232,0.0044921875,0.012174479166666667,0.012619572373654806,0.012174479166666667,0.01384548611111111,0.014055914172054311,0.01384548611111111,0,0,0
float32-sized,fx-ov-sc-milky-way,0.3,True,True,0.010611588541667771,0.017296006944444445,0.017566000286246514,0.0166015625,0.009223090277777778,0.009929177251204721,0.008528645833333333,0.0154296875,0.014880550298953597,0.013606770833333334,0,0,0
float32-sized,fx-ov-sc-milky-way,0.9,True,True,0.009564887152777146,0.013042534722222223,0.013296762281916518,0.011610243055555556,0.009461805555555555,0.009749109045094968,0.008246527777777778,0.017296006944444445,0.01754539814889747,0.0166015625,0,0,0
float32-sized,fx-ov-sc-milky-way,1.5,True,True,0.009787204861112286,0.013368055555555555,0.01420773529995335,0.012630208333333334,0.009331597222222222,0.0094863293733158,0.00859375,0.013975694444444445,0.013813548658009907,0.013237847222222222,0,0,0
float32-sized,fx-ov-sc-milky-way,2.1,True,True,0.010295759548611727,0.014171006944444444,0.015332352293925612,0.013433159722222223,0.00993923611111111,0.010641756838101242,0.008680555555555556,0.017447916666666667,0.01771393587202217,0.017057291666666665,0,0,0
float32-sized,fx-ov-sc-sunset-sea,0.3,True,True,0.02748140624998996,0.031684027777777776,0.03201694456329915,0.031336805555555555,0.026410590277777778,0.02679423322503707,0.026410590277777778,0.02673611111111111,0.027266416372312665,0.02673611111111111,0,0,0
float32-sized,fx-ov-sc-sunset-sea,0.9,True,True,0.028361966145823203,0.029014756944444445,0.029174215583783913,0.02866753472222222,0.028559027777777777,0.028654752106915055,0.028211805555555556,0.02894965277777778,0.028401837918668314,0.02894965277777778,0,0,0
float32-sized,fx-ov-sc-sunset-sea,1.5,True,True,0.027877621527764518,0.02749565972222222,0.028081838394025456,0.0271484375,0.028211805555555556,0.028082711302711817,0.028211805555555556,0.02671440972222222,0.026743255112972868,0.02671440972222222,0,0,0
float32-sized,fx-ov-sc-sunset-sea,2.1,True,True,0.027946015624991105,0.030143229166666667,0.03213782650131718,0.030143229166666667,0.027452256944444444,0.027766505776551723,0.027452256944444444,0.0263671875,0.026576866197384735,0.0263671875,0,0,0
float32-sized,fx-ov-sc-moon-dunes,0.3,True,True,0.011260082465277321,0.008029513888888888,0.0078066151380513475,0.008029513888888888,0.0115234375,0.011440328557982079,0.0115234375,0.0181640625,0.01761318311912839,0.0181640625,0,0,0
float32-sized,fx-ov-sc-moon-dunes,0.9,True,True,0.010648012152778108,0.010286458333333333,0.010680323076556475,0.010286458333333333,0.010112847222222223,0.010146810598839704,0.010112847222222223,0.017013888888888887,0.01653504457285876,0.017013888888888887,0,0,0
float32-sized,fx-ov-sc-moon-dunes,1.5,True,True,0.009946323784717492,0.0078125,0.007550306957951464,0.0078125,0.009917534722222222,0.010288418002743844,0.009917534722222222,0.016514756944444445,0.01611674420096518,0.016514756944444445,0,0,0
float32-sized,fx-ov-sc-moon-dunes,2.1,True,True,0.010688168402772646,0.008984375,0.008715349049658414,0.008984375,0.010503472222222223,0.01067233978189471,0.010503472222222223,0.017534722222222222,0.01807862663911513,0.017534722222222222,0,0,0
float32-sized,fx-ov-sc-clouds,0.3,True,True,0.02026112847222805,0.006532118055555556,0.006906126001821441,0.0018012152777777779,0.02165798611111111,0.019001145768465455,0.019401041666666667,0.08313802083333334,0.08517256418119976,0.08313802083333334,0,0,0
float32-sized,fx-ov-sc-clouds,0.9,True,True,0.023264401041672045,0.0109375,0.010842533187339744,0.0019097222222222222,0.02443576388888889,0.02262780564748975,0.023307291666666667,0.0857204861111111,0.08778034002446751,0.0857204861111111,0,0,0
float32-sized,fx-ov-sc-clouds,1.5,True,True,0.02666089843745567,0.014626736111111111,0.013368767744335064,0.0033854166666666668,0.030490451388888888,0.027081315090626643,0.027799479166666665,0.08391927083333334,0.08178151143322526,0.08391927083333334,0,0,0
float32-sized,fx-ov-sc-clouds,2.1,True,True,0.03190426215277853,0.02048611111111111,0.01890060743215823,0.008854166666666666,0.034331597222222225,0.03293154142820586,0.033463541666666666,0.08433159722222222,0.08552832991809532,0.08433159722222222,0,0,0
float32-sized,fx-ov-sc-snowy-night,0.3,True,True,0.03830925347222092,0.04791666666666667,0.04713415304754209,0.047526041666666664,0.033854166666666664,0.03322470971651237,0.03333333333333333,0.061197916666666664,0.06161381238558195,0.060460069444444445,0,0,0
float32-sized,fx-ov-sc-snowy-night,0.9,True,True,0.03858410590278538,0.0470703125,0.04656228067724071,0.0470703125,0.036046006944444445,0.03449064228118391,0.034657118055555554,0.05249565972222222,0.052418570880526864,0.05249565972222222,0,0,0
float32-sized,fx-ov-sc-snowy-night,1.5,True,True,0.03869705295138459,0.04798177083333333,0.04699417455182652,0.04724392361111111,0.03572048611111111,0.03475552405126006,0.034765625,0.053168402777777776,0.05249128512435629,0.052473958333333334,0,0,0
float32-sized,fx-ov-sc-snowy-night,2.1,True,True,0.037755551215283845,0.04600694444444445,0.04463019599452466,0.044921875,0.03448350694444444,0.03385776437834673,0.03357204861111111,0.059136284722222224,0.05717964703637561,0.058094618055555554,0,0,0
float32-sized,fx-ov-sc-ocean,0.3,True,True,0.05754682725694238,0.037369791666666666,0.037825788350718016,0.037369791666666666,0.06397569444444444,0.06358356648743756,0.06397569444444444,0.053276909722222224,0.05225761928559515,0.053276909722222224,0,0,0
float32-sized,fx-ov-sc-ocean,0.9,True,True,0.05671385416667363,0.03630642361111111,0.03670800490081453,0.03630642361111111,0.06382378472222222,0.06294507719933674,0.06382378472222222,0.046375868055555554,0.04621509037220653,0.046375868055555554,0,0,0
float32-sized,fx-ov-sc-ocean,1.5,True,True,0.05535402777778131,0.03654513888888889,0.036423772804701056,0.03654513888888889,0.06319444444444444,0.06210166614954203,0.06319444444444444,0.03307291666666667,0.03230565099906676,0.03307291666666667,0,0,0
float32-sized,fx-ov-sc-ocean,2.1,True,True,0.05555252170140079,0.03582899305555556,0.03579664947351409,0.03582899305555556,0.06432291666666666,0.06357471448081582,0.06414930555555555,0.02847222222222222,0.027279846569524188,0.02847222222222222,0,0,0
float32-sized,fx-ov-sc-shooting-stars,0.3,True,True,0.0006672916666676798,0.0005425347222222222,0.0011878459672159394,0.0005425347222222222,0.0009765625,0.0012317554741540914,0.0006293402777777778,0.0028862847222222224,0.0026209951750806155,0.0014105902777777778,0,0,0
float32-sized,fx-ov-sc-shooting-stars,0.9,True,True,0.0013652300347235524,0.009874131944444444,0.008038083072266045,0.0009765625,0.009526909722222223,0.008475537781142775,0.001193576388888889,0.009852430555555555,0.010734091719801966,0.004210069444444444,0,0,0
float32-sized,fx-ov-sc-shooting-stars,1.5,True,True,0.2950681032986111,0.2765842013888889,0.2846231955277319,0.2765842013888889,0.3005642361111111,0.30746892044117585,0.3005642361111111,0.2950520833333333,0.3021445237334082,0.2950520833333333,0,0,0
float32-sized,fx-ov-sc-shooting-stars,2.1,True,True,0.18509167968749995,0.18498263888888888,0.39808092180566923,0.18498263888888888,0.18346354166666667,0.383763411444499,0.18346354166666667,0.2015407986111111,0.4276137775498078,0.2015407986111111,0,0,0
float32-sized,fx-ov-tr-shape-pop,0.3,True,True,0.009190559895827732,0.05067274305555555,0.020585288221871025,0.002105034722222222,0.029600694444444443,0.01789845004509719,0.010590277777777778,0.027083333333333334,0.024470726201222762,0.016189236111111113,0,0,0
float32-sized,fx-ov-tr-shape-pop,0.9,True,True,0.0007799262153014297,0.0012369791666666666,0.0018918963600080886,0.0012369791666666666,0.0012586805555555556,0.0010322940257508997,0.00047743055555555554,0.0024305555555555556,0.0019503439562020626,0.0024305555555555556,0,0,0
float32-sized,fx-ov-tr-shape-pop,1.5,True,True,0.006316467013903093,0.031163194444444445,0.01866433655144389,0.008159722222222223,0.016167534722222224,0.010666845747047208,0.0054904513888888885,0.015842013888888888,0.014071865753073102,0.009071180555555556,0,0,0
float32-sized,fx-ov-tr-shape-pop,2.1,True,True,0.01190944444444142,0.04813368055555556,0.02534026100336182,0.006597222222222222,0.029014756944444445,0.01991673411362201,0.012955729166666667,0.03090277777777778,0.025689733437207977,0.0171875,0,0,0
float32-sized,fx-ov-tr-glow-blob,0.3,True,True,0.0025673437500302043,0.003515625,0.005242565055806235,4.340277777777778e-05,0.003298611111111111,0.003963748378092503,0.003125,0.005121527777777778,0.0048315309520673465,0.0047309027777777775,0,0,0
float32-sized,fx-ov-tr-glow-blob,0.9,True,True,0,0,0,0,0,0,0,0,0,0,0,0,0
float32-sized,fx-ov-tr-glow-blob,1.5,True,True,0.0024280772569511555,0.0021484375,0.0023574580359708793,2.170138888888889e-05,0.0032335069444444442,0.003263352893527408,0.0030598958333333333,0.0036024305555555558,0.0027393064351471687,0.0032552083333333335,0,0,0
float32-sized,fx-ov-tr-glow-blob,2.1,True,True,0.008219427083361097,0.006206597222222222,0.005923842233426878,0.0048177083333333336,0.0091796875,0.007856080062239144,0.0091796875,0.009809027777777778,0.008084590058273196,0.008723958333333334,0,0,0
float32-sized,fx-ov-tr-fire-wipe,0.3,True,True,0.01714888020834593,0.019661458333333333,0.022029739004760355,0.010894097222222222,0.030013020833333334,0.023539101411873042,0.0201171875,0.010720486111111111,0.01666775863769362,0.006163194444444444,0,0,0
float32-sized,fx-ov-tr-fire-wipe,0.9,True,True,0.028510021701393384,0.03904079861111111,0.036625992714501746,0.032703993055555554,0.030598958333333332,0.03170285169508292,0.02894965277777778,0.013715277777777778,0.015574113859884036,0.011805555555555555,0,0,0
float32-sized,fx-ov-tr-fire-wipe,1.5,True,True,0.01637287760416939,0.021397569444444445,0.0250638895875124,0.01853298611111111,0.024826388888888887,0.02255171355932205,0.016145833333333335,0.013650173611111111,0.018423759985224143,0.012261284722222222,0,0,0
float32-sized,fx-ov-tr-fire-wipe,2.1,True,True,0.010215798611113769,0.020833333333333332,0.020425270456368914,0.006944444444444444,0.02541232638888889,0.019833068186024545,0.012044270833333334,0.009548611111111112,0.016531697107393665,0.001736111111111111,0,0,0
float32-sized,fx-ov-tr-ink,0.3,True,True,7.040798611157584e-05,0.00920138888888889,0.0056111131377186586,0.00017361111111111112,0.00798611111111111,0.004931491605698848,0.00034722222222222224,0.004036458333333334,0.005398779959611401,0.001953125,0,0,0
float32-sized,fx-ov-tr-ink,0.9,True,True,0,0,0,0,0,0,0,0,0,0,0,0,0
float32-sized,fx-ov-tr-ink,1.5,True,True,0.0016240538194463028,0.006184895833333333,0.006714995412381008,0.0026258680555555558,0.005859375,0.0038468604452379872,0.0015625,0.0025390625,0.0032213341456279877,0.0007161458333333333,0,0,0
float32-sized,fx-ov-tr-ink,2.1,True,True,0.0005028081597231449,0.013151041666666667,0.01075015283999348,0.00043402777777777775,0.009982638888888888,0.00563306843475183,0.0007378472222222222,0.0044921875,0.00559124430950644,0.0009331597222222223,0,0,0
float32-sized,fx-ov-tr-light-burst,0.3,False,False,1.1439047439236134,1.5356770833333333,6.053539578972501,1.2443576388888888,1.4412543402777778,5.375652230825343,1.1150390625,1.5152994791666667,5.435986359239571,1.1340494791666667,0,0,0
float32-sized,fx-ov-tr-light-burst,0.9,False,False,0.7550896006944399,0.7861979166666667,2.2201897685874252,0.7846354166666667,0.7472439236111111,1.9577000339331585,0.7456814236111111,0.7630642361111111,1.9006673082821919,0.7612847222222222,0,0,0
float32-sized,fx-ov-tr-light-burst,1.5,True,True,0.2028835112847318,0.3268012152777778,0.6744180206658299,0.3201171875,0.19457465277777777,0.6606613389069207,0.16636284722222222,0.22152777777777777,0.6895335195390662,0.21944444444444444,0,0,0
float32-sized,fx-ov-tr-light-burst,2.1,False,False,1.1371940364583253,1.5270833333333333,6.042506301994802,1.2506944444444446,1.4242404513888889,5.374863206878773,1.1039279513888889,1.4547743055555555,5.391188502532433,1.1325086805555555,0,0,0
float32-sized,fx-ov-tr-scribble,0.3,False,False,0.026141835937494307,0.4019314236111111,2.5903418309085717,0.39407552083333336,0.18895399305555555,0.6564867381114006,0.06577690972222222,0.45,1.7044662019523509,0.14674479166666668,0,0,0
float32-sized,fx-ov-tr-scribble,0.9,False,False,0.3878552430555544,1.07578125,8.59941530315841,1.07578125,0.7624565972222223,2.691153493893301,0.3294704861111111,1.166015625,5.704341226596581,1.0594618055555556,0,0,0
float32-sized,fx-ov-tr-scribble,1.5,False,False,0.44494176215278003,0.8229383680555555,2.6776967432237835,0.8229383680555555,0.464453125,1.523319371512608,0.439453125,0.6741970486111111,1.8958430889547724,0.6137369791666667,0,0,0
float32-sized,fx-ov-tr-scribble,2.1,False,False,0.02191488715278922,0.45427517361111114,2.190800865183101,0.44255642361111114,0.16940104166666667,0.5683848199793826,0.14127604166666666,0.3611328125,1.4149206364571505,0.2072265625,0,0,0
float32-sized,fx-ov-el-speed-lines,0.3,True,True,0.002544236111106102,0.03784722222222222,0.030468589023930414,0.005772569444444445,0.03689236111111111,0.024978781582155114,0.0012586805555555556,0.03784722222222222,0.030468589023930414,0.005772569444444445,0,0,0
float32-sized,fx-ov-el-speed-lines,0.9,True,True,0.0031960763888889687,0.03806423611111111,0.022841965153823807,0.0014756944444444444,0.03795572916666667,0.01790875996951293,0.005056423611111111,0.03806423611111111,0.022841965153823807,0.0014756944444444444,0,0,0
float32-sized,fx-ov-el-speed-lines,1.5,True,True,0.0030871875000002547,0.040863715277777775,0.02536914334495747,0.0037109375,0.03361545138888889,0.018856952786671616,0.0057942708333333336,0.040863715277777775,0.02536914334495747,0.0037109375,0,0,0
float32-sized,fx-ov-el-speed-lines,2.1,True,True,0.00301569444445704,0.03747829861111111,0.02460046295741685,0.01091579861111111,0.034765625,0.02047156205829969,0.00013020833333333333,0.03747829861111111,0.02460046295741685,0.01091579861111111,0,0,0
float32-sized,fx-ov-el-lightning,0.3,True,True,0.002610164930558767,0.0306640625,0.0271250310874359,0.0115234375,0.02033420138888889,0.013975865928232422,0.0007595486111111111,0.026801215277777776,0.027382594506524086,0.009743923611111111,0,0,0
float32-sized,fx-ov-el-lightning,0.9,True,True,0.022707404513880647,0.1384765625,1.5402895291856138,0.016644965277777778,0.10321180555555555,1.4547797036464147,0.020052083333333335,0.14476996527777777,1.6400791111418938,0.06686197916666667,0,0,0
float32-sized,fx-ov-el-lightning,1.5,True,True,0.009055269097210328,0.015516493055555556,0.011527713202810356,0.0059244791666666664,0.018619791666666666,0.010097657492106097,0.009114583333333334,0.024370659722222222,0.01917557251744378,0.017686631944444444,0,0,0
float32-sized,fx-ov-el-lightning,2.1,True,True,0.014335234375003836,0.020399305555555556,0.01623024888052533,0.013888888888888888,0.02209201388888889,0.015664880489756488,0.014149305555555556,0.026692708333333332,0.021417703246806002,0.017491319444444445,0,0,0
float32-sized,fx-ov-el-moon,0.3,True,True,0.008522074652788092,0.025108506944444445,0.02568166453328534,0.0001953125,0.024175347222222223,0.021295256348765102,0.011631944444444445,0.01968315972222222,0.023225820882411843,0.0022352430555555554,0,0,0
float32-sized,fx-ov-el-moon,0.9,True,True,0.007279401041671463,0.017816840277777777,0.02147349808614518,0.0008897569444444444,0.022005208333333335,0.019906100648303855,0.009635416666666667,0.021375868055555556,0.02186435637411034,0.002756076388888889,0,0,0
float32-sized,fx-ov-el-moon,1.5,True,True,0.011476805555531655,0.020941840277777776,0.022911034359863854,0.005620659722222222,0.024826388888888887,0.02341324689578385,0.014019097222222223,0.020811631944444443,0.02469289322099222,0.003537326388888889,0,0,0
float32-sized,fx-ov-el-moon,2.1,True,True,0.006974357638895867,0.023980034722222224,0.021494318585549052,0.0030164930555555557,0.023546006944444444,0.02058347077505385,0.009787326388888889,0.02931857638888889,0.025507093386767758,0.008528645833333333,0,0,0
float32-sized,fx-ov-el-smoke-puff,0.3,True,True,0.019440199652763113,0.05277777777777778,0.037983255539496254,0.019748263888888888,0.054535590277777775,0.032486343273959356,0.020811631944444443,0.033680555555555554,0.0324327048493931,0.0049479166666666664,0,0,0
float32-sized,fx-ov-el-smoke-puff,0.9,True,True,0.03912831597222066,0.06213107638888889,0.059505560177067894,0.044422743055555554,0.05744357638888889,0.04539502977094068,0.040516493055555554,0.033355034722222225,0.029870576954989077,0.009787326388888889,0,0,0
float32-sized,fx-ov-el-smoke-puff,1.5,True,True,0.047908697916653864,0.06901041666666667,0.0665726669423473,0.06219618055555556,0.058051215277777776,0.04885988773692817,0.0466796875,0.03337673611111111,0.03154774757901775,0.018012152777777776,0,0,0
float32-sized,fx-ov-el-smoke-puff,2.1,True,True,0.05123995225693534,0.08424479166666667,0.06980049599919003,0.06905381944444444,0.06831597222222222,0.0523886333731042,0.049305555555555554,0.04203559027777778,0.0387010973521911,0.01794704861111111,0,0,0
float32-sized,fx-ov-film-dust,0.3,True,True,0.04793910590277051,0.17528211805555555,0.28019798755945724,0.08118489583333334,0.12495659722222222,0.245062422457439,0.038411458333333336,0.11629774305555556,0.2702855917884033,0.044422743055555554,0,0,0
float32-sized,fx-ov-film-dust,0.9,True,True,0.10053394097222679,0.22864583333333333,0.4215958073779801,0.1716579861111111,0.1291015625,0.2840631428454505,0.07840711805555556,0.1517361111111111,0.32306655808432877,0.11028645833333334,0,0,0
float32-sized,fx-ov-film-dust,1.5,True,True,0.02499338541664997,0.1384982638888889,0.22714021110168234,0.052473958333333334,0.10885416666666667,0.20562403558532347,0.01349826388888889,0.11223958333333334,0.2437649971691259,0.057942708333333336,0,0,0
float32-sized,fx-ov-film-dust,2.1,True,True,0.051588146701391224,0.1447048611111111,0.3892126460438631,0.03155381944444444,0.1472873263888889,0.3079118097865342,0.05748697916666667,0.1695529513888889,0.3386639413201893,0.0521484375,0,0,0
float32-sized,fx-ov-grain,0.3,True,True,0.09206902777779646,0.19602864583333332,0.7115873542222089,0.08773871527777778,0.211328125,0.719430290846984,0.09379340277777778,0.19602864583333332,0.7115873542222089,0.08773871527777778,0,0,0
float32-sized,fx-ov-grain,0.9,True,True,0.006302256944451301,0.21944444444444444,0.6806125975935395,0.011501736111111112,0.2221137152777778,0.6706503665119723,0.004231770833333333,0.21944444444444444,0.6806125975935395,0.011501736111111112,0,0,0
float32-sized,fx-ov-grain,1.5,True,True,0.18369156250000174,0.26067708333333334,0.6783360919490271,0.19205729166666666,0.24893663194444443,0.6858811856141668,0.18036024305555556,0.26067708333333334,0.6783360919490271,0.19205729166666666,0,0,0
float32-sized,fx-ov-grain,2.1,True,True,0.1341192361111041,0.2992404513888889,0.658278812901645,0.12562934027777778,0.3096788194444444,0.6658274731320231,0.1375,0.2992404513888889,0.658278812901645,0.12562934027777778,0,0,0
float32-sized,fx-ov-vhs,0.3,True,True,0.08947169704859448,0.16028645833333333,0.33672342220296947,0.1154513888888889,0.17552083333333332,0.30655598652380395,0.08133680555555556,0.1665581597222222,0.3273464519021924,0.0935546875,0,0,0
float32-sized,fx-ov-vhs,0.9,True,True,0.1536622135416792,0.24186197916666666,0.30602676191065814,0.16195746527777777,0.18561197916666666,0.2880943068135291,0.15279947916666667,0.16560329861111112,0.30196453160092085,0.13778211805555557,0,0,0
float32-sized,fx-ov-vhs,1.5,True,True,0.09501021701387913,0.18561197916666666,0.2250637480182591,0.11564670138888888,0.14672309027777777,0.20704413839959485,0.08817274305555556,0.16043836805555556,0.21261865633383137,0.10197482638888888,0,0,0
float32-sized,fx-ov-vhs,2.1,True,True,0.06215140190968782,0.11312934027777778,0.19284930341147286,0.06356336805555556,0.11384548611111112,0.18398782919849815,0.06037326388888889,0.12078993055555555,0.2015601801952005,0.07560763888888888,0,0,0
float32-sized,fx-ov-paper,0.3,True,True,0.02060746093748378,0.06134982638888889,0.047222643440915875,0.03990885416666667,0.04325086805555556,0.027831463792080794,0.017252604166666668,0.035590277777777776,0.03256280582864509,0.002994791666666667,0,0,0
float32-sized,fx-ov-paper,0.9,True,True,0.0233382465277856,0.07174479166666667,0.0527505660859576,0.04765625,0.03999565972222222,0.02727977540007723,0.019639756944444444,0.03263888888888889,0.028358846735876724,0.011631944444444445,0,0,0
float32-sized,fx-ov-paper,1.5,True,True,0.016891302083351434,0.06590711805555556,0.04715130090584107,0.03951822916666667,0.03723958333333333,0.02569258040866684,0.012586805555555556,0.033702256944444446,0.02788721018882491,0.007096354166666667,0,0,0
float32-sized,fx-ov-paper,2.1,True,True,0.02283021701389032,0.0662109375,0.04875797497592165,0.04233940972222222,0.0388671875,0.027720691236119706,0.019596354166666666,0.02966579861111111,0.0299660757111455,0.0025824652777777777,0,0,0
float32-sized,fx-ov-burnt-edges,0.3,True,True,0.04657885850694754,0.065234375,0.045655500638423496,0.03802083333333333,0.07406684027777778,0.05540674634687859,0.05392795138888889,0.026106770833333334,0.026071667830709844,0.0010199652777777778,0,0,0
float32-sized,fx-ov-burnt-edges,0.9,True,True,0.045096831597220444,0.06059027777777778,0.04693650436631078,0.03784722222222222,0.076953125,0.05345175418080143,0.05238715277777778,0.02894965277777778,0.02922408174075691,0.005772569444444445,0,0,0
float32-sized,fx-ov-burnt-edges,1.5,True,True,0.03820167968750354,0.05881076388888889,0.04270693774317093,0.027994791666666668,0.06924913194444444,0.0483461039155849,0.04520399305555556,0.022547743055555555,0.021543329840762973,0.0011067708333333333,0,0,0
float32-sized,fx-ov-burnt-edges,2.1,True,True,0.042688654513909796,0.05846354166666667,0.044831952265245674,0.041796875,0.07645399305555556,0.0514470829728495,0.04798177083333333,0.028125,0.027083873492961975,0.007118055555555555,0,0,0
float32-sized,fx-ov-leak-green,0.3,True,True,0.02276457031248924,0.022395833333333334,0.023912898563398163,0.006597222222222222,0.03532986111111111,0.034157439002446534,0.028385416666666666,0.02211371527777778,0.02587592307938155,0.014691840277777778,0,0,0
float32-sized,fx-ov-leak-green,0.9,True,True,0.02335564236109633,0.023480902777777778,0.026610008142793278,0.0078125,0.0349609375,0.035101788849343854,0.028537326388888888,0.023350694444444445,0.02986600861987205,0.017795138888888888,0,0,0
float32-sized,fx-ov-leak-green,1.5,True,True,0.02999611111111733,0.021006944444444446,0.02815211030262502,0.015017361111111112,0.040928819444444445,0.04159150310246924,0.03532986111111111,0.02578125,0.029014671485623984,0.021267361111111112,0,0,0
float32-sized,fx-ov-leak-green,2.1,True,True,0.030251328125018517,0.02328559027777778,0.02553707959222079,0.0057074652777777775,0.04618055555555556,0.04573745942813164,0.03875868055555556,0.026236979166666667,0.02619463928465047,0.018250868055555557,0,0,0
float32-sized,fx-ov-leak-purple,0.3,True,True,0.01835346354165779,0.02654079861111111,0.029066144811341198,0.017339409722222223,0.027083333333333334,0.02532242854006993,0.018446180555555556,0.0333984375,0.033241377388249,0.020421006944444445,0,0,0
float32-sized,fx-ov-leak-purple,0.9,True,True,0.018026215277785695,0.028602430555555555,0.033749598462813585,0.018359375,0.025629340277777777,0.02613574626285116,0.017122395833333335,0.03624131944444445,0.03649558576200624,0.02599826388888889,0,0,0
float32-sized,fx-ov-leak-purple,1.5,True,True,0.021834453125009645,0.02947048611111111,0.03487434267713157,0.023220486111111112,0.026888020833333335,0.025558265644841472,0.020594618055555555,0.04088541666666667,0.04113621262216449,0.030034722222222223,0,0,0
float32-sized,fx-ov-leak-purple,2.1,True,True,0.01943110677083837,0.03550347222222222,0.04005736933388932,0.025607638888888888,0.02536892361111111,0.023228135109253277,0.016167534722222224,0.04268663194444444,0.04295835048690446,0.03357204861111111,0,0,0
float32-sized,fx-ov-leak-red,0.3,True,True,0.016898268229169844,0.025694444444444443,0.02906536684508021,0.014105902777777778,0.027083333333333334,0.02532242854006993,0.018446180555555556,0.021549479166666666,0.02375948583840309,0.009787326388888889,0,0,0
float32-sized,fx-ov-leak-red,0.9,True,True,0.01773545572916646,0.03504774305555555,0.03668977728330806,0.02406684027777778,0.025629340277777777,0.02613574626285116,0.017122395833333335,0.021267361111111112,0.022509921390840053,0.005164930555555555,0,0,0
float32-sized,fx-ov-leak-red,1.5,True,True,0.021927495659710416,0.037196180555555555,0.045936916347797306,0.03012152777777778,0.026888020833333335,0.025558265644841472,0.020594618055555555,0.021158854166666668,0.024568027783113826,0.011002604166666667,0,0,0
float32-sized,fx-ov-leak-red,2.1,True,True,0.01846186197916211,0.034092881944444445,0.04178541867064984,0.027408854166666666,0.02536892361111111,0.023228135109253277,0.016167534722222224,0.028125,0.026089833672871324,0.01484375,0,0,0
float32-sized,fx-ov-lightning,0.3,True,True,0.001491345486115847,0.03771701388888889,0.020019831792521908,0.002690972222222222,0.028884548611111113,0.018028718540196827,0.001540798611111111,0.04370659722222222,0.03804261121079656,0.027994791666666668,0,0,0
float32-sized,fx-ov-lightning,0.9,True,True,0.012803849826411806,0.05970052083333333,0.026744842239538515,0.0035807291666666665,0.02736545138888889,0.01942096245791999,0.015690104166666666,0.034765625,0.025902586863921752,0.011371527777777777,0,0,0
float32-sized,fx-ov-lightning,1.5,True,True,0.013460125868064665,0.06095920138888889,0.022579885056829063,0.002018229166666667,0.03324652777777778,0.020655101447028694,0.01740451388888889,0.03546006944444444,0.025452645522848892,0.019965277777777776,0,0,0
float32-sized,fx-ov-lightning,2.1,True,True,0.01132126302081815,0.06940104166666666,0.02508784958357086,0.0006944444444444445,0.030837673611111113,0.01830305463425718,0.014214409722222222,0.03713107638888889,0.021794350341744272,0.013953993055555556,0,0,0
float32-sized,fx-ov-bokeh-blue,0.3,True,True,0.003940000000014265,0.02421875,0.020693452164883223,0.007465277777777778,0.01740451388888889,0.016150665608400987,0.006553819444444445,0.03155381944444444,0.03562757631559299,0.011631944444444445,0,0,0
float32-sized,fx-ov-bokeh-blue,0.9,True,True,0.00034877170139679947,0.026085069444444445,0.019044399262048827,0.013194444444444444,0.01950954861111111,0.01785553327353266,0.0030598958333333333,0.03383246527777778,0.034057060312398996,0.0037109375,0,0,0
float32-sized,fx-ov-bokeh-blue,1.5,True,True,0.0032507725694443934,0.026692708333333332,0.020797051671458098,0.010460069444444444,0.019075520833333335,0.016473947304556223,0.0064453125,0.030338541666666666,0.03176384098675453,0.011979166666666667,0,0,0
float32-sized,fx-ov-bokeh-blue,2.1,True,True,0.0026690017361090668,0.028537326388888888,0.01874566626095755,0.007921006944444444,0.017447916666666667,0.0164449904904345,0.0052517361111111115,0.030837673611111113,0.030087525213949428,0.008268229166666667,0,0,0
float32-sized,fx-ov-bokeh-rainbow,0.3,True,True,0.0064110937500032605,0.02421875,0.020693452164883223,0.007465277777777778,0.02109375,0.02263901318242155,0.009982638888888888,0.03342013888888889,0.03533084088753965,0.01189236111111111,0,0,0
float32-sized,fx-ov-bokeh-rainbow,0.9,True,True,0.0023350607638832344,0.026085069444444445,0.019044399262048827,0.013194444444444444,0.022743055555555555,0.022031222436921395,0.0067708333333333336,0.03159722222222222,0.0315199353551275,0.004123263888888889,0,0,0
float32-sized,fx-ov-bokeh-rainbow,1.5,True,True,0.0058597829861071205,0.026692708333333332,0.020797051671458098,0.010460069444444444,0.025303819444444445,0.02312166996894078,0.01032986111111111,0.02890625,0.02823828175082511,0.009635416666666667,0,0,0
float32-sized,fx-ov-bokeh-rainbow,2.1,True,True,0.006434262152779979,0.028537326388888888,0.01874566626095755,0.007921006944444444,0.023871527777777776,0.02372392212139088,0.010069444444444445,0.029058159722222223,0.03273413897984707,0.0126953125,0,0,0
float32-sized,fx-ov-sparkle-pink,0.3,True,True,0.00761916232639237,0.025629340277777777,0.01713358943411644,0.010134548611111112,0.019444444444444445,0.011344499001169255,0.006076388888888889,0.022265625,0.018861342502384016,0.015494791666666667,0,0,0
float32-sized,fx-ov-sparkle-pink,0.9,True,True,0.007953064236112084,0.019422743055555556,0.01670087554960038,0.0060546875,0.019205729166666668,0.012442756330595476,0.007530381944444445,0.02406684027777778,0.01991199283266616,0.01773003472222222,0,0,0
float32-sized,fx-ov-sparkle-pink,1.5,True,True,0.007920060763893844,0.015559895833333334,0.013326582432129934,0.004839409722222222,0.01935763888888889,0.010728761844106375,0.008029513888888888,0.025065104166666668,0.01907551254456651,0.015907118055555555,0,0,0
float32-sized,fx-ov-sparkle-pink,2.1,True,True,0.01027466145832534,0.017621527777777778,0.015926809338311452,0.009244791666666667,0.020833333333333332,0.01361671978485668,0.01032986111111111,0.02890625,0.02001868697724794,0.012760416666666666,0,0,0
float32-sized,fx-ov-sparkle-blue,0.3,True,True,0.007802569444436358,0.025607638888888888,0.01781447908692533,0.012196180555555556,0.019314236111111112,0.0117787163638566,0.005772569444444445,0.02426215277777778,0.01904277354589046,0.014973958333333334,0,0,0
float32-sized,fx-ov-sparkle-blue,0.9,True,True,0.00691947482638966,0.018315972222222223,0.01458188249166989,0.007552083333333333,0.019118923611111113,0.012024984537133899,0.005881076388888889,0.02345920138888889,0.020662917404584806,0.015342881944444444,0,0,0
float32-sized,fx-ov-sparkle-blue,1.5,True,True,0.0076721006944495684,0.01642795138888889,0.013235154366706227,0.005750868055555556,0.018619791666666666,0.010851867199061147,0.007552083333333333,0.024544270833333333,0.01965333601302475,0.014518229166666667,0,0,0
float32-sized,fx-ov-sparkle-blue,2.1,True,True,0.009810052083338405,0.018294270833333334,0.014381655317576993,0.0107421875,0.021983506944444446,0.013634340553465725,0.0095703125,0.02719184027777778,0.019757513757709542,0.009440104166666666,0,0,0
float32-sized,fx-ov-hearts-red,0.3,True,True,0.18226027343749251,0.42506510416666665,0.9427108085019998,0.3539279513888889,0.1437717013888889,0.25525290294691205,0.1331814236111111,0.17868923611111112,0.2942681430416543,0.16293402777777777,0,0,0
float32-sized,fx-ov-hearts-red,0.9,True,True,0.10019425347222466,0.4044921875,1.1192245574204516,0.3951171875,0.05607638888888889,0.25709984928504614,0.014887152777777777,0.08747829861111112,0.3415688147435562,0.07680121527777778,0,0,0
float32-sized,fx-ov-hearts-red,1.5,True,True,0.16685904513887806,0.5617838541666667,1.007078385221696,0.5558810763888888,0.10227864583333333,0.27959319989173037,0.05366753472222222,0.1910373263888889,0.31479054749277147,0.14259982638888888,0,0,0
float32-sized,fx-ov-hearts-red,2.1,True,True,0.12287377170137859,0.2238498263888889,0.6053771736086584,0.21968315972222222,0.10062934027777778,0.24314591712489336,0.09142795138888889,0.15,0.2548125285191217,0.14930555555555555,0,0,0
float32-sized,fx-ov-fog-pink,0.3,True,True,0.039155920138881584,0.07313368055555555,0.05956226979758095,0.04973958333333333,0.07348090277777777,0.048668963881557156,0.035633680555555554,0.07144097222222222,0.05417932288017422,0.042881944444444445,0,0,0
float32-sized,fx-ov-fog-pink,0.9,True,True,0.040819973958349465,0.07376302083333333,0.05638056777629468,0.05193142361111111,0.06605902777777778,0.04871161413445057,0.03802083333333333,0.06790364583333333,0.050506056636225566,0.03582899305555556,0,0,0
float32-sized,fx-ov-fog-pink,1.5,True,True,0.04523531250001156,0.07358940972222222,0.05461278118899639,0.04424913194444444,0.06786024305555556,0.0525850818881982,0.04576822916666667,0.06655815972222222,0.05071667829936074,0.04286024305555555,0,0,0
float32-sized,fx-ov-fog-pink,2.1,True,True,0.04084032986114039,0.07677951388888889,0.05908418699242356,0.046961805555555555,0.06584201388888888,0.04508280714023242,0.038411458333333336,0.0609375,0.052518556900684736,0.046875,0,0,0
float32-sized,fx-ov-fog-blue,0.3,True,True,0.03448453125000128,0.06812065972222223,0.056746997518511796,0.04689670138888889,0.0681640625,0.04393362677041054,0.029796006944444446,0.06764322916666667,0.0520452206476486,0.044379340277777776,0,0,0
float32-sized,fx-ov-fog-blue,0.9,True,True,0.040253220486107466,0.07682291666666667,0.053507310096355204,0.04353298611111111,0.07217881944444444,0.047525477041073946,0.03967013888888889,0.06462673611111111,0.04802599557445103,0.03637152777777778,0,0,0
float32-sized,fx-ov-fog-blue,1.5,True,True,0.04245297309026341,0.07243923611111111,0.055442783253637155,0.047135416666666666,0.06664496527777777,0.044707531276934845,0.04055989583333333,0.0656467013888889,0.05436066611896608,0.047417534722222224,0,0,0
float32-sized,fx-ov-fog-blue,2.1,True,True,0.04229006510414024,0.06608072916666667,0.058154630895760125,0.04871961805555555,0.06304253472222222,0.046701458657219835,0.04008246527777778,0.056553819444444445,0.05258247509292646,0.04522569444444444,0,0,0
float16,fx-shake,0.3,True,True,0.004204704861123787,0.03747829861111111,0.19930132690632923,0.0024522569444444444,0.04318576388888889,0.19950048347278385,0.006032986111111111,0.05227864583333333,0.21723942705334615,0.008745659722222222,0,0,0
float16,fx-shake,0.9,True,True,0.019168103298611072,0.03233506944444445,0.043136554920177775,0.017795138888888888,0.031640625,0.037721287480338886,0.020269097222222223,0.029709201388888887,0.03831528996833215,0.0123046875,0,0,0
float16,fx-shake,1.5,True,True,0.0003354036458489418,0.05462239583333333,0.4956218360035737,0.004014756944444444,0.08394097222222222,0.5117357609604943,0.0030381944444444445,0.06263020833333334,0.5524422588858728,0.013628472222222222,0,0,0
float16,fx-shake,2.1,False,False,0.10225211371529497,0.13602430555555556,2.5015984867473593,0.07122395833333334,0.17476128472222222,2.6033786767844975,0.10670572916666667,0.1941623263888889,2.721247179757575,0.14950086805555557,0,0,0
float16,fx-cc-slash-reveal,0.3,True,True,0.025727026909720507,0.12133246527777777,1.1488487546530755,0.031141493055555556,0.13821614583333333,1.1311467342223445,0.02345920138888889,0.12786458333333334,1.1441303985075746,0.03224826388888889,0,0,0
float16,fx-cc-slash-reveal,0.9,True,True,0.013249644097214741,0.02654079861111111,0.030014453935798588,0.006184895833333333,0.029600694444444443,0.030766749145158624,0.015190972222222222,0.031011284722222223,0.03157227297594509,0.01482204861111111,0,0,0
float16,fx-cc-slash-reveal,1.5,True,True,0.00020786892361002174,0.05251736111111111,0.03273300165913631,0.004166666666666667,0.054296875,0.022215625719997713,0.0016059027777777777,0.05041232638888889,0.03156798578797107,0.0007595486111111111,0,0,0
float16,fx-cc-slash-reveal,2.1,True,True,0.07061908854166177,0.11555989583333333,1.640642560709062,0.0724609375,0.11666666666666667,1.62379246676538,0.06866319444444445,0.11799045138888889,1.633744557025557,0.0845703125,0,0,0
float16,fx-cc-diamond-zoom,0.3,True,True,0.036522929687507144,0.03908420138888889,0.04176698128643107,0.031749131944444446,0.052300347222222224,0.0436274302358151,0.03871527777777778,0.037369791666666666,0.04117244206697693,0.028862847222222224,0,0,0
float16,fx-cc-diamond-zoom,0.9,True,True,0.01867876302085847,0.028819444444444446,0.030771022346938466,0.021744791666666666,0.027105034722222223,0.02668878880680932,0.01755642361111111,0.0302734375,0.035299531051477526,0.020768229166666666,0,0,0
float16,fx-cc-diamond-zoom,1.5,True,True,0.02221269097222489,0.034375,0.033801299521675834,0.018315972222222223,0.03420138888888889,0.03450996973989896,0.025,0.030512152777777777,0.027933627178524933,0.006076388888888889,0,0,0
float16,fx-cc-diamond-zoom,2.1,True,True,0.0217339800347105,0.03997395833333333,0.037428188605481125,0.023567708333333333,0.03997395833333333,0.02991756081527327,0.021571180555555555,0.03865017361111111,0.035910590607486,0.01794704861111111,0,0,0
float16,fx-ct-error-quake,0.3,False,False,3.575604661458314,2.842578125,4.507052121532121,1.8296875,4.151692708333333,5.399971018885789,3.9961371527777776,4.617578125,6.51418715297613,4.550911458333333,0,0,0
float16,fx-ct-error-quake,0.9,True,True,0.005705842013881579,0.05078125,0.023842603784679638,0.0013020833333333333,0.03819444444444445,0.018156497092110035,0.005772569444444445,0.041449652777777776,0.02838744646132835,0.018012152777777776,0,0,0
float16,fx-ct-error-quake,1.5,True,True,0.008112569444449491,0.045008680555555555,0.025069171880500438,0.012456597222222223,0.03943142361111111,0.016458812380305558,0.006575520833333333,0.04513888888888889,0.026775091209107076,0.010546875,0,0,0
float16,fx-ct-error-quake,2.1,True,True,0.22781302517361723,0.13430989583333333,0.31469261679102345,0.12875434027777777,0.39207899305555555,0.6808856527312441,0.2538845486111111,0.40086805555555555,0.7470204867431974,0.26124131944444445,0,0,0
float16,fx-ct-explosion,0.3,True,True,0.010296753472204045,0.012152777777777778,0.021831434111298,0.008246527777777778,0.01662326388888889,0.024905746142862447,0.010894097222222222,0.013888888888888888,0.022104844160816855,0.010416666666666666,0,0,0
float16,fx-ct-explosion,0.9,True,True,0.005020282118067598,0.02521701388888889,0.025539230623755592,0.011241319444444444,0.018424479166666667,0.017221361573665925,0.0032769097222222223,0.0169921875,0.01780747394589827,0.0039713541666666664,0,0,0
float16,fx-ct-explosion,1.5,True,True,0.0021796267361082755,0.022026909722222224,0.018056175589597954,6.510416666666667e-05,0.01818576388888889,0.01570258206214769,0.0024739583333333332,0.0138671875,0.01626731169592599,0.0054904513888888885,0,0,0
float16,fx-ct-explosion,2.1,True,True,0.005542630208310584,0.009049479166666667,0.011504283901745807,0.005533854166666667,0.009418402777777777,0.019607140966722877,0.005164930555555555,0.01213107638888889,0.02510857357855747,0.009309895833333333,0,0,0
float16,fx-ct-scene-cut,0.3,False,False,10.95270496093751,13.38298611111111,22.690756444745155,10.947526041666666,14.186675347222222,23.142457627354172,10.862196180555555,14.099327256944445,24.660801361563568,11.864518229166666,0,0,0
float16,fx-ct-scene-cut,0.9,False,False,95.20513491753475,94.12330729166666,93.78595386162841,94.12330729166666,95.53927951388889,95.21218124564146,95.53927951388889,95.08070746527778,94.75224311079432,95.08070746527778,0,0,0
float16,fx-ct-scene-cut,1.5,False,False,94.91979205729167,93.80811631944445,93.69216534431222,93.80811631944445,95.27610677083334,95.14815560000739,95.26950954861111,94.72899305555555,94.60190758265158,94.72899305555555,0,0,0
float16,fx-ct-scene-cut,2.1,False,False,94.58605630208338,93.47723524305556,93.00186580665806,93.47723524305556,94.93216145833334,94.45182118118015,94.93216145833334,94.42263454861111,93.92871235041648,94.42263454861111,0,0,0
float16,fx-cc-shiny-stack,0.3,False,False,0.14481829861108508,1.721506076388889,10.422723179139346,0.20744357638888888,1.6190755208333334,11.030845228726987,0.13674045138888888,1.4136067708333333,11.6295146711788,0.0404296875,0,0,0
float16,fx-cc-shiny-stack,0.9,False,False,0.13242095920139718,0.6564453125,6.817454899230062,0.12723524305555556,0.6108072916666667,6.840319063133998,0.13307291666666668,0.6678385416666667,6.490571941563333,0.1412326388888889,0,0,0
float16,fx-cc-shiny-stack,1.5,False,False,0.35544205729166833,2.3481770833333333,8.858244551913428,0.34088541666666666,2.123025173611111,8.832401258794501,0.37350260416666664,1.773263888888889,8.5169867640757,0.21940104166666666,0,0,0
float16,fx-cc-shiny-stack,2.1,False,False,0.7883948003472199,0.9332465277777777,4.494201625986092,0.7489583333333333,0.9211371527777777,4.78963537351614,0.7997829861111111,0.86484375,5.045118189946076,0.7917100694444444,0,0,0
float16,fx-ct-glass-breaking,0.3,False,False,0.8703848177083344,1.2182291666666667,3.3830401403950607,0.9806857638888888,1.120703125,3.243679696422341,0.839453125,1.3612413194444444,3.609050916772681,0.8519965277777778,0,0,0
float16,fx-ct-glass-breaking,0.9,False,False,0.30976071614583134,0.862890625,3.3440705267006536,0.35368923611111114,0.7941623263888888,3.1758609931361432,0.30193142361111114,0.9802734375,3.633783652020032,0.25796440972222223,0,0,0
float16,fx-ct-glass-breaking,1.5,False,False,0.39050125434027905,0.9161024305555555,3.9468133649777113,0.3382378472222222,0.8636284722222223,3.848463243798889,0.39839409722222224,1.012087673611111,4.389894422120946,0.4662109375,0,0,0
float16,fx-ct-glass-breaking,2.1,False,False,0.3102452126735997,0.38717447916666664,3.3888981292785254,0.2515407986111111,0.37775607638888886,3.308671043831522,0.31104600694444445,0.5113715277777777,3.7840967487053585,0.4751736111111111,0,0,0
float16,fx-ct-negative-panels,0.3,True,True,0.004541979166674537,0.04027777777777778,0.0229832277191553,0.008203125,0.02599826388888889,0.014876161771079989,0.0028211805555555555,0.03671875,0.027715703136101964,0.010807291666666666,0,0,0
float16,fx-ct-negative-panels,0.9,True,True,0.003286488715275482,0.036566840277777776,0.02427939817753651,0.004231770833333333,0.03357204861111111,0.01589407581573593,0.0060546875,0.047309027777777776,0.023783513567501573,0.0019965277777777776,0,0,0
float16,fx-ct-negative-panels,1.5,True,True,0.0034310373264077043,0.03606770833333333,0.02067589472749317,0.003949652777777778,0.030403645833333333,0.016314844988781677,0.002105034722222222,0.0349609375,0.027567178427331508,0.0150390625,0,0,0
float16,fx-ct-negative-panels,2.1,False,False,31.609893888888905,25.142751736111112,40.28158203725749,24.994835069444445,31.79535590277778,43.803110278769815,31.79535590277778,49.25143229166667,58.899765012801154,49.25143229166667,0,0,0
float16,fx-ct-fireplace,0.3,True,True,0.07306055121526356,0.13033854166666667,0.39009414768171785,0.1213107638888889,0.08895399305555556,0.22991349366091404,0.06499565972222222,0.04177517361111111,0.07650194123310558,0.010872395833333333,0,0,0
float16,fx-ct-fireplace,0.9,True,True,0.13759131944443936,0.19431423611111112,0.5040485813901204,0.18459201388888888,0.14952256944444445,0.314309995418606,0.1341579861111111,0.05455729166666667,0.0946167826230349,0.033203125,0,0,0
float16,fx-ct-fireplace,1.5,True,True,0.12363904947915216,0.21753472222222223,0.4447720202737493,0.20572916666666666,0.12467447916666667,0.2613631713134686,0.10783420138888888,0.06043836805555555,0.08174942038888203,0.0384765625,0,0,0
float16,fx-ct-fireplace,2.1,True,True,0.10244338107638384,0.22721354166666666,0.4781070042298646,0.18619791666666666,0.14060329861111112,0.27866014587782567,0.0865234375,0.045985243055555555,0.08537848433344886,0.013519965277777778,0,0,0
float16,fx-ct-vignette-noir,0.3,True,True,0.006592361111117384,0.10355902777777778,0.19805811151357533,0.0006944444444444445,0.10247395833333334,0.1815387149860961,0.008940972222222222,0.10355902777777778,0.19805811151357533,0.0006944444444444445,0,0,0
float16,fx-ct-vignette-noir,0.9,True,True,1.2881944456921701e-05,0.0896484375,0.1828943283701979,0.02146267361111111,0.1048828125,0.1535569325999408,0.008528645833333333,0.0896484375,0.1828943283701979,0.02146267361111111,0,0,0
float16,fx-ct-vignette-noir,1.5,True,True,0.009724340277770693,0.0939670138888889,0.18952998383745082,0.02504340277777778,0.11204427083333333,0.14382189731396133,0.0036241319444444446,0.0939670138888889,0.18952998383745082,0.02504340277777778,0,0,0
float16,fx-ct-vignette-noir,2.1,True,True,0.025110034722231944,0.1068359375,0.1749063454425632,0.03361545138888889,0.10657552083333334,0.13645689174284423,0.021723090277777777,0.1068359375,0.1749063454425632,0.03361545138888889,0,0,0
float16,fx-ct-lightning-crack,0.3,False,False,0.25498417534721796,1.610546875,11.678427617920777,0.26480034722222223,1.8593967013888888,12.355719256592323,0.2511935763888889,2.044574652777778,13.055605826045374,0.26362847222222224,0,0,0
float16,fx-ct-lightning-crack,0.9,True,True,0.0005020442708456585,0.02894965277777778,0.020390552171811037,0.00034722222222222224,0.03298611111111111,0.015432586488879756,0.000390625,0.023155381944444445,0.019856377108677308,0.0020616319444444445,0,0,0
float16,fx-ct-lightning-crack,1.5,False,False,3.8667175347222127,4.154991319444444,8.318028217462004,3.7301649305555555,4.4265625,8.787994520264766,3.8860243055555554,4.626692708333334,9.309124092614413,4.077560763888889,0,0,0
float16,fx-ct-lightning-crack,2.1,True,True,0.039165091145846986,0.039887152777777775,0.04134602522503319,0.035243055555555555,0.04618055555555556,0.04177016253025017,0.04027777777777778,0.04494357638888889,0.0460513070654903,0.03969184027777778,0,0,0
float16,fx-vignette,0.3,True,True,0.14444939236111054,0.2267795138888889,0.4025718682320256,0.15633680555555557,0.20594618055555555,0.39420068005556547,0.1404079861111111,0.2247829861111111,0.4140626572116414,0.14947916666666666,0,0,0
float16,fx-vignette,0.9,True,True,0.13615686197917398,0.18075086805555557,0.4335549146884327,0.1275390625,0.19286024305555555,0.4316553507249723,0.14064670138888888,0.16961805555555556,0.42153971578280613,0.11705729166666666,0,0,0
float16,fx-vignette,1.5,True,True,0.14314690538195407,0.17033420138888888,0.40683110907644493,0.12706163194444445,0.20108506944444443,0.40496729744750565,0.15078125,0.15464409722222222,0.4254182124218398,0.11488715277777778,0,0,0
float16,fx-vignette,2.1,True,True,0.030193676215276355,0.13875868055555557,0.39753916634375713,0.02634548611111111,0.11471354166666667,0.39537252048532145,0.031640625,0.11911892361111111,0.39263590070172266,0.02719184027777778,0,0,0
float16,fx-ct-offset-slice,0.3,True,True,0.005427022569477913,0.02265625,0.02324227269132538,0.012022569444444445,0.018619791666666666,0.014550684638385356,0.0036024305555555558,0.012847222222222222,0.013160895065031885,0.004079861111111111,0,0,0
float16,fx-ct-offset-slice,0.9,False,False,0.6362500520833407,0.9952256944444444,2.5436551272752395,0.920703125,0.7999348958333333,2.1432013654366306,0.5768446180555555,0.6226996527777777,1.9309224640235751,0.387109375,0,0,0
float16,fx-ct-offset-slice,1.5,True,True,0.0038118836805836054,0.02944878472222222,0.04653318296377729,0.007877604166666666,0.023350694444444445,0.03458810483878559,0.0020833333333333333,0.026323784722222222,0.041255761957265956,0.00896267361111111,0,0,0
float16,fx-ct-offset-slice,2.1,True,True,0.0018886588541420224,0.025434027777777778,0.02464522227732919,0.007725694444444445,0.01870659722222222,0.011606922654986463,0.00043402777777777775,0.02150607638888889,0.015193562865625575,0.0008897569444444444,0,0,0
float16,fx-cc-feverish,0.3,True,True,0.005008190104163646,0.014908854166666667,0.01741399903905091,0.0018880208333333333,0.027907986111111113,0.017497737061298632,0.007248263888888889,0.018836805555555555,0.021182699715975122,0.003125,0,0,0
float16,fx-cc-feverish,0.9,False,False,15.544193927951412,6.577604166666666,6.580043204119745,6.577604166666666,18.32890625,18.31426945394354,18.32890625,14.484136284722222,14.375034390276143,14.362348090277777,0,0,0
float16,fx-cc-feverish,1.5,True,True,0.0052628559027994015,0.018619791666666666,0.015864696987651843,0.003125,0.025434027777777778,0.01936375975306919,0.007161458333333333,0.020746527777777777,0.019414518103459018,0.01115451388888889,0,0,0
float16,fx-cc-feverish,2.1,True,True,0.0021833940972015853,0.014214409722222222,0.01629266703539329,0.00023871527777777777,0.028580729166666666,0.02017415390021515,0.0022786458333333335,0.01916232638888889,0.022877648296490145,0.006966145833333334,0,0,0
float16,fx-ct-tension-zoom,0.3,True,True,0.01753687500000467,0.029817708333333335,0.03410778987590665,0.017317708333333334,0.0322265625,0.029429861311888628,0.01872829861111111,0.025347222222222222,0.02971208986496762,0.006380208333333333,0,0,0
float16,fx-ct-tension-zoom,0.9,True,True,0.012702300347228856,0.028776041666666665,0.030518372567803136,0.011675347222222222,0.025629340277777777,0.0277113820469259,0.013650173611111111,0.018055555555555554,0.028891259313456347,0.006336805555555556,0,0,0
float16,fx-ct-tension-zoom,1.5,True,True,0.01066947482640046,0.0232421875,0.030150535476140345,0.01017795138888889,0.02243923611111111,0.026337520226726942,0.0109375,0.019791666666666666,0.027177768167235626,0.009461805555555555,0,0,0
float16,fx-ct-tension-zoom,2.1,True,True,0.01950315972221972,0.03430989583333333,0.0371538006390693,0.0193359375,0.03166232638888889,0.030308116307414344,0.020551215277777778,0.020551215277777778,0.026840493522622348,0.009613715277777778,0,0,0
float16,fx-ct-cut-shift,0.3,False,False,1.0657626128472089,0.73359375,4.5248519226546975,0.733203125,1.0905164930555555,4.913458175047272,1.0860894097222222,1.8483072916666667,5.470948653193156,1.8436631944444444,0,0,0
float16,fx-ct-cut-shift,0.9,True,True,0.002695967881948036,0.05041232638888889,0.02912600130188869,6.510416666666667e-05,0.057183159722222224,0.02579635537363791,0.0028862847222222224,0.05381944444444445,0.02760802186067874,0.008940972222222222,0,0,0
float16,fx-ct-cut-shift,1.5,False,False,0.4808818967013906,0.8452256944444444,3.5111606404311133,0.5730902777777778,0.9182508680555556,3.647506580545858,0.4940321180555556,1.0434678819444445,3.990828784526347,0.0791015625,0,0,0
float16,fx-ct-cut-shift,2.1,True,True,0.012864756944452438,0.05705295138888889,0.07080489159359168,0.0001953125,0.06404079861111112,0.05814189687599114,0.016558159722222222,0.06786024305555556,0.07305723739318058,0.014735243055555555,0,0,0
float16,fx-cc-move-cloud,0.3,True,True,0.001968281249986603,0.005381944444444444,0.011609398177414616,0.004644097222222222,0.0037977430555555555,0.0070879347158331,0.0013671875,0.0036024305555555558,0.007895122883808975,4.340277777777778e-05,0,0,0
float16,fx-cc-move-cloud,0.9,True,True,0.0037836979166456786,0.04262152777777778,0.02783565948754295,0.019618055555555555,0.03619791666666667,0.016122424719266983,0.00021701388888888888,0.021354166666666667,0.016663803632069953,0.0032118055555555554,0,0,0
float16,fx-cc-move-cloud,1.5,True,True,0.005862087673619953,0.043402777777777776,0.025172601166831045,0.015234375,0.03624131944444445,0.01644025834254229,0.0038628472222222224,0.022547743055555555,0.01765273179389083,0.0019314236111111112,0,0,0
float16,fx-cc-move-cloud,2.1,True,True,0.0006088802082899747,0.008311631944444444,0.012874225210582258,0.0016710069444444444,0.005642361111111111,0.00913010197974144,0.00026041666666666666,0.005013020833333334,0.007945734307949431,0.0009331597222222223,0,0,0
float16,fx-ct-chaotic-heat,0.3,False,False,2.148945290798622,14.58415798611111,21.554596252204323,10.50412326388889,18.225390625,18.682937827950088,0.12725694444444444,10.062478298611111,10.500520235692715,0.0939453125,0,0,0
float16,fx-ct-chaotic-heat,0.9,True,True,0.43995148003472195,0.8278862847222223,1.1666545183525345,0.6120876736111112,1.1009765625,1.7345909344516368,0.44871961805555555,0.70703125,0.7893468564503416,0.15377604166666667,0,0,0
float16,fx-ct-chaotic-heat,1.5,False,False,5.014717413194418,14.831966145833333,19.186575346038847,14.110438368055556,18.790212673611112,19.50803878705708,2.260525173611111,8.154752604166667,11.31683498123611,5.513997395833333,0,0,0
float16,fx-ct-chaotic-heat,2.1,False,False,8.421310238715293,8.891102430555556,8.928876123034613,8.891102430555556,8.656336805555556,8.683787495684882,8.656336805555556,4.709830729166667,4.7143044742925175,4.709830729166667,0,0,0
float16,fx-ct-magical-tome,0.3,True,True,0.006039561631951074,0.01349826388888889,0.018457224329420565,0.0046875,0.017252604166666668,0.014707122408461604,0.007009548611111111,0.014952256944444445,0.018078771370055823,0.0004123263888888889,0,0,0
float16,fx-ct-magical-tome,0.9,True,True,0.003027209201405867,0.014388020833333333,0.018504220761851233,0.0003689236111111111,0.016883680555555555,0.014179423385358783,0.003689236111111111,0.013932291666666667,0.016808529607901853,0.004296875,0,0,0
float16,fx-ct-magical-tome,1.5,True,True,0.0048210460069242345,0.015407986111111112,0.02021520395982105,0.0026041666666666665,0.019444444444444445,0.016252166844662942,0.005859375,0.013172743055555556,0.016946071500576795,0.0010633680555555555,0,0,0
float16,fx-ct-magical-tome,2.1,True,True,0.005872899305558121,0.017252604166666668,0.018206356035931143,0.005316840277777778,0.015581597222222222,0.01662506595897274,0.006032986111111111,0.0142578125,0.01815912946523679,0.0059244791666666664,0,0,0
float16,fx-ct-grim-reaper,0.3,True,True,0.00022869791666835226,0.014192708333333333,0.016506589142210322,0.002170138888888889,0.016840277777777777,0.016294167356363326,0.0008246527777777778,0.014149305555555556,0.01713733407510437,0.001388888888888889,0,0,0
float16,fx-ct-grim-reaper,0.9,True,True,0.00037126302082413076,0.013975694444444445,0.0154551848688874,0.0009114583333333333,0.012543402777777778,0.014699681022194088,8.680555555555556e-05,0.015125868055555556,0.017930672281563344,0.006966145833333334,0,0,0
float16,fx-ct-grim-reaper,1.5,True,True,0.002208602430556539,0.014952256944444445,0.015927439705317903,0.001540798611111111,0.010807291666666666,0.01287843748232315,0.001953125,0.014431423611111112,0.019220980930652828,0.006705729166666666,0,0,0
float16,fx-ct-grim-reaper,2.1,True,True,0.000586254340277037,0.008311631944444444,0.014642897983358575,0.0014973958333333334,0.010286458333333333,0.013922269803638813,0.0006944444444444445,0.013368055555555555,0.017211504120652435,0.003168402777777778,0,0,0
float16,fx-ct-phone-zoom,0.3,True,True,0.009754574652774295,0.02048611111111111,0.02128005497152186,0.011284722222222222,0.01484375,0.01523141292164382,0.009114583333333334,0.015755208333333333,0.019240575776847908,0.011588541666666667,0,0,0
float16,fx-ct-phone-zoom,0.9,True,True,0.011572022569453111,0.0201171875,0.022672562972886372,0.018337673611111112,0.01599392361111111,0.01668826778826034,0.010047743055555556,0.018120659722222224,0.018614811769913468,0.006749131944444445,0,0,0
float16,fx-ct-phone-zoom,1.5,True,True,0.02082367187500722,0.024457465277777778,0.037609595381755644,0.014388020833333333,0.03042534722222222,0.033567035574549535,0.023741319444444443,0.02280815972222222,0.03554467722409975,0.010872395833333333,0,0,0
float16,fx-ct-phone-zoom,2.1,True,True,0.011221944444443466,0.016840277777777777,0.019514328725072295,0.0125,0.014865451388888888,0.015384497893961579,0.011046006944444445,0.019140625,0.01774848562594283,0.00920138888888889,0,0,0
float16,fx-cc-retro-flicker,0.3,True,True,0.94558838541667,1.1139322916666667,1.1793758772192047,1.1139322916666667,0.9193793402777778,0.9959588583334745,0.9193793402777778,0.7095052083333333,0.812974960268028,0.7095052083333333,0,0,0
float16,fx-cc-retro-flicker,0.9,True,True,0.10907573350694122,0.2166015625,0.4328701140598094,0.1300998263888889,0.23910590277777777,0.41925406344815963,0.10455729166666666,0.196875,0.40844180172767014,0.09192708333333334,0,0,0
float16,fx-cc-retro-flicker,1.5,True,True,0.09694827690971408,0.2164279513888889,0.37848278610798214,0.12918836805555556,0.17879774305555557,0.3505104956508141,0.08851996527777778,0.1984375,0.364625030122529,0.08550347222222222,0,0,0
float16,fx-cc-retro-flicker,2.1,False,False,4.259975338541665,4.972113715277778,5.014456728877601,4.972113715277778,4.148611111111111,4.19364177150106,4.148611111111111,3.2661675347222223,3.304934541892092,3.2661675347222223,0,0,0
float16,fx-cc-handheld,0.3,True,True,0.01987344618055431,0.023546006944444444,0.031130282784105734,0.020073784722222224,0.024609375,0.02823477844898306,0.020963541666666665,0.0197265625,0.031543535235467456,0.008485243055555555,0,0,0
float16,fx-cc-handheld,0.9,True,True,0.015733797743067157,0.02439236111111111,0.03281154920856922,0.01662326388888889,0.025,0.027910220473646212,0.016319444444444445,0.025108506944444445,0.02976560314667715,0.007313368055555556,0,0,0
float16,fx-cc-handheld,1.5,True,True,0.017390095486106816,0.024131944444444445,0.03277783844319322,0.019921875,0.02914496527777778,0.028861200267018654,0.017122395833333335,0.023741319444444443,0.027774950590363397,0.012586805555555556,0,0,0
float16,fx-cc-handheld,2.1,True,True,0.018213493923610713,0.020920138888888887,0.031091013195927757,0.019487847222222222,0.025672743055555555,0.026766301790333423,0.018641493055555555,0.0212890625,0.02884015827465009,0.010221354166666667,0,0,0
float16,fx-cc-wiggle-flicker,0.3,False,False,22.839346475694427,23.28904079861111,24.081550683717783,23.28904079861111,22.770399305555557,23.694177051965713,22.770399305555557,22.198155381944446,23.33926917814439,22.198155381944446,0,0,0
float16,fx-cc-wiggle-flicker,0.9,False,False,14.834971193576393,15.235698784722222,15.945374552543235,15.235698784722222,14.833441840277779,15.656554953356626,14.833441840277779,13.67013888888889,14.67703119003296,13.67013888888889,0,0,0
float16,fx-cc-wiggle-flicker,1.5,True,True,0.0064488975694416695,0.10086805555555556,0.5865304743532123,0.018272569444444445,0.08268229166666667,0.4224839702244716,0.0026475694444444446,0.10972222222222222,0.6332988225167355,0.009288194444444444,0,0,0
float16,fx-cc-wiggle-flicker,2.1,False,False,0.9519749652777989,1.6162760416666666,3.4608965623837076,0.7561197916666667,1.5866536458333333,3.691295703626935,0.9851345486111112,1.634592013888889,3.966989430883263,1.2002170138888888,0,0,0
float16,fx-cc-hex-split,0.3,True,True,0.13335094184029117,0.1755642361111111,0.6231874214509827,0.1296875,0.15503472222222223,0.5454207555509398,0.13680555555555557,0.12311197916666666,0.475113974875681,0.10991753472222222,0,0,0
float16,fx-cc-hex-split,0.9,True,True,0.20519601996528536,0.22367621527777778,0.7462269164284105,0.21178385416666667,0.2169704861111111,0.6723127038100533,0.2056857638888889,0.20737847222222222,0.608975358692703,0.18094618055555556,0,0,0
float16,fx-cc-hex-split,1.5,True,True,0.1508752170138905,0.20221354166666666,0.8567277633102558,0.16892361111111112,0.19244791666666666,0.7542059295408626,0.1488715277777778,0.16063368055555555,0.6546814572057857,0.117578125,0,0,0
float16,fx-cc-hex-split,2.1,True,True,0.37417404513891483,0.4153645833333333,0.798678902393755,0.40911458333333334,0.3734157986111111,0.7179746873873427,0.36994357638888886,0.31883680555555555,0.5994965065471147,0.31319444444444444,0,0,0
float16,fx-cc-heart-ascent,0.3,True,True,0.21448223090277452,0.5296440972222223,0.7952959998845404,0.5296440972222223,0.1722439236111111,0.32717886829220266,0.11048177083333334,0.36883680555555554,0.4584475357094882,0.31666666666666665,0,0,0
float16,fx-cc-heart-ascent,0.9,True,True,0.011213606770837714,0.07858072916666667,1.0538871052667174,0.027625868055555555,0.08250868055555556,0.40523714103879976,0.007291666666666667,0.062239583333333334,0.6078543994986584,0.001736111111111111,0,0,0
float16,fx-cc-heart-ascent,1.5,True,True,0.08224157552085387,0.12150607638888888,1.1480924226666676,0.09437934027777778,0.10948350694444445,0.4383373229707542,0.08001302083333334,0.10121527777777778,0.6916238574229222,0.0685763888888889,0,0,0
float16,fx-cc-heart-ascent,2.1,True,True,0.09674342881945108,0.21128472222222222,1.3251512399831364,0.1974392361111111,0.10310329861111112,0.5514334778268571,0.06351996527777778,0.15616319444444443,0.8048848765117538,0.1293402777777778,0,0,0
float16,fx-cc-butterfly,0.3,True,True,0.003299574652771753,0.0326171875,0.029225861194816228,0.001193576388888889,0.03780381944444444,0.01851092601364582,0.005338541666666667,0.035308159722222225,0.02503476192098402,0.003667534722222222,0,0,0
float16,fx-cc-butterfly,0.9,True,True,0.0009621831597286246,0.03658854166666667,0.026804457680253656,0.0048177083333333336,0.03567708333333333,0.023182941324675802,0.00078125,0.03578559027777778,0.034126672837794275,0.006879340277777778,0,0,0
float16,fx-cc-butterfly,1.5,True,True,0.0005894053819588407,0.039539930555555554,0.042985256652661404,0.006814236111111111,0.03674045138888889,0.023261799210609786,0.001974826388888889,0.03912760416666667,0.03849045589637833,0.0076605902777777775,0,0,0
float16,fx-cc-butterfly,2.1,True,True,0.003812617187492151,0.0373046875,0.04236509011439068,0.006141493055555555,0.03517795138888889,0.02318056301916551,0.0072265625,0.03519965277777778,0.0403207655899335,0.0006944444444444445,0,0,0
float16,fx-cc-butterfly-dream,0.3,True,True,0.0030782378472196115,0.019205729166666668,0.017354914205430914,0.0013237847222222223,0.02282986111111111,0.016033748025632243,0.0038628472222222224,0.025282118055555556,0.02454379437253643,0.008268229166666667,0,0,0
float16,fx-cc-butterfly-dream,0.9,True,True,0.003939253472225346,0.02443576388888889,0.023943111692482727,8.680555555555556e-05,0.022569444444444444,0.019013038372217184,0.004166666666666667,0.023480902777777778,0.024005746870948173,0.013541666666666667,0,0,0
float16,fx-cc-butterfly-dream,1.5,True,True,0.0030206119791671426,0.02265625,0.020477281750514432,0.00030381944444444445,0.02443576388888889,0.01897961883796203,0.0037760416666666667,0.026280381944444445,0.02632793245271207,0.003537326388888889,0,0,0
float16,fx-cc-butterfly-dream,2.1,True,True,0.00507902777778213,0.024848090277777776,0.022476342765789158,0.0074435763888888885,0.02033420138888889,0.02152256221241161,0.004014756944444444,0.022243923611111112,0.023603793520340973,0.008658854166666667,0,0,0
float16,fx-cc-leak-warm,0.3,True,True,0.001991618923597116,0.013194444444444444,0.01613410845985875,0.003081597222222222,0.018489583333333334,0.01745698994272959,0.001388888888888889,0.024978298611111113,0.026033285233779298,0.004752604166666666,0,0,0
float16,fx-cc-leak-warm,0.9,True,True,0.002278997395819715,0.014019097222222223,0.015480979251180351,0.0026475694444444446,0.01697048611111111,0.01900721929276747,0.0017795138888888889,0.021158854166666668,0.03137326529141014,0.006141493055555555,0,0,0
float16,fx-cc-leak-warm,1.5,True,True,0.002276085069468081,0.015125868055555556,0.016543937658890413,0.0048828125,0.015125868055555556,0.014930791753406602,0.001584201388888889,0.023502604166666666,0.026106179445387182,0.0014539930555555556,0,0,0
float16,fx-cc-leak-warm,2.1,True,True,0.0012196267360877755,0.014930555555555556,0.017855639611422783,0.0015190972222222222,0.013802083333333333,0.016003732049454676,0.0017795138888888889,0.02426215277777778,0.025258212485128884,0.005208333333333333,0,0,0
float16,fx-cc-leak-neon,0.3,True,True,0.010237960069460428,0.03962673611111111,0.02150470304379224,0.011848958333333333,0.032486979166666666,0.017171152224774982,0.010047743055555556,0.02816840277777778,0.019779481193946964,0.007378472222222222,0,0,0
float16,fx-cc-leak-neon,0.9,True,True,0.0077515321180641195,0.02165798611111111,0.01816106569137647,0.0069010416666666664,0.0259765625,0.018482676861184943,0.0087890625,0.02406684027777778,0.022160274241111787,2.170138888888889e-05,0,0,0
float16,fx-cc-leak-neon,1.5,True,True,0.006449049479172686,0.016493055555555556,0.02250888370880294,0.00234375,0.022547743055555555,0.01820242397157499,0.0076171875,0.0111328125,0.013456223911445887,0.006966145833333334,0,0,0
float16,fx-cc-leak-neon,2.1,True,True,0.00880048611111306,0.023958333333333335,0.023374406531762704,0.011067708333333334,0.02439236111111111,0.018133004604119946,0.008072916666666667,0.015668402777777778,0.018184700483428375,0.009331597222222222,0,0,0
float16,fx-cc-falling-petals,0.3,True,True,0.014798064236103414,0.05164930555555555,0.0410840734868894,0.014366319444444444,0.04392361111111111,0.026404210883055203,0.014930555555555556,0.042708333333333334,0.031465049362516324,0.014756944444444444,0,0,0
float16,fx-cc-falling-petals,0.9,True,True,0.0018939279514000873,0.04900173611111111,0.027073376255352333,0.004470486111111111,0.0427734375,0.03046579311420964,0.003146701388888889,0.03830295138888889,0.028143547467763173,0.00822482638888889,0,0,0
float16,fx-cc-falling-petals,1.5,True,True,0.01202073350694377,0.05607638888888889,0.03872067048618921,0.011675347222222222,0.05173611111111111,0.021819775900073588,0.011805555555555555,0.04307725694444445,0.031047003006788972,0.015169270833333333,0,0,0
float16,fx-cc-falling-petals,2.1,True,True,0.00630732638889242,0.060460069444444445,0.04247664521327626,0.004296875,0.046332465277777776,0.02090394011430791,0.005881076388888889,0.04275173611111111,0.02978388503558455,0.01644965277777778,0,0,0
float16,fx-cc-smoky-focus,0.3,True,True,0.005779383680575734,0.027408854166666666,0.02061492205829121,0.006575520833333333,0.022981770833333335,0.019084818192157297,0.006141493055555555,0.022721354166666666,0.023398892717820037,0.00015190972222222222,0,0,0
float16,fx-cc-smoky-focus,0.9,True,True,0.00468226128474214,0.030164930555555556,0.020109542131547538,0.0010416666666666667,0.02734375,0.020971728522571752,0.005989583333333334,0.02328559027777778,0.02370528843621707,0.0024522569444444444,0,0,0
float16,fx-cc-smoky-focus,1.5,True,True,0.003100256076393748,0.028645833333333332,0.02290505621819071,0.004210069444444444,0.026063368055555557,0.019867034798174237,0.0026692708333333334,0.020247395833333334,0.020619827356685983,0.0041015625,0,0,0
float16,fx-cc-smoky-focus,2.1,True,True,0.004079665798599308,0.025151909722222223,0.01916857888220694,0.0013671875,0.028276909722222222,0.02107941992052014,0.005013020833333334,0.01796875,0.02382129738725508,0.0028211805555555555,0,0,0
float16,fx-cc-vintage-film,0.3,False,False,4.690681662326398,5.370855034722222,5.35056982127924,5.369466145833333,4.614778645833334,4.585957806953615,4.614084201388889,3.4506944444444443,3.4369834298008803,3.4506944444444443,0,0,0
float16,fx-cc-vintage-film,0.9,False,False,6.038603576388894,6.931423611111111,6.920582307101672,6.930381944444444,5.939973958333334,5.923545199683234,5.938932291666666,4.4,4.386963434465646,4.4,0,0,0
float16,fx-cc-vintage-film,1.5,False,False,5.542414092881941,6.382595486111111,6.3960106784581665,6.358289930555555,5.4752387152777775,5.4937585864374014,5.450238715277778,4.077365451388889,4.105452045696096,4.053059895833333,0,0,0
float16,fx-cc-vintage-film,2.1,True,True,0.08513138020833821,0.17747395833333332,0.3129528754828937,0.09639756944444444,0.13832465277777778,0.28238911387561544,0.08450520833333333,0.10776909722222222,0.28854362801333494,0.058159722222222224,0,0,0
float16,fx-cc-stellar,0.3,True,True,0.005628359374995284,0.04405381944444445,0.02533062362645543,0.00021701388888888888,0.045811631944444445,0.02256198968799196,0.009049479166666667,0.04296875,0.025132577148312126,0.012326388888888888,0,0,0
float16,fx-cc-stellar,0.9,True,True,0.010426475694444548,0.04032118055555556,0.02777758108168686,0.0009548611111111111,0.051671006944444445,0.025220914404996936,0.016124131944444446,0.035590277777777776,0.030963030137947333,0.0125,0,0,0
float16,fx-cc-stellar,1.5,True,True,0.008755577256948754,0.03802083333333333,0.026718120781672648,0.00013020833333333333,0.05514322916666667,0.02406648898060326,0.012738715277777778,0.03969184027777778,0.029307136229925826,0.004535590277777778,0,0,0
float16,fx-cc-stellar,2.1,True,True,0.008359518229170249,0.04457465277777778,0.028502529880699314,0.002690972222222222,0.05260416666666667,0.023047282809619374,0.01171875,0.03969184027777778,0.02780251489711686,0.00822482638888889,0,0,0
float16,fx-cc-ink-spill,0.3,True,True,0.0021902430555513774,0.048567708333333334,0.023332068677265127,0.01154513888888889,0.03576388888888889,0.015072428944143321,0.0016927083333333334,0.043359375,0.024096693427513437,0.01310763888888889,0,0,0
float16,fx-cc-ink-spill,0.9,True,True,0.002728285590279711,0.007096354166666667,0.007587640891429211,0.004188368055555555,0.0064670138888888885,0.006109626255905924,0.0020833333333333333,0.007638888888888889,0.007975662609903037,0.0048177083333333336,0,0,0
float16,fx-cc-ink-spill,1.5,True,True,0.0006441927083358223,0.0037977430555555555,0.00796297600477538,0.0007595486111111111,0.0029730902777777776,0.005928874996850599,0.0006727430555555556,0.004144965277777778,0.009029857750015701,2.170138888888889e-05,0,0,0
float16,fx-cc-ink-spill,2.1,True,True,0.0005377083333399924,0.029361979166666666,0.02356871299580663,0.0006293402777777778,0.02931857638888889,0.019562877905227028,0.0010199652777777778,0.0298828125,0.023488670463254334,0.0008029513888888889,0,0,0
float16,fx-cc-exploding-love,0.3,False,False,0.2322309461805503,1.258962673611111,6.2885148962659745,1.2447265625,1.319921875,2.908525140445719,0.7059027777777778,1.291384548611111,2.770806519469238,0.11082899305555556,0,0,0
float16,fx-cc-exploding-love,0.9,False,False,0.08034547743055498,1.0262586805555556,2.164451091960876,0.8816840277777778,0.5701822916666667,1.1762045829424186,0.1547309027777778,0.7457899305555555,1.1146558387848773,0.04934895833333333,0,0,0
float16,fx-cc-exploding-love,1.5,True,True,0.006988671874992747,0.06030815972222222,0.09659268226283828,0.0208984375,0.04592013888888889,0.0633390109494048,0.0019097222222222222,0.048285590277777776,0.06661846178390714,0.016341145833333334,0,0,0
float16,fx-cc-exploding-love,2.1,False,False,0.37090119357640106,1.3250651041666666,4.763451290212539,1.0938151041666666,0.8373914930555556,2.685536360085966,0.8106553819444444,1.421484375,2.5724908721854773,0.3277777777777778,0,0,0
float16,fx-cc-damaged-vignette,0.3,True,True,4.34722222308892e-05,0.03155381944444444,0.02324988491494895,0.003125,0.028645833333333332,0.016993196369966483,0.0017795138888888889,0.021180555555555557,0.019040266700137625,0.009027777777777777,0,0,0
float16,fx-cc-damaged-vignette,0.9,True,True,0.004076601562488236,0.0310546875,0.019591264260766968,0.0026692708333333334,0.0275390625,0.018424145426804796,0.005533854166666667,0.018098958333333335,0.018434112748174376,0.009505208333333333,0,0,0
float16,fx-cc-damaged-vignette,1.5,True,True,0.004340768229170067,0.029578993055555555,0.021853609845308923,0.0060112847222222225,0.027256944444444445,0.018124169992879302,0.003515625,0.022352430555555556,0.018603502167246395,0.007595486111111111,0,0,0
float16,fx-cc-damaged-vignette,2.1,True,True,0.004008138020822116,0.0255859375,0.01972908670265142,0.0016276041666666667,0.02280815972222222,0.016002285731109275,0.004318576388888889,0.015755208333333333,0.016873542660984762,0.007942708333333333,0,0,0
float16,fx-cc-firefly,0.3,True,True,0.059577343749992906,0.2940538194444444,1.7401911014671003,0.10512152777777778,0.25167100694444444,1.5290150945071257,0.052018229166666666,0.11731770833333334,0.7709553313889002,0.00034722222222222224,0,0,0
float16,fx-cc-firefly,0.9,False,False,0.30555503906249726,0.5368272569444444,5.210091747041234,0.3827907986111111,0.5741970486111111,4.520134367945993,0.3023654513888889,0.42191840277777776,2.2417946437150014,0.10972222222222222,0,0,0
float16,fx-cc-firefly,1.5,False,False,0.3364930642361088,0.5086371527777778,4.845468901839657,0.391796875,0.5140625,4.261959702692992,0.342578125,0.33025173611111114,2.147412637972092,0.11336805555555556,0,0,0
float16,fx-cc-firefly,2.1,False,False,0.6298310329861039,0.7981987847222223,3.794700901256586,0.7360026041666666,0.6780164930555556,3.3951715721655993,0.6271484375,0.34481336805555557,1.7205776318497377,0.3437717013888889,0,0,0
float16,fx-cc-misty-tint,0.3,True,True,0.0028593098958253904,0.02165798611111111,0.027126550229414386,0.010069444444444445,0.024826388888888887,0.020477744826246685,0.0014756944444444444,0.02654079861111111,0.02813056149129678,0.004665798611111111,0,0,0
float16,fx-cc-misty-tint,0.9,True,True,0.0019479383680476303,0.026692708333333332,0.026153047776022963,0.004904513888888889,0.023198784722222223,0.017983802030232397,0.0016710069444444444,0.01890190972222222,0.024670108015132156,0.004014756944444444,0,0,0
float16,fx-cc-misty-tint,1.5,True,True,0.009206245659711954,0.03012152777777778,0.024294090939799718,0.005989583333333334,0.026041666666666668,0.020763928909037405,0.011067708333333334,0.027886284722222224,0.02173431229697178,0.00023871527777777777,0,0,0
float16,fx-cc-misty-tint,2.1,True,True,0.007985967881936062,0.027408854166666666,0.024747703492283644,0.0099609375,0.024891493055555554,0.016691763104682754,0.008919270833333333,0.02443576388888889,0.025065743433079875,0.007074652777777778,0,0,0
float16,fx-cc-sepia-cool,0.3,True,True,0.010796966145846909,0.09088541666666666,0.18229096336263653,0.016666666666666666,0.09950086805555555,0.16503902734623999,0.0095703125,0.09411892361111111,0.17804304229669432,0.0056640625,0,0,0
float16,fx-cc-sepia-cool,0.9,True,True,0.0027344748263686824,0.06651475694444445,0.16730114139318056,0.008138020833333334,0.0796875,0.14342429086498945,0.006119791666666667,0.07764756944444444,0.1673590628650849,0.0012152777777777778,0,0,0
float16,fx-cc-sepia-cool,1.5,True,True,0.028536410590277228,0.09296875,0.17153785416518733,0.015494791666666667,0.07983940972222223,0.15040796650116256,0.031966145833333334,0.0671657986111111,0.17220057158268537,0.03296440972222222,0,0,0
float16,fx-cc-sepia-cool,2.1,True,True,0.023346475694452806,0.09461805555555555,0.1740838303929873,0.0035590277777777777,0.0775390625,0.14517223699813095,0.029622395833333332,0.04913194444444444,0.1681020469226006,0.019444444444444445,0,0,0
float16,fx-cc-snow-night,0.3,True,True,6.348090278152085e-05,0.04513888888888889,0.02470548096278103,0.0069878472222222225,0.04529079861111111,0.019081949951585405,0.0021484375,0.05759548611111111,0.031175584893233195,0.00017361111111111112,0,0,0
float16,fx-cc-snow-night,0.9,True,True,0.0027489756944447663,0.0451171875,0.02954595731567506,0.006532118055555556,0.04884982638888889,0.02249188729838145,0.005577256944444445,0.051106770833333336,0.028570531816591454,0.0020616319444444445,0,0,0
float16,fx-cc-snow-night,1.5,True,True,0.003987712673620081,0.04780815972222222,0.028609321070117297,0.0013237847222222223,0.0453125,0.018767703343494598,0.006293402777777778,0.057421875,0.028150630431224715,0.0032118055555555554,0,0,0
float16,fx-cc-snow-night,2.1,True,True,0.004569227430550882,0.04676649305555555,0.02885398223313253,0.0023654513888888887,0.041493055555555554,0.021230803345600586,0.007335069444444444,0.05674913194444445,0.025808511337132047,0.0024088541666666668,0,0,0
float16,fx-cc-rain,0.3,True,True,0.002276193576378205,0.03615451388888889,0.026309812011756677,0.010112847222222223,0.03148871527777778,0.0195892299696981,0.0060112847222222225,0.03899739583333333,0.02712987628555485,0.0017578125,0,0,0
float16,fx-cc-rain,0.9,True,True,0.0024261588541492074,0.03400607638888889,0.02493935981740652,0.011393229166666666,0.02769097222222222,0.0172644018467708,0.007291666666666667,0.042534722222222224,0.02400984140042535,0.005078125,0,0,0
float16,fx-cc-rain,1.5,True,True,0.0016632074652989104,0.03498263888888889,0.024937575813037446,0.011371527777777777,0.023220486111111112,0.016805373433289483,0.001736111111111111,0.042469618055555554,0.02356717472356062,0.006749131944444445,0,0,0
float16,fx-cc-rain,2.1,True,True,0.0026490711805706724,0.03166232638888889,0.02317366929533837,0.0134765625,0.028580729166666666,0.019947397271813282,0.00822482638888889,0.03643663194444444,0.021012984571741947,0.005099826388888889,0,0,0
float16,fx-cc-rose-bloom,0.3,True,True,0.3779283376736089,0.54140625,1.2001638224794886,0.4931857638888889,0.3843532986111111,0.8745084528613033,0.34650607638888886,0.3524088541666667,0.6169248320130113,0.3498046875,0,0,0
float16,fx-cc-rose-bloom,0.9,True,True,0.23505407552083568,0.39053819444444443,0.9208903021676906,0.11818576388888889,0.3691623263888889,0.7960926715329001,0.2749782986111111,0.2890407986111111,0.5370095090103606,0.18370225694444445,0,0,0
float16,fx-cc-rose-bloom,1.5,True,True,0.17065645399307527,0.5322265625,1.4890757369291507,0.5186848958333333,0.19815538194444443,0.5045183544600944,0.06803385416666667,0.19913194444444443,0.35961875858059295,0.16241319444444444,0,0,0
float16,fx-cc-rose-bloom,2.1,False,False,0.08371072916666833,0.19848090277777777,2.1359437279313522,0.03502604166666667,0.23956163194444444,0.6478279747365813,0.1154296875,0.26983506944444446,0.6298523062933873,0.119140625,0,0,0
float16,fx-cc-sparkle-shine,0.3,True,True,0.0030965885416662786,0.04691840277777778,0.02594656942289105,0.004210069444444444,0.040190972222222225,0.014765607038602588,0.0025173611111111113,0.037022569444444445,0.020435487428735445,0.005555555555555556,0,0,0
float16,fx-cc-sparkle-shine,0.9,True,True,0.0004986501736112814,0.0501953125,0.02581393542543949,0.007400173611111111,0.04266493055555556,0.01792535731428779,0.0009548611111111111,0.03723958333333333,0.020889929071097123,0.005425347222222222,0,0,0
float16,fx-cc-sparkle-shine,1.5,True,True,0.006242855902783617,0.05002170138888889,0.027575174636885802,0.006792534722222222,0.04830729166666667,0.018041122941735814,0.005598958333333333,0.035481770833333336,0.025014656526147244,0.011002604166666667,0,0,0
float16,fx-cc-sparkle-shine,2.1,True,True,0.0016511718750109594,0.05475260416666667,0.028509300304139975,0.00028211805555555553,0.04262152777777778,0.015207087248347085,0.0011284722222222221,0.037434895833333336,0.026670980769772645,0.01252170138888889,0,0,0
float16,fx-cc-pixel-blocks,0.3,True,True,0.006649435763875999,0.032486979166666666,0.052650024056950684,0.007530381944444445,0.040125868055555555,0.044692918041286424,0.01091579861111111,0.029796006944444446,0.03929229824507453,0.006141493055555555,0,0,0
float16,fx-cc-pixel-blocks,0.9,True,True,0.0018806510416737865,0.04364149305555556,0.038293754324732504,0.0010199652777777778,0.02734375,0.030476736997656673,0.002560763888888889,0.021940104166666665,0.03457361390457661,0.002322048611111111,0,0,0
float16,fx-cc-pixel-blocks,1.5,True,True,0.003468906250020609,0.050390625,0.06552777288125146,0.002907986111111111,0.05164930555555555,0.05423982733304881,0.0049479166666666664,0.03715277777777778,0.05401321794321665,0.007595486111111111,0,0,0
float16,fx-cc-pixel-blocks,2.1,True,True,0.0061198697916609035,0.0439453125,0.056831952075007346,0.0154296875,0.03430989583333333,0.041404512841677676,0.004318576388888889,0.030577256944444443,0.040098152684546626,0.0034505208333333332,0,0,0
float16,fx-cc-pixel-mutant,0.3,True,True,0.008108515624982715,0.03064236111111111,0.04496933553837204,0.009027777777777777,0.038411458333333336,0.03867506020545084,0.014279513888888888,0.024131944444444445,0.028675103766368663,0.002560763888888889,0,0,0
float16,fx-cc-pixel-mutant,0.9,False,False,0.0407631901041583,0.5374348958333334,2.3585962069995285,0.10844184027777778,0.4143012152777778,2.402853924406882,0.025802951388888887,0.4623263888888889,2.449698014410134,0.01032986111111111,0,0,0
float16,fx-cc-pixel-mutant,1.5,True,True,0.020610629340296782,0.03090277777777778,0.045826200847263125,0.021961805555555554,0.04416232638888889,0.05465282503423297,0.01950954861111111,0.04364149305555556,0.06122410163765304,0.0275390625,0,0,0
float16,fx-cc-pixel-mutant,2.1,True,True,0.01084532552081896,0.023328993055555556,0.027891933395473956,0.0072265625,0.029991319444444445,0.031938969342031706,0.013541666666666667,0.023350694444444445,0.03323572542752665,0.005208333333333333,0,0,0
float16,fx-cc-pixel-universe,0.3,True,True,0.004918302951388398,0.020833333333333332,0.021443373261079382,0.005425347222222222,0.020095486111111113,0.01681280225342113,0.004644097222222222,0.013172743055555556,0.017886868450721027,0.006141493055555555,0,0,0
float16,fx-cc-pixel-universe,0.9,True,True,0.0035944704860995103,0.016536458333333334,0.01845942385468458,0.009114583333333334,0.013910590277777777,0.014202947248219942,0.0024522569444444444,0.018055555555555554,0.02244847890104892,0.001345486111111111,0,0,0
float16,fx-cc-pixel-universe,1.5,True,True,0.00311839409721415,0.016080729166666665,0.020503754543561344,0.0012369791666666666,0.015516493055555556,0.017420347074154387,0.003363715277777778,0.015169270833333333,0.016873957382617814,0.0062282986111111115,0,0,0
float16,fx-cc-pixel-universe,2.1,True,True,0.0009523177083536893,0.02575954861111111,0.023976377343721367,0.0042751736111111115,0.020182291666666668,0.016719813322364996,0.0010850694444444445,0.018815104166666666,0.021426892902723024,0.011349826388888888,0,0,0
float16,fx-pb-pixel-scan,0.3,True,True,0.010890225694438982,0.0412109375,0.020870017605390433,0.010828993055555555,0.03337673611111111,0.017331121827273525,0.011501736111111112,0.030533854166666666,0.0192970374911958,0.005013020833333334,0,0,0
float16,fx-pb-pixel-scan,0.9,True,True,0.003801015625001014,0.020551215277777778,0.021396427825833488,0.0012369791666666666,0.024153645833333334,0.019280268244073938,0.004361979166666667,0.02849392361111111,0.023500459881123027,0.0057942708333333336,0,0,0
float16,fx-pb-pixel-scan,1.5,True,True,0.006612569444442329,0.02797309027777778,0.019500252189589555,0.005230034722222222,0.03025173611111111,0.019695753229128928,0.0069878472222222225,0.018294270833333334,0.0183117866401912,0.006966145833333334,0,0,0
float16,fx-pb-pixel-scan,2.1,True,True,0.009702421874990819,0.037651909722222224,0.021646102091843433,0.0059244791666666664,0.037109375,0.02050751838777587,0.010720486111111111,0.02771267361111111,0.020401797980574676,0.0107421875,0,0,0
float16,fx-pb-flip-phone,0.3,True,True,0.0006615234375004775,0.008680555555555556,0.013176668480544947,0.004340277777777778,0.010698784722222222,0.010947343626958317,6.510416666666667e-05,0.010394965277777777,0.012504091437279761,0.0029730902777777776,0,0,0
float16,fx-pb-flip-phone,0.9,True,True,0.0013957682291731999,0.010112847222222223,0.012652064094956192,0.0009548611111111111,0.011263020833333333,0.010815403912402242,0.0013237847222222223,0.009049479166666667,0.013026307078764935,0.0034071180555555556,0,0,0
float16,fx-pb-flip-phone,1.5,True,True,0.0003031770833246128,0.010199652777777778,0.011781081517183758,0.001388888888888889,0.00822482638888889,0.010521476606099199,0.0009331597222222223,0.010112847222222223,0.014801783657030951,0.0009548611111111111,0,0,0
float16,fx-pb-flip-phone,2.1,True,True,0.003048897569428277,0.012955729166666667,0.016281112207414027,0.006879340277777778,0.007899305555555555,0.010554122715224558,0.0024305555555555556,0.006401909722222222,0.012124141544327383,0.002105034722222222,0,0,0
float16,fx-pb-pixel-breakdown,0.3,True,True,0.0006884114583272094,0.03046875,0.024655006209014296,0.008159722222222223,0.031401909722222225,0.02094549096613128,0.0018880208333333333,0.025434027777777778,0.021530820036874364,0.004210069444444444,0,0,0
float16,fx-pb-pixel-breakdown,0.9,True,True,0.01195330729166244,0.08020833333333334,0.2096733383903709,0.005338541666666667,0.06825086805555555,0.21296353411375082,0.014908854166666667,0.055815972222222225,0.222627131468495,0.03359375,0,0,0
float16,fx-pb-pixel-breakdown,1.5,True,True,0.0011598437500026648,0.008940972222222222,0.011997415230818006,0.0018663194444444445,0.007877604166666666,0.011198441643343044,0.0011501736111111111,0.007248263888888889,0.011454886453792142,0.0008246527777777778,0,0,0
float16,fx-pb-pixel-breakdown,2.1,True,True,0.0012441145833292921,0.006553819444444445,0.011319874612132123,8.680555555555556e-05,0.007486979166666667,0.010164316686530974,0.0018880208333333333,0.006423611111111111,0.011893631231019785,0.0012152777777777778,0,0,0
float16,fx-pb-sweet-party,0.3,False,False,0.162722482638884,0.6101128472222223,2.866300706049595,0.23129340277777777,0.4732204861111111,1.7917296722777147,0.14092881944444444,0.3957465277777778,1.5669857383923316,0.17669270833333334,0,0,0
float16,fx-pb-sweet-party,0.9,False,False,0.0721076866319379,0.2335720486111111,3.5868642292165727,0.012608506944444445,0.2248046875,1.9654506788080421,0.09763454861111111,0.1693142361111111,2.4960024076285,0.005555555555555556,0,0,0
float16,fx-pb-sweet-party,1.5,False,False,0.04409611979167494,0.21714409722222222,3.9569857734423284,0.08190104166666666,0.25078125,2.3313240228047634,0.02248263888888889,0.26545138888888886,2.722782218034186,0.146875,0,0,0
float16,fx-pb-sweet-party,2.1,False,False,0.43208790798611574,1.0649522569444445,3.666270165578944,0.6673828125,0.8047960069444444,2.030168562392602,0.3525390625,0.8360026041666667,2.396739688918067,0.5272352430555556,0,0,0
float16,fx-pb-misty-tint,0.3,True,True,0.001917092013883348,0.018684895833333333,0.021536637945374925,0.0024088541666666668,0.0259765625,0.023302553191239327,0.0014539930555555556,0.022417534722222222,0.023254282287204178,0.005056423611111111,0,0,0
float16,fx-pb-misty-tint,0.9,True,True,0.00361519097221219,0.020008680555555554,0.024680098166180435,0.0052517361111111115,0.026671006944444443,0.02239793086617337,0.0030598958333333333,0.021918402777777776,0.02379628894964191,0.004296875,0,0,0
float16,fx-pb-misty-tint,1.5,True,True,0.005850603298597434,0.024739583333333332,0.02585460381041946,0.0028211805555555555,0.024934895833333335,0.02242295239291431,0.006401909722222222,0.0232421875,0.02622382461728133,0.009309895833333333,0,0,0
float16,fx-pb-misty-tint,2.1,True,True,0.0026582682291547144,0.022591145833333333,0.025190776621197897,0.0022352430555555554,0.026063368055555557,0.023800878816657725,0.0029296875,0.025607638888888888,0.02614989804245123,0.0012152777777777778,0,0,0
float16,fx-pb-bead-art,0.3,True,True,0.01084036024303714,0.02749565972222222,0.03283229492849243,0.02358940972222222,0.01545138888888889,0.04052171235021721,0.008333333333333333,0.011284722222222222,0.05007746168933011,0.0018663194444444445,0,0,0
float16,fx-pb-bead-art,0.9,True,True,0.03665967447918206,0.034722222222222224,0.06719115147873372,0.022222222222222223,0.048285590277777776,0.06618215505311124,0.042643229166666664,0.023936631944444446,0.028275408158143202,0.01990017361111111,0,0,0
float16,fx-pb-bead-art,1.5,True,True,0.023127634548615106,0.02035590277777778,0.05884088594609581,0.012847222222222222,0.03383246527777778,0.03639482012786514,0.0275390625,0.02185329861111111,0.03585986104640936,0.009700520833333334,0,0,0
float16,fx-pb-bead-art,2.1,True,True,0.01644710937500804,0.03187934027777778,0.043416592960527675,0.031184895833333334,0.03185763888888889,0.037986775428372574,0.010460069444444444,0.0533203125,0.06319050365613611,0.03235677083333333,0,0,0
float16,fx-pb-pixel-rain,0.3,True,True,0.007999722222209016,0.03845486111111111,0.03133341284211372,0.011414930555555555,0.034830729166666664,0.027780800600659142,0.006271701388888889,0.029861111111111113,0.03054021858260887,0.01506076388888889,0,0,0
float16,fx-pb-pixel-rain,0.9,True,True,0.008525954861127616,0.03322482638888889,0.03708138143205028,0.011480034722222223,0.03745659722222222,0.027701369580762532,0.006727430555555556,0.032660590277777776,0.03593686037686043,0.017643229166666666,0,0,0
float16,fx-pb-pixel-rain,1.5,True,True,0.007064691840284354,0.032703993055555554,0.03346563503769416,0.00896267361111111,0.04040798611111111,0.02760724968700351,0.005815972222222222,0.035416666666666666,0.03818885096832967,0.01384548611111111,0,0,0
float16,fx-pb-pixel-rain,2.1,True,True,0.013599574652772617,0.04123263888888889,0.049203037367386404,0.009809027777777778,0.04411892361111111,0.04242555100207367,0.015516493055555556,0.04040798611111111,0.05459637150147467,0.005772569444444445,0,0,0
float16,fx-st-polaroid,0.3,True,True,0.008645321180566157,0.015082465277777778,0.01846076966834,0.009700520833333334,0.014105902777777778,0.014887469488974066,0.009114583333333334,0.011349826388888888,0.016693686306552387,0.0008897569444444444,0,0,0
float16,fx-st-polaroid,0.9,True,True,0.010726380208339492,0.01857638888888889,0.024346572108001188,0.012934027777777777,0.0169921875,0.01603464492932654,0.010394965277777777,0.017100694444444446,0.020392079786675125,0.007508680555555556,0,0,0
float16,fx-st-polaroid,1.5,True,True,0.01134494357638971,0.02113715277777778,0.025801213603858654,0.014105902777777778,0.02113715277777778,0.020690408332320023,0.010677083333333334,0.018077256944444446,0.023594232452679473,0.009830729166666666,0,0,0
float16,fx-st-polaroid,2.1,True,True,0.011698172743038526,0.020269097222222223,0.022424064044044047,0.011935763888888888,0.01918402777777778,0.0195973351958378,0.012543402777777778,0.01642795138888889,0.01747388356486103,0.0026258680555555558,0,0,0
float16,fx-st-retro-tv,0.3,True,True,0.011643168402777349,0.010460069444444444,0.022196221878705506,0.009027777777777777,0.013650173611111111,0.01617848077295824,0.012434895833333333,0.012239583333333333,0.017525200419925682,0.011501736111111112,0,0,0
float16,fx-st-retro-tv,0.9,True,True,0.0023083637152794267,0.009613715277777778,0.0133881122094307,0.0004557291666666667,0.0111328125,0.012195617559396256,0.0029730902777777776,0.009809027777777778,0.016648815202172585,0.0038628472222222224,0,0,0
float16,fx-st-retro-tv,1.5,True,True,0.340193259548613,0.3717230902777778,0.37663675307932387,0.37102864583333334,0.3392361111111111,0.3474615765129132,0.3371527777777778,0.28020833333333334,0.2908358986630973,0.2795138888888889,0,0,0
float16,fx-st-retro-tv,2.1,True,True,0.25965596788193324,0.2886284722222222,0.2951075094097352,0.2874565972222222,0.2584635416666667,0.26593249569046096,0.25568576388888886,0.21746961805555556,0.22400524265051067,0.21712239583333334,0,0,0
float16,fx-st-billboard,0.3,True,True,0.004243875868048974,0.0067708333333333336,0.008936935755357023,0.002951388888888889,0.010199652777777778,0.010595209180738993,0.0048177083333333336,0.009830729166666666,0.010719886080745821,0.0023654513888888887,0,0,0
float16,fx-st-billboard,0.9,True,True,0.0004379340277793631,0.009418402777777777,0.011371213267606345,0.003993055555555555,0.009418402777777777,0.007156015442449171,0.000390625,0.006814236111111111,0.011622195461762786,0.0018229166666666667,0,0,0
float16,fx-st-billboard,1.5,True,True,0.002677808159724293,0.012434895833333333,0.01533546336515179,0.004014756944444444,0.0080078125,0.009116921042142555,0.0022352430555555554,0.006076388888888889,0.010028373707505834,0.003125,0,0,0
float16,fx-st-billboard,2.1,True,True,0.0007465972222249206,0.0077473958333333336,0.012964711458720636,0.002495659722222222,0.008810763888888889,0.008891823828818007,0.00026041666666666666,0.007921006944444444,0.010407451544769165,0.0004123263888888889,0,0,0
float16,fx-st-film-strip,0.3,True,True,0.01292333333332607,0.02230902777777778,0.11733987270943523,0.009375,0.027083333333333334,0.10533119239309023,0.014756944444444444,0.024305555555555556,0.08362656935209709,0.005208333333333333,0,0,0
float16,fx-st-film-strip,0.9,True,True,0.3631424088541735,0.4344401041666667,0.5703693657894746,0.4308810763888889,0.3607204861111111,0.47683970627385736,0.3556857638888889,0.24153645833333334,0.3321494458232444,0.23754340277777777,0,0,0
float16,fx-st-film-strip,1.5,True,True,1.0306406597222306,1.1817491319444444,1.324463675766962,1.1768012152777778,1.0174479166666666,1.141186618554257,1.0158854166666667,0.7491970486111111,0.841547863987808,0.7464192708333334,0,0,0
float16,fx-st-film-strip,2.1,True,True,1.0766468315972375,1.2200086805555554,1.2679367513048816,1.2193142361111111,1.0622178819444446,1.0996606830078521,1.0622178819444446,0.8013020833333333,0.849713658754866,0.7994791666666666,0,0,0
float16,fx-ne-frame,0.3,True,True,0.002449288194426913,0.022048611111111113,0.023631223866964004,0.002907986111111111,0.021180555555555557,0.018452003016310024,0.003081597222222222,0.01796875,0.02491186662305574,0.005164930555555555,0,0,0
float16,fx-ne-frame,0.9,True,True,1.8114872395833146,1.6857855902777779,1.6145988420112782,1.6857855902777779,1.8447265625,1.7711131563920675,1.8447265625,1.852365451388889,1.7684625218064127,1.852365451388889,0,0,0
float16,fx-ne-frame,1.5,True,True,0.0009103385416580068,0.020399305555555556,0.020182442904817938,0.00078125,0.0185546875,0.016569676756110648,0.0011501736111111111,0.018012152777777776,0.0175328459976376,0.003515625,0,0,0
float16,fx-ne-frame,2.1,True,True,5.636284723209428e-05,0.0203125,0.018507944765038788,0.0005642361111111111,0.01890190972222222,0.016776160672690707,0.0003255208333333333,0.018836805555555555,0.01796874459901596,0.00234375,0,0,0
float16,fx-ne-ring,0.3,True,True,0.00511636284721817,0.014496527777777778,0.016696251178543262,0.003472222222222222,0.023871527777777776,0.01461324355911139,0.00546875,0.017708333333333333,0.016081555806229848,0.0064670138888888885,0,0,0
float16,fx-ne-ring,0.9,False,False,0.95600425347223,2.190451388888889,2.1880686258324644,2.190451388888889,0.5231336805555555,0.5273739133954576,0.5226128472222222,1.61484375,1.614402354327668,1.6141493055555556,0,0,0
float16,fx-ne-ring,1.5,True,True,0.003742790798611395,0.017708333333333333,0.01858855605923234,0.0010416666666666667,0.024826388888888887,0.017408495248740514,0.0045138888888888885,0.010308159722222222,0.01435487601686248,0.0040581597222222225,0,0,0
float16,fx-ne-ring,2.1,True,True,0.006494279513901802,0.02109375,0.016573269648974195,0.0022569444444444442,0.02378472222222222,0.01615265145464441,0.008159722222222223,0.017578125,0.020080115960470806,0.0024739583333333332,0,0,0
float16,fx-ne-heart,0.3,True,True,0.004334127604167293,0.019227430555555557,0.019561805897883647,0.001345486111111111,0.024457465277777778,0.016786772534019702,0.0060546875,0.023155381944444445,0.02309758463525342,0.004014756944444444,0,0,0
float16,fx-ne-heart,0.9,True,True,0.00475774739582846,0.024457465277777778,0.01836801844239946,0.0013237847222222223,0.025455729166666666,0.01664048513520668,0.006879340277777778,0.02131076388888889,0.020369261397873432,0.0016493055555555556,0,0,0
float16,fx-ne-heart,1.5,True,True,0.00254076388890212,0.018815104166666666,0.020601452949795835,0.0024088541666666668,0.024848090277777776,0.01715206761071598,0.0023654513888888887,0.020724826388888888,0.01858474344912486,0.004665798611111111,0,0,0
float16,fx-ne-heart,2.1,True,True,0.0034732899305680576,0.018055555555555554,0.01827748822814148,0.003168402777777778,0.02502170138888889,0.01653284803897519,0.0034939236111111113,0.018446180555555556,0.01743225720822642,0.004166666666666667,0,0,0
float16,fx-ne-lightning,0.3,True,True,0.0017851302083329301,0.026323784722222222,0.02052985329124409,0.004318576388888889,0.02183159722222222,0.018880650424720317,0.004079861111111111,0.015907118055555555,0.02074197075501474,0.0029730902777777776,0,0,0
float16,fx-ne-lightning,0.9,True,True,0.00033274739583077917,0.025086805555555557,0.019587678139950424,4.340277777777778e-05,0.019444444444444445,0.016419458867672328,0.0010416666666666667,0.0138671875,0.019042567538899678,0.005837673611111111,0,0,0
float16,fx-ne-lightning,1.5,True,True,0.00027635416668658763,0.02814670138888889,0.022913846829863478,0.010308159722222222,0.01987847222222222,0.018206127595351302,0.0033854166666666668,0.015690104166666666,0.020567028163602247,0.007009548611111111,0,0,0
float16,fx-ne-lightning,2.1,True,True,0.0007096137152728943,0.02265625,0.01803065062460533,0.0032118055555555554,0.020247395833333334,0.0170657611620558,2.170138888888889e-05,0.013346354166666666,0.017060791115389256,0.0005859375,0,0,0
float16,fx-ne-stars,0.3,False,False,0.3366658810763852,0.8983072916666667,5.056345152022482,0.13958333333333334,0.7724609375,2.902986464438463,0.42658420138888886,0.8583116319444445,5.3973156273039065,0.026280381944444445,0,0,0
float16,fx-ne-stars,0.9,False,False,1.2526125217014084,1.147265625,5.123979987945349,1.0370225694444444,1.609982638888889,5.2735780956722,1.4106770833333333,0.8728081597222223,4.361709161343483,0.3216796875,0,0,0
float16,fx-ne-stars,1.5,False,False,0.11543720486110942,0.5907118055555556,4.3161971810265,0.4571614583333333,0.4204644097222222,2.905005849347824,0.02033420138888889,0.6996961805555556,4.683822222671451,0.4541232638888889,0,0,0
float16,fx-ne-stars,2.1,False,False,0.17066611979166169,0.7358940972222222,5.591241941667515,0.20716145833333333,0.6218098958333333,6.24262702208973,0.1869574652777778,0.37721354166666665,4.4130180791781575,0.09817708333333333,0,0,0
float16,fx-cr-sparkle-burst,0.3,False,False,0.10294365017360008,0.40811631944444443,2.4530916790138653,0.09995659722222222,0.39798177083333336,2.433955060897463,0.10562065972222222,0.35635850694444443,2.107511815808634,0.08522135416666667,0,0,0
float16,fx-cr-sparkle-burst,0.9,True,True,0.010192335069461933,0.11041666666666666,0.23584853822704888,0.0012152777777777778,0.10321180555555555,0.2291783234600001,0.012413194444444444,0.08802083333333334,0.19787488567913675,0.014626736111111111,0,0,0
float16,fx-cr-sparkle-burst,1.5,False,False,0.28891409722221795,0.4168619791666667,2.097523238047924,0.28057725694444446,0.42953559027777777,2.018437757593781,0.2969835069444444,0.36356336805555556,1.7507381949255318,0.23352864583333333,0,0,0
float16,fx-cr-sparkle-burst,2.1,False,False,0.19601617187501574,0.5475694444444444,2.5429786273363373,0.2222222222222222,0.4570529513888889,2.5285493989700383,0.1912109375,0.412109375,2.2345176724174647,0.1664496527777778,0,0,0
float16,fx-cr-glitter-rain,0.3,True,True,0.00011762152777805568,0.04717881944444444,0.030811906104890003,0.0005208333333333333,0.040625,0.016668336729008065,0.0005208333333333333,0.03958333333333333,0.020206929794865415,0.0019965277777777776,0,0,0
float16,fx-cr-glitter-rain,0.9,True,True,0.0018234765625066984,0.04685329861111111,0.030753870912482287,0.005577256944444445,0.041796875,0.020107951855336006,0.0035590277777777777,0.038585069444444446,0.020626382554249003,0.006423611111111111,0,0,0
float16,fx-cr-glitter-rain,1.5,True,True,0.006691436631953707,0.051106770833333336,0.03176817365607862,0.0080078125,0.049544270833333334,0.01885767118265807,0.005967881944444444,0.03927951388888889,0.024560348228970182,0.009982638888888888,0,0,0
float16,fx-cr-glitter-rain,2.1,True,True,0.0017460026041788979,0.05555555555555555,0.0332523675304855,0.0014322916666666666,0.04520399305555556,0.020192375808840077,0.0014539930555555556,0.04138454861111111,0.027298198347525317,0.013997395833333334,0,0,0
float16,fx-cr-matrix,0.3,True,True,0.008992317708326425,0.040234375,0.025547154483875033,0.01171875,0.0267578125,0.022439907083519776,0.008051215277777777,0.03806423611111111,0.025720759590164906,0.010286458333333333,0,0,0
float16,fx-cr-matrix,0.9,True,True,0.0028431380208360224,0.04481336805555555,0.03183663189419069,0.013736979166666666,0.03515625,0.029029127638144882,0.0006076388888888889,0.033984375,0.02687718683284762,0.0049479166666666664,0,0,0
float16,fx-cr-matrix,1.5,True,True,0.005155451388880294,0.0357421875,0.024990984464492074,0.0099609375,0.02541232638888889,0.0175346057399076,0.0032769097222222223,0.02944878472222222,0.02755120195666471,0.009613715277777778,0,0,0
float16,fx-cr-matrix,2.1,True,True,0.0028140364583322253,0.05529513888888889,0.03767756977963159,0.016927083333333332,0.04060329861111111,0.05416141160574146,0.0025824652777777777,0.049652777777777775,0.04600000181600293,0.014713541666666666,0,0,0
float16,fx-cr-signal-lost,0.3,True,True,0.03667025607639118,0.11050347222222222,0.4529834385352685,0.04027777777777778,0.13713107638888888,0.4300203367244079,0.034613715277777776,0.10809461805555555,0.4343335631082309,0.04641927083333333,0,0,0
float16,fx-cr-signal-lost,0.9,True,True,0.01447888020832977,0.1236328125,0.26795808512148134,0.0029296875,0.09635416666666667,0.262303290297639,0.017664930555555555,0.07532552083333334,0.26994057971620133,0.0341796875,0,0,0
float16,fx-cr-signal-lost,1.5,True,True,0.11233230468748445,0.18932291666666667,0.5580189645690202,0.13381076388888888,0.1374782986111111,0.5581632334255151,0.10457899305555556,0.1589626736111111,0.5652174265583423,0.12588975694444443,0,0,0
float16,fx-cr-signal-lost,2.1,False,False,13.961538446180555,12.422829861111111,26.356184093567713,12.330815972222222,14.037738715277778,32.50338655658489,13.721766493055556,21.335546875,37.47362696441323,21.138498263888888,0,0,0
float16,fx-cr-slice-drift,0.3,True,True,0.007871085069439232,0.028103298611111112,0.026456183369999275,0.0130859375,0.030512152777777777,0.018524538466695672,0.005772569444444445,0.03187934027777778,0.02919921033696591,0.013302951388888888,0,0,0
float16,fx-cr-slice-drift,0.9,True,True,0.016001901041704514,0.030729166666666665,0.028086435077949546,0.0140625,0.03161892361111111,0.026106183619689242,0.017339409722222223,0.026432291666666666,0.027343191565755372,0.008463541666666666,0,0,0
float16,fx-cr-slice-drift,1.5,True,True,0.006551623263902684,0.03029513888888889,0.027918273334920772,0.010026041666666667,0.026085069444444445,0.019660785894564613,0.005295138888888889,0.029817708333333335,0.03195609865633552,0.008767361111111111,0,0,0
float16,fx-cr-slice-drift,2.1,True,True,0.0022427387152959,0.03185763888888889,0.02660430501645448,0.002734375,0.028971354166666668,0.01879646244616139,0.0024522569444444444,0.032660590277777776,0.02678012497037045,0.0012803819444444444,0,0,0
float16,fx-cr-projector,0.3,False,False,2.553300347222219,3.059809027777778,3.059792794602403,3.059809027777778,2.4767578125,2.474736658029162,2.4767578125,1.8204427083333334,1.81720392741642,1.8200520833333333,0,0,0
float16,fx-cr-projector,0.9,False,False,1.7745310763888824,2.172634548611111,2.166724011437781,2.172634548611111,1.7091362847222222,1.700455341307431,1.7091362847222222,1.2500651041666666,1.2437091947399108,1.2500651041666666,0,0,0
float16,fx-cr-projector,1.5,True,True,0.06413522135417793,0.15735677083333333,0.326123661620298,0.06408420138888889,0.15894097222222223,0.25301467587793114,0.06879340277777778,0.1714409722222222,0.19455461866024243,0.018142361111111113,0,0,0
float16,fx-cr-projector,2.1,True,True,0.5702810373263816,0.7084635416666667,0.7379120498254448,0.7084635416666667,0.5445963541666666,0.5847213746318308,0.5445963541666666,0.4274088541666667,0.44877938630641206,0.41781684027777777,0,0,0
float16,fx-cr-flash-cut,0.3,True,True,0.009089053819437254,0.040299479166666666,0.03483638014983475,0.007356770833333333,0.033203125,0.026530941579780476,0.010677083333333334,0.03109809027777778,0.028183690615940286,0.001540798611111111,0,0,0
float16,fx-cr-flash-cut,0.9,True,True,0.015950655381942624,0.06273871527777777,0.0791957242510391,0.015386284722222223,0.060069444444444446,0.0728887679105158,0.016493055555555556,0.06328125,0.0819489992964794,0.012239583333333333,0,0,0
float16,fx-cr-flash-cut,1.5,True,True,0.006790677083344576,0.04125434027777778,0.02751291340820229,0.007921006944444444,0.029188368055555556,0.024555331877029966,0.006401909722222222,0.036046006944444445,0.035731495323222354,0.007313368055555556,0,0,0
float16,fx-cr-flash-cut,2.1,True,True,0.00651576822917832,0.040364583333333336,0.026646863705464287,0.01506076388888889,0.02894965277777778,0.016725656149730494,0.003689236111111111,0.03331163194444445,0.024992461796158546,0.00935329861111111,0,0,0
float16,fx-cr-aurora,0.3,True,True,0.0017034765624828196,0.03064236111111111,0.02763083377462721,0.007725694444444445,0.030512152777777777,0.018830689891055966,0.00047743055555555554,0.022504340277777778,0.022902447984202486,0.003884548611111111,0,0,0
float16,fx-cr-aurora,0.9,True,True,0.001515112847215505,0.028624131944444443,0.027695919306566112,0.003667534722222222,0.028559027777777777,0.019982028805850698,0.0013020833333333333,0.02016059027777778,0.024710486702711063,0.002712673611111111,0,0,0
float16,fx-cr-aurora,1.5,True,True,0.002876653645813576,0.029188368055555556,0.027956942645138868,0.004709201388888889,0.02992621527777778,0.018902107195582517,0.0025390625,0.01697048611111111,0.025740413412270638,0.0008246527777777778,0,0,0
float16,fx-cr-aurora,2.1,True,True,0.009027469618033024,0.027756076388888887,0.022342428463421975,0.002322048611111111,0.027604166666666666,0.021509571630479313,0.012326388888888888,0.016927083333333332,0.0241723213147685,0.00390625,0,0,0
float16,fx-cr-twinkle-sky,0.3,True,True,0.002236788194451833,0.04188368055555555,0.031034855535726866,0.003168402777777778,0.040928819444444445,0.017911798941696814,0.0009982638888888888,0.04071180555555556,0.03142667515194784,0.011762152777777778,0,0,0
float16,fx-cr-twinkle-sky,0.9,True,True,0.002587838541671772,0.05138888888888889,0.025572812506828444,0.0005208333333333333,0.04353298611111111,0.022311532456802324,0.0020833333333333333,0.040928819444444445,0.02981769081424961,0.013671875,0,0,0
float16,fx-cr-twinkle-sky,1.5,True,True,0.0018451128472349865,0.04704861111111111,0.028924282348598576,0.0020399305555555557,0.03819444444444445,0.02231381251501367,0.0022135416666666666,0.04084201388888889,0.028066988332693527,0.009635416666666667,0,0,0
float16,fx-cr-twinkle-sky,2.1,True,True,0.0011676085069325381,0.049956597222222225,0.031664554768255124,0.0033854166666666668,0.039713541666666664,0.020072737109783682,0.0016493055555555556,0.03895399305555555,0.028279897895471227,0.010134548611111112,0,0,0
float16,fx-cr-tri-split,0.3,False,False,0.6962059461805552,0.615234375,2.5261062159436025,0.5660590277777777,0.7865451388888889,2.513124088680919,0.7141493055555556,0.9961371527777778,2.790838201707002,0.9016927083333334,0,0,0
float16,fx-cr-tri-split,0.9,True,True,0.49099340277776093,0.48539496527777776,1.7828604969352986,0.36764322916666664,0.6001519097222222,1.723120440449386,0.5027994791666667,0.7664279513888889,1.986373996333508,0.7372612847222222,0,0,0
float16,fx-cr-tri-split,1.5,False,False,0.24673828559031108,0.38522135416666664,2.466371751411341,0.039952256944444445,0.4440972222222222,2.3914624245882248,0.2598958333333333,0.7447482638888889,2.6366320689911187,0.7253038194444444,0,0,0
float16,fx-cr-tri-split,2.1,True,True,0.3120356901041532,0.3800130208333333,1.1996626913315014,0.19273003472222222,0.4710286458333333,1.1816358028057354,0.3251953125,0.5902777777777778,1.3442885616233815,0.5329861111111112,0,0,0
float16,fx-mt-photo-snap,0.3,True,True,0.012047690972210034,0.014735243055555555,0.021693899499963604,0.011393229166666666,0.017252604166666668,0.016052967690411778,0.011002604166666667,0.02502170138888889,0.028669920113964995,0.024327256944444445,0,0,0
float16,fx-mt-photo-snap,0.9,True,True,0.17800673177085002,0.19084201388888888,0.8473182745517112,0.18389756944444444,0.18782552083333334,0.8455342264590314,0.17944878472222223,0.17601996527777777,0.8425156520685178,0.14637586805555555,0,0,0
float16,fx-mt-photo-snap,1.5,False,False,0.32322361979166203,0.4969618055555556,13.394694528226836,0.30299479166666665,0.4966362847222222,13.49215649747433,0.33465711805555554,0.4962239583333333,13.420588467942181,0.26953125,0,0,0
float16,fx-mt-photo-snap,2.1,True,True,0.013185238715266223,0.015668402777777778,0.021705714043528994,0.013454861111111112,0.017469618055555556,0.01951545943527696,0.012782118055555555,0.023328993055555556,0.028178034586109568,0.016384548611111112,0,0,0
float16,fx-mt-zoom-shake,0.3,True,True,0.02945695312499197,0.11072048611111111,0.19492413655348675,0.014453125,0.09568142361111111,0.1567176088965837,0.03292100694444444,0.0959201388888889,0.17329948171399367,0.039322916666666666,0,0,0
float16,fx-mt-zoom-shake,0.9,True,True,0.020197434895820265,0.0283203125,0.04965948734687855,0.017165798611111113,0.03617621527777778,0.04014318539698571,0.020421006944444445,0.033680555555555554,0.05495082448061053,0.026909722222222224,0,0,0
float16,fx-mt-zoom-shake,1.5,True,True,0.4339575564236071,0.5887586805555556,1.4857390550326082,0.43546006944444443,0.5781901041666667,1.268110256586932,0.44051649305555557,0.3707682291666667,1.266121686228843,0.36456163194444446,0,0,0
float16,fx-mt-zoom-shake,2.1,True,True,0.10227128038194166,0.24661458333333333,0.8091171619602442,0.14917534722222223,0.24607204861111112,0.7402970610666104,0.09490017361111111,0.19737413194444445,0.7471626118733506,0.03717447916666667,0,0,0
float16,fx-globe,0.3,True,True,0.014640815972228438,0.030208333333333334,0.032214123545695444,0.020095486111111113,0.026627604166666666,0.028101558022265067,0.012565104166666667,0.023046875,0.02214986023932827,0.019140625,0,0,0
float16,fx-globe,0.9,True,True,0.018449470486118003,0.024826388888888887,0.028537486220801597,0.024131944444444445,0.0205078125,0.021767213377458145,0.0173828125,0.018272569444444445,0.022197702661990636,0.01228298611111111,0,0,0
float16,fx-globe,1.5,True,True,0.02197728732639348,0.022786458333333332,0.025128092868238333,0.021744791666666666,0.02575954861111111,0.02643450698263791,0.02280815972222222,0.019205729166666668,0.021885805515339758,0.014431423611111112,0,0,0
float16,fx-globe,2.1,True,True,0.004684539930551068,0.030013020833333334,0.03402567424757434,0.003103298611111111,0.0259765625,0.026759441342560662,0.0060546875,0.024500868055555555,0.027633562820086624,0.004231770833333333,0,0,0
float16,fx-hyperspace,0.3,False,True,0.271699661458328,0.28524305555555557,1.3967277007573398,0.25546875,0.28365885416666664,1.4453304928313946,0.27228732638888886,0.32078993055555555,1.647589338812762,0.313671875,0,0,0
float16,fx-hyperspace,0.9,False,True,0.18024338975694576,0.17994791666666668,1.575649810138454,0.17994791666666668,0.17912326388888888,1.6395805938012324,0.17912326388888888,0.19359809027777777,1.8106881365629814,0.1922092013888889,0,0,0
float16,fx-hyperspace,1.5,False,True,0.5529292881944485,0.5346788194444444,1.6512217414899162,0.5336371527777778,0.5534505208333333,1.7236245271958088,0.5532769097222222,0.6083767361111111,1.9278021109880354,0.6062934027777778,0,0,0
float16,fx-hyperspace,2.1,False,False,0.17982861111111248,0.18806423611111112,1.8700999242426992,0.15169270833333334,0.1962890625,1.9350914013837246,0.18600260416666667,0.20846354166666667,2.1396724206071887,0.20151909722222222,0,0,0
float16,fx-star-rush,0.3,False,False,0.16636065538193634,0.2552300347222222,1.9746260548717225,0.13292100694444445,0.28205295138888886,2.195714249582362,0.16907552083333333,0.3390625,2.4144121854286813,0.23793402777777778,0,0,0
float16,fx-star-rush,0.9,False,False,0.21940970920138625,0.5049045138888889,2.4054215116989037,0.2087673611111111,0.5088758680555555,2.670345875892278,0.22046440972222223,0.47115885416666664,2.92527598744875,0.24029947916666666,0,0,0
float16,fx-star-rush,1.5,False,False,0.25434700954861,0.27437065972222224,2.3250582667776434,0.2355685763888889,0.2806206597222222,2.5675758819168513,0.25909288194444446,0.280078125,2.785170249899805,0.26263020833333334,0,0,0
float16,fx-star-rush,2.1,False,False,0.2335744097222232,0.2491970486111111,2.4247472999331863,0.2175564236111111,0.3036024305555556,2.658169176852748,0.2384982638888889,0.32766927083333336,2.874099526490192,0.23196614583333333,0,0,0
float16,fx-camera-shake,0.3,True,True,0.017028967013871465,0.0310546875,0.03552734205093721,0.014431423611111112,0.032074652777777775,0.028205474556109066,0.018619791666666666,0.0240234375,0.032139114837354564,0.008919270833333333,0,0,0
float16,fx-camera-shake,0.9,True,True,0.01629623697918703,0.02829861111111111,0.03711623438885032,0.020920138888888887,0.025672743055555555,0.02878057224507533,0.014952256944444445,0.021592881944444444,0.031623655025511815,0.01599392361111111,0,0,0
float16,fx-camera-shake,1.5,True,True,0.01824407118056115,0.03687065972222222,0.037375684385331905,0.0220703125,0.029991319444444445,0.03147953458510977,0.01792534722222222,0.0306640625,0.03767474562572513,0.010134548611111112,0,0,0
float16,fx-camera-shake,2.1,True,True,0.016235768229165615,0.03359375,0.04355512414871493,0.02638888888888889,0.021223958333333334,0.0263266397679947,0.013715277777777778,0.03166232638888889,0.04055849170989829,0.01130642361111111,0,0,0
float16,fx-film-grain,0.3,True,True,0.2508236805555555,0.3077473958333333,0.6661966841706243,0.2723307291666667,0.28129340277777776,0.6592684906845174,0.24292534722222223,0.29342447916666664,0.6866481721723616,0.2657335069444444,0,0,0
float16,fx-film-grain,0.9,True,True,0.07073359809027124,0.19796006944444444,0.5533805486153891,0.07144097222222222,0.17022569444444444,0.5515301061911907,0.06970486111111111,0.2097439236111111,0.5722812918824095,0.07884114583333333,0,0,0
float16,fx-film-grain,1.5,True,True,0.13274313368056312,0.185546875,0.6119631038551199,0.1310329861111111,0.24403211805555555,0.5955756679571839,0.13760850694444443,0.25125868055555556,0.6066784630179576,0.08958333333333333,0,0,0
float16,fx-film-grain,2.1,True,True,0.0610064973958373,0.22018229166666667,0.650865788337663,0.05334201388888889,0.20049913194444444,0.6682697594455033,0.06148003472222222,0.16764322916666666,0.6685724024073351,0.0788845486111111,0,0,0
float16,fx-glitch-in,0.3,True,True,0.0008933246527789152,0.01872829861111111,0.018862131510645502,0.005230034722222222,0.009006076388888888,0.008042124047621316,0.0025824652777777777,0.009309895833333333,0.008715192615705579,0.002191840277777778,0,0,0
float16,fx-glitch-in,0.9,True,True,0.011600703124997835,0.0404296875,0.0323943339357488,0.015342881944444444,0.024131944444444445,0.02230869361447473,0.009895833333333333,0.03244357638888889,0.026803636778913592,0.017469618055555556,0,0,0
float16,fx-glitch-in,1.5,True,True,0.009926271701402811,0.02931857638888889,0.031113809449649983,0.02406684027777778,0.02378472222222222,0.013885373772116112,0.0046875,0.029166666666666667,0.02758416404421993,0.020182291666666668,0,0,0
float16,fx-glitch-in,2.1,True,True,0.002180559895833767,0.027734375,0.02350759001124396,0.006206597222222222,0.019965277777777776,0.012374166208878018,0.0012586805555555556,0.020811631944444443,0.013285026813780316,0.0005425347222222222,0,0,0
float16,fx-film-burn,0.3,True,True,0.006197434895838683,0.04494357638888889,0.025306715415751763,2.170138888888889e-05,0.04201388888888889,0.018975662800932165,0.006814236111111111,0.03585069444444444,0.02806115369482691,0.018272569444444445,0,0,0
float16,fx-film-burn,0.9,True,True,0.008261414930586852,0.021549479166666666,0.020076610971093655,0.0048828125,0.026258680555555556,0.019366893840317437,0.009418402777777777,0.019032118055555554,0.021821931639729005,0.006749131944444445,0,0,0
float16,fx-film-burn,1.5,True,True,0.0033330381944551846,0,0,0,0.0038628472222222224,0.004291214643882037,0.0038628472222222224,0.008940972222222222,0.011666033811614003,0.007899305555555555,0,0,0
float16,fx-film-burn,2.1,True,True,1.253472220241747e-05,0,0,0,0,0,0,0.00017361111111111112,9.04114029503701e-05,0.00017361111111111112,0,0,0
float16,fx-torn-reveal,0.3,True,True,0.001165060763888448,0.026844618055555554,0.011109584992586675,0.0024522569444444444,0.021723090277777777,0.009238920003946653,0.001540798611111111,0.016037326388888887,0.012027742883846702,0.008094618055555556,0,0,0
float16,fx-torn-reveal,0.9,True,True,0.006595264756953156,0.04142795138888889,0.02389588635328041,0.0044921875,0.036458333333333336,0.018620068490626963,0.006510416666666667,0.03697916666666667,0.02431953769547903,0.013628472222222222,0,0,0
float16,fx-torn-reveal,1.5,True,True,0.006444869791664587,0.04236111111111111,0.02594616715967815,0.010069444444444445,0.04537760416666667,0.018199179467821597,0.004839409722222222,0.03550347222222222,0.027794684452436942,0.011675347222222222,0,0,0
float16,fx-torn-reveal,2.1,True,True,0.005828741319447772,0.04809027777777778,0.02726482906253209,0.005555555555555556,0.03634982638888889,0.017003956101535687,0.005013020833333334,0.03993055555555555,0.027611650916512954,0.014713541666666666,0,0,0
float16,fx-mirror-ball,0.3,True,True,0.002631015625013333,0.03315972222222222,0.03125710216309008,0.0022135416666666666,0.03439670138888889,0.04323973856661275,0.0034939236111111113,0.026822916666666665,0.04994136361233049,0.0046875,0,0,0
float16,fx-mirror-ball,0.9,True,True,0.003610798611120458,0.04377170138888889,0.03894841432270003,0.006401909722222222,0.030946180555555557,0.04368467786311104,0.007335069444444444,0.027061631944444445,0.0513422066382994,0.0037977430555555555,0,0,0
float16,fx-mirror-ball,1.5,True,True,0.010866571180542905,0.03980034722222222,0.03921205836704998,0.002951388888888889,0.04359809027777778,0.03852734528335907,0.01408420138888889,0.04118923611111111,0.05497456499747858,0.0023003472222222223,0,0,0
float16,fx-mirror-ball,2.1,True,True,0.019463932291643005,0.04105902777777778,0.0500168960917824,0.0020399305555555557,0.05147569444444444,0.04934183273793094,0.025434027777777778,0.04552951388888889,0.07754290574711499,0.011631944444444445,0,0,0
float16,fx-confetti,0.3,True,True,0.0015511805555519231,0.03680555555555556,0.02517347419120283,0.011935763888888888,0.035590277777777776,0.020050531694781628,0.001953125,0.02634548611111111,0.021972918387905528,0.005685763888888889,0,0,0
float16,fx-confetti,0.9,True,True,0.005317039930545775,0.03556857638888889,0.022628474575324603,0.0074435763888888885,0.03029513888888889,0.019455957378508082,0.004036458333333334,0.027018229166666668,0.023797635124499655,0.011740451388888889,0,0,0
float16,fx-confetti,1.5,True,True,0.008196241319453179,0.040581597222222224,0.026189069355178334,0.015364583333333333,0.031141493055555556,0.020599030595574976,0.0059244791666666664,0.033203125,0.028902221344216168,0.00959201388888889,0,0,0
float16,fx-confetti,2.1,True,True,0.005225703125006476,0.039952256944444445,0.02501582687237983,0.012565104166666667,0.027777777777777776,0.018554286549702197,0.0024739583333333332,0.029839409722222224,0.02288799270964219,0.010872395833333333,0,0,0
float16,fx-balloons,0.3,True,True,0.010630828993058117,0.0365234375,0.01999426367089188,0.008051215277777777,0.028624131944444443,0.017549563891386743,0.010959201388888888,0.028862847222222224,0.030145899754122057,0.014973958333333334,0,0,0
float16,fx-balloons,0.9,True,True,0.010441419270833308,0.03125,0.017264058668173012,0.007118055555555555,0.03233506944444445,0.01932714767385232,0.01032986111111111,0.0337890625,0.03409737687745304,0.02133246527777778,0,0,0
float16,fx-balloons,1.5,True,True,0.007682808159742649,0.033637152777777776,0.0221986494167816,0.012065972222222223,0.03185763888888889,0.017982826166033465,0.006640625,0.022591145833333333,0.018384012845539047,0.005099826388888889,0,0,0
float16,fx-balloons,2.1,True,True,0.009610694444432966,0.0349609375,0.02182158395394195,0.005316840277777778,0.03240017361111111,0.019827189347835783,0.0107421875,0.025889756944444446,0.020017543987102995,0.011046006944444445,0,0,0
float16,fx-earthquake,0.3,True,True,0.017513741319447718,0.028559027777777777,0.03751335987126909,0.020789930555555555,0.027452256944444444,0.02983668839783312,0.016861979166666666,0.026909722222222224,0.03235003560114325,0.014322916666666666,0,0,0
float16,fx-earthquake,0.9,True,True,0.01353095920136127,0.027907986111111113,0.040121468307283595,0.018315972222222223,0.023328993055555556,0.027663730103399804,0.012999131944444445,0.023980034722222224,0.03400476321222885,0.004709201388888889,0,0,0
float16,fx-earthquake,1.5,True,True,0.015893164062489973,0.029839409722222224,0.037535373969470064,0.019032118055555554,0.022547743055555555,0.02531552158677943,0.0154296875,0.024869791666666665,0.03403510116456984,0.011241319444444444,0,0,0
float16,fx-earthquake,2.1,True,True,0.01802177951387307,0.03561197916666667,0.04588725059546044,0.033702256944444446,0.024088541666666668,0.025078614941743013,0.014279513888888888,0.025325520833333334,0.032280760918130126,0.008919270833333333,0,0,0
float16,fx-light-leak,0.3,True,True,0.00983242187500366,0.038802083333333334,0.020009892054663966,0.009157986111111112,0.031966145833333334,0.0169008707263802,0.010438368055555555,0.029817708333333335,0.01918868199836429,0.005815972222222222,0,0,0
float16,fx-light-leak,0.9,True,True,0.008032382812501737,0.033528645833333336,0.017280815641222445,0.005186631944444444,0.033919270833333334,0.02155832004578667,0.009049479166666667,0.03233506944444445,0.019794385553366173,0.006336805555555556,0,0,0
float16,fx-light-leak,1.5,True,True,0.008874769965274254,0.028233506944444445,0.01923427835061323,0.011653645833333334,0.0337890625,0.01909501365997986,0.008094618055555556,0.025607638888888888,0.020101471425207202,0.008420138888888888,0,0,0
float16,fx-light-leak,2.1,True,True,0.008134231770853262,0.028363715277777778,0.02113549230292197,0.008094618055555556,0.03012152777777778,0.022729386619235036,0.008029513888888888,0.023914930555555554,0.020376910258384888,0.009288194444444444,0,0,0
float16,fx-bokeh,0.3,True,True,0.00531845052083213,0.03322482638888889,0.02570941011510192,0.005360243055555556,0.03526475694444445,0.02164829416728397,0.0074435763888888885,0.030685763888888887,0.027911895855591604,0.015711805555555555,0,0,0
float16,fx-bokeh,0.9,True,True,0.0061134982639003965,0.030360243055555555,0.02826044459861845,0.001193576388888889,0.03526475694444445,0.02123354975635719,0.0076605902777777775,0.03878038194444444,0.030261740474102527,0.0123046875,0,0,0
float16,fx-bokeh,1.5,True,True,0.004444001736118253,0.03602430555555555,0.02935223998742067,0.006032986111111111,0.03463541666666667,0.020594924882582657,0.003298611111111111,0.032942708333333334,0.02877901070881635,0.011111111111111112,0,0,0
float16,fx-bokeh,2.1,True,True,0.0018818663194508645,0.03893229166666667,0.027698750686606224,0.00625,0.030946180555555557,0.020275567369587695,0.0006944444444444445,0.03697916666666667,0.027890655983713965,0.014539930555555556,0,0,0
float16,fx-grid-flash,0.3,True,True,0.026177274305567266,0.029513888888888888,0.024906869887362404,0.015581597222222222,0.046223958333333336,0.030043293492634168,0.030685763888888887,0.052821180555555555,0.020930344856846493,0.012717013888888889,0,0,0
float16,fx-grid-flash,0.9,True,True,0.02139744791665521,0.053276909722222224,0.030464990135017453,0.025889756944444446,0.04431423611111111,0.022300860692646553,0.020616319444444444,0.035481770833333336,0.020160174033730126,0.015907118055555555,0,0,0
float16,fx-grid-flash,1.5,True,True,0.017501124131939605,0.03578559027777778,0.02710408863110578,0.024327256944444445,0.05360243055555555,0.022580508512598237,0.01640625,0.03637152777777778,0.019618525971925645,0.008246527777777778,0,0,0
float16,fx-grid-flash,2.1,True,True,0.020950833333344576,0.024457465277777778,0.01980681259190487,0.004926215277777778,0.041493055555555554,0.02690182506064969,0.02673611111111111,0.026410590277777778,0.022690534220616232,0.010828993055555555,0,0,0
float16,fx-pencil-sketch,0.3,True,True,0.01630537326386161,0.026258680555555556,0.049513904114728786,0.017100694444444446,0.025,0.047081840738461465,0.015625,0.03463541666666667,0.04987987000683641,0.020703125,0,0,0
float16,fx-pencil-sketch,0.9,True,True,0.030505073784752312,0.040538194444444446,0.06108066368262895,0.03220486111111111,0.03713107638888889,0.05242357367784884,0.029405381944444444,0.046158854166666666,0.06402028928767867,0.036393229166666666,0,0,0
float16,fx-pencil-sketch,1.5,True,True,0.009481176215274445,0.025065104166666668,0.04727457658575064,0.012478298611111112,0.03209635416666667,0.043216140463519605,0.007834201388888889,0.032421875,0.04981632813055522,0.01697048611111111,0,0,0
float16,fx-pencil-sketch,2.1,True,True,0.021996128472238752,0.03739149305555556,0.05438712176309832,0.013433159722222223,0.037022569444444445,0.04510754621945593,0.024696180555555555,0.03170572916666667,0.0559373058818461,0.020464409722222222,0,0,0
float16,fx-marker-lines,0.3,True,True,0.008015811631935321,0.028624131944444443,0.0360824991328853,0.009092881944444445,0.03155381944444444,0.037010909200232346,0.006423611111111111,0.03815104166666667,0.04901939969092728,0.020616319444444444,0,0,0
float16,fx-marker-lines,0.9,True,True,0.008768836805572278,0.03474392361111111,0.04684153343366168,0.014040798611111112,0.03411458333333333,0.03725717229978834,0.007291666666666667,0.03292100694444444,0.046593583869412335,0.007877604166666666,0,0,0
float16,fx-marker-lines,1.5,True,True,0.008846618923627148,0.041514756944444446,0.04052677161727702,0.005620659722222222,0.03715277777777778,0.0338940692910554,0.009331597222222222,0.029861111111111113,0.0410883346409329,0.013541666666666667,0,0,0
float16,fx-marker-lines,2.1,True,True,0.015548133680553633,0.03778211805555556,0.04523293210342224,0.011393229166666666,0.0423828125,0.038997148003640764,0.016514756944444445,0.0396484375,0.05032057102456174,0.01820746527777778,0,0,0
float16,fx-spray-neon,0.3,True,True,0.00733397569443639,0.03088107638888889,0.0508721967824706,0.019639756944444444,0.023546006944444444,0.0369105290788619,0.004405381944444444,0.025802951388888887,0.02856436983563434,0.00010850694444444444,0,0,0
float16,fx-spray-neon,0.9,True,True,0.006641762152796105,0.0326171875,0.05292366827375479,0.01056857638888889,0.027256944444444445,0.034202662857836665,0.0064670138888888885,0.028233506944444445,0.030285198614133306,0.0031901041666666666,0,0,0
float16,fx-spray-neon,1.5,True,True,0.006970147569447249,0.028385416666666666,0.05233863025927966,0.014105902777777778,0.024848090277777776,0.028826238799953073,0.005403645833333333,0.029947916666666668,0.02228314717438783,0.0014756944444444444,0,0,0
float16,fx-spray-neon,2.1,True,True,0.008004900173602891,0.026649305555555555,0.057638927534799766,0.020182291666666668,0.026475694444444444,0.03722836937930227,0.0047309027777777775,0.02732204861111111,0.028590543772929515,0.004578993055555556,0,0,0
float16,fx-chalkboard,0.3,True,True,0.023104700520832466,0.028776041666666665,0.047194042224055266,0.020833333333333332,0.028580729166666666,0.04857197523218063,0.024370659722222222,0.024327256944444445,0.04467889180871937,0.017252604166666668,0,0,0
float16,fx-chalkboard,0.9,True,True,0.023831050347212113,0.026909722222222224,0.05273808683854879,0.008897569444444444,0.03543836805555556,0.0518972831782816,0.02849392361111111,0.029427083333333333,0.05799665502339236,0.021614583333333333,0,0,0
float16,fx-chalkboard,1.5,True,True,0.005621111111111077,0.018250868055555557,0.046401361093040015,0.0074435763888888885,0.024544270833333333,0.03860366214249962,0.005403645833333333,0.021158854166666668,0.05193338155069292,0.0024088541666666668,0,0,0
float16,fx-chalkboard,2.1,True,True,0.02028542100694608,0.037369791666666666,0.05619539564926236,0.029513888888888888,0.026063368055555557,0.044112453335762754,0.01773003472222222,0.028407118055555555,0.052654918278120216,0.018424479166666667,0,0,0
float16,fx-scribble-frame,0.3,True,True,0.0034258333333241353,0.034830729166666664,0.021841288391191628,0.0006727430555555556,0.03229166666666667,0.016738113136337922,0.003515625,0.0263671875,0.024766845617378724,0.014605034722222222,0,0,0
float16,fx-scribble-frame,0.9,True,True,0.00846486111110778,0.03250868055555556,0.022601617317426513,0.006640625,0.031510416666666666,0.019151929570838697,0.008420138888888888,0.03411458333333333,0.021634529256204387,0.014279513888888888,0,0,0
float16,fx-scribble-frame,1.5,True,True,0.004618363715280793,0.03424479166666667,0.024838145104173717,0.004557291666666667,0.035481770833333336,0.01632592029182606,0.0041015625,0.026106770833333334,0.0237359233230122,0.009917534722222222,0,0,0
float16,fx-scribble-frame,2.1,True,True,0.005355638020830611,0.03687065972222222,0.021992632534144047,0.0041015625,0.029166666666666667,0.015270039755864863,0.005164930555555555,0.03194444444444444,0.023010004757911956,0.0109375,0,0,0
float16,fx-confetti-burst,0.3,True,True,0.04167964409721492,0.08255208333333333,0.5052340401273623,0.053211805555555554,0.1179470486111111,0.5106832198544279,0.0900390625,0.16002604166666667,0.4937425090794003,0.15794270833333332,0,0,0
float16,fx-confetti-burst,0.9,True,True,0.0202190755208278,0.06297743055555556,0.2556603393838194,0.0067708333333333336,0.06957465277777777,0.30421924840279724,0.027039930555555557,0.06781684027777778,0.3351944485849401,0.0077473958333333336,0,0,0
float16,fx-confetti-burst,1.5,True,True,0.04959592881944275,0.17094184027777778,0.3564360136006761,0.06599392361111112,0.13606770833333334,0.2736412206551597,0.08502604166666666,0.10592447916666667,0.25387806793380985,0.03899739583333333,0,0,0
float16,fx-confetti-burst,2.1,True,True,0.12519345052083963,0.1623263888888889,0.2554890575253319,0.10138888888888889,0.19830729166666666,0.21808551271981638,0.140625,0.14871961805555556,0.293791187782792,0.042426215277777776,0,0,0
float16,fx-gold-glitter,0.3,True,True,0.0016619444444359033,0.035416666666666666,0.03024433118082156,0.010069444444444445,0.031640625,0.023381207287620498,0.0014756944444444444,0.026605902777777777,0.019794666804461323,0.00798611111111111,0,0,0
float16,fx-gold-glitter,0.9,True,True,0.00590726996526314,0.03216145833333333,0.03211270329250451,0.008463541666666666,0.03046875,0.019103606352027142,0.004427083333333333,0.028580729166666666,0.026259684459756592,0.013042534722222223,0,0,0
float16,fx-gold-glitter,1.5,True,True,0.006176866319449914,0.033745659722222224,0.025658987825643607,0.013042534722222223,0.029340277777777778,0.019100192402409528,0.004253472222222222,0.033528645833333336,0.02530367470785747,0.005013020833333334,0,0,0
float16,fx-gold-glitter,2.1,True,True,0.00653358940974158,0.033854166666666664,0.030889967324916938,0.01644965277777778,0.025282118055555556,0.019468787553665517,0.0030164930555555557,0.029578993055555555,0.02629908350601511,0.012174479166666667,0,0,0
float16,fx-heart-rain,0.3,True,True,0.01102757812499533,0.038628472222222224,0.020614449011666366,0.009071180555555556,0.032421875,0.017633751236894254,0.012152777777777778,0.027907986111111113,0.018812738176146006,0.005642361111111111,0,0,0
float16,fx-heart-rain,0.9,True,True,0.007542851562504893,0.03296440972222222,0.020395573336310757,0.004231770833333333,0.032139756944444445,0.019488689447192727,0.0087890625,0.029861111111111113,0.018905973359091735,0.0049479166666666664,0,0,0
float16,fx-heart-rain,1.5,True,True,0.0073476041666538094,0.034895833333333334,0.02575465172862323,0.012977430555555556,0.03324652777777778,0.0188905759533777,0.005859375,0.028125,0.019843728123697627,0.005512152777777778,0,0,0
float16,fx-heart-rain,2.1,True,True,0.007565763888891297,0.03721788194444445,0.02450343319039032,0.0028862847222222224,0.033919270833333334,0.01925590537365139,0.008745659722222222,0.02523871527777778,0.020736524775085738,0.009657118055555556,0,0,0
float16,fx-bubbles,0.3,True,True,0.0005797526041533274,0.03773871527777778,0.026853166527956985,0.001584201388888889,0.03676215277777778,0.015430065146811334,0.00021701388888888888,0.034722222222222224,0.021673857571496386,0.0012152777777777778,0,0,0
float16,fx-bubbles,0.9,True,True,1.9466145843693994e-05,0.038411458333333336,0.025428316496422857,0.0064670138888888885,0.038736979166666664,0.018174962725941626,0.0013671875,0.0302734375,0.020550290031948314,0.005230034722222222,0,0,0
float16,fx-bubbles,1.5,True,True,0.004848619791673059,0.044270833333333336,0.02731036315356603,0.003689236111111111,0.04520399305555556,0.018416861014699477,0.004622395833333333,0.037934027777777775,0.026699253938292103,0.010503472222222223,0,0,0
float16,fx-bubbles,2.1,True,True,0.001397673611094774,0.045355902777777776,0.02882375041780841,0.00017361111111111112,0.04147135416666667,0.017973181891989518,0.0033203125,0.03732638888888889,0.028342451915120494,0.013020833333333334,0,0,0
float16,fx-star-pop,0.3,True,True,0.0012703385416727997,0.03608940972222222,0.026649205712980756,0.012782118055555555,0.030490451388888888,0.02016774183400507,0.0026258680555555558,0.027235243055555556,0.020929990100106516,0.005967881944444444,0,0,0
float16,fx-star-pop,0.9,True,True,0.006596054687491915,0.03322482638888889,0.022411757822353686,0.009309895833333333,0.027235243055555556,0.017789595922555627,0.005403645833333333,0.027864583333333335,0.022400259942887305,0.010416666666666666,0,0,0
float16,fx-star-pop,1.5,True,True,0.00725214843750166,0.036957465277777775,0.02444943280762046,0.0130859375,0.029578993055555555,0.018405501650177458,0.005316840277777778,0.029600694444444443,0.026296893835219777,0.009244791666666667,0,0,0
float16,fx-star-pop,2.1,True,True,0.00022347222223118024,0.03526475694444445,0.031665937217204385,0.0072265625,0.02816840277777778,0.021998845605092538,0.0036458333333333334,0.030360243055555555,0.022456285494426704,0.011740451388888889,0,0,0
float16,fx-petals,0.3,True,True,0.009914474826388187,0.03832465277777778,0.021541054686712004,0.00859375,0.031011284722222223,0.017108573779133076,0.01091579861111111,0.026801215277777776,0.017614900770793508,0.003884548611111111,0,0,0
float16,fx-petals,0.9,True,True,0.008416263020848191,0.036393229166666666,0.020631787135261537,0.005143229166666667,0.03216145833333333,0.01836062856579665,0.009765625,0.030338541666666666,0.01932212441745864,0.0046875,0,0,0
float16,fx-petals,1.5,True,True,0.007926519097225082,0.03411458333333333,0.024943448116200577,0.011935763888888888,0.03474392361111111,0.019371852601495095,0.007052951388888889,0.022699652777777777,0.01910423065512738,0.004774305555555556,0,0,0
float16,fx-petals,2.1,True,True,0.009527309027774322,0.03728298611111111,0.023782317234991985,0.0069010416666666664,0.03470052083333333,0.02158284521852462,0.010091145833333334,0.027821180555555554,0.02156504628453187,0.011675347222222222,0,0,0
float16,fx-snowfall,0.3,True,True,0.02378551215277014,0.08396267361111111,0.3303099056144418,0.028537326388888888,0.07335069444444445,0.354362360177045,0.023177083333333334,0.08617621527777777,0.40098061906639465,0.0158203125,0,0,0
float16,fx-snowfall,0.9,True,True,0.009641618923609485,0.10562065972222222,0.40173598741204514,0.0016276041666666667,0.10008680555555556,0.42664351167573106,0.01189236111111111,0.07955729166666667,0.47643167606563425,0.02052951388888889,0,0,0
float16,fx-snowfall,1.5,True,True,0.06222429687498732,0.10811631944444444,0.391851335649958,0.05872395833333333,0.13326822916666667,0.4168693730796921,0.06286892361111111,0.15134548611111112,0.462197448159175,0.06614583333333333,0,0,0
float16,fx-snowfall,2.1,True,True,0.03973117621526967,0.0998046875,0.35292929508619325,0.0416015625,0.09965277777777778,0.37301909090336666,0.04223090277777778,0.08107638888888889,0.41709211795934287,0.009461805555555555,0,0,0
float16,fx-eight-bit,0.3,False,False,4.1131275954861195,4.139605034722222,4.107620257487575,4.139605034722222,4.111176215277778,4.060067704927244,4.111176215277778,4.0544921875,4.059711626832201,4.0544921875,0,0,0
float16,fx-eight-bit,0.9,False,False,4.300320407986106,4.084223090277778,4.067623636794595,4.084223090277778,4.398589409722222,4.293840952402271,4.3982421875,3.9666449652777778,3.880660136864675,3.9666449652777778,0,0,0
float16,fx-eight-bit,1.5,False,False,4.186971445312494,4.205772569444444,4.144003607656232,4.205772569444444,4.225217013888889,4.193529315345432,4.225217013888889,3.7527560763888888,3.683256449839758,3.7527560763888888,0,0,0
float16,fx-eight-bit,2.1,False,False,4.23853573350695,4.106987847222222,4.0075519615467545,4.106987847222222,4.3469835069444445,4.367469013246121,4.3469835069444445,3.551627604166667,3.5333481419954182,3.551627604166667,0,0,0
float16,fx-pixel-breakdown,0.3,True,True,0.0008486718750049249,0.04286024305555555,0.03874137861807366,0.010004340277777777,0.03511284722222222,0.02906957031516361,0.0030381944444444445,0.04021267361111111,0.03898385950637553,0.012391493055555555,0,0,0
float16,fx-pixel-breakdown,0.9,True,True,0.014357560763883725,0.07100694444444444,0.11899354039513203,0.03125,0.0814453125,0.0958882350218023,0.012174479166666667,0.051432291666666664,0.10891761646671191,0.013758680555555555,0,0,0
float16,fx-pixel-breakdown,1.5,True,True,0.023585698784714282,0.08276909722222223,0.11456378623675337,0.013411458333333333,0.09377170138888889,0.09559699575666374,0.0369140625,0.06365017361111111,0.10650254109942432,0.0004991319444444444,0,0,0
float16,fx-pixel-breakdown,2.1,True,True,0.0011703211805809133,0.0400390625,0.06074155232952487,0.0010633680555555555,0.03318142361111111,0.057469675638506454,0.0005425347222222222,0.032660590277777776,0.05699003631896079,0.007703993055555556,0,0,0
float16,fx-pixel-glitch,0.3,True,True,0.008613389756931156,0.024978298611111113,0.023239050524274215,0.0004991319444444444,0.03263888888888889,0.02896207267055594,0.011284722222222222,0.02326388888888889,0.029680735555145058,0.008984375,0,0,0
float16,fx-pixel-glitch,0.9,True,True,0.0012639453124876354,0.029036458333333334,0.02755804577294794,0.0015190972222222222,0.025629340277777777,0.022576375493354468,0.0018880208333333333,0.021896701388888887,0.02452540598957632,0.0032769097222222223,0,0,0
float16,fx-pixel-glitch,1.5,True,True,0.007029262152784099,0.025499131944444444,0.028363362731028324,0.0008897569444444444,0.026063368055555557,0.026074660950989013,0.009092881944444445,0.033355034722222225,0.034075421596845,0.004665798611111111,0,0,0
float16,fx-pixel-glitch,2.1,True,True,0.00031525173612578783,0.0294921875,0.029135628510024006,0.0022786458333333335,0.023546006944444444,0.023372188327212988,0.0010633680555555555,0.024934895833333335,0.03252462967583032,0.0005425347222222222,0,0,0
float16,fx-digital-blocks,0.3,True,True,0.011476940104167,0.024956597222222224,0.021320123674690883,0.01935763888888889,0.021440972222222222,0.01562217022374312,0.009375,0.03009982638888889,0.01917923376166996,0.009092881944444445,0,0,0
float16,fx-digital-blocks,0.9,True,True,0.01148479166667471,0.026671006944444443,0.026761465815185244,0.024544270833333333,0.02146267361111111,0.012693588724713472,0.007703993055555556,0.032139756944444445,0.019494218829790726,0.010481770833333333,0,0,0
float16,fx-digital-blocks,1.5,True,True,0.012248940972227729,0.026128472222222223,0.02769843235699997,0.023350694444444445,0.02211371527777778,0.015163117928101533,0.009396701388888888,0.028081597222222223,0.020233113944499195,0.0078125,0,0,0
float16,fx-digital-blocks,2.1,True,True,0.012714913194443511,0.024305555555555556,0.026355613975957422,0.022222222222222223,0.025,0.014305904689650952,0.010199652777777778,0.03302951388888889,0.02051684343731192,0.009635416666666667,0,0,0
float16,fx-vhs,0.3,True,True,0.026153993055544333,0.13930121527777778,0.23452058594635408,0.021766493055555555,0.08678385416666666,0.23078342279268782,0.026323784722222222,0.0998046875,0.22515039619210606,0.03739149305555556,0,0,0
float16,fx-vhs,0.9,True,True,0.011728936631953957,0.12962239583333332,0.21981746108930836,0.021549479166666666,0.12428385416666667,0.19088889088269595,0.008355034722222222,0.10082465277777777,0.22669769579429122,0.01623263888888889,0,0,0
float16,fx-vhs,1.5,True,True,0.008056384548623896,0.11477864583333333,0.23170887762254394,0.004014756944444444,0.10486111111111111,0.2119310239836143,0.009895833333333333,0.08671875,0.21364330084171992,0.001736111111111111,0,0,0
float16,fx-vhs,2.1,True,True,0.03376479166665547,0.1091796875,0.21887168213764746,0.03396267361111111,0.09735243055555555,0.20349439259777008,0.03771701388888889,0.10930989583333334,0.22514991634320766,0.005967881944444444,0,0,0
float16,fx-scanline-jitter,0.3,True,True,0.009934097222213722,0.021006944444444446,0.02418082016964664,0.013888888888888888,0.017469618055555556,0.014632464642434373,0.008832465277777778,0.012109375,0.017135998112333857,0.00920138888888889,0,0,0
float16,fx-scanline-jitter,0.9,True,True,0.009489518229173655,0.01987847222222222,0.022509314836088295,0.007725694444444445,0.01773003472222222,0.02009965441748543,0.010785590277777778,0.01447482638888889,0.020075517307772614,0.0018446180555555555,0,0,0
float16,fx-scanline-jitter,1.5,True,True,0.00642092881949452,0.02035590277777778,0.0256340310237679,0.015364583333333333,0.012847222222222222,0.013347290646532622,0.0038628472222222224,0.012369791666666666,0.015135078920757512,0.005425347222222222,0,0,0
float16,fx-scanline-jitter,2.1,True,True,0.00481063802081394,0.018858506944444443,0.021126402118065594,0.009743923611111111,0.014778645833333333,0.011993126020508778,0.0031901041666666666,0.015581597222222222,0.017769683009441747,0.006336805555555556,0,0,0
float16,fx-datamosh,0.3,True,True,0.004867712673615188,0.04600694444444445,0.03584525649860616,0.001388888888888889,0.040364583333333336,0.029236807523920418,0.006163194444444444,0.048111979166666666,0.04064617011287227,0.0022786458333333335,0,0,0
float16,fx-datamosh,0.9,True,True,0.001891024305564315,0.04259982638888889,0.026727900520486198,0.0014973958333333334,0.03138020833333333,0.018629468698017168,0.0012152777777777778,0.04372829861111111,0.025355447823926576,0.009743923611111111,0,0,0
float16,fx-datamosh,1.5,True,True,0.005659908854141804,0.051953125,0.026391515156395606,0.005989583333333334,0.04006076388888889,0.016877061699554757,0.004470486111111111,0.03969184027777778,0.026190390570151455,0.016471354166666667,0,0,0
float16,fx-datamosh,2.1,True,True,0.004673945312504202,0.04314236111111111,0.023675921473714875,0.004644097222222222,0.0376953125,0.017508055140669197,0.0037109375,0.03344184027777778,0.025629432859585972,0.014301215277777777,0,0,0
float16,fx-signal-loss,0.3,True,True,0.006197434895838683,0.04494357638888889,0.025306715415751763,2.170138888888889e-05,0.04201388888888889,0.018975662800932165,0.006814236111111111,0.03585069444444444,0.02806115369482691,0.018272569444444445,0,0,0
float16,fx-signal-loss,0.9,True,True,0.24433096354167105,0.2901692708333333,0.6585346933967278,0.24390190972222223,0.30789930555555556,0.6560638483698356,0.24440104166666668,0.29989149305555557,0.6569265699991457,0.2449001736111111,0,0,0
float16,fx-signal-loss,1.5,True,True,0.006444869791664587,0.04236111111111111,0.02594616715967815,0.010069444444444445,0.04537760416666667,0.018199179467821597,0.004839409722222222,0.03550347222222222,0.027794684452436942,0.011675347222222222,0,0,0
float16,fx-signal-loss,2.1,True,True,0.202976167534743,0.2042751736111111,0.4155577685081952,0.20101996527777777,0.20286458333333332,0.40804523270623416,0.2025173611111111,0.21362847222222223,0.42457335965997833,0.21328125,0,0,0
float16,fx-bad-tv,0.3,True,True,0.02804835937500627,0.179296875,0.3659633801674873,0.025477430555555555,0.1589626736111111,0.3473895842686006,0.028971354166666668,0.15542534722222223,0.3793822150914579,0.026475694444444444,0,0,0
float16,fx-bad-tv,0.9,True,True,0.025926119791677138,0.13046875,0.29250008215603207,0.019053819444444446,0.1537109375,0.29758401889192054,0.0287109375,0.11753472222222222,0.3220960748415577,0.01857638888888889,0,0,0
float16,fx-bad-tv,1.5,True,True,0.02222716579859707,0.13875868055555557,0.3591170995286951,0.03177083333333333,0.10368923611111111,0.3150561133188426,0.017491319444444445,0.1439887152777778,0.34219207657207534,0.04103732638888889,0,0,0
float16,fx-bad-tv,2.1,True,True,0.05129378038193977,0.1632595486111111,0.3262265970165475,0.0548828125,0.1580295138888889,0.32461017800021097,0.05295138888888889,0.12335069444444445,0.33684887247031503,0.024305555555555556,0,0,0
float16,fx-glitch-flash,0.3,True,True,0.0013573958333381597,0.03585069444444444,0.023402526894482096,0.004166666666666667,0.03522135416666667,0.01673115945040157,0.00023871527777777777,0.03585069444444444,0.023402526894482096,0.004166666666666667,0,0,0
float16,fx-glitch-flash,0.9,True,True,0.01447343315973626,0.03567708333333333,0.03634818258423977,0.017491319444444445,0.037608506944444446,0.025432514403997394,0.014518229166666667,0.04455295138888889,0.030915779151131872,0.005143229166666667,0,0,0
float16,fx-glitch-flash,1.5,True,True,0.0008110069444171586,0.039778645833333334,0.024400938304732122,0.0054904513888888885,0.03244357638888889,0.01730441253341448,0.0033203125,0.039778645833333334,0.024400938304732122,0.0054904513888888885,0,0,0
float16,fx-glitch-flash,2.1,True,True,0.0029423611111099035,0.036957465277777775,0.021747759852568195,0.010004340277777777,0.033637152777777776,0.017460358932984216,0.00013020833333333333,0.036957465277777775,0.021747759852568195,0.010004340277777777,0,0,0
float16,fx-vhs-rewind,0.3,True,True,0.20528218749998928,0.24954427083333333,0.4937793177030119,0.22493489583333334,0.22202690972222222,0.48589185191227613,0.20071614583333333,0.21486545138888888,0.5111118678265888,0.19264322916666668,0,0,0
float16,fx-vhs-rewind,0.9,True,True,0.06563047743055961,0.1531467013888889,0.5028818725780141,0.07445746527777777,0.14778645833333334,0.4877927169013698,0.06653645833333334,0.1763237847222222,0.505162932977637,0.0306640625,0,0,0
float16,fx-vhs-rewind,1.5,True,True,0.08134127170137617,0.154296875,0.47824745756782305,0.09240451388888889,0.16586371527777777,0.4435170265806058,0.07762586805555556,0.16560329861111112,0.4601701126798107,0.08556857638888889,0,0,0
float16,fx-vhs-rewind,2.1,True,True,0.007288172743074028,0.027604166666666666,0.03582246190303948,0.006380208333333333,0.028190104166666667,0.029658389846156253,0.008572048611111112,0.029709201388888887,0.03413204665566782,0.002756076388888889,0,0,0
float16,fx-film-8mm,0.3,True,True,0.3380852300347357,0.36885850694444444,0.8221540264612018,0.30518663194444445,0.3879123263888889,0.8124398760544371,0.3476345486111111,0.3878038194444444,0.8209954411134035,0.34036458333333336,0,0,0
float16,fx-film-8mm,0.9,True,True,0.12618357204861752,0.25690104166666666,0.8751582738100032,0.13033854166666667,0.25299479166666666,0.8782273537815007,0.12730034722222222,0.21286892361111112,0.8818578414728155,0.10288628472222222,0,0,0
float16,fx-film-8mm,1.5,True,True,0.14295075520833223,0.29694010416666666,0.7912437903457721,0.14854600694444445,0.2749565972222222,0.7986073010363545,0.1427951388888889,0.2201605902777778,0.784429087111135,0.12801649305555557,0,0,0
float16,fx-film-8mm,2.1,True,True,0.011754578993048881,0.027907986111111113,0.04030717919525117,0.01384548611111111,0.021983506944444446,0.03132475561795008,0.010959201388888888,0.019813368055555555,0.036092057912640585,0.0134765625,0,0,0
float16,fx-old-tv,0.3,True,True,0.25266857638889917,0.3018880208333333,0.48933977371313037,0.25006510416666666,0.2952690972222222,0.4727177252621786,0.25568576388888886,0.2796223958333333,0.48015667794384004,0.23044704861111112,0,0,0
float16,fx-old-tv,0.9,True,True,0.08000635416665602,0.15436197916666666,0.46579735366638664,0.06681857638888888,0.15067274305555556,0.45811454521379,0.0832248263888889,0.14911024305555556,0.48558829614864213,0.08695746527777778,0,0,0
float16,fx-old-tv,1.5,True,True,0.10105152777776993,0.1720703125,0.4456269031265317,0.09181857638888889,0.17172309027777777,0.4404423172060332,0.10271267361111111,0.19368489583333334,0.45408222923892844,0.11178385416666667,0,0,0
float16,fx-old-tv,2.1,True,True,0.010715512152771112,0.022960069444444446,0.026183669882548537,0.011631944444444445,0.021158854166666668,0.02261627682761951,0.01091579861111111,0.015668402777777778,0.025854487034984826,0.006032986111111111,0,0,0
float16,fx-film-burn-leak,0.3,True,True,0.009712534722225996,0.038346354166666666,0.023484579431392958,0.010134548611111112,0.03142361111111111,0.016990364805807436,0.009982638888888888,0.02992621527777778,0.021642336628626493,0.0057942708333333336,0,0,0
float16,fx-film-burn-leak,0.9,True,True,0.01014987413194035,0.033116319444444445,0.02120878141023099,0.012022569444444445,0.032378472222222225,0.02080329005712365,0.009765625,0.030186631944444445,0.018763074724104975,0.008441840277777777,0,0,0
float16,fx-film-burn-leak,1.5,True,True,0.0074461371527689835,0.028385416666666666,0.01919228294444535,0.00625,0.03355034722222222,0.021704460246064202,0.007769097222222222,0.025303819444444445,0.0200520444099053,0.007769097222222222,0,0,0
float16,fx-film-burn-leak,2.1,True,True,0.011065920138889851,0.027083333333333334,0.023786143872707822,0.009071180555555556,0.02992621527777778,0.021431496230209034,0.012044270833333334,0.024826388888888887,0.02024354351655828,0.007248263888888889,0,0,0
float16,fx-seventies,0.3,True,True,0.1545828081597307,0.18168402777777778,0.3743662334126862,0.13993055555555556,0.25503472222222223,0.39193214252242725,0.15733506944444445,0.2696397569444444,0.39988356680639325,0.1704644097222222,0,0,0
float16,fx-seventies,0.9,True,True,0.034364704861104656,0.1806640625,0.3918336373954544,0.030533854166666666,0.155859375,0.401766781883604,0.03446180555555556,0.16343315972222222,0.4199542563012614,0.04468315972222222,0,0,0
float16,fx-seventies,1.5,True,True,0.07740095486113319,0.12643229166666667,0.3643049070444401,0.07122395833333334,0.18802083333333333,0.361248604561171,0.07990451388888889,0.17660590277777777,0.3853439923964234,0.07078993055555556,0,0,0
float16,fx-seventies,2.1,True,True,0.005346167534725055,0.022764756944444443,0.023600948565630293,0.004405381944444444,0.026063368055555557,0.02320311098431366,0.004535590277777778,0.025520833333333333,0.027314142766400776,0.016145833333333335,0,0,0
float16,fx-dust-scratches,0.3,True,True,0.024755273437492065,0.045703125,0.04095325717406004,0.018793402777777777,0.04424913194444444,0.03498513205560428,0.02523871527777778,0.041731770833333334,0.044728823304954424,0.03752170138888889,0,0,0
float16,fx-dust-scratches,0.9,True,True,0.0018138628472144092,0.042881944444444445,0.0313239320023269,0.0016927083333333334,0.04045138888888889,0.025187894373186737,0.0019965277777777776,0.04223090277777778,0.03178167688604153,0.01032986111111111,0,0,0
float16,fx-dust-scratches,1.5,True,True,0.08016929253473393,0.08116319444444445,0.08942183540620582,0.08116319444444445,0.08133680555555556,0.08487029732410313,0.07916666666666666,0.08717447916666667,0.09542887900126838,0.08717447916666667,0,0,0
float16,fx-dust-scratches,2.1,True,True,0.032723806423632595,0.04869791666666667,0.07663421944502163,0.03159722222222222,0.04600694444444445,0.06769565823043158,0.03389756944444444,0.04194878472222222,0.07613270638357542,0.0244140625,0,0,0
float16,fx-tr-slam-merge,0.3,True,True,0.02494471788193664,0.06438802083333334,0.059981698890302235,0.052408854166666664,0.04982638888888889,0.030564050063688303,0.018619791666666666,0.03519965277777778,0.037133659189755364,0.006727430555555556,0,0,0
float16,fx-tr-slam-merge,0.9,True,True,0.03785663194440758,0.055577256944444445,0.048555043428437514,0.039214409722222225,0.05611979166666667,0.04910745616196387,0.04118923611111111,0.027061631944444445,0.03751812461561647,0.0008463541666666667,0,0,0
float16,fx-tr-slam-merge,1.5,True,True,0.018275624999986917,0.04327256944444444,0.037767891512093886,0.020789930555555555,0.031684027777777776,0.03226920147963351,0.01818576388888889,0.03289930555555556,0.03260523890013542,0.011762152777777778,0,0,0
float16,fx-tr-slam-merge,2.1,True,True,0.005736961805553165,0.032421875,0.034593867812695085,0.005512152777777778,0.03394097222222222,0.024223441583105205,0.006553819444444445,0.030164930555555556,0.03524598493005752,0.0016927083333333334,0,0,0
float16,fx-tr-heat-flicks,0.3,True,True,0.0004860677083229348,0.024652777777777777,0.019600917425996973,0.007942708333333333,0.019943576388888887,0.0130635177587477,0.0014973958333333334,0.013237847222222222,0.009547078140720769,0.0018229166666666667,0,0,0
float16,fx-tr-heat-flicks,0.9,True,True,0.00731532118052769,0.020833333333333332,0.009902713924224416,0.006640625,0.027734375,0.018467041709703827,0.007421875,0.023350694444444445,0.018496525880661734,0.008246527777777778,0,0,0
float16,fx-tr-heat-flicks,1.5,True,True,0.0021265364583342716,0.05536024305555556,0.030604280499761573,0.00896267361111111,0.033702256944444446,0.021076578874091485,2.170138888888889e-05,0.03734809027777778,0.018378739290249444,0.0032769097222222223,0,0,0
float16,fx-tr-heat-flicks,2.1,True,True,0.014596067708325222,0.028624131944444443,0.027818480013703663,0.026150173611111112,0.0267578125,0.013773237864432337,0.011436631944444444,0.037434895833333336,0.02087000784672724,0.011870659722222222,0,0,0
float16,fx-tr-shake,0.3,True,True,0.004988580729175851,0.029340277777777778,0.021378535094127436,0.0033854166666666668,0.030143229166666667,0.016340685503498837,0.005186631944444444,0.035481770833333336,0.028697959602172682,0.0077473958333333336,0,0,0
float16,fx-tr-shake,0.9,True,True,0.03634289930555212,0.03122829861111111,0.03702158496794067,0.02866753472222222,0.04318576388888889,0.04322619097801133,0.03958333333333333,0.034613715277777776,0.037525655143886345,0.026844618055555554,0,0,0
float16,fx-tr-shake,1.5,True,True,0.02019876302085777,0.04943576388888889,0.04536684567244912,0.04205729166666667,0.027039930555555557,0.019768570894809816,0.014800347222222222,0.023676215277777777,0.023803757871777714,0.009309895833333333,0,0,0
float16,fx-tr-shake,2.1,True,True,0.009343815104188025,0.042643229166666664,0.030547677170493146,0.021419270833333334,0.028407118055555555,0.01625870238407589,0.006184895833333333,0.023524305555555555,0.021957445749481632,0.005078125,0,0,0
float16,fx-tr-glitch,0.3,True,True,0.00041028645833307564,0.04698350694444445,0.025688208559912978,0.00822482638888889,0.032942708333333334,0.015715975381628607,0.003949652777777778,0.040516493055555554,0.02367954350103903,0.009223090277777778,0,0,0
float16,fx-tr-glitch,0.9,True,True,0.001075390625004502,0.0330078125,0.0326405358344128,0.0040581597222222225,0.0326171875,0.017177644096793915,0.0007595486111111111,0.03439670138888889,0.024311143743786814,0.004578993055555556,0,0,0
float16,fx-tr-glitch,1.5,True,True,0.013039704861128598,0.031119791666666667,0.03658888935918397,0.02265625,0.026236979166666667,0.024297892565742555,0.01056857638888889,0.03324652777777778,0.030871507251117293,0.00920138888888889,0,0,0
float16,fx-tr-glitch,2.1,True,True,0.0029410156249980446,0.028862847222222224,0.02132553515448424,0.007638888888888889,0.03229166666666667,0.021716489986133118,0.0012586805555555556,0.03828125,0.0293867515031024,0.005772569444444445,0,0,0
float16,fx-tr-flare,0.3,True,True,0.009750394965280407,0.05262586805555555,0.031787536806743,0.0026258680555555558,0.023546006944444444,0.014886689298165093,0.011827256944444444,0.03289930555555556,0.018788853941823263,0.01015625,0,0,0
float16,fx-tr-flare,0.9,True,True,0.0025454730902794154,0.016124131944444446,0.01605173358662161,0.004969618055555555,0.010069444444444445,0.013893383273767919,0.004861111111111111,0.019444444444444445,0.018758085922775426,0.001736111111111111,0,0,0
float16,fx-tr-flare,1.5,True,True,0.006040603298629321,0.04001736111111111,0.024864854336185595,0.004427083333333333,0.026801215277777776,0.018139702567552457,0.007009548611111111,0.030230034722222222,0.02778336875450773,0.001193576388888889,0,0,0
float16,fx-tr-flare,2.1,True,True,0.0039570833333471,0.05601128472222222,0.0301256760247289,0.00023871527777777777,0.052886284722222225,0.021936155130056624,0.004578993055555556,0.0611328125,0.035138512217475625,0.008745659722222222,0,0,0
float16,fx-tr-film-burn,0.3,True,True,0.005372369791672327,0.03999565972222222,0.023137845207423485,0.0162109375,0.03155381944444444,0.016909164711579532,0.0036458333333333334,0.027018229166666668,0.021176132743740857,0.009440104166666666,0,0,0
float16,fx-tr-film-burn,0.9,True,True,0.008460772569435449,0.02671440972222222,0.022193600173726413,0.0201171875,0.02265625,0.0156503895833065,0.006163194444444444,0.01213107638888889,0.016285472618798768,0.003103298611111111,0,0,0
float16,fx-tr-film-burn,1.5,True,True,0.007654726562492442,0.03155381944444444,0.02813897404957394,0.009157986111111112,0.02309027777777778,0.01938634985904468,0.008333333333333333,0.025065104166666668,0.017716955062944736,0.0034939236111111113,0,0,0
float16,fx-tr-film-burn,2.1,True,True,0.0029423611111099035,0.036957465277777775,0.021747759852568195,0.010004340277777777,0.033637152777777776,0.017460358932984216,0.00013020833333333333,0.036957465277777775,0.021747759852568195,0.010004340277777777,0,0,0
float16,fx-ov-glitter-rain,0.3,True,True,0.007330212673622327,0.047026909722222225,0.03935500150185874,0.013606770833333334,0.034895833333333334,0.028811433734242282,0.005512152777777778,0.03806423611111111,0.03371126681071049,0.006857638888888889,0,0,0
float16,fx-ov-glitter-rain,0.9,True,True,0.004930512152782285,0.041731770833333334,0.04255368052337701,0.013910590277777777,0.03634982638888889,0.027416511735223508,0.0022352430555555554,0.03786892361111111,0.04074512943046827,0.005186631944444444,0,0,0
float16,fx-ov-glitter-rain,1.5,True,True,0.005936232638902084,0.03973524305555556,0.03863361116548629,0.009440104166666666,0.040516493055555554,0.026186636886216183,0.0039713541666666664,0.03747829861111111,0.03499340776739217,0.015082465277777778,0,0,0
float16,fx-ov-glitter-rain,2.1,True,True,0.008371223958334895,0.03422309027777778,0.034252935628341585,0.009092881944444445,0.0400390625,0.02542510888140883,0.006922743055555555,0.03786892361111111,0.04002700873347001,0.020594618055555555,0,0,0
float16,fx-ov-gold-dust,0.3,True,True,0.003304014756949414,0.022786458333333332,0.01734759444648773,0.01115451388888889,0.012326388888888888,0.009003177419471889,4.340277777777778e-05,0.0162109375,0.016221032807508542,0.013346354166666666,0,0,0
float16,fx-ov-gold-dust,0.9,True,True,0.005711827256945412,0.022960069444444446,0.019086853086875175,0.0140625,0.012217881944444444,0.009477725234125543,0.003146701388888889,0.014735243055555555,0.01315606872703932,0.006532118055555556,0,0,0
float16,fx-ov-gold-dust,1.5,True,True,0.005442543402779165,0.018793402777777777,0.015700029930438196,0.008897569444444444,0.01015625,0.008510203169843866,0.004079861111111111,0.017447916666666667,0.01619705349068375,0.008767361111111111,0,0,0
float16,fx-ov-gold-dust,2.1,True,True,0.006405260416656233,0.02163628472222222,0.017348876113597287,0.011566840277777778,0.012760416666666666,0.009269068004631082,0.004253472222222222,0.019292534722222223,0.018557715890355896,0.01252170138888889,0,0,0
float16,fx-ov-bokeh-gold,0.3,True,True,0.008769865451384362,0.024739583333333332,0.024536099666951344,0.011197916666666667,0.016341145833333334,0.017241437389013736,0.0076605902777777775,0.017469618055555556,0.018291791221931603,0.012608506944444445,0,0,0
float16,fx-ov-bokeh-gold,0.9,True,True,0.008774578993055115,0.019010416666666665,0.02720459476904382,0.011024305555555556,0.017252604166666668,0.01768037337361464,0.007530381944444445,0.020421006944444445,0.01860631451710306,0.01447482638888889,0,0,0
float16,fx-ov-bokeh-gold,1.5,True,True,0.006557456597228395,0.016644965277777778,0.023685449184880917,0.004926215277777778,0.019075520833333335,0.014317298986850028,0.0060546875,0.023372395833333334,0.021116171091872842,0.016341145833333334,0,0,0
float16,fx-ov-bokeh-gold,2.1,True,True,0.008826979166663307,0.018250868055555557,0.02195140750930398,0.010481770833333333,0.016861979166666666,0.0183401853486348,0.0077473958333333336,0.02523871527777778,0.020556904971850438,0.0146484375,0,0,0
float16,fx-ov-bokeh-pink,0.3,True,True,0.004389084201378068,0.026323784722222222,0.020331120432907003,0.014865451388888888,0.0115234375,0.008945672718479215,0.0018012152777777779,0.027647569444444443,0.0275874027372304,0.0008246527777777778,0,0,0
float16,fx-ov-bokeh-pink,0.9,True,True,0.008588541666668448,0.028255208333333334,0.026826925525930075,0.02131076388888889,0.015277777777777777,0.0101044064476975,0.004644097222222222,0.02769097222222222,0.026650185300998434,0.010199652777777778,0,0,0
float16,fx-ov-bokeh-pink,1.5,True,True,0.0032320225694491,0.023676215277777777,0.02350171718066493,0.010611979166666667,0.01623263888888889,0.01168734506869641,0.0009548611111111111,0.021723090277777777,0.020908681730956377,0.0040581597222222225,0,0,0
float16,fx-ov-bokeh-pink,2.1,True,True,0.005759361979158939,0.023133680555555557,0.021752232151055564,0.012934027777777777,0.01328125,0.010095420976538877,0.003732638888888889,0.02523871527777778,0.023316742895399475,0.004709201388888889,0,0,0
float16,fx-ov-sparks,0.3,True,True,0.008821927083339176,0.017686631944444444,0.01636141435496139,0.009006076388888888,0.021701388888888888,0.01547984642997915,0.008897569444444444,0.017513020833333334,0.016667114782262224,0.007530381944444445,0,0,0
float16,fx-ov-sparks,0.9,True,True,0.006778580729168482,0.01890190972222222,0.0179432777584949,0.006792534722222222,0.022265625,0.01466137064863954,0.0067708333333333336,0.020008680555555554,0.01716296477124688,0.006814236111111111,0,0,0
float16,fx-ov-sparks,1.5,True,True,0.007418841145835131,0.017838541666666666,0.01789369615393814,0.007161458333333333,0.01968315972222222,0.012608537318461144,0.007790798611111111,0.01794704861111111,0.016585443942481164,0.0044921875,0,0,0
float16,fx-ov-sparks,2.1,True,True,0.01104393663193548,0.025173611111111112,0.021366374476217573,0.014887152777777777,0.022222222222222223,0.016557152036620476,0.010243055555555556,0.018337673611111112,0.018604250409077143,0.0076605902777777775,0,0,0
float16,fx-ov-embers,0.3,True,True,0.010526827256938986,0.02931857638888889,0.034988691505911704,0.009874131944444444,0.03830295138888889,0.02420444584200971,0.012738715277777778,0.03576388888888889,0.02974154258194019,0.009461805555555555,0,0,0
float16,fx-ov-embers,0.9,True,True,0.012235008680534065,0.03806423611111111,0.03557811877795001,0.02013888888888889,0.034722222222222224,0.02149149752955837,0.012413194444444444,0.03836805555555556,0.03420094454079358,0.012803819444444444,0,0,0
float16,fx-ov-embers,1.5,True,True,0.010058385416698457,0.024652777777777777,0.03344439752864828,0.015755208333333333,0.04055989583333333,0.023016600655208067,0.010655381944444445,0.03359375,0.03220475679120682,0.012630208333333334,0,0,0
float16,fx-ov-embers,2.1,True,True,0.008888949652799738,0.025889756944444446,0.028823426314270442,0.013650173611111111,0.03326822916666667,0.02353472972724944,0.010134548611111112,0.029969618055555557,0.03214769601101602,0.017469618055555556,0,0,0
float16,fx-ov-smoke,0.3,True,True,0.004190351562485262,0.017447916666666667,0.02314788424940962,0.005642361111111111,0.012065972222222223,0.01648373050791348,0.003732638888888889,0.017122395833333335,0.020181340420570886,0.004448784722222222,0,0,0
float16,fx-ov-smoke,0.9,True,True,0.0056111414930626324,0.014605034722222222,0.02200632154104314,0.004622395833333333,0.014908854166666667,0.016204785487617113,0.005533854166666667,0.016059027777777776,0.02255086849661433,0.009288194444444444,0,0,0
float16,fx-ov-smoke,1.5,True,True,0.005910026041661354,0.0154296875,0.01928990003255503,0.005186631944444444,0.014800347222222222,0.018276371398669715,0.006640625,0.014735243055555555,0.020704265275425137,0.0008029513888888889,0,0,0
float16,fx-ov-smoke,2.1,True,True,0.007423472222228611,0.0173828125,0.02063104717282826,0.007096354166666667,0.01697048611111111,0.01801012789977871,0.007378472222222222,0.015907118055555555,0.023689084972809325,0.008832465277777778,0,0,0
float16,fx-ov-fog-white,0.3,True,True,0.0029121484375025375,0.027300347222222222,0.01983936854352319,0.005642361111111111,0.032074652777777775,0.01838385331799167,0.0023003472222222223,0.025499131944444444,0.020459709607296567,0.0009331597222222223,0,0,0
float16,fx-ov-fog-white,0.9,True,True,0.00699450954860481,0.02914496527777778,0.022374812460327853,0.0060546875,0.027300347222222222,0.017314700185977375,0.007248263888888889,0.02361111111111111,0.024282675213701636,0.007248263888888889,0,0,0
float16,fx-ov-fog-white,1.5,True,True,0.0033314496527907522,0.03511284722222222,0.026187174301516247,0.005642361111111111,0.02521701388888889,0.016144709796290124,0.003081597222222222,0.023307291666666667,0.023699340002706317,0.0009982638888888888,0,0,0
float16,fx-ov-fog-white,2.1,True,True,0.0015145182291860237,0.028754340277777776,0.021043541247025444,0.004448784722222222,0.024891493055555554,0.017014312825490954,0.00023871527777777777,0.018098958333333335,0.021974060752836193,0.005512152777777778,0,0,0
float16,fx-ov-galaxy,0.3,True,True,0.0022322743055624983,0.016883680555555555,0.021000675823543577,0.00043402777777777775,0.010438368055555555,0.013977828226016049,0.0033203125,0.01384548611111111,0.018428175368609377,0.0006944444444444445,0,0,0
float16,fx-ov-galaxy,0.9,True,True,0.0007047439236060882,0.021245659722222223,0.02192381609158368,0.001193576388888889,0.011436631944444444,0.010472779877206063,0.0004991319444444444,0.012586805555555556,0.02094562188023951,0.0013020833333333333,0,0,0
float16,fx-ov-galaxy,1.5,True,True,0.0027030164930579303,0.022374131944444445,0.025391544441234315,0.003884548611111111,0.012630208333333334,0.011554936481092308,0.004557291666666667,0.013585069444444445,0.018992339009895446,0.003732638888888889,0,0,0
float16,fx-ov-galaxy,2.1,True,True,0.004073441840283465,0.021180555555555557,0.027696673568126096,0.003993055555555555,0.012717013888888889,0.012757776229630124,0.004383680555555556,0.015603298611111111,0.021197302175283348,0.0012369791666666666,0,0,0
float16,fx-ov-fireflies,0.3,True,True,0.006024687500001846,0.04416232638888889,0.0264245544996115,0.0166015625,0.04138454861111111,0.019014650692911958,0.0014973958333333334,0.04333767361111111,0.03273977459031865,0.0197265625,0,0,0
float16,fx-ov-fireflies,0.9,True,True,0.011347526041660672,0.043120659722222225,0.025336101540889968,0.013650173611111111,0.04216579861111111,0.020471667524323188,0.009874131944444444,0.04168836805555556,0.03081898083509575,0.01916232638888889,0,0,0
float16,fx-ov-fireflies,1.5,True,True,0.008248498263895954,0.04635416666666667,0.029957103301560577,0.02282986111111111,0.04131944444444444,0.019821393135773212,0.0026041666666666665,0.04275173611111111,0.03336185529103917,0.021223958333333334,0,0,0
float16,fx-ov-fireflies,2.1,True,True,0.00898888454860014,0.04299045138888889,0.02872506150177645,0.015690104166666666,0.04301215277777778,0.019342247423900616,0.005989583333333334,0.041666666666666664,0.029125677583047023,0.018967013888888887,0,0,0
float16,fx-ov-magic-dust,0.3,True,True,0.003959157986116679,0.025455729166666666,0.017558109785974704,0.012608506944444445,0.008723958333333334,0.0070691068950274145,0.0016059027777777777,0.021202256944444445,0.020019906352353074,0.0018012152777777779,0,0,0
float16,fx-ov-magic-dust,0.9,True,True,0.007459166666677675,0.032942708333333334,0.027067777374743408,0.023394097222222222,0.010373263888888888,0.008762547806397868,0.0036024305555555558,0.022005208333333335,0.022175219946828143,0.0012586805555555556,0,0,0
float16,fx-ov-magic-dust,1.5,True,True,0.003341367187502442,0.030533854166666666,0.027214534783470794,0.01720920138888889,0.009787326388888889,0.008878648781802735,0.0008029513888888889,0.017144097222222224,0.016808525658997354,0.0035590277777777777,0,0,0
float16,fx-ov-magic-dust,2.1,True,True,0.005585703125007058,0.023980034722222224,0.023975103281303378,0.01642795138888889,0.009895833333333333,0.008621641075401905,0.002560763888888889,0.026671006944444443,0.018842505117324534,0.0036241319444444446,0,0,0
float16,fx-ov-sparkle-white,0.3,True,True,0.009339127604164332,0.05349392361111111,0.02363838165667449,0.0048828125,0.028580729166666666,0.019020983966182854,0.013129340277777778,0.03289930555555556,0.022721688084210084,0.013671875,0,0,0
float16,fx-ov-sparkle-white,0.9,True,True,0.011655672743060563,0.058441840277777775,0.026862980580846418,0.0019314236111111112,0.027300347222222222,0.01912161282672322,0.014539930555555556,0.035416666666666666,0.026953969876087176,0.01171875,0,0,0
float16,fx-ov-sparkle-white,1.5,True,True,0.013670143229177256,0.059375,0.023469314733663163,0.0016927083333333334,0.03298611111111111,0.02143551941734071,0.017664930555555555,0.0337890625,0.025407334868493246,0.0193359375,0,0,0
float16,fx-ov-sparkle-white,2.1,True,True,0.009008059895833753,0.06671006944444445,0.024299267440113077,0.0019965277777777776,0.03029513888888889,0.018087648223420277,0.010763888888888889,0.0361328125,0.02236606253001663,0.012261284722222222,0,0,0
float16,fx-ov-glitter,0.3,True,True,0.008182009548619362,0.05197482638888889,0.02085838348591327,0.0018446180555555555,0.030729166666666665,0.01786075707676989,0.009288194444444444,0.02890625,0.0256361575504638,0.015885416666666666,0,0,0
float16,fx-ov-glitter,0.9,True,True,0.009709409722248097,0.05188802083333333,0.027085627086240707,0.01325954861111111,0.03216145833333333,0.019300290264726672,0.007682291666666666,0.0287109375,0.02419086482073672,0.0193359375,0,0,0
float16,fx-ov-glitter,1.5,True,True,0.010650238715271598,0.05095486111111111,0.027789331117863896,0.009375,0.0302734375,0.01893748843676784,0.010091145833333334,0.03348524305555556,0.026705107925557168,0.019943576388888887,0,0,0
float16,fx-ov-glitter,2.1,True,True,0.013252747395839037,0.04809027777777778,0.025930733535688387,0.00798611111111111,0.03029513888888889,0.020825607749598046,0.014366319444444444,0.03109809027777778,0.025585937859789822,0.01773003472222222,0,0,0
float16,fx-ov-hearts-pink,0.3,True,True,0.18959875434028106,0.42506510416666665,0.9427108085019998,0.3539279513888889,0.1409939236111111,0.24130044954587512,0.12727864583333334,0.33428819444444446,0.6045086431894239,0.323046875,0,0,0
float16,fx-ov-hearts-pink,0.9,True,True,0.09880583767362339,0.4044921875,1.1192245574204516,0.3951171875,0.05466579861111111,0.24031252761739388,0.013302951388888888,0.10238715277777778,0.7167068977288776,0.07326388888888889,0,0,0
float16,fx-ov-hearts-pink,1.5,True,True,0.1651233029513861,0.5616102430555555,1.0071731327464108,0.5557074652777778,0.10082465277777777,0.2615512125024404,0.05164930555555555,0.22174479166666666,0.7364172262440938,0.1390625,0,0,0
float16,fx-ov-hearts-pink,2.1,True,True,0.12268737413195652,0.2238498263888889,0.6053771736086584,0.21968315972222222,0.10299479166666667,0.2250754017061197,0.09118923611111111,0.16927083333333334,0.6367924798374813,0.14908854166666666,0,0,0
float16,fx-ov-stars,0.3,True,True,0.01246107638888816,0.026909722222222224,0.0340683339051393,0.01697048611111111,0.02133246527777778,0.026907932650380124,0.010525173611111112,0.023914930555555554,0.03096682139348724,0.018359375,0,0,0
float16,fx-ov-stars,0.9,True,True,0.004455776909729536,0.021788194444444443,0.026449013643300753,0.005121527777777778,0.019921875,0.02119647375169387,0.0032552083333333335,0.0244140625,0.026456523040369388,0.014388020833333333,0,0,0
float16,fx-ov-stars,1.5,True,True,0.0015301692708433734,0.01916232638888889,0.028020498263010816,0.0017144097222222222,0.021701388888888888,0.02411735071811513,0.0015625,0.028255208333333334,0.029652891542303016,0.010763888888888889,0,0,0
float16,fx-ov-stars,2.1,True,True,0.011616362847220785,0.02183159722222222,0.0342723768326922,0.0109375,0.02328559027777778,0.0338385723083305,0.011566840277777778,0.029730902777777776,0.03501105273271367,0.014105902777777778,0,0,0
float16,fx-ov-confetti,0.3,True,True,0.0021633854166509536,0.05496961805555556,0.02467983395399385,0.0014539930555555556,0.05075954861111111,0.018733506969957698,0.0012803819444444444,0.0279296875,0.025959683106982833,0.012999131944444445,0,0,0
float16,fx-ov-confetti,0.9,True,True,0.0016023220485976708,0.06560329861111111,0.02825178473722796,0.004231770833333333,0.04774305555555555,0.014994177087057537,0.0005642361111111111,0.03485243055555556,0.026088571225541375,0.015321180555555555,0,0,0
float16,fx-ov-confetti,1.5,True,True,0.0032975260416492347,0.06176215277777778,0.029408547623481388,0.00959201388888889,0.04934895833333333,0.016982934576649168,0.00021701388888888888,0.02326388888888889,0.022866431404682787,0.015277777777777777,0,0,0
float16,fx-ov-confetti,2.1,True,True,0.003374973958344185,0.05731336805555556,0.025822037192448376,0.008745659722222222,0.048111979166666666,0.016872499931129128,0.0008463541666666667,0.028971354166666668,0.02187826056159923,0.012608506944444445,0,0,0
float16,fx-ov-snow,0.3,True,True,0.00044704861110744787,0.0244140625,0.018902993362432105,0.005881076388888889,0.019401041666666667,0.013282417597812282,0.0009982638888888888,0.012391493055555555,0.010057864268086077,0.0012369791666666666,0,0,0
float16,fx-ov-snow,0.9,True,True,0.005122712673596652,0.028059895833333334,0.023943726911128848,0.006184895833333333,0.023502604166666666,0.01807617662634463,0.005013020833333334,0.02243923611111111,0.01980832763077475,0.003081597222222222,0,0,0
float16,fx-ov-snow,1.5,True,True,0.0052688585069233795,0.03283420138888889,0.02593051870602464,0.006358506944444444,0.02282986111111111,0.014534218466485178,0.005078125,0.021267361111111112,0.016669002773999728,0.003949652777777778,0,0,0
float16,fx-ov-snow,2.1,True,True,0.0027598697916744186,0.0279296875,0.023984079427139125,0.0060112847222222225,0.019791666666666666,0.011933692573399966,0.002126736111111111,0.0205078125,0.014817830731775922,0.0005425347222222222,0,0,0
float16,fx-ov-rain,0.3,True,True,0.009517309027756937,0.07766927083333333,0.029274669522631004,0.005316840277777778,0.07725694444444445,0.027517653371520397,0.011111111111111112,0.07189670138888889,0.02882048940659923,0.006098090277777778,0,0,0
float16,fx-ov-rain,0.9,True,True,0.008840703125002847,0.07764756944444444,0.02663346198601785,0.008246527777777778,0.08237847222222222,0.0296566845763786,0.009809027777777778,0.07265625,0.031182464525226012,0.0009982638888888888,0,0,0
float16,fx-ov-rain,1.5,True,True,0.014961636284709812,0.06506076388888889,0.027608324901137862,0.0049479166666666664,0.07482638888888889,0.029279136791860373,0.019227430555555557,0.0808376736111111,0.029582615037116275,0.002191840277777778,0,0,0
float16,fx-ov-rain,2.1,True,True,0.013370633680551691,0.07224392361111111,0.03145985911031662,0.0076605902777777775,0.07686631944444444,0.02667316340862822,0.015885416666666666,0.0754123263888889,0.030942102208427878,0.0052734375,0,0,0
float16,fx-ov-bubbles,0.3,True,True,0.005776293402774968,0.026692708333333332,0.018952185987375168,0.016015625,0.01325954861111111,0.00793160605434573,0.0028862847222222224,0.02868923611111111,0.021759838735185957,0.004253472222222222,0,0,0
float16,fx-ov-bubbles,0.9,True,True,0.008539713541665606,0.02734375,0.019983029931021412,0.018272569444444445,0.0150390625,0.008859618321139488,0.005316840277777778,0.03155381944444444,0.021000908228906635,0.011805555555555555,0,0,0
float16,fx-ov-bubbles,1.5,True,True,0.004911740451390756,0.025954861111111113,0.022193495489942046,0.013585069444444445,0.014171006944444444,0.009656408527753199,0.002191840277777778,0.021549479166666666,0.01626539162212319,0.006315104166666667,0,0,0
float16,fx-ov-bubbles,2.1,True,True,0.00549772135416049,0.02248263888888889,0.014757215207964592,0.01189236111111111,0.013953993055555556,0.007456669614217031,0.0031901041666666666,0.030707465277777776,0.018685655011772308,0.009526909722222223,0,0,0
float16,fx-ov-leak-warm,0.3,True,True,0.004016197916655528,0.02306857638888889,0.02412259602232616,0.007877604166666666,0.01840277777777778,0.018590948068332353,0.005729166666666666,0.030143229166666667,0.028782176171943355,0.0220703125,0,0,0
float16,fx-ov-leak-warm,0.9,True,True,0.0032361588541789388,0.02087673611111111,0.027595270638564356,0.0023003472222222223,0.0197265625,0.02174391894689252,0.003103298611111111,0.028059895833333334,0.03160363862640606,0.02085503472222222,0,0,0
float16,fx-ov-leak-warm,1.5,True,True,0.002978151041673982,0.024500868055555555,0.025714292367294615,0.003537326388888889,0.020421006944444445,0.02206140275183823,0.003754340277777778,0.026150173611111112,0.024858087488946266,0.01447482638888889,0,0,0
float16,fx-ov-leak-warm,2.1,True,True,0.00029820746527775555,0.0205078125,0.02354048077991863,0.0016710069444444444,0.016883680555555555,0.016867254913077116,0.00021701388888888888,0.017881944444444443,0.02602060565144516,0.0069010416666666664,0,0,0
float16,fx-ov-leak-pink,0.3,True,True,0.009748450520845608,0.027213541666666667,0.02803483966501647,0.014322916666666666,0.04038628472222222,0.025354110151528896,0.008919270833333333,0.0306640625,0.02596019605349415,0.0044921875,0,0,0
float16,fx-ov-leak-pink,0.9,True,True,0.009311171874998081,0.029839409722222224,0.030005443770471818,0.0107421875,0.03454861111111111,0.025513276868878297,0.00920138888888889,0.024327256944444445,0.027151553621085026,0.006184895833333333,0,0,0
float16,fx-ov-leak-pink,1.5,True,True,0.006165195312490823,0.028407118055555555,0.022454729383244363,0.002191840277777778,0.034657118055555554,0.020636276198213958,0.007052951388888889,0.026432291666666666,0.027260800329437836,0.009071180555555556,0,0,0
float16,fx-ov-leak-pink,2.1,True,True,0.007676861979177829,0.021744791666666666,0.027342148228003148,0.008463541666666666,0.02966579861111111,0.022055175764192005,0.007790798611111111,0.025933159722222224,0.023725739623710038,0.004231770833333333,0,0,0
float16,fx-ov-leak-blue,0.3,True,True,0.0034470529514010195,0.022547743055555555,0.02386568769682226,0.0009331597222222223,0.019032118055555554,0.01844687427510352,0.004926215277777778,0.015885416666666666,0.021682437080644483,0.0016927083333333334,0,0,0
float16,fx-ov-leak-blue,0.9,True,True,0.007095824652793681,0.018641493055555555,0.02411561774570658,0.009266493055555556,0.012955729166666667,0.016158539935312122,0.006358506944444444,0.0173828125,0.02071544223520018,0.0080078125,0,0,0
float16,fx-ov-leak-blue,1.5,True,True,0.006280134548632077,0.023914930555555554,0.023182641692462886,0.0007378472222222222,0.01796875,0.01827960931205497,0.008463541666666666,0.020247395833333334,0.02565995781817243,0.005316840277777778,0,0,0
float16,fx-ov-leak-blue,2.1,True,True,0.0064724696180462615,0.017274305555555557,0.025309357354834344,0.013064236111111112,0.0111328125,0.01843705137817116,0.004318576388888889,0.015603298611111111,0.022281652344301014,0.0083984375,0,0,0
float16,fx-ov-light-streaks,0.3,False,False,3.160573181423622,2.5034071180555557,2.7693752689663818,2.5034071180555557,3.2600477430555554,3.5691816573616677,3.2600477430555554,4.110286458333333,4.510289634891613,4.110286458333333,0,0,0
float16,fx-ov-light-streaks,0.9,False,False,1.4265425911458323,1.1229600694444444,1.3878005201856163,1.1229600694444444,1.4783203125,2.048353961939613,1.4732855902777777,1.8581380208333333,2.7774883630651903,1.8574435763888888,0,0,0
float16,fx-ov-light-streaks,1.5,False,False,0.08247418836805309,0.27814670138888886,2.799873503848045,0.13209635416666668,0.15284288194444445,3.7239286062340935,0.07384982638888889,0.2026909722222222,4.724150150735567,0.021788194444444443,0,0,0
float16,fx-ov-light-streaks,2.1,False,False,0.9422869314236166,0.8861328125,3.72640491149525,0.8861328125,0.9446397569444445,4.834556085100542,0.9446397569444445,1.0854600694444445,6.0969105837754585,1.0843315972222223,0,0,0
float16,fx-ov-stage-lights,0.3,True,True,0.004618515624997599,0.013042534722222223,0.01454226402404116,0.010828993055555555,0.009982638888888888,0.00990251684954667,0.0033854166666666668,0.007703993055555556,0.008907225855751441,0.0014539930555555556,0,0,0
float16,fx-ov-stage-lights,0.9,True,True,0.005526041666662707,0.012434895833333333,0.01406374477163183,0.006141493055555555,0.01091579861111111,0.00913739045101582,0.005403645833333333,0.0087890625,0.010446782735062426,0.004926215277777778,0,0,0
float16,fx-ov-stage-lights,1.5,True,True,0.003921640625009104,0.010894097222222222,0.012340898416658261,0.0026475694444444446,0.00920138888888889,0.008591484894898166,0.0046875,0.007552083333333333,0.010233361925099048,8.680555555555556e-05,0,0,0
float16,fx-ov-stage-lights,2.1,True,True,0.004553146701390176,0.012999131944444445,0.015329604355482555,0.009396701388888888,0.008333333333333333,0.007903768300461687,0.003472222222222222,0.008072916666666667,0.011394338135151515,0.0009982638888888888,0,0,0
float16,fx-ov-bg-purple-smoke,0.3,True,True,0.0009692838541610627,0.0030381944444444445,0.004969596796059747,0.001953125,0.0018229166666666667,0.003445550061076701,0.00078125,0.0018012152777777779,0.007255926039865167,6.510416666666667e-05,0,0,0
float16,fx-ov-bg-purple-smoke,0.9,True,True,0.00018265625001134822,0.002322048611111111,0.003759849714395802,0.0016276041666666667,0.0020399305555555557,0.003112705567837395,0.0008246527777777778,0.004752604166666666,0.007448880801119906,0.0008463541666666667,0,0,0
float16,fx-ov-bg-purple-smoke,1.5,True,True,0.0014641362847243045,0.003689236111111111,0.006259217047887408,0.002951388888888889,0.0015625,0.0032940700612861203,0.0006944444444444445,0.0072265625,0.010350946093082923,0.004709201388888889,0,0,0
float16,fx-ov-bg-purple-smoke,2.1,True,True,0.0012289930555482442,0.0064670138888888885,0.007873945727487251,0.005078125,0.0014105902777777778,0.0020153941308959224,0.00015190972222222222,0.006727430555555556,0.009840195866177313,0.0005642361111111111,0,0,0
float16,fx-ov-bg-pastel-ink,0.3,True,True,0.0009788368055581032,0.0012369791666666666,0.0022418010391697185,0.0001953125,0.0019097222222222222,0.002927155312680609,0.0015625,0.0028428819444444443,0.003679949028633126,0.002495659722222222,0,0,0
float16,fx-ov-bg-pastel-ink,0.9,True,True,2.8311631922406377e-05,0.0020399305555555557,0.005529400896388999,0.0016927083333333334,0.0009548611111111111,0.0021687062574717144,0.00078125,0.003927951388888889,0.005709697553000321,0.003146701388888889,0,0,0
float16,fx-ov-bg-pastel-ink,1.5,True,True,0.00011516927082766415,0.001584201388888889,0.003212672504426912,0.00015190972222222222,0.00043402777777777775,0.0015572243402159896,0.00043402777777777775,0.0033420138888888887,0.0067358246772329265,0.0022569444444444442,0,0,0
float16,fx-ov-bg-pastel-ink,2.1,True,True,0.00011767361112902108,0.0009331597222222223,0.0020941664034212198,0.00023871527777777777,0.0006944444444444445,0.0010855057755160794,0.00034722222222222224,0.0026258680555555558,0.004919428236265298,0.0011067708333333333,0,0,0
float16,fx-ov-bg-pink-gradient,0.3,True,True,0.00017843315971788343,0.0005425347222222222,0.0005393287616988374,0.00015190972222222222,0.0006944444444444445,0.0004999894853170399,0.00034722222222222224,0.0005208333333333333,0.0005618528989048114,0.0005208333333333333,0,0,0
float16,fx-ov-bg-pink-gradient,0.9,True,True,9.979166667051231e-05,0.0005208333333333333,0.00021311296713357865,0.00017361111111111112,0.0005208333333333333,0.0006011438234088878,0.00017361111111111112,0.00017361111111111112,0.00016354138221276923,0.00017361111111111112,0,0,0
float16,fx-ov-bg-pink-gradient,1.5,True,True,0.00017278211804239163,0.0001953125,0.00015208462345854236,0.0001953125,0.0006293402777777778,0.0005500750773993718,0.00028211805555555553,0.00017361111111111112,0.000163541382212747,0.00017361111111111112,0,0,0
float16,fx-ov-bg-pink-gradient,2.1,True,True,4.798177083387145e-05,0.00034722222222222224,0.00031214650121003877,0,0.00043402777777777775,0.00028352269434266125,8.680555555555556e-05,0.0005425347222222222,0.0004957129507413838,0.0001953125,0,0,0
float16,fx-ov-bg-blue-hearts,0.3,True,True,6.180555556056788e-05,0.0026692708333333334,0.002584816389778977,0.001193576388888889,0.002105034722222222,0.0026744715298872715,0.0003689236111111111,0.0011067708333333333,0.001329778722919578,0.0007161458333333333,0,0,0
float16,fx-ov-bg-blue-hearts,0.9,True,True,0.0002256987847175651,0.0012586805555555556,0.0025247877186549477,0.00021701388888888888,0.0026041666666666665,0.003267118283131451,0.00034722222222222224,0.0018446180555555555,0.0017204425061184065,0.0003255208333333333,0,0,0
float16,fx-ov-bg-blue-hearts,1.5,True,True,0.000725021701384776,0.0035807291666666665,0.003248784626046834,0.0014973958333333334,0.002994791666666667,0.0019145736364711635,0.0005642361111111111,0.0018229166666666667,0.0011757240143435157,4.340277777777778e-05,0,0,0
float16,fx-ov-bg-blue-hearts,2.1,True,True,0.00011737413193202428,0.0034071180555555556,0.003150724720388022,0.00010850694444444444,0.003515625,0.0037364925390236526,4.340277777777778e-05,0.002777777777777778,0.002272483759169374,0.001736111111111111,0,0,0
float16,fx-ov-bg-pink-bokeh,0.3,True,True,0.00016982204861903938,0.004796006944444445,0.007368650346634035,0.0008029513888888889,0.003168402777777778,0.009526876554386738,0.00013020833333333333,0.003081597222222222,0.009451286802178402,0.0013020833333333333,0,0,0
float16,fx-ov-bg-pink-bokeh,0.9,True,True,0.001000542534718818,0.0042751736111111115,0.006745467410755272,0.0024522569444444444,0.0030164930555555557,0.006925449566022941,0.0004991319444444444,0.0028211805555555555,0.009081772598705755,0.0016927083333333334,0,0,0
float16,fx-ov-bg-pink-bokeh,1.5,True,True,0.00011049479167013487,0.004318576388888889,0.005754660125962324,0.0005425347222222222,0.0033203125,0.005048001650644967,2.170138888888889e-05,0.0031901041666666666,0.00680731869541071,0.00028211805555555553,0,0,0
float16,fx-ov-bg-pink-bokeh,2.1,True,True,0.000839648437498397,0.0030164930555555557,0.0076154039712204,0.0001953125,0.004535590277777778,0.007506149905283483,0.0010633680555555555,0.003732638888888889,0.010450578350274544,0.0005208333333333333,0,0,0
float16,fx-ov-bg-golden-band,0.3,True,True,0.00033977864583434325,0.0014539930555555556,0.0012008516734203583,6.510416666666667e-05,0.0013237847222222223,0.0010429863113761272,0.0004557291666666667,0.00034722222222222224,0.0002975179037514715,0,0,0,0
float16,fx-ov-bg-golden-band,0.9,True,True,0.00011417100694188775,0.0007378472222222222,0.0006134852162395029,0.000390625,0.0013020833333333333,0.0008116212428959401,0.00026041666666666666,0.0005425347222222222,0.0003632077345555882,0.00015190972222222222,0,0,0
float16,fx-ov-bg-golden-band,1.5,True,True,0.0005444097222220279,0.0010416666666666667,0.0009887563876725544,0.0010416666666666667,0.0013020833333333333,0.0008572254563269084,0.00043402777777777775,0.0005208333333333333,0.00045340228418392313,0.00017361111111111112,0,0,0
float16,fx-ov-bg-golden-band,2.1,True,True,1.631944444646649e-05,0.00034722222222222224,0.0003472222222222244,0.00034722222222222224,0.0013237847222222223,0.0008323971168859816,0.00010850694444444444,0.00017361111111111112,0.0004708934759341941,0.00017361111111111112,0,0,0
float16,fx-ov-bg-blue-smoke,0.3,True,True,0.003481727430557413,0.005425347222222222,0.006887750377301686,0.005078125,0.0048828125,0.006063995190804414,0.0029730902777777776,0.007335069444444444,0.010615315463163195,0.0038194444444444443,0,0,0
float16,fx-ov-bg-blue-smoke,0.9,True,True,0.0041998567708336765,0.00798611111111111,0.012722441990936348,0.007248263888888889,0.005316840277777778,0.0060499228221283854,0.0032335069444444442,0.009874131944444444,0.011297212691833798,0.004796006944444445,0,0,0
float16,fx-ov-bg-blue-smoke,1.5,True,True,0.007488745659721019,0.008506944444444444,0.010694404527327584,0.008506944444444444,0.007378472222222222,0.008716372045052947,0.006857638888888889,0.01213107638888889,0.012082895483438683,0.0107421875,0,0,0
float16,fx-ov-bg-blue-smoke,2.1,True,True,0.0073814279513886305,0.008506944444444444,0.01066555862164688,0.008506944444444444,0.0066840277777777775,0.00835832472005171,0.006510416666666667,0.013780381944444444,0.014728292190567606,0.0126953125,0,0,0
float16,fx-ov-bg-light-wall,0.3,True,True,0.00014443576387179746,0.0012586805555555556,0.000972125857151258,0.0005642361111111111,0.00078125,0.0007797002681624196,8.680555555555556e-05,0.0008680555555555555,0.0008274032594081477,0.0005208333333333333,0,0,0
float16,fx-ov-bg-light-wall,0.9,True,True,0.00014635416668795642,0.00017361111111111112,0.00017361111111109662,0.00017361111111111112,0.0009765625,0.0009159382012440684,0.00023871527777777777,0.0005208333333333333,0.00047705217551662906,0.00017361111111111112,0,0,0
float16,fx-ov-bg-light-wall,1.5,True,True,0.00010731770831284848,0.0007595486111111111,0.0006122477505191965,0.0003689236111111111,0.001171875,0.0010940813295746443,0.00013020833333333333,0.0012369791666666666,0.0012263876319120641,0.0008897569444444444,0,0,0
float16,fx-ov-bg-light-wall,2.1,True,True,0.0003537673611191394,0.0009114583333333333,0.0012158778085998292,0.00013020833333333333,0.0009982638888888888,0.000970423004118065,0.00043402777777777775,0.0005642361111111111,0.0008663896387244531,0.00021701388888888888,0,0,0
float16,fx-ov-bg-3d-shapes,0.3,False,False,0.9385648133680604,1.5036675347222221,10.2828931033016,0.9356553819444444,1.5473307291666667,10.132355635086913,0.9449001736111111,1.3415364583333333,9.3397680966507,0.884375,0,0,0
float16,fx-ov-bg-3d-shapes,0.9,False,False,0.9083917838541424,1.4870442708333333,10.210915937616209,0.9092230902777778,1.528493923611111,10.072272542066731,0.9123480902777777,1.3221788194444444,9.307566002428711,0.8667534722222222,0,0,0
float16,fx-ov-bg-3d-shapes,1.5,False,False,0.8691521180554957,1.459765625,10.106562064792621,0.8756944444444444,1.5029730902777778,9.977571123265138,0.8705078125,1.295095486111111,9.210134516379956,0.8364583333333333,0,0,0
float16,fx-ov-bg-3d-shapes,2.1,False,False,0.7963755772569527,1.3774739583333333,9.978565886267772,0.8055121527777778,1.4380642361111111,9.85544956909305,0.797265625,1.2342664930555556,9.112418248749545,0.7606553819444445,0,0,0
float16,fx-ov-bg-red-hearts,0.3,True,True,0.00029423177083032215,0.0012586805555555556,0.0014361411257023103,0.0012586805555555556,0.00034722222222222224,0.00045003485157928103,0,0.0003689236111111111,0.0005649661132302374,0.0003689236111111111,0,0,0
float16,fx-ov-bg-red-hearts,0.9,True,True,3.611111111467835e-05,0.0005208333333333333,0.0007575386669597611,0.0005208333333333333,8.680555555555556e-05,0.00018541761898005965,8.680555555555556e-05,0.00017361111111111112,0.0001736111111111125,0.00017361111111111112,0,0,0
float16,fx-ov-bg-red-hearts,1.5,True,True,0.00014805555555597039,0.0007378472222222222,0.0007336825753340129,0.0007378472222222222,8.680555555555556e-05,0.0003044131721379864,8.680555555555556e-05,0.0007378472222222222,0.0007359415207963459,0.0007378472222222222,0,0,0
float16,fx-ov-bg-red-hearts,2.1,True,True,0.00014225694445002546,0.0007161458333333333,0.0009102329023927343,0.0003255208333333333,0.0006076388888888889,0.0008092078178662106,8.680555555555556e-05,0.0005425347222222222,0.00034622354935209544,0.00015190972222222222,0,0,0
float16,fx-ov-sc-aurora,0.3,True,True,0.0034547135416715946,0.0016059027777777777,0.0014795581418814764,0.0012586805555555556,0.004470486111111111,0.0048846950360025496,0.004123263888888889,0.004427083333333333,0.004545723424071932,0.003298611111111111,0,0,0
float16,fx-ov-sc-aurora,0.9,True,True,0.0012283463541677975,0.0016059027777777777,0.0018458117068579848,0.00017361111111111112,0.0036024305555555558,0.003498267138323862,0.0015190972222222222,0.003537326388888889,0.0034255962021540014,0.0014539930555555556,0,0,0
float16,fx-ov-sc-aurora,1.5,True,True,0.0011558723958344785,0.00034722222222222224,0.0003046550141948942,0.00034722222222222224,0.0019965277777777776,0.0021431696779035205,0.0014756944444444444,0.0018012152777777779,0.0024582726734981154,0.0003689236111111111,0,0,0
float16,fx-ov-sc-aurora,2.1,True,True,0.000557539062505441,0.0007161458333333333,0.0010691491209448912,2.170138888888889e-05,0.0014105902777777778,0.0021958536328744037,0.0007161458333333333,0.0016493055555555556,0.002387744185059359,0.0005642361111111111,0,0,0
float16,fx-ov-sc-milky-way,0.3,True,True,0.001141354166669828,0.0035590277777777777,0.0068488469235634345,0.0020833333333333333,0.0042751736111111115,0.006063352737363955,0.0009765625,0.005381944444444444,0.006978889289887562,0,0,0,0
float16,fx-ov-sc-milky-way,0.9,True,True,0.0005104687500043781,0.002864583333333333,0.0052241506830544215,0.00034722222222222224,0.002734375,0.0045374939602555965,0.00030381944444444445,0.004427083333333333,0.0077670537251252345,0.0030381944444444445,0,0,0
float16,fx-ov-sc-milky-way,1.5,True,True,0.0009407682291673325,0.0032118055555555554,0.00539264034715177,0.0014322916666666666,0.0033203125,0.0034030455894966775,0.0006727430555555556,0.0035807291666666665,0.00507398467390109,0.0021484375,0,0,0
float16,fx-ov-sc-milky-way,2.1,True,True,0.001761883680558185,0.005208333333333333,0.006636433271760608,0.0020399305555555557,0.003927951388888889,0.005493219795692218,0.0014539930555555556,0.00546875,0.00681510726870277,0.003993055555555555,0,0,0
float16,fx-ov-sc-sunset-sea,0.3,True,True,0.00010530815971776519,0.0010633680555555555,0.0009890832134257436,0.0006727430555555556,0.00034722222222222224,0.0006708775799609312,0.00034722222222222224,0.0006944444444444445,0.0005358464567346668,0,0,0,0
float16,fx-ov-sc-sunset-sea,0.9,True,True,0.00012038194445551653,0.00034722222222222224,0.0006640052600050748,0.00034722222222222224,0.0009765625,0.0011404148297641983,6.510416666666667e-05,0,0,0,0,0,0
float16,fx-ov-sc-sunset-sea,1.5,True,True,0.00020680989584320741,0.0012369791666666666,0.0014382378134915872,0.0001953125,0.0006944444444444445,0.0005114397040988857,0.00034722222222222224,0.00034722222222222224,0.0003050601317585953,0,0,0,0
float16,fx-ov-sc-sunset-sea,2.1,True,True,0.0002679904513911424,0.0010633680555555555,0.0007639045882299853,0.0003255208333333333,0.0014756944444444444,0.0012581840438538844,0.00026041666666666666,0.0005642361111111111,0.0003693266981038998,0.00017361111111111112,0,0,0
float16,fx-ov-sc-moon-dunes,0.3,True,True,6.502604166769288e-05,0.0001953125,0.00018398405498934814,0.0001953125,0,0,0,0.0007161458333333333,0.0005515624685353052,0.0003255208333333333,0,0,0
float16,fx-ov-sc-moon-dunes,0.9,True,True,0.00014628038194786086,0.00034722222222222224,0.000673246071988113,0.00034722222222222224,0.00017361111111111112,0.0001647533183327282,0.00017361111111111112,0.0007161458333333333,0.0007161458333333481,0.0007161458333333333,0,0,0
float16,fx-ov-sc-moon-dunes,1.5,True,True,0.00024833333333162955,0,0.00039062500000000154,0,0.00034722222222222224,0.00029849021662474966,0.00034722222222222224,0.00034722222222222224,0.0007350257821931939,0,0,0,0
float16,fx-ov-sc-moon-dunes,2.1,True,True,2.8884548612495564e-05,0.0003689236111111111,0.00036454341133360286,0.0003689236111111111,0.00026041666666666666,0.000217044226857495,8.680555555555556e-05,0.0005208333333333333,0.0005208333333333089,0.00017361111111111112,0,0,0
float16,fx-ov-sc-clouds,0.3,True,True,0.0044726649305601995,0.006792534722222222,0.006598204247860939,0.006792534722222222,0.004166666666666667,0.004028192937997294,0.004166666666666667,0.0010633680555555555,0.0009074958073243292,0.0006727430555555556,0,0,0
float16,fx-ov-sc-clouds,0.9,True,True,0.007362834201387614,0.011197916666666667,0.011653060890921317,0.010850694444444444,0.006944444444444444,0.007401920828994187,0.006944444444444444,0.0012369791666666666,0.0011944119586393613,0.0012369791666666666,0,0,0
float16,fx-ov-sc-clouds,1.5,True,True,0.00996054253474199,0.015733506944444444,0.016803223869211105,0.015733506944444444,0.009157986111111112,0.008842143537584567,0.009157986111111112,0.0009114583333333333,0.0017484163546067299,0.0009114583333333333,0,0,0
float16,fx-ov-sc-clouds,2.1,True,True,0.012309327256929237,0.0181640625,0.018827893655880862,0.0181640625,0.011979166666666667,0.012193112606376235,0.011631944444444445,0.0017795138888888889,0.001649617419601548,0.0017795138888888889,0,0,0
float16,fx-ov-sc-snowy-night,0.3,True,True,0.0025158984375011073,0.003125,0.003744342718906747,0.00234375,0.003472222222222222,0.0046296917694193555,0.0026041666666666665,0.0028862847222222224,0.003889661120781524,0.0021484375,0,0,0
float16,fx-ov-sc-snowy-night,0.9,True,True,0.0020223480902785695,0.003884548611111111,0.004057456954627498,0.003537326388888889,0.003754340277777778,0.0034200723425057743,0.0016710069444444444,0.0028211805555555555,0.003370582175339898,0.0010416666666666667,0,0,0
float16,fx-ov-sc-snowy-night,1.5,True,True,0.0014945182291654646,0.0032118055555555554,0.003827273929103633,0.0020833333333333333,0.0026475694444444446,0.003396287478456994,0.001345486111111111,0.0030164930555555557,0.0031308602659756526,0.0012369791666666666,0,0,0
float16,fx-ov-sc-snowy-night,2.1,True,True,0.0019840928819476744,0.003927951388888889,0.0031722764508301045,0.0028428819444444443,0.003146701388888889,0.003547837118937804,0.0017144097222222222,0.003168402777777778,0.0033807283277859706,0.002126736111111111,0,0,0
float16,fx-ov-sc-ocean,0.3,True,True,6.903211806275067e-05,0.0003689236111111111,0.0003689236111111111,0.0003689236111111111,0.0005208333333333333,0.0006180800622571037,0,0.0012586805555555556,0.0011541097437173778,0.00013020833333333333,0,0,0
float16,fx-ov-sc-ocean,0.9,True,True,0.00035826388887016947,0.00017361111111111112,0.0001736111111111076,0.00017361111111111112,0.0006293402777777778,0.0007646881304714529,0.0004123263888888889,0.001388888888888889,0.0013763227276398812,0.001388888888888889,0,0,0
float16,fx-ov-sc-ocean,1.5,True,True,0.00011546006945195586,0.00017361111111111112,0.0005167996719208305,0.00017361111111111112,0.0005208333333333333,0.0005758263375570533,0.00017361111111111112,0.000390625,0.0007773783131167919,0.000390625,0,0,0
float16,fx-ov-sc-ocean,2.1,True,True,0.0001627473958194514,0.00034722222222222224,0.00034722222222222115,0,0.00043402777777777775,0.0007379757223649394,0.00026041666666666666,0.0010633680555555555,0.0010097565862669184,0.0003255208333333333,0,0,0
float16,fx-ov-sc-shooting-stars,0.3,True,True,9.028645833275561e-05,0.0006944444444444445,0.001011592180014241,0,0.0006076388888888889,0.000746795106436244,8.680555555555556e-05,0.0010850694444444445,0.0008982977134416166,0.000390625,0,0,0
float16,fx-ov-sc-shooting-stars,0.9,True,True,0.0007208940972223132,0.009483506944444444,0.007404018228550608,0.00023871527777777777,0.009092881944444445,0.008471205632307806,0.0007595486111111111,0.0087890625,0.009156318556964358,0.0017578125,0,0,0
float16,fx-ov-sc-shooting-stars,1.5,True,True,0.29398225260416666,0.27532552083333334,0.28376914964380157,0.27532552083333334,0.2996961805555556,0.3070032110355301,0.2996961805555556,0.2923177083333333,0.3001776714635559,0.2923177083333333,0,0,0
float16,fx-ov-sc-shooting-stars,2.1,True,True,0.1858292274305544,0.1853298611111111,0.39797475644853414,0.1853298611111111,0.18424479166666666,0.38296486500663535,0.18424479166666666,0.20299479166666667,0.4264741767538978,0.20299479166666667,0,0,0
float16,fx-ov-tr-shape-pop,0.3,True,True,0.009190559895827732,0.05067274305555555,0.020585288221871025,0.002105034722222222,0.029600694444444443,0.01789845004509719,0.010590277777777778,0.027083333333333334,0.024470726201222762,0.016189236111111113,0,0,0
float16,fx-ov-tr-shape-pop,0.9,True,True,0.0007799262153014297,0.0012369791666666666,0.0018918963600080886,0.0012369791666666666,0.0012586805555555556,0.0010322940257508997,0.00047743055555555554,0.0024305555555555556,0.0019503439562020626,0.0024305555555555556,0,0,0
float16,fx-ov-tr-shape-pop,1.5,True,True,0.006316467013903093,0.031163194444444445,0.01866433655144389,0.008159722222222223,0.016167534722222224,0.010666845747047208,0.0054904513888888885,0.015842013888888888,0.014071865753073102,0.009071180555555556,0,0,0
float16,fx-ov-tr-shape-pop,2.1,True,True,0.01190944444444142,0.04813368055555556,0.02534026100336182,0.006597222222222222,0.029014756944444445,0.01991673411362201,0.012955729166666667,0.03090277777777778,0.025689733437207977,0.0171875,0,0,0
float16,fx-ov-tr-glow-blob,0.3,True,True,0.001186475694424871,0.0032335069444444442,0.00510335920236716,0.0028862847222222224,0.0011284722222222221,0.0012519560104326452,0.00078125,0.0008897569444444444,0.0013780980386437337,0.0001953125,0,0,0
float16,fx-ov-tr-glow-blob,0.9,True,True,0,0,0,0,0,0,0,0,0,0,0,0,0
float16,fx-ov-tr-glow-blob,1.5,True,True,0.00019551649305071805,0.0012586805555555556,0.0020124639345433285,0.0008680555555555555,0.00034722222222222224,0.0006732803716614327,0,0.0005425347222222222,0.00041088422092110756,0.00015190972222222222,0,0,0
float16,fx-ov-tr-glow-blob,2.1,True,True,0.00039690538196168745,0.0023003472222222223,0.0030532250511433423,0.0005208333333333333,0.0012152777777777778,0.0016785669005284702,0.0006944444444444445,0.0029730902777777776,0.002273204748386143,0.00015190972222222222,0,0,0
float16,fx-ov-tr-fire-wipe,0.3,True,True,0.004644761284716026,0.014019097222222223,0.014311549055146231,0.006944444444444444,0.015299479166666666,0.010957781824318375,0.003884548611111111,0.011783854166666666,0.01243966096459199,0.005403645833333333,0,0,0
float16,fx-ov-tr-fire-wipe,0.9,True,True,0.004493489583325072,0.00993923611111111,0.011743264850815489,0.00625,0.0076605902777777775,0.00922942142777579,0.004188368055555555,0.004470486111111111,0.007468667073236665,0.00234375,0,0,0
float16,fx-ov-tr-fire-wipe,1.5,True,True,0.004349622395849906,0.013953993055555556,0.011059163718555589,0.005750868055555556,0.012847222222222222,0.009206764200381821,0.004210069444444444,0.010720486111111111,0.010233991413536479,0.0016059027777777777,0,0,0
float16,fx-ov-tr-fire-wipe,2.1,True,True,0.010171935763892748,0.016840277777777777,0.019262403157722888,0.011414930555555555,0.01599392361111111,0.013534691232099867,0.009874131944444444,0.01328125,0.014796132904934943,0.009461805555555555,0,0,0
float16,fx-ov-tr-ink,0.3,True,True,0.0015316796874955685,0.009375,0.005699015705915157,0.0010416666666666667,0.00798611111111111,0.005169385324322211,0.0015625,0.004405381944444444,0.005421105815874735,0.0026692708333333334,0,0,0
float16,fx-ov-tr-ink,0.9,True,True,0,0,0,0,0,0,0,0,0,0,0,0,0
float16,fx-ov-tr-ink,1.5,True,True,1.5078124999234888e-05,0.004991319444444444,0.005914384303351582,0.0010416666666666667,0.004752604166666666,0.0036110915566498407,0.00023871527777777777,0.00234375,0.0031106366402480347,0.0009114583333333333,0,0,0
float16,fx-ov-tr-ink,2.1,True,True,0.002259231770832315,0.012782118055555555,0.009970906070348867,0.0016710069444444444,0.008919270833333333,0.0053732737014619645,0.002495659722222222,0.004861111111111111,0.004886689636386577,0.0016493055555555556,0,0,0
float16,fx-ov-tr-light-burst,0.3,False,False,1.1744088411458335,1.5490668402777779,6.054070095028521,1.2671657986111111,1.4493706597222222,5.376586536535581,1.1485026041666666,1.5234375,5.435259287826341,1.1578993055555555,0,0,0
float16,fx-ov-tr-light-burst,0.9,False,False,0.7726910590277711,0.7983940972222222,2.222731797854149,0.7976128472222223,0.7658203125,1.962056390640409,0.7652994791666666,0.7736111111111111,1.9009744349238404,0.7725260416666667,0,0,0
float16,fx-ov-tr-light-burst,1.5,True,True,0.23245925781250065,0.3425564236111111,0.6816027268297498,0.33969184027777777,0.20173611111111112,0.6609950278941257,0.2,0.2396267361111111,0.6954346735684785,0.23823784722222222,0,0,0
float16,fx-ov-tr-light-burst,2.1,False,False,1.1689989062499961,1.5388671875,6.043497305546124,1.2722005208333333,1.4283854166666667,5.372705612217205,1.1394965277777778,1.4548828125,5.388373379295168,1.1573567708333334,0,0,0
float16,fx-ov-tr-scribble,0.3,False,False,0.028570086805558503,0.40227864583333334,2.5894991801774476,0.39620225694444444,0.18912760416666666,0.6569172886621665,0.06351996527777778,0.4488932291666667,1.7048864990771349,0.14173177083333333,0,0,0
float16,fx-ov-tr-scribble,0.9,False,False,0.377800047743051,1.0658854166666667,8.597274771814819,1.0658854166666667,0.7597222222222222,2.690324831274381,0.3206597222222222,1.1838758680555554,5.709589363573341,1.0823133680555554,0,0,0
float16,fx-ov-tr-scribble,1.5,False,False,0.44113710503472703,0.819140625,2.6762441659912253,0.819140625,0.46184895833333334,1.523422227995041,0.4359809027777778,0.6727213541666667,1.8972586226753916,0.6208550347222223,0,0,0
float16,fx-ov-tr-scribble,2.1,False,False,0.019348098958346327,0.4553168402777778,2.19041510330611,0.4439887152777778,0.16729600694444444,0.5677525542525156,0.1384765625,0.35944010416666666,1.4152492862796033,0.20362413194444445,0,0,0
float16,fx-ov-el-speed-lines,0.3,True,True,0.0026684027777719166,0.03784722222222222,0.030468589023930414,0.005772569444444445,0.03671875,0.02506254693357575,0.0014322916666666666,0.03784722222222222,0.030468589023930414,0.005772569444444445,0,0,0
float16,fx-ov-el-speed-lines,0.9,True,True,0.0026994097222541313,0.03806423611111111,0.022841965153823807,0.0014756944444444444,0.037261284722222225,0.01792748224837555,0.004361979166666667,0.03806423611111111,0.022841965153823807,0.0014756944444444444,0,0,0
float16,fx-ov-el-speed-lines,1.5,True,True,0.002776770833321507,0.040863715277777775,0.02536914334495747,0.0037109375,0.03318142361111111,0.018829918139299073,0.005360243055555556,0.040863715277777775,0.02536914334495747,0.0037109375,0,0,0
float16,fx-ov-el-speed-lines,2.1,True,True,0.0035123611110918773,0.03747829861111111,0.02460046295741685,0.01091579861111111,0.03407118055555555,0.020339693202837524,0.0005642361111111111,0.03747829861111111,0.02460046295741685,0.01091579861111111,0,0,0
float16,fx-ov-el-lightning,0.3,True,True,0.008603437500006805,0.03088107638888889,0.024872387527608432,0.016037326388888887,0.01870659722222222,0.011750476547913618,0.005555555555555556,0.025629340277777777,0.023982786514539757,0.016905381944444443,0,0,0
float16,fx-ov-el-lightning,0.9,True,True,0.01767469184028414,0.13656684027777777,1.5405086354415416,0.013997395833333334,0.10295138888888888,1.4531288559755815,0.014930555555555556,0.1384982638888889,1.6388420312637733,0.05568576388888889,0,0,0
float16,fx-ov-el-lightning,1.5,True,True,0.009055269097210328,0.015516493055555556,0.011527713202810356,0.0059244791666666664,0.018619791666666666,0.010097657492106097,0.009114583333333334,0.024370659722222222,0.01917557251744378,0.017686631944444444,0,0,0
float16,fx-ov-el-lightning,2.1,True,True,0.014335234375003836,0.020399305555555556,0.01623024888052533,0.013888888888888888,0.02209201388888889,0.015664880489756488,0.014149305555555556,0.026692708333333332,0.021417703246806002,0.017491319444444445,0,0,0
float16,fx-ov-el-moon,0.3,True,True,0.00952303385416542,0.022243923611111112,0.019747537837634326,0.013433159722222223,0.017057291666666665,0.011869653092771427,0.008029513888888888,0.01918402777777778,0.015884690580120573,0.012803819444444444,0,0,0
float16,fx-ov-el-moon,0.9,True,True,0.008383289930563365,0.020182291666666668,0.01728740593987216,0.012196180555555556,0.016384548611111112,0.010629584884578335,0.007009548611111111,0.018489583333333334,0.014755958432607155,0.010763888888888889,0,0,0
float16,fx-ov-el-moon,1.5,True,True,0.007860099826402234,0.018641493055555555,0.01659094013248748,0.008572048611111112,0.013932291666666667,0.01110712233577014,0.007508680555555556,0.014149305555555556,0.017112464531958645,0.009244791666666667,0,0,0
float16,fx-ov-el-moon,2.1,True,True,0.009865364583319547,0.02345920138888889,0.019932796297448,0.016731770833333333,0.0138671875,0.010844523562757183,0.008051215277777777,0.019856770833333332,0.016226290605945506,0.0076171875,0,0,0
float16,fx-ov-el-smoke-puff,0.3,True,True,0.002216223958299679,0.04366319444444444,0.02317890455035615,0.0005642361111111111,0.043511284722222224,0.018446729190155282,0.0037109375,0.025260416666666667,0.02347284004560449,0.007725694444444445,0,0,0
float16,fx-ov-el-smoke-puff,0.9,True,True,0.00208273437502271,0.03422309027777778,0.02808849215063466,0.004361979166666667,0.023524305555555555,0.01547287455445694,0.0022135416666666666,0.022243923611111112,0.02489837234476927,0.0059244791666666664,0,0,0
float16,fx-ov-el-smoke-puff,1.5,True,True,0.0032883550347264645,0.02719184027777778,0.025859171646256177,0.008181423611111112,0.024934895833333335,0.018179511840786172,0.0026258680555555558,0.020095486111111113,0.023012666851472813,0.004557291666666667,0,0,0
float16,fx-ov-el-smoke-puff,2.1,True,True,0.011012070312489186,0.05555555555555555,0.03297932456957836,0.024652777777777777,0.04292534722222222,0.02213670229398779,0.008723958333333334,0.022721354166666666,0.022429333647716952,0.006488715277777778,0,0,0
float16,fx-ov-film-dust,0.3,True,True,0.022422061631928614,0.15475260416666667,0.2711988968593202,0.03240017361111111,0.12393663194444444,0.24262413195343815,0.0193359375,0.11028645833333334,0.2697728219116518,0.02361111111111111,0,0,0
float16,fx-ov-film-dust,0.9,True,True,0.12552878472223483,0.2639105902777778,0.4288497650025097,0.2173828125,0.14194878472222222,0.28727073170929973,0.09750434027777778,0.16495225694444443,0.3251203930576892,0.13266059027777777,0,0,0
float16,fx-ov-film-dust,1.5,True,True,0.0007900998263892234,0.12905815972222223,0.22551268655274762,0.003146701388888889,0.10757378472222222,0.20668478567143533,0.0057074652777777775,0.10928819444444444,0.24331128276243652,0.036328125,0,0,0
float16,fx-ov-film-dust,2.1,True,True,0.027148728298627134,0.15989583333333332,0.39224669749521457,0.018272569444444445,0.1420355902777778,0.30839957600486434,0.040690104166666664,0.15952690972222222,0.33882867120486265,0.0267578125,0,0,0
float16,fx-ov-grain,0.3,True,True,0.04993541666667056,0.2003689236111111,0.709925719936403,0.042252604166666666,0.20776909722222223,0.7232472399333545,0.052994791666666666,0.2003689236111111,0.709925719936403,0.042252604166666666,0,0,0
float16,fx-ov-grain,0.9,True,True,0.03696225694443456,0.19073350694444444,0.6821000843688487,0.028363715277777778,0.19889322916666666,0.6727629758607421,0.04038628472222222,0.19073350694444444,0.6821000843688487,0.028363715277777778,0,0,0
float16,fx-ov-grain,1.5,True,True,0.22763798611111952,0.2827907986111111,0.6840468703564148,0.2351345486111111,0.27725694444444443,0.6920324709083903,0.22465277777777778,0.2827907986111111,0.6840468703564148,0.2351345486111111,0,0,0
float16,fx-ov-grain,2.1,True,True,0.1753104166666617,0.3157769097222222,0.6685384228396002,0.16529947916666668,0.32890625,0.6768573991528113,0.179296875,0.3157769097222222,0.6685384228396002,0.16529947916666668,0,0,0
float16,fx-ov-vhs,0.3,True,True,0.039853532986114715,0.12137586805555556,0.32265234410909,0.0619140625,0.16514756944444445,0.30256767860017,0.03233506944444445,0.13838975694444444,0.3167164526954124,0.049370659722222224,0,0,0
float16,fx-ov-vhs,0.9,True,True,0.10157821614581053,0.18940972222222222,0.2824850811472037,0.10598958333333333,0.15125868055555555,0.26775530215946597,0.10056423611111111,0.1427734375,0.2866524843681752,0.0986328125,0,0,0
float16,fx-ov-vhs,1.5,True,True,0.04181078993050846,0.14088541666666668,0.21047524396623557,0.06037326388888889,0.1115234375,0.19708342393195674,0.03435329861111111,0.13589409722222223,0.20405220278045258,0.061024305555555554,0,0,0
float16,fx-ov-vhs,2.1,True,True,0.009744813368030236,0.09869791666666666,0.1736890761215456,0.012239583333333333,0.09416232638888888,0.16705911534186943,0.006532118055555556,0.08778211805555555,0.1825503018690148,0.03422309027777778,0,0,0
float16,fx-ov-paper,0.3,True,True,0.006672287326381365,0.03430989583333333,0.024958617028468588,0.002756076388888889,0.03025173611111111,0.019983260294095657,0.008203125,0.035807291666666664,0.02865160378590462,0.019270833333333334,0,0,0
float16,fx-ov-paper,0.9,True,True,0.0030156423611202854,0.04481336805555555,0.026485659405844932,0.00935329861111111,0.026866319444444446,0.01821392715964386,0.004427083333333333,0.036783854166666664,0.030175492041499236,0.025455729166666666,0,0,0
float16,fx-ov-paper,1.5,True,True,0.007616566840269456,0.04125434027777778,0.025196539655160905,0.002105034722222222,0.02849392361111111,0.019549080725671953,0.009049479166666667,0.035243055555555555,0.027662800396434328,0.022048611111111113,0,0,0
float16,fx-ov-paper,2.1,True,True,0.004544448784713495,0.036284722222222225,0.026793750983715912,0.0010850694444444445,0.02575954861111111,0.017846737512620666,0.004926215277777778,0.028450520833333333,0.02733809001320448,0.017339409722222223,0,0,0
float16,fx-ov-burnt-edges,0.3,True,True,0.01675064236110302,0.062000868055555554,0.03928636232176663,0.028190104166666667,0.05,0.021852006050934587,0.01597222222222222,0.023198784722222223,0.022679301280745787,0.009223090277777778,0,0,0
float16,fx-ov-burnt-edges,0.9,True,True,0.017407643229176983,0.05733506944444444,0.04202995646014749,0.030729166666666665,0.058116319444444446,0.024831592494257555,0.016710069444444444,0.024891493055555554,0.024366396386218857,0.014908854166666667,0,0,0
float16,fx-ov-burnt-edges,1.5,True,True,0.008434036458339733,0.057356770833333334,0.039798226718480226,0.022026909722222224,0.04748263888888889,0.02169186026479041,0.006206597222222222,0.0177734375,0.018057496546967502,0.009526909722222223,0,0,0
float16,fx-ov-burnt-edges,2.1,True,True,0.013543033854205078,0.05703125,0.038170276010600884,0.03342013888888889,0.04934895833333333,0.024956564661447283,0.010633680555555556,0.022243923611111112,0.02356639640316927,0.016167534722222224,0,0,0
float16,fx-ov-leak-green,0.3,True,True,0.0039454296875192085,0.02131076388888889,0.020099561437559494,0.010026041666666667,0.013650173611111111,0.015448909747643475,0.0021484375,0.012565104166666667,0.019045107618186872,0.003841145833333333,0,0,0
float16,fx-ov-leak-green,0.9,True,True,0.0018763585069621058,0.019270833333333334,0.02185419981122083,0.006293402777777778,0.016710069444444444,0.02189569847546091,0.00078125,0.012174479166666667,0.018394202806444545,0.00028211805555555553,0,0,0
float16,fx-ov-leak-green,1.5,True,True,0.00019911024305940828,0.012391493055555555,0.021794392536932026,0.0003255208333333333,0.015842013888888888,0.02134489786224292,0.00017361111111111112,0.01154513888888889,0.018312187064087417,0.0019965277777777776,0,0,0
float16,fx-ov-leak-green,2.1,True,True,0.0031319227430373076,0.019835069444444443,0.023982206717275127,0.010286458333333333,0.019986979166666665,0.02562437384989961,0.0008897569444444444,0.01213107638888889,0.01534468882451396,0.0042751736111111115,0,0,0
float16,fx-ov-leak-purple,0.3,True,True,0.004214796006948518,0.016124131944444446,0.01945253268178966,0.002756076388888889,0.014670138888888889,0.014046701671069917,0.004600694444444445,0.016189236111111113,0.020452376140941815,0.0046875,0,0,0
float16,fx-ov-leak-purple,0.9,True,True,0.004691506076383689,0.015733506944444444,0.022720516294833862,0.0034505208333333332,0.015863715277777777,0.01699206154729897,0.005056423611111111,0.01423611111111111,0.020298138153593857,0.0047309027777777775,0,0,0
float16,fx-ov-leak-purple,1.5,True,True,0.00505200520834137,0.013693576388888889,0.023474970636254037,0.001974826388888889,0.012543402777777778,0.0142953895608004,0.006597222222222222,0.020551215277777778,0.0239749973439484,0.001193576388888889,0,0,0
float16,fx-ov-leak-purple,2.1,True,True,0.006476471354176283,0.015690104166666666,0.02689525716340534,0.0010633680555555555,0.014561631944444445,0.015105566602630377,0.008485243055555555,0.015407986111111112,0.02382135407259136,0.0025173611111111113,0,0,0
float16,fx-ov-leak-red,0.3,True,True,0.004576744791663145,0.017252604166666668,0.02275478289098521,0.003537326388888889,0.014670138888888889,0.014046701671069917,0.004600694444444445,0.01755642361111111,0.01704953785576846,0.007400173611111111,0,0,0
float16,fx-ov-leak-red,0.9,True,True,0.0042409114583250584,0.020464409722222222,0.026179056196019464,0.00023871527777777777,0.015863715277777777,0.01699206154729897,0.005056423611111111,0.019769965277777777,0.019578184248836,0.00935329861111111,0,0,0
float16,fx-ov-leak-red,1.5,True,True,0.004819717881957786,0.017035590277777776,0.029722011024279398,0.0022352430555555554,0.012543402777777778,0.0142953895608004,0.006597222222222222,0.015842013888888888,0.019593491831727462,0.00798611111111111,0,0,0
float16,fx-ov-leak-red,2.1,True,True,0.0063786111111170385,0.018511284722222222,0.0293235207463047,0.0007161458333333333,0.014561631944444445,0.015105566602630377,0.008485243055555555,0.01642795138888889,0.01942396496433417,0.006401909722222222,0,0,0
float16,fx-ov-lightning,0.3,True,True,0.001491345486115847,0.03771701388888889,0.020019831792521908,0.002690972222222222,0.028884548611111113,0.018028718540196827,0.001540798611111111,0.04370659722222222,0.03804261121079656,0.027994791666666668,0,0,0
float16,fx-ov-lightning,0.9,True,True,0.012803849826411806,0.05970052083333333,0.026744842239538515,0.0035807291666666665,0.02736545138888889,0.01942096245791999,0.015690104166666666,0.034765625,0.025902586863921752,0.011371527777777777,0,0,0
float16,fx-ov-lightning,1.5,True,True,0.013460125868064665,0.06095920138888889,0.022579885056829063,0.002018229166666667,0.03324652777777778,0.020655101447028694,0.01740451388888889,0.03546006944444444,0.025452645522848892,0.019965277777777776,0,0,0
float16,fx-ov-lightning,2.1,True,True,0.01132126302081815,0.06940104166666666,0.02508784958357086,0.0006944444444444445,0.030837673611111113,0.01830305463425718,0.014214409722222222,0.03713107638888889,0.021794350341744272,0.013953993055555556,0,0,0
float16,fx-ov-bokeh-blue,0.3,True,True,0.0041266015624898955,0.02443576388888889,0.020432980237623057,0.014670138888888889,0.01228298611111111,0.012820150625251873,0.001345486111111111,0.024197048611111112,0.027904111340530037,0.0006293402777777778,0,0,0
float16,fx-ov-bokeh-blue,0.9,True,True,0.008047113715264231,0.025889756944444446,0.019920188124139454,0.01773003472222222,0.01597222222222222,0.015327711891422457,0.0050347222222222225,0.025607638888888888,0.027803515593925708,0.009375,0,0,0
float16,fx-ov-bokeh-blue,1.5,True,True,0.004729622395842625,0.0265625,0.021509977960564825,0.013454861111111112,0.014127604166666667,0.015127624405554315,0.002322048611111111,0.02280815972222222,0.021314167675089004,0.0028862847222222224,0,0,0
float16,fx-ov-bokeh-blue,2.1,True,True,0.006439153645843021,0.02651909722222222,0.017787120628504186,0.014453125,0.014105902777777778,0.013612040826594517,0.004253472222222222,0.02575954861111111,0.023395074977777527,0.0044921875,0,0,0
float16,fx-ov-bokeh-rainbow,0.3,True,True,0.004851731770827428,0.02443576388888889,0.020432980237623057,0.014670138888888889,0.013888888888888888,0.017611727554998766,0.0020833333333333333,0.025108506944444445,0.024745693650717653,0.003363715277777778,0,0,0
float16,fx-ov-bokeh-rainbow,0.9,True,True,0.007267256944444966,0.025889756944444446,0.019920188124139454,0.01773003472222222,0.017881944444444443,0.01807850170342041,0.0038194444444444443,0.024848090277777776,0.02192420925173548,0.010611979166666667,0,0,0
float16,fx-ov-bokeh-rainbow,1.5,True,True,0.0047800564236126775,0.0265625,0.021509977960564825,0.013454861111111112,0.017252604166666668,0.01887510228840125,0.0022786458333333335,0.0201171875,0.018981881696952238,0.004014756944444444,0,0,0
float16,fx-ov-bokeh-rainbow,2.1,True,True,0.0058733984375010095,0.02651909722222222,0.017787120628504186,0.014453125,0.015256076388888888,0.016858655594408963,0.0035807291666666665,0.02523871527777778,0.02060433295686037,0.0033203125,0,0,0
float16,fx-ov-sparkle-pink,0.3,True,True,0.009184891493056568,0.02621527777777778,0.016713246700553217,0.011414930555555555,0.019292534722222223,0.011696602116505219,0.007790798611111111,0.0224609375,0.018972155238873842,0.01642795138888889,0,0,0
float16,fx-ov-sparkle-pink,0.9,True,True,0.009055694444448648,0.019466145833333334,0.017050083483563867,0.007486979166666667,0.018663194444444444,0.012553079532136581,0.00859375,0.023893229166666665,0.019863048736886997,0.018250868055555557,0,0,0
float16,fx-ov-sparkle-pink,1.5,True,True,0.009114635416665351,0.015928819444444443,0.013270533380433113,0.005598958333333333,0.01892361111111111,0.010941052096720057,0.009331597222222222,0.02578125,0.019354708351813753,0.017317708333333334,0,0,0
float16,fx-ov-sparkle-pink,2.1,True,True,0.011195564236103905,0.017664930555555555,0.016614010157614875,0.01032986111111111,0.0208984375,0.014073162816394737,0.0111328125,0.02912326388888889,0.020267001407914192,0.014366319444444444,0,0,0
float16,fx-ov-sparkle-blue,0.3,True,True,0.008972947048604851,0.0265625,0.017593722878227823,0.01349826388888889,0.01875,0.011874635624673426,0.006857638888888889,0.024457465277777778,0.019698230828110903,0.0166015625,0,0,0
float16,fx-ov-sparkle-blue,0.9,True,True,0.008837434895831109,0.017990451388888887,0.014609801998733313,0.008268229166666667,0.01853298611111111,0.012394280370442295,0.008203125,0.023871527777777776,0.02093462332892881,0.016796875,0,0,0
float16,fx-ov-sparkle-blue,1.5,True,True,0.009213111979164523,0.01662326388888889,0.013054999367129883,0.006293402777777778,0.017621527777777778,0.011493312120987961,0.009418402777777777,0.024674479166666666,0.019842046095388716,0.01577690972222222,0,0,0
float16,fx-ov-sparkle-blue,2.1,True,True,0.010814500868058019,0.018663194444444444,0.014555524540184335,0.011111111111111112,0.021875,0.013762517261564184,0.010720486111111111,0.027582465277777777,0.020017823677358302,0.010872395833333333,0,0,0
float16,fx-ov-hearts-red,0.3,True,True,0.18404874565972307,0.42506510416666665,0.9427108085019998,0.3539279513888889,0.14463975694444445,0.25501967447861873,0.13561197916666667,0.17938368055555556,0.29433516796822506,0.1636284722222222,0,0,0
float16,fx-ov-hearts-red,0.9,True,True,0.09833175347222323,0.4044921875,1.1192245574204516,0.3951171875,0.05364583333333333,0.25642289713244176,0.01228298611111111,0.08747829861111112,0.3415688147435562,0.07680121527777778,0,0,0
float16,fx-ov-hearts-red,1.5,True,True,0.16483546874999888,0.5616102430555555,1.0071731327464108,0.5557074652777778,0.09967447916666666,0.27909041807890334,0.05088975694444445,0.1910373263888889,0.31479054749277147,0.14259982638888888,0,0,0
float16,fx-ov-hearts-red,2.1,True,True,0.12216578559028335,0.2238498263888889,0.6053771736086584,0.21968315972222222,0.10158420138888889,0.24283525254462232,0.09047309027777778,0.14965277777777777,0.25458565261170224,0.14895833333333333,0,0,0
float16,fx-ov-fog-pink,0.3,True,True,0.0067528472222306846,0.049305555555555554,0.03263383960652799,0.013758680555555555,0.052994791666666666,0.02653281336102971,0.004383680555555556,0.04418402777777778,0.03151856530577198,0.00959201388888889,0,0,0
float16,fx-ov-fog-pink,0.9,True,True,0.004311848958337805,0.04763454861111111,0.031987998300074774,0.012261284722222222,0.0513671875,0.022534428642435374,0.002018229166666667,0.04060329861111111,0.02994174829794849,0.0036241319444444446,0,0,0
float16,fx-ov-fog-pink,1.5,True,True,0.00924503472222682,0.050455729166666664,0.0312019157733712,0.006879340277777778,0.04626736111111111,0.025734817673096603,0.009678819444444445,0.03838975694444444,0.03107226468362918,0.0119140625,0,0,0
float16,fx-ov-fog-pink,2.1,True,True,0.00346709201389217,0.04487847222222222,0.02876077206404785,0.0005642361111111111,0.04657118055555556,0.020121106966162098,0.004296875,0.030598958333333332,0.024390700824242155,0.007118055555555555,0,0,0
float16,fx-ov-fog-blue,0.3,True,True,0.005737391493028099,0.04950086805555556,0.031114477704248338,0.014040798611111112,0.055750868055555555,0.02839159338009799,0.0026258680555555558,0.04071180555555556,0.02758543064464755,0.012109375,0,0,0
float16,fx-ov-fog-blue,0.9,True,True,0.004751006944445635,0.05405815972222222,0.028471265819775812,0.006488715277777778,0.051171875,0.021729820410955274,0.004427083333333333,0.03595920138888889,0.029419695234943158,0.0028428819444444443,0,0,0
float16,fx-ov-fog-blue,1.5,True,True,0.007459392361084838,0.04991319444444445,0.02979890874049445,0.011067708333333334,0.048328993055555554,0.023764331523803812,0.005750868055555556,0.036848958333333334,0.02977517125657269,0.013758680555555555,0,0,0
float16,fx-ov-fog-blue,2.1,True,True,0.006217122395810293,0.043467881944444446,0.028751061356643584,0.008051215277777777,0.04273003472222222,0.020379334427752964,0.005186631944444444,0.027560763888888888,0.025364045321148273,0.011024305555555556,0,0,0
float32-round-even,fx-shake,0.3,True,True,0.03784187065973299,0.05896267361111111,0.20917573009354043,0.03413628472222222,0.062174479166666664,0.2018718949811367,0.040125868055555555,0.06484375,0.21817051186898134,0.026128472222222223,0,0,0
float32-round-even,fx-shake,0.9,True,True,0.04999390190971553,0.05464409722222222,0.05943941695278758,0.04691840277777778,0.0572265625,0.05834494236643316,0.052018229166666666,0.04307725694444445,0.05029819760046607,0.03899739583333333,0,0,0
float32-round-even,fx-shake,1.5,True,True,0.03254569878473035,0.07352430555555556,0.4959125167366771,0.03159722222222222,0.0919921875,0.5123588080422036,0.03474392361111111,0.07354600694444445,0.5501690237922697,0.013563368055555556,0,0,0
float32-round-even,fx-shake,2.1,False,False,0.1344457552083469,0.15151909722222223,2.5021258162706057,0.10464409722222222,0.19581163194444445,2.6067778576909544,0.13869357638888888,0.20993923611111112,2.722535443339995,0.1801215277777778,0,0,0
float32-round-even,fx-cc-slash-reveal,0.3,True,True,0.006069023437504484,0.128125,1.1535482141814999,0.0015190972222222222,0.14524739583333332,1.1429976607723715,0.009092881944444445,0.1349609375,1.1505261893647019,0.001540798611111111,0,0,0
float32-round-even,fx-cc-slash-reveal,0.9,True,True,0.040789457465280066,0.038411458333333336,0.04420192540640506,0.032074652777777775,0.049262152777777776,0.04921980273937819,0.043359375,0.049153645833333336,0.04705811452558949,0.04099392361111111,0,0,0
float32-round-even,fx-cc-slash-reveal,1.5,True,True,0.00020786892361002174,0.05251736111111111,0.03273300165913631,0.004166666666666667,0.054296875,0.022215625719997713,0.0016059027777777777,0.05041232638888889,0.03156798578797107,0.0007595486111111111,0,0,0
float32-round-even,fx-cc-slash-reveal,2.1,True,True,0.03853188802082741,0.11380208333333333,1.6400721867245298,0.04375,0.11883680555555555,1.630780833521706,0.03576388888888889,0.1232421875,1.6354930723161196,0.0505859375,0,0,0
float32-round-even,fx-cc-diamond-zoom,0.3,True,True,0.0791297309027783,0.06640625,0.0673189570813745,0.06388888888888888,0.08680555555555555,0.08288199500528501,0.08298611111111111,0.09001736111111111,0.08954836160647284,0.08580729166666666,0,0,0
float32-round-even,fx-cc-diamond-zoom,0.9,True,True,0.05047095486114017,0.05546875,0.055743138602665124,0.05260416666666667,0.05509982638888889,0.052559601504799845,0.049717881944444445,0.05625,0.05691234948609679,0.05164930555555555,0,0,0
float32-round-even,fx-cc-diamond-zoom,1.5,True,True,0.055894101562500964,0.06690538194444444,0.06102127713880047,0.05470920138888889,0.06430121527777778,0.06016378198933724,0.05857204861111111,0.04609375,0.041841292364117065,0.03285590277777778,0,0,0
float32-round-even,fx-cc-diamond-zoom,2.1,True,True,0.05932743923609962,0.05978732638888889,0.05774846288159905,0.05041232638888889,0.07515190972222222,0.06553401698947448,0.06334635416666666,0.05700954861111111,0.05534394256968879,0.04576822916666667,0,0,0
float32-round-even,fx-ct-error-quake,0.3,False,False,3.6090111154513664,2.840798611111111,4.515216816849113,1.8630208333333333,4.177690972222222,5.411314013201486,4.03046875,4.6330078125,6.523200526817861,4.575368923611111,0,0,0
float32-round-even,fx-ct-error-quake,0.9,True,True,0.005705842013881579,0.05078125,0.023842603784679638,0.0013020833333333333,0.03819444444444445,0.018156497092110035,0.005772569444444445,0.041449652777777776,0.02838744646132835,0.018012152777777776,0,0,0
float32-round-even,fx-ct-error-quake,1.5,True,True,0.008112569444449491,0.045008680555555555,0.025069171880500438,0.012456597222222223,0.03943142361111111,0.016458812380305558,0.006575520833333333,0.04513888888888889,0.026775091209107076,0.010546875,0,0,0
float32-round-even,fx-ct-error-quake,2.1,True,True,0.25980217881944156,0.1603732638888889,0.3273789894833265,0.15933159722222223,0.40358072916666665,0.692969730146345,0.2867404513888889,0.4194878472222222,0.7599227071374441,0.28880208333333335,0,0,0
float32-round-even,fx-ct-explosion,0.3,True,True,0.052468168402754145,0.053624131944444445,0.051015924831102726,0.0521484375,0.05709635416666667,0.05800658225453262,0.05536024305555556,0.026150173611111112,0.03011531656900734,0.02476128472222222,0,0,0
float32-round-even,fx-ct-explosion,0.9,True,True,0.029100668402776364,0.04924045138888889,0.05286107201728136,0.04585503472222222,0.03513454861111111,0.030917990557540638,0.02536892361111111,0.026453993055555555,0.02648645262861641,0.016731770833333333,0,0,0
float32-round-even,fx-ct-explosion,1.5,True,True,0.02897083333333228,0.033528645833333336,0.03585144616230804,0.0236328125,0.04040798611111111,0.03718682988309971,0.031727430555555554,0.022243923611111112,0.023268352117757532,0.0173828125,0,0,0
float32-round-even,fx-ct-explosion,2.1,True,True,0.05366829427080688,0.03519965277777778,0.03512816204040426,0.03446180555555556,0.05970052083333333,0.06090294970193192,0.059092881944444446,0.05757378472222222,0.062388342144318924,0.056488715277777775,0,0,0
float32-round-even,fx-ct-scene-cut,0.3,False,False,10.922882903645856,13.361697048611111,22.687752496273983,10.922243923611111,14.165473090277779,23.137122950305805,10.83127170138889,14.072526041666666,24.655950192015748,11.83224826388889,0,0,0
float32-round-even,fx-ct-scene-cut,0.9,False,False,95.28273712673611,94.1982421875,93.86337791650652,94.1982421875,95.61851128472222,95.29088458805194,95.61851128472222,95.1500217013889,94.82037579705319,95.1500217013889,0,0,0
float32-round-even,fx-ct-scene-cut,1.5,False,False,94.88866895399308,93.7759765625,93.65919766873002,93.7759765625,95.244921875,95.11758674681181,95.23832465277778,94.70147569444444,94.57296897344833,94.70147569444444,0,0,0
float32-round-even,fx-ct-scene-cut,2.1,False,False,94.55599150173614,93.44780815972223,92.97012761489374,93.44780815972223,94.90158420138889,94.4212611610295,94.90158420138889,94.39576822916666,93.90157954726945,94.39576822916666,0,0,0
float32-round-even,fx-cc-shiny-stack,0.3,False,False,0.1132986414930599,1.716427951388889,10.416850219687644,0.1750217013888889,1.6209635416666666,11.026031883464793,0.10551215277777778,1.4227864583333334,11.632079567338755,0.008680555555555556,0,0,0
float32-round-even,fx-cc-shiny-stack,0.9,False,False,0.1690310807291837,0.6649739583333333,6.812599809789654,0.16263020833333333,0.6258680555555556,6.838663368755733,0.17087673611111112,0.6691189236111111,6.486573460874305,0.16959635416666666,0,0,0
float32-round-even,fx-cc-shiny-stack,1.5,False,False,0.391899058159737,2.3437065972222224,8.865679151158206,0.37725694444444446,2.1327473958333334,8.839559010842152,0.41043836805555556,1.7807074652777777,8.522786705640383,0.2513671875,0,0,0
float32-round-even,fx-cc-shiny-stack,2.1,False,False,0.753311901041684,0.9184678819444444,4.493024714872424,0.7142578125,0.8938585069444445,4.785088008610845,0.7641710069444444,0.8573567708333333,5.049544980064858,0.7607421875,0,0,0
float32-round-even,fx-ct-glass-breaking,0.3,False,False,0.8511943836805642,1.2140625,3.3825685729480326,0.9670138888888888,1.1146701388888889,3.2432272782973843,0.81796875,1.3628472222222223,3.6123106150594038,0.8392795138888889,0,0,0
float32-round-even,fx-ct-glass-breaking,0.9,False,False,0.2935508376736138,0.8640190972222223,3.3460518164741138,0.34210069444444446,0.7893663194444445,3.1799861211858054,0.2837673611111111,0.9800998263888889,3.639353600246843,0.2475043402777778,0,0,0
float32-round-even,fx-ct-glass-breaking,1.5,False,False,0.4027110546874937,0.9195529513888889,3.948632740332621,0.3449435763888889,0.8699435763888889,3.851578495456061,0.4127387152777778,1.0153645833333333,4.392208573866455,0.47348090277777777,0,0,0
float32-round-even,fx-ct-glass-breaking,2.1,False,False,0.33068690538193835,0.39535590277777777,3.3908143706839775,0.2642795138888889,0.38947482638888886,3.3137895400138695,0.33478732638888886,0.5193793402777778,3.789610384729206,0.48561197916666665,0,0,0
float32-round-even,fx-ct-negative-panels,0.3,True,True,0.008702951388897873,0.09010416666666667,0.07125105795596653,0.04613715277777778,0.02599826388888889,0.014876161771079989,0.0028211805555555555,0.05286458333333333,0.047071788716263115,0.012630208333333334,0,0,0
float32-round-even,fx-ct-negative-panels,0.9,True,True,0.02565287760413071,0.11382378472222222,0.09561835292968159,0.08240017361111111,0.03357204861111111,0.01589407581573593,0.0060546875,0.08845486111111112,0.0672463611092776,0.05269097222222222,0,0,0
float32-round-even,fx-ct-negative-panels,1.5,True,True,0.009210802951372443,0.082421875,0.06651535411172732,0.04761284722222222,0.030403645833333333,0.016314844988781677,0.002105034722222222,0.0505859375,0.04810391975878747,0.00822482638888889,0,0,0
float32-round-even,fx-ct-negative-panels,2.1,False,False,31.630203784722227,25.220182291666667,40.3520787304641,25.072265625,31.79535590277778,43.803110278769815,31.79535590277778,49.30473090277778,58.94672898929268,49.30473090277778,0,0,0
float32-round-even,fx-ct-fireplace,0.3,True,True,0.04446974826387873,0.10789930555555556,0.3904782824165405,0.09014756944444445,0.0865234375,0.23547526946432684,0.03595920138888889,0.041493055555555554,0.08192705891969908,0.005729166666666666,0,0,0
float32-round-even,fx-ct-fireplace,0.9,True,True,0.10583871527776978,0.18046875,0.5076721186792269,0.15316840277777777,0.13550347222222223,0.3213441928867396,0.1013454861111111,0.06579861111111111,0.10094575929895541,0.010980902777777777,0,0,0
float32-round-even,fx-ct-fireplace,1.5,True,True,0.0931894184027584,0.20462239583333333,0.45034213851488963,0.17237413194444445,0.12248263888888888,0.26779519606188423,0.07786458333333333,0.07467447916666667,0.09077998266853157,0.011827256944444444,0,0,0
float32-round-even,fx-ct-fireplace,2.1,True,True,0.07119095920138818,0.2221137152777778,0.48027616933167294,0.14867621527777777,0.14661458333333333,0.28262626699869814,0.056553819444444445,0.062239583333333334,0.10109151731693403,0.011979166666666667,0,0,0
float32-round-even,fx-ct-vignette-noir,0.3,True,True,0.015641145833342307,0.10266927083333334,0.1980307238237036,0.019986979166666665,0.10388454861111111,0.17864085208906808,0.013910590277777777,0.10266927083333334,0.1980307238237036,0.019986979166666665,0,0,0
float32-round-even,fx-ct-vignette-noir,0.9,True,True,0.02363618055554184,0.09370659722222222,0.18454617778639332,0.0008246527777777778,0.11749131944444445,0.15501556883948084,0.03337673611111111,0.09370659722222222,0.18454617778639332,0.0008246527777777778,0,0,0
float32-round-even,fx-ct-vignette-noir,1.5,True,True,0.031456215277771093,0.099609375,0.19430497165434635,0.04717881944444444,0.11187065972222222,0.14717016785197914,0.0251953125,0.099609375,0.19430497165434635,0.04717881944444444,0,0,0
float32-round-even,fx-ct-vignette-noir,2.1,True,True,0.0026672222222288156,0.10985243055555556,0.17339983603085019,0.01154513888888889,0.11041666666666666,0.13990837060152614,0.0008680555555555555,0.10985243055555556,0.17339983603085019,0.01154513888888889,0,0,0
float32-round-even,fx-ct-lightning-crack,0.3,False,False,0.28490886718749664,1.6113498263888888,11.686802145210022,0.29073350694444444,1.8718532986111112,12.362344744860318,0.2816189236111111,2.0452256944444445,13.06422756175662,0.3003472222222222,0,0,0
float32-round-even,fx-ct-lightning-crack,0.9,True,True,0.032005347222238356,0.057356770833333334,0.05037079185092357,0.04181857638888889,0.049370659722222224,0.03510042756457246,0.029622395833333332,0.03413628472222222,0.03321688059295786,0.02671440972222222,0,0,0
float32-round-even,fx-ct-lightning-crack,1.5,False,False,3.901099197048623,4.179926215277778,8.33284475795715,3.7594401041666665,4.457118055555555,8.808136527387688,3.921267361111111,4.6625,9.328480448014139,4.118446180555556,0,0,0
float32-round-even,fx-ct-lightning-crack,2.1,True,True,0.0721476215277761,0.07198350694444444,0.06817976989704161,0.06733940972222222,0.07836371527777777,0.08000408996562167,0.07454427083333333,0.06256510416666666,0.06497386843407406,0.06256510416666666,0,0,0
float32-round-even,fx-vignette,0.3,True,True,0.1236025607638993,0.22588975694444444,0.3977887320628347,0.1342230902777778,0.196484375,0.38915146200308454,0.12000868055555555,0.21608072916666668,0.4073937826648104,0.1279296875,0,0,0
float32-round-even,fx-vignette,0.9,True,True,0.15843774739585115,0.19388020833333333,0.4407151088489263,0.14809027777777778,0.20444878472222222,0.4429425546269836,0.1635199652777778,0.1771484375,0.43007545486979104,0.13856336805555555,0,0,0
float32-round-even,fx-vignette,1.5,True,True,0.16590170138888993,0.18645833333333334,0.41187407705992685,0.1501736111111111,0.21098090277777778,0.41182363928877685,0.1736545138888889,0.17087673611111112,0.4291261739015135,0.13541666666666666,0,0,0
float32-round-even,fx-vignette,2.1,True,True,0.05251159288194174,0.1392144097222222,0.39988019187882057,0.04993489583333333,0.11779513888888889,0.39658601065560667,0.05373263888888889,0.12178819444444444,0.39318196497193725,0.048003472222222225,0,0,0
float32-round-even,fx-ct-offset-slice,0.3,True,True,0.0131750347222237,0.026236979166666667,0.027084371648451257,0.01838107638888889,0.02478298611111111,0.02038253320117036,0.01115451388888889,0.024197048611111112,0.02257875549900151,0.017860243055555555,0,0,0
float32-round-even,fx-ct-offset-slice,0.9,False,False,0.6446415407986024,1.007986111111111,2.547276204972074,0.9354166666666667,0.8059244791666667,2.147109615678094,0.5837022569444444,0.6259331597222222,1.9327865572099783,0.39207899305555555,0,0,0
float32-round-even,fx-ct-offset-slice,1.5,True,True,0.00856605902779961,0.03532986111111111,0.051386981757115466,0.014800347222222222,0.026302083333333334,0.03622752571955941,0.00625,0.02912326388888889,0.04443529335779934,0.013151041666666667,0,0,0
float32-round-even,fx-ct-offset-slice,2.1,True,True,0.0025637630208450446,0.025434027777777778,0.02464522227732919,0.007725694444444445,0.018967013888888887,0.011862224675986023,0.0006944444444444445,0.025151909722222223,0.018922679630334917,0.005881076388888889,0,0,0
float32-round-even,fx-cc-feverish,0.3,True,True,0.030684457465298465,0.03674045138888889,0.03632611610425008,0.032877604166666664,0.04858940972222222,0.03738653066258165,0.03166232638888889,0.028081597222222223,0.03032680394409522,0.014539930555555556,0,0,0
float32-round-even,fx-cc-feverish,0.9,False,False,15.586653446180563,6.622482638888889,6.625151014470143,6.622482638888889,18.372135416666666,18.357879937354006,18.372135416666666,14.50603298611111,14.401466546617728,14.390060763888888,0,0,0
float32-round-even,fx-cc-feverish,1.5,True,True,0.03207359809027821,0.04624565972222222,0.0439767649869262,0.04255642361111111,0.04578993055555555,0.03693925230391551,0.03090277777777778,0.030685763888888887,0.02828933318499988,0.012803819444444444,0,0,0
float32-round-even,fx-cc-feverish,2.1,True,True,0.02995513888889434,0.03166232638888889,0.03320919586265009,0.026627604166666666,0.048741319444444445,0.03903722705692688,0.03268229166666667,0.029752604166666665,0.027497430722980463,0.012738715277777778,0,0,0
float32-round-even,fx-ct-tension-zoom,0.3,True,True,0.048677986111115956,0.05377604166666667,0.05907117712505506,0.048046875,0.05796440972222222,0.056045153751520485,0.050629340277777775,0.03828125,0.04167439873067801,0.031206597222222222,0,0,0
float32-round-even,fx-ct-tension-zoom,0.9,True,True,0.03915380208331953,0.04555121527777778,0.05006147990715081,0.038346354166666666,0.04624565972222222,0.047192195417453724,0.04034288194444444,0.03474392361111111,0.040949421854037604,0.029752604166666665,0,0,0
float32-round-even,fx-ct-tension-zoom,1.5,True,True,0.03642245659723642,0.04108072916666667,0.046934394123364725,0.03665364583333333,0.04181857638888889,0.04216754269695546,0.03608940972222222,0.041905381944444445,0.047887439256944137,0.03904079861111111,0,0,0
float32-round-even,fx-ct-tension-zoom,2.1,True,True,0.051186614583315304,0.05757378472222222,0.057540508790677916,0.05080295138888889,0.056380208333333334,0.055858474135803346,0.05290798611111111,0.03752170138888889,0.040766677908654805,0.03526475694444445,0,0,0
float32-round-even,fx-ct-cut-shift,0.3,False,False,1.1049641579861031,0.7801649305555556,4.535307880097914,0.7797743055555556,1.1265407986111111,4.915180230894764,1.1233289930555554,1.8848958333333334,5.477834735936964,1.8805989583333333,0,0,0
float32-round-even,fx-ct-cut-shift,0.9,True,True,0.002695967881948036,0.05041232638888889,0.02912600130188869,6.510416666666667e-05,0.057183159722222224,0.02579635537363791,0.0028862847222222224,0.05381944444444445,0.02760802186067874,0.008940972222222222,0,0,0
float32-round-even,fx-ct-cut-shift,1.5,False,False,0.43123024739583116,0.8420355902777777,3.529710348888702,0.5216796875,0.9087022569444444,3.6621356011649726,0.44524739583333334,1.0732638888888888,4.018152408848807,0.026041666666666668,0,0,0
float32-round-even,fx-ct-cut-shift,2.1,True,True,0.03985736111110327,0.06994357638888889,0.07559006327853916,0.02866753472222222,0.07367621527777778,0.06905406789284847,0.04303385416666667,0.0830078125,0.08235503621964627,0.041341145833333336,0,0,0
float32-round-even,fx-cc-move-cloud,0.3,True,True,0.0686685503472404,0.08049045138888888,0.0805769859232516,0.08049045138888888,0.06460503472222222,0.06516862138554225,0.06460503472222222,0.07411024305555555,0.07303516544984974,0.07411024305555555,0,0,0
float32-round-even,fx-cc-move-cloud,0.9,True,True,0.0039233854166411675,0.04262152777777778,0.02783565948754295,0.019618055555555555,0.036219618055555555,0.016149218137212658,2.170138888888889e-05,0.021354166666666667,0.016663803632069953,0.0032118055555555554,0,0,0
float32-round-even,fx-cc-move-cloud,1.5,True,True,0.005862087673619953,0.043402777777777776,0.025172601166831045,0.015234375,0.03624131944444445,0.01644025834254229,0.0038628472222222224,0.022547743055555555,0.01765273179389083,0.0019314236111111112,0,0,0
float32-round-even,fx-cc-move-cloud,2.1,True,True,0.06507457031247554,0.06128472222222222,0.06085784609005788,0.06089409722222222,0.06640625,0.06522604102854579,0.06571180555555556,0.07146267361111111,0.06919728923062532,0.0710720486111111,0,0,0
float32-round-even,fx-ct-chaotic-heat,0.3,False,False,2.1199076692708445,14.555989583333334,21.53235765691055,10.469487847222222,18.2123046875,18.67537563380053,0.1560546875,10.068294270833333,10.496633393883627,0.07901475694444444,0,0,0
float32-round-even,fx-ct-chaotic-heat,0.9,True,True,0.4314644574652817,0.8213758680555555,1.1676302692264753,0.5985894097222222,1.0987196180555556,1.7357111068493616,0.4416015625,0.7092881944444445,0.7893775740244746,0.16106770833333334,0,0,0
float32-round-even,fx-ct-chaotic-heat,1.5,False,False,5.0364839626736,14.873502604166667,19.218285966574015,14.153363715277777,18.795052083333335,19.512272570763084,2.2765190972222222,8.157291666666667,11.32389121269023,5.530642361111111,0,0,0
float32-round-even,fx-ct-chaotic-heat,2.1,False,False,8.452124123263886,8.931792534722222,8.961539910920244,8.931792534722222,8.685568576388889,8.705169858186823,8.685568576388889,4.7272352430555555,4.727793375107753,4.7272352430555555,0,0,0
float32-round-even,fx-ct-magical-tome,0.3,True,True,0.025349049479160612,0.03676215277777778,0.036048831603829073,0.031901041666666664,0.034895833333333334,0.02910154413012672,0.02421875,0.020290798611111112,0.027859636401231437,0.017252604166666668,0,0,0
float32-round-even,fx-ct-magical-tome,0.9,True,True,0.03107263888887246,0.0423828125,0.043506095318027,0.038346354166666666,0.037434895833333336,0.03407613240368894,0.030577256944444443,0.020290798611111112,0.026593759380389253,0.014561631944444445,0,0,0
float32-round-even,fx-ct-magical-tome,1.5,True,True,0.025410794270840142,0.03576388888888889,0.03774085163340919,0.031727430555555554,0.03348524305555556,0.03125538566360033,0.024457465277777778,0.02185329861111111,0.02509038579442053,0.01625434027777778,0,0,0
float32-round-even,fx-ct-magical-tome,2.1,True,True,0.024434153645827905,0.036284722222222225,0.03679780400526533,0.030512152777777777,0.032877604166666664,0.029401991765795384,0.0236328125,0.017252604166666668,0.02670034339002796,0.01447482638888889,0,0,0
float32-round-even,fx-ct-grim-reaper,0.3,True,True,0.030251354166651367,0.027777777777777776,0.029400602777545443,0.02426215277777778,0.03806423611111111,0.034955208252179584,0.03198784722222222,0.03420138888888889,0.035707011033837534,0.030685763888888887,0,0,0
float32-round-even,fx-ct-grim-reaper,0.9,True,True,0.025812777777787232,0.023046875,0.02488767950061955,0.020182291666666668,0.03315972222222222,0.03130958173343181,0.028125,0.029427083333333333,0.029723468844044972,0.019487847222222222,0,0,0
float32-round-even,fx-ct-grim-reaper,1.5,True,True,0.02256540798610729,0.023849826388888887,0.0246445135729352,0.018424479166666667,0.028211805555555556,0.02797844574810654,0.02421875,0.026150173611111112,0.02888256008017879,0.01838107638888889,0,0,0
float32-round-even,fx-ct-grim-reaper,2.1,True,True,0.025018632812489727,0.021267361111111112,0.025025370093812737,0.02052951388888889,0.028819444444444446,0.030698934442188294,0.026041666666666668,0.02992621527777778,0.03664337730885978,0.028103298611111112,0,0,0
float32-round-even,fx-ct-phone-zoom,0.3,True,True,0.03172482638888141,0.03615451388888889,0.03593059706623464,0.03194444444444444,0.03400607638888889,0.03385081516782968,0.03244357638888889,0.026258680555555556,0.027959641878938662,0.023958333333333335,0,0,0
float32-round-even,fx-ct-phone-zoom,0.9,True,True,0.038601540798609335,0.0501953125,0.04883045633071865,0.04911024305555556,0.039952256944444445,0.03711959021536895,0.03665364583333333,0.03142361111111111,0.031770250139110306,0.026953125,0,0,0
float32-round-even,fx-ct-phone-zoom,1.5,True,True,0.05179859809028642,0.05657552083333333,0.06257917365575213,0.05206163194444444,0.058333333333333334,0.05675327366334539,0.05364583333333333,0.03728298611111111,0.04808885573149869,0.032725694444444446,0,0,0
float32-round-even,fx-ct-phone-zoom,2.1,True,True,0.03225488281249511,0.036393229166666666,0.03661232294428932,0.03309461805555555,0.03556857638888889,0.034886240547313645,0.03331163194444445,0.023220486111111112,0.02352653084132191,0.019314236111111112,0,0,0
float32-round-even,fx-cc-retro-flicker,0.3,True,True,0.97224924045139,1.1427951388888888,1.20628750776168,1.1427951388888888,0.946484375,1.0215428669631477,0.946484375,0.7252821180555555,0.8267753364197669,0.7252821180555555,0,0,0
float32-round-even,fx-cc-retro-flicker,0.9,True,True,0.13833267361111723,0.23951822916666668,0.4425470956953048,0.16182725694444444,0.2552734375,0.4290782179250654,0.13391927083333333,0.20049913194444444,0.4136613382639352,0.11286892361111112,0,0,0
float32-round-even,fx-cc-retro-flicker,1.5,True,True,0.07097720920138784,0.1974392361111111,0.3704054296414265,0.09622395833333333,0.16940104166666667,0.347511968356977,0.06354166666666666,0.19203559027777778,0.36229288928609155,0.07029079861111111,0,0,0
float32-round-even,fx-cc-retro-flicker,2.1,False,False,4.235277712673607,4.9369140625,4.981264543529902,4.9369140625,4.126388888888889,4.172738394408296,4.126388888888889,3.2478732638888888,3.2862190040207437,3.2478732638888888,0,0,0
float32-round-even,fx-cc-handheld,0.3,True,True,0.05391614149306179,0.05694444444444444,0.05920313124226629,0.05555555555555555,0.056380208333333334,0.05873262467322176,0.055859375,0.03682725694444444,0.03980280373700457,0.029839409722222224,0,0,0
float32-round-even,fx-cc-handheld,0.9,True,True,0.047577851562508044,0.0548828125,0.056806337170559995,0.05279947916666667,0.05080295138888889,0.05311659362442377,0.04763454861111111,0.040538194444444446,0.043747490975758516,0.031640625,0,0,0
float32-round-even,fx-cc-handheld,1.5,True,True,0.048097595486112255,0.052994791666666666,0.05509501009323502,0.051605902777777775,0.05553385416666667,0.05307990671370657,0.0486328125,0.03849826388888889,0.039139522215775255,0.03246527777777778,0,0,0
float32-round-even,fx-cc-handheld,2.1,True,True,0.050934835069440965,0.055121527777777776,0.0589433257738809,0.055121527777777776,0.054210069444444446,0.052703255487780216,0.051909722222222225,0.03611111111111111,0.03933981406911512,0.02894965277777778,0,0,0
float32-round-even,fx-cc-wiggle-flicker,0.3,False,False,22.865194184027757,23.318033854166668,24.107421897462952,23.318033854166668,22.7951171875,23.716320195165423,22.7951171875,22.22593315972222,23.366153759800202,22.22593315972222,0,0,0
float32-round-even,fx-cc-wiggle-flicker,0.9,False,False,14.86651125868056,15.255381944444444,15.962655969631513,15.255381944444444,14.869162326388889,15.689570880490441,14.869162326388889,13.695182291666667,14.699467123889203,13.695182291666667,0,0,0
float32-round-even,fx-cc-wiggle-flicker,1.5,True,True,0.03474713541667995,0.11278211805555556,0.5894897519278625,0.04307725694444445,0.0935329861111111,0.4164216420919082,0.03259548611111111,0.1099609375,0.6322977763634995,0.03153211805555556,0,0,0
float32-round-even,fx-cc-wiggle-flicker,2.1,False,False,0.9212678862847241,1.6264105902777777,3.456548050653031,0.7222873263888889,1.5904730902777777,3.693104686493349,0.9550564236111111,1.641232638888889,3.9664044673167465,1.172482638888889,0,0,0
float32-round-even,fx-cc-hex-split,0.3,True,True,0.09128644097222605,0.1635199652777778,0.6191079682383394,0.0832248263888889,0.13608940972222222,0.5423687677434378,0.0949435763888889,0.11174045138888888,0.4753925592791719,0.07879774305555555,0,0,0
float32-round-even,fx-cc-hex-split,0.9,True,True,0.16038937500002248,0.19685329861111112,0.7487358623460463,0.16299913194444443,0.17842881944444444,0.6758639541393934,0.16106770833333334,0.18782552083333334,0.6110783736857649,0.14598524305555555,0,0,0
float32-round-even,fx-cc-hex-split,1.5,True,True,0.19119947482637656,0.2296657986111111,0.8741408223329247,0.21126302083333334,0.21532118055555555,0.7690248441421034,0.1896267361111111,0.17960069444444443,0.6644008692722112,0.14769965277777777,0,0,0
float32-round-even,fx-cc-hex-split,2.1,True,True,0.33023331163195735,0.3658420138888889,0.789269296955795,0.3592447916666667,0.33177083333333335,0.7094166100529393,0.3267361111111111,0.2868706597222222,0.5921022092595486,0.27944878472222223,0,0,0
float32-round-even,fx-cc-heart-ascent,0.3,True,True,0.18247881510416164,0.4935980902777778,0.8120281614341476,0.4925564236111111,0.1695529513888889,0.33996252273718786,0.07940538194444445,0.36015625,0.4687438637025898,0.2904513888888889,0,0,0
float32-round-even,fx-cc-heart-ascent,0.9,True,True,0.04409161892361624,0.09984809027777777,1.0643791173941834,0.06430121527777778,0.09203559027777777,0.42187721844046033,0.0392578125,0.06254340277777778,0.6150770677491099,0.03246527777777778,0,0,0
float32-round-even,fx-cc-heart-ascent,1.5,True,True,0.11448981770836042,0.1496310763888889,1.1596869929634865,0.12914496527777777,0.13276909722222222,0.4558451411826868,0.11193576388888889,0.12115885416666666,0.704284650603056,0.09663628472222222,0,0,0
float32-round-even,fx-cc-heart-ascent,2.1,True,True,0.06541752170137727,0.19327256944444443,1.3377305698641886,0.16106770833333334,0.10501302083333333,0.5617677156601538,0.03331163194444445,0.14989149305555555,0.8070309494552176,0.10180121527777777,0,0,0
float32-round-even,fx-cc-butterfly,0.3,True,True,0.012810238715289302,0.04157986111111111,0.03841153070757245,0.017491319444444445,0.043684895833333334,0.02484206158452133,0.011176215277777778,0.04338107638888889,0.031713901101626106,0.01521267361111111,0,0,0
float32-round-even,fx-cc-butterfly,0.9,True,True,0.018567999131960278,0.045572916666666664,0.037384806000104645,0.022569444444444444,0.04548611111111111,0.033494267644517114,0.01723090277777778,0.043684895833333334,0.04263324012069931,0.020030381944444446,0,0,0
float32-round-even,fx-cc-butterfly,1.5,True,True,0.019154344618073083,0.05455729166666667,0.05128895692646501,0.027387152777777778,0.04392361111111111,0.031210717189156863,0.016189236111111113,0.05049913194444444,0.04802721747305674,0.024283854166666667,0,0,0
float32-round-even,fx-cc-butterfly,2.1,True,True,0.012302391493051346,0.045638020833333334,0.05119514624133585,0.024500868055555555,0.041449652777777776,0.02727700692634292,0.008463541666666666,0.04405381944444445,0.04622017339822433,0.014409722222222223,0,0,0
float32-round-even,fx-cc-butterfly-dream,0.3,True,True,0.029531809895829042,0.03962673611111111,0.03800169374678756,0.03376736111111111,0.04090711805555555,0.035174574358070865,0.028754340277777776,0.043684895833333334,0.03929804142960028,0.02476128472222222,0,0,0
float32-round-even,fx-cc-butterfly-dream,0.9,True,True,0.025288081597224732,0.049327256944444446,0.04864116684419467,0.039952256944444445,0.03739149305555556,0.032096265753905596,0.021766493055555555,0.03617621527777778,0.03360323514457183,0.0169921875,0,0,0
float32-round-even,fx-cc-butterfly-dream,1.5,True,True,0.02917679253471306,0.04921875,0.04796957902384146,0.03958333333333333,0.03819444444444445,0.03482098478657929,0.02638888888888889,0.043511284722222224,0.040946659965064976,0.026150173611111112,0,0,0
float32-round-even,fx-cc-butterfly-dream,2.1,True,True,0.026690108506940646,0.040928819444444445,0.04004617039308703,0.028038194444444445,0.0396484375,0.038409025654288005,0.02697482638888889,0.0337890625,0.03536230339777284,0.01990017361111111,0,0,0
float32-round-even,fx-cc-leak-warm,0.3,True,True,0.048927999131962,0.06330295138888889,0.06143735332205627,0.05779079861111111,0.05438368055555556,0.05022022676623187,0.048914930555555555,0.03802083333333333,0.03636452485984687,0.022960069444444446,0,0,0
float32-round-even,fx-cc-leak-warm,0.9,True,True,0.04743376302084812,0.06551649305555556,0.06246544325653533,0.0583984375,0.0533203125,0.05102253801033217,0.04663628472222222,0.03637152777777778,0.04326173727867827,0.023046875,0,0,0
float32-round-even,fx-cc-leak-warm,1.5,True,True,0.05686151475697443,0.07821180555555556,0.07323966685388791,0.07287326388888889,0.05863715277777778,0.055949217418095505,0.05447048611111111,0.0431640625,0.043619562081007326,0.0333984375,0,0,0
float32-round-even,fx-cc-leak-warm,2.1,True,True,0.054063042534693295,0.06688368055555556,0.06646737243393859,0.06219618055555556,0.057074652777777776,0.054268663091858176,0.054774305555555555,0.03812934027777778,0.03732923598233882,0.02306857638888889,0,0,0
float32-round-even,fx-cc-leak-neon,0.3,True,True,0.004273962673607912,0.041731770833333334,0.023164087208986918,0.004969618055555555,0.03478732638888889,0.018909442445973024,0.0042751736111111115,0.029383680555555555,0.021178602767698985,0.0022135416666666666,0,0,0
float32-round-even,fx-cc-leak-neon,0.9,True,True,0.023551766493042692,0.04446614583333333,0.04124596287734158,0.0298828125,0.04533420138888889,0.032424018042531824,0.02150607638888889,0.041840277777777775,0.03822189174946082,0.025173611111111112,0,0,0
float32-round-even,fx-cc-leak-neon,1.5,True,True,0.036705659722215955,0.047309027777777776,0.049319342440972705,0.04027777777777778,0.04806857638888889,0.04208368824142009,0.03608940972222222,0.03888888888888889,0.036231024885883915,0.03229166666666667,0,0,0
float32-round-even,fx-cc-leak-neon,2.1,True,True,0.018744674479165724,0.04435763888888889,0.04173267036067533,0.019791666666666666,0.04201388888888889,0.03416644409772633,0.018229166666666668,0.03630642361111111,0.03759150288993272,0.020768229166666666,0,0,0
float32-round-even,fx-cc-falling-petals,0.3,True,True,0.012523845486100527,0.052256944444444446,0.04196027640214401,0.012022569444444445,0.04513888888888889,0.026994343850591164,0.0125,0.042881944444444445,0.03150806258591014,0.01423611111111111,0,0,0
float32-round-even,fx-cc-falling-petals,0.9,True,True,0.00016385850696565285,0.04884982638888889,0.027781740032625735,0.0057074652777777775,0.04286024305555555,0.030372442375124455,0.0011501736111111111,0.03849826388888889,0.028388303554522813,0.007682291666666666,0,0,0
float32-round-even,fx-cc-falling-petals,1.5,True,True,0.009965807291663964,0.05716145833333333,0.039014859715093185,0.008854166666666666,0.0515625,0.022366527721258998,0.009895833333333333,0.04396701388888889,0.031618560452184856,0.013932291666666667,0,0,0
float32-round-even,fx-cc-falling-petals,2.1,True,True,0.004086471354156629,0.0603515625,0.042761376760403265,0.002322048611111111,0.04685329861111111,0.02161183626273923,0.0034505208333333332,0.04292534722222222,0.03016731585614936,0.015581597222222222,0,0,0
float32-round-even,fx-cc-smoky-focus,0.3,True,True,0.018804882812489154,0.03888888888888889,0.03181119101576965,0.014322916666666666,0.03845486111111111,0.03307358145418141,0.019965277777777776,0.03582899305555556,0.03685817866195803,0.0205078125,0,0,0
float32-round-even,fx-cc-smoky-focus,0.9,True,True,0.021307026909710203,0.0408203125,0.03305920611690664,0.02111545138888889,0.04396701388888889,0.037971525197075945,0.021744791666666666,0.03515625,0.03395276010591318,0.017534722222222222,0,0,0
float32-round-even,fx-cc-smoky-focus,1.5,True,True,0.02174670138889212,0.03634982638888889,0.029754685188320282,0.01482204861111111,0.04294704861111111,0.03757972159033982,0.024153645833333334,0.02866753472222222,0.033385226478008595,0.018294270833333334,0,0,0
float32-round-even,fx-cc-smoky-focus,2.1,True,True,0.02164416232641031,0.039322916666666666,0.035969578619927486,0.025607638888888888,0.04309895833333333,0.03541116724466383,0.02113715277777778,0.028233506944444445,0.03381576048799057,0.014995659722222223,0,0,0
float32-round-even,fx-cc-vintage-film,0.3,False,False,4.725020733506938,5.404904513888889,5.383552926926587,5.403862847222222,4.6507378472222225,4.621909891624016,4.6500434027777775,3.4688151041666666,3.454059156818846,3.4688151041666666,0,0,0
float32-round-even,fx-cc-vintage-film,0.9,False,False,6.008501710069453,6.899392361111111,6.889780285981451,6.898350694444445,5.909006076388889,5.892819257061205,5.907964409722222,4.384157986111111,4.371289322503448,4.384157986111111,0,0,0
float32-round-even,fx-cc-vintage-film,1.5,False,False,5.511069991319431,6.345138888888889,6.357006920831615,6.320486111111111,5.444401041666667,5.463047161197487,5.419401041666666,4.060373263888889,4.087995271114537,4.035720486111111,0,0,0
float32-round-even,fx-cc-vintage-film,2.1,True,True,0.05799651909723025,0.15481770833333333,0.3091952078274828,0.06384548611111111,0.12845052083333333,0.27890101583664645,0.0576171875,0.10164930555555556,0.28718725753947716,0.04453125,0,0,0
float32-round-even,fx-cc-stellar,0.3,True,True,0.020559804687508176,0.07673611111111112,0.055818013021984136,0.042708333333333334,0.048828125,0.02533244227013487,0.01662326388888889,0.040473090277777776,0.02531289220046121,0.0056640625,0,0,0
float32-round-even,fx-cc-stellar,0.9,True,True,0.0263905425347275,0.07235243055555556,0.05731919280812337,0.04327256944444444,0.056640625,0.030357694077291827,0.024739583333333332,0.03778211805555556,0.030410029707240004,0.006966145833333334,0,0,0
float32-round-even,fx-cc-stellar,1.5,True,True,0.02433698350694158,0.06903211805555555,0.061535803367003664,0.041341145833333336,0.06076388888888889,0.02934091219209981,0.021875,0.04140625,0.030686713629578092,0.001345486111111111,0,0,0
float32-round-even,fx-cc-stellar,2.1,True,True,0.024921206597241508,0.08075086805555555,0.06352708111739769,0.0525390625,0.0568359375,0.027080352105823147,0.019466145833333334,0.04372829861111111,0.028679377618905752,0.0023654513888888887,0,0,0
float32-round-even,fx-cc-ink-spill,0.3,True,True,0.0021902430555513774,0.048567708333333334,0.023332068677265127,0.01154513888888889,0.03576388888888889,0.015072428944143321,0.0016927083333333334,0.043359375,0.024096693427513437,0.01310763888888889,0,0,0
float32-round-even,fx-cc-ink-spill,0.9,True,True,0.004903936631944106,0.008680555555555556,0.009298088294130907,0.006510416666666667,0.007790798611111111,0.00809826798808054,0.0042751736111111115,0.008138020833333334,0.00886522555581243,0.006401909722222222,0,0,0
float32-round-even,fx-cc-ink-spill,1.5,True,True,0.02216957465277858,0.0166015625,0.01949082228730466,0.0162109375,0.0248046875,0.02488523659313936,0.024283854166666667,0.019466145833333334,0.021172079842560847,0.018771701388888888,0,0,0
float32-round-even,fx-cc-ink-spill,2.1,True,True,0.04313611111109594,0.06141493055555555,0.05550519926488619,0.04765625,0.05546875,0.04471988328280966,0.04140625,0.06072048611111111,0.055263003274683024,0.046961805555555555,0,0,0
float32-round-even,fx-cc-exploding-love,0.3,False,False,0.23001701822917653,1.261545138888889,6.289120251723315,1.2473090277777779,1.3180989583333333,2.9073667466626967,0.7037326388888889,1.292599826388889,2.771389409447494,0.11239149305555556,0,0,0
float32-round-even,fx-cc-exploding-love,0.9,False,False,0.08277552517363063,1.0291666666666666,2.1661884921621346,0.8868923611111111,0.569140625,1.1751917607913969,0.15316840277777777,0.7460720486111111,1.1131085696624115,0.052191840277777776,0,0,0
float32-round-even,fx-cc-exploding-love,1.5,True,True,0.008751037326376832,0.06065538194444445,0.09676843103785697,0.021245659722222223,0.04806857638888889,0.0639723759348793,0.0040581597222222225,0.04826388888888889,0.06637803273491133,0.018446180555555556,0,0,0
float32-round-even,fx-cc-exploding-love,2.1,False,False,0.36758159722224093,1.3289930555555556,4.766190153677033,1.0977430555555556,0.8358289930555556,2.6836921616426777,0.8073567708333333,1.420095486111111,2.571887400090905,0.3260416666666667,0,0,0
float32-round-even,fx-cc-damaged-vignette,0.3,True,True,0.023765347222223454,0.03240017361111111,0.023144168396221045,0.0004991319444444444,0.05041232638888889,0.03725464815742926,0.03400607638888889,0.02328559027777778,0.019916915980440264,0.0062282986111111115,0,0,0
float32-round-even,fx-cc-damaged-vignette,0.9,True,True,0.020951931423624615,0.033116319444444445,0.024707253187393252,0.008637152777777778,0.0484375,0.037215264484812695,0.027387152777777778,0.020030381944444446,0.020215075078400837,0.006532118055555556,0,0,0
float32-round-even,fx-cc-damaged-vignette,1.5,True,True,0.021703151041663205,0.032421875,0.02567692794504299,0.0006510416666666666,0.05095486111111111,0.038720536640655105,0.030598958333333332,0.02265625,0.020332482187639965,0.004427083333333333,0,0,0
float32-round-even,fx-cc-damaged-vignette,2.1,True,True,0.01876064670139499,0.029752604166666665,0.02170436537945839,0.0028862847222222224,0.04197048611111111,0.03284856810646493,0.025824652777777776,0.017144097222222224,0.01858044856811787,0.004470486111111111,0,0,0
float32-round-even,fx-cc-firefly,0.3,True,True,0.0871538715277893,0.2996961805555556,1.7420894687281276,0.12508680555555557,0.2580512152777778,1.539787743568984,0.08357204861111112,0.11371527777777778,0.7721697633162088,0.0109375,0,0,0
float32-round-even,fx-cc-firefly,0.9,False,False,0.33084243923610757,0.5458550347222222,5.2134160149522355,0.4010199652777778,0.5813802083333334,4.526889247067,0.33125,0.4264105902777778,2.243437586598248,0.12016059027777778,0,0,0
float32-round-even,fx-cc-firefly,1.5,False,False,0.36397722656248277,0.5216362847222222,4.849580851856981,0.41555989583333336,0.5328776041666666,4.269546067862331,0.3728081597222222,0.3351996527777778,2.150808216782489,0.124609375,0,0,0
float32-round-even,fx-cc-firefly,2.1,False,False,0.6045476605902991,0.7896267361111111,3.7952314005048335,0.720703125,0.6784071180555555,3.400523186387996,0.5973307291666666,0.3371310763888889,1.7212181999720775,0.3340060763888889,0,0,0
float32-round-even,fx-cc-misty-tint,0.3,True,True,0.04533897569444889,0.054210069444444446,0.054141548152086945,0.04921875,0.04978298611111111,0.04738332257292404,0.045572916666666664,0.04635416666666667,0.043971232924485126,0.03159722222222222,0,0,0
float32-round-even,fx-cc-misty-tint,0.9,True,True,0.04406198350694979,0.04819878472222222,0.04711274523902717,0.04073350694444444,0.05301649305555556,0.04718396981757132,0.04641927083333333,0.04236111111111111,0.039280421236955104,0.030512152777777777,0,0,0
float32-round-even,fx-cc-misty-tint,1.5,True,True,0.04896450954859688,0.050303819444444446,0.05102584493651385,0.04631076388888889,0.05627170138888889,0.05232322453538424,0.05075954861111111,0.04950086805555556,0.04364538000508786,0.03899739583333333,0,0,0
float32-round-even,fx-cc-misty-tint,2.1,True,True,0.050265047743039304,0.05329861111111111,0.0501058117759472,0.04631076388888889,0.058203125,0.05196219269488385,0.053515625,0.04537760416666667,0.038303395149459685,0.029709201388888887,0,0,0
float32-round-even,fx-cc-sepia-cool,0.3,True,True,0.027775655381944375,0.10416666666666667,0.18246001937616216,0.01870659722222222,0.11126302083333334,0.16380495113224708,0.029969618055555557,0.09715711805555556,0.18206552101058238,0.03274739583333333,0,0,0
float32-round-even,fx-cc-sepia-cool,0.9,True,True,0.04236361545137868,0.07808159722222222,0.17218498018635026,0.028038194444444445,0.09171006944444444,0.150858401461056,0.046961805555555555,0.09233940972222222,0.17070100761450382,0.03899739583333333,0,0,0
float32-round-even,fx-cc-sepia-cool,1.5,True,True,0.013404852430539904,0.10590277777777778,0.17385531020368789,0.024088541666666668,0.08177083333333333,0.1461737936061755,0.011328125,0.07330729166666666,0.1649345816599699,0.0025173611111111113,0,0,0
float32-round-even,fx-cc-sepia-cool,2.1,True,True,0.016878398437498277,0.10088975694444445,0.1760090359098978,0.030490451388888888,0.07393663194444444,0.14131036805249214,0.012651909722222222,0.05334201388888889,0.1654844591138125,0.018663194444444444,0,0,0
float32-round-even,fx-cc-snow-night,0.3,True,True,0.02913735243056692,0.12356770833333333,0.08083268748882147,0.078125,0.054036458333333336,0.02627964437148555,0.015277777777777777,0.07426215277777778,0.042797526167416236,0.022178819444444445,0,0,0
float32-round-even,fx-cc-snow-night,0.9,True,True,0.030332777777772435,0.10690104166666667,0.07399239313278828,0.06888020833333333,0.05724826388888889,0.030764755354835176,0.019574652777777778,0.07048611111111111,0.0412679413369431,0.023394097222222222,0,0,0
float32-round-even,fx-cc-snow-night,1.5,True,True,0.02915625434027902,0.11189236111111112,0.07475397046401151,0.07252604166666667,0.05416666666666667,0.024742679871172454,0.01740451388888889,0.07215711805555555,0.03869439632516837,0.017860243055555555,0,0,0
float32-round-even,fx-cc-snow-night,2.1,True,True,0.032483185763908295,0.11970486111111112,0.07900646359692448,0.07756076388888888,0.049305555555555554,0.028914060202446596,0.02035590277777778,0.07560763888888888,0.0390256551771125,0.01987847222222222,0,0,0
float32-round-even,fx-cc-rain,0.3,True,True,0.03310639756942635,0.06948784722222222,0.04892261119971383,0.028776041666666665,0.057530381944444445,0.0410295230378364,0.03344184027777778,0.07708333333333334,0.059559509854037,0.042534722222222224,0,0,0
float32-round-even,fx-cc-rain,0.9,True,True,0.03332284722222312,0.07289496527777778,0.049678188738816575,0.030967881944444445,0.05158420138888889,0.038363609456749916,0.03396267361111111,0.07762586805555556,0.05261329971034146,0.033919270833333334,0,0,0
float32-round-even,fx-cc-rain,1.5,True,True,0.030729340277773076,0.07109375,0.047101618550068725,0.029947916666666668,0.05056423611111111,0.037658306979087106,0.031163194444444445,0.07170138888888888,0.04766816866515477,0.028732638888888887,0,0,0
float32-round-even,fx-cc-rain,2.1,True,True,0.03531567274306724,0.06189236111111111,0.04093563295809052,0.024739583333333332,0.057139756944444446,0.044793306535352885,0.038346354166666666,0.07250434027777777,0.048503122922563265,0.03643663194444444,0,0,0
float32-round-even,fx-cc-rose-bloom,0.3,True,True,0.409996076388893,0.5547743055555555,1.2123822714424246,0.5326822916666667,0.40965711805555555,0.886103229959952,0.3768446180555556,0.3793402777777778,0.629503994283753,0.37712673611111114,0,0,0
float32-round-even,fx-cc-rose-bloom,0.9,True,True,0.2002413802083396,0.4066623263888889,0.9387475534937099,0.07289496527777778,0.35987413194444445,0.7986889088420409,0.24203559027777777,0.28305121527777777,0.5395358727958597,0.16121961805555557,0,0,0
float32-round-even,fx-cc-rose-bloom,1.5,True,True,0.20585078993055106,0.5611545138888889,1.5014518354065678,0.5580295138888889,0.2215060763888889,0.5245637380167026,0.10319010416666667,0.22209201388888888,0.37038021578529456,0.1857638888888889,0,0,0
float32-round-even,fx-cc-rose-bloom,2.1,False,False,0.0513344444444499,0.20670572916666666,2.151166980573,0.07367621527777778,0.2330295138888889,0.6639462660369239,0.08411458333333334,0.2673828125,0.6365775842184036,0.0947265625,0,0,0
float32-round-even,fx-cc-sparkle-shine,0.3,True,True,0.001375585937495316,0.048285590277777776,0.026922479894963845,6.510416666666667e-05,0.04318576388888889,0.01770667213033675,0.002126736111111111,0.03832465277777778,0.02146844550953122,0.0018229166666666667,0,0,0
float32-round-even,fx-cc-sparkle-shine,0.9,True,True,0.004624001736104333,0.05067274305555555,0.026468204177217885,0.009613715277777778,0.045073784722222225,0.01996434523087192,0.003754340277777778,0.03982204861111111,0.02212823300494672,0.0014539930555555556,0,0,0
float32-round-even,fx-cc-sparkle-shine,1.5,True,True,0.0032769140625106274,0.050629340277777775,0.028740310306259502,0.0041015625,0.050130208333333336,0.018703248796738688,0.002560763888888889,0.0375,0.025578541163975885,0.007942708333333333,0,0,0
float32-round-even,fx-cc-sparkle-shine,2.1,True,True,0.002456519097208343,0.05653211805555555,0.03114446537991074,0.005533854166666667,0.04236111111111111,0.017221970654705716,0.002777777777777778,0.03878038194444444,0.027415573972223647,0.009787326388888889,0,0,0
float32-round-even,fx-cc-pixel-blocks,0.3,True,True,0.017269049479168075,0.04171006944444444,0.06569969562296303,0.02868923611111111,0.049544270833333334,0.055339673348529586,0.0138671875,0.042252604166666666,0.053732320576878614,0.017339409722222223,0,0,0
float32-round-even,fx-cc-pixel-blocks,0.9,True,True,0.012086019965281025,0.05047743055555556,0.048557193703877795,0.014930555555555556,0.03608940972222222,0.037223676853509205,0.011349826388888888,0.02458767361111111,0.03578851216532841,0.011002604166666667,0,0,0
float32-round-even,fx-cc-pixel-blocks,1.5,True,True,0.01979211805557668,0.052191840277777776,0.07273873245601872,0.010264756944444444,0.05692274305555556,0.06507023326768177,0.023025173611111113,0.04186197916666667,0.05806180180765575,0.0158203125,0,0,0
float32-round-even,fx-cc-pixel-blocks,2.1,True,True,0.022782643229149357,0.054839409722222225,0.06932053201961816,0.037434895833333336,0.03756510416666667,0.04691837579986052,0.020030381944444446,0.032421875,0.0455477417570548,0.0069010416666666664,0,0,0
float32-round-even,fx-cc-pixel-mutant,0.3,True,True,0.07787050347221225,0.062109375,0.07021276748647917,0.04197048611111111,0.09487847222222222,0.09461805159821408,0.092578125,0.04275173611111111,0.05035327392972823,0.037890625,0,0,0
float32-round-even,fx-cc-pixel-mutant,0.9,False,False,0.02211795138887851,0.5165581597222222,2.352281939002939,0.033919270833333334,0.42039930555555555,2.4113158732108007,0.03463541666666667,0.4361762152777778,2.4539244031381946,0.06312934027777778,0,0,0
float32-round-even,fx-cc-pixel-mutant,1.5,True,True,0.04664876302082632,0.07263454861111111,0.10097992174840724,0.04919704861111111,0.08719618055555556,0.09881281983433171,0.04813368055555556,0.06236979166666667,0.08942969380592847,0.02443576388888889,0,0,0
float32-round-even,fx-cc-pixel-mutant,2.1,True,True,0.07809937500000785,0.0769314236111111,0.0803893335352801,0.07588975694444444,0.08483072916666666,0.08324531471901565,0.08274739583333333,0.05002170138888889,0.05656364378584477,0.038563368055555554,0,0,0
float32-round-even,fx-cc-pixel-universe,0.3,True,True,0.009884878472220748,0.02345920138888889,0.02736571811566711,0.013953993055555556,0.023328993055555556,0.020162533255558956,0.008658854166666667,0.017990451388888887,0.0220107049514762,0.010047743055555556,0,0,0
float32-round-even,fx-cc-pixel-universe,0.9,True,True,0.02400880642360903,0.030186631944444445,0.031051566212046976,0.028450520833333333,0.030338541666666666,0.029221408915483534,0.02426215277777778,0.020008680555555554,0.024311161706063532,0.008420138888888888,0,0,0
float32-round-even,fx-cc-pixel-universe,1.5,True,True,0.01319408854167392,0.03734809027777778,0.038527092245528846,0.031141493055555556,0.0203125,0.021026579279991967,0.008680555555555556,0.0169921875,0.018578506549100694,0.005056423611111111,0,0,0
float32-round-even,fx-cc-pixel-universe,2.1,True,True,0.020395247395825322,0.042491319444444446,0.04168695043036265,0.02717013888888889,0.03159722222222222,0.02716502663669935,0.020008680555555554,0.019986979166666665,0.02367987246531788,0.0042751736111111115,0,0,0
float32-round-even,fx-pb-pixel-scan,0.3,True,True,0.010890225694438982,0.0412109375,0.020870017605390433,0.010828993055555555,0.03337673611111111,0.017331121827273525,0.011501736111111112,0.030533854166666666,0.0192970374911958,0.005013020833333334,0,0,0
float32-round-even,fx-pb-pixel-scan,0.9,True,True,0.011630316840296473,0.026302083333333334,0.029863916203078458,0.016145833333333335,0.031184895833333334,0.024599531383165424,0.010828993055555555,0.02914496527777778,0.02421481541710834,0.006271701388888889,0,0,0
float32-round-even,fx-pb-pixel-scan,1.5,True,True,0.0019220052083426253,0.035243055555555555,0.02758031987929505,0.004166666666666667,0.0365234375,0.025573256757246553,0.001540798611111111,0.021875,0.02163510197910423,0.0009114583333333333,0,0,0
float32-round-even,fx-pb-pixel-scan,2.1,True,True,0.009702421874990819,0.037651909722222224,0.021646102091843433,0.0059244791666666664,0.037109375,0.02050751838777587,0.010720486111111111,0.02771267361111111,0.020401797980574676,0.0107421875,0,0,0
float32-round-even,fx-pb-flip-phone,0.3,True,True,0.030760221354171335,0.04114583333333333,0.04245233547592755,0.040364583333333336,0.03198784722222222,0.0313202752042124,0.028559027777777777,0.0294921875,0.027740418553186093,0.024283854166666667,0,0,0
float32-round-even,fx-pb-flip-phone,0.9,True,True,0.0313062977430576,0.03637152777777778,0.035254252382433404,0.03459201388888889,0.031901041666666664,0.031801225096287515,0.029991319444444445,0.0357421875,0.038116658680601205,0.034657118055555554,0,0,0
float32-round-even,fx-pb-flip-phone,1.5,True,True,0.03189443142360915,0.04791666666666667,0.04660250472284254,0.04618055555555556,0.030707465277777776,0.030361754744754166,0.0279296875,0.03135850694444445,0.03338581437112368,0.0291015625,0,0,0
float32-round-even,fx-pb-flip-phone,2.1,True,True,0.03254200086803394,0.04555121527777778,0.04618701891692208,0.04555121527777778,0.03146701388888889,0.029624915378879783,0.029383680555555555,0.029991319444444445,0.031310861496310544,0.025520833333333333,0,0,0
float32-round-even,fx-pb-pixel-breakdown,0.3,True,True,0.0029059722222370965,0.032486979166666666,0.026414684683791493,0.003927951388888889,0.03350694444444444,0.022973035939495408,0.005381944444444444,0.0263671875,0.02084242029830158,0.0014973958333333334,0,0,0
float32-round-even,fx-pb-pixel-breakdown,0.9,True,True,0.030878437500007294,0.09075520833333334,0.21421536070723132,0.010503472222222223,0.0775390625,0.22324635507024268,0.0349609375,0.06397569444444444,0.2250082460105177,0.05043402777777778,0,0,0
float32-round-even,fx-pb-pixel-breakdown,1.5,True,True,0.01704242187499716,0.016297743055555557,0.018929042268616594,0.015603298611111111,0.019748263888888888,0.020953319149186807,0.017795138888888888,0.015559895833333334,0.018658345519983334,0.013823784722222222,0,0,0
float32-round-even,fx-pb-pixel-breakdown,2.1,True,True,0.017057612847210635,0.015082465277777778,0.018669760648449055,0.013693576388888889,0.020377604166666667,0.022492247718412746,0.018988715277777776,0.01056857638888889,0.01390055745159042,0.007834201388888889,0,0,0
float32-round-even,fx-pb-sweet-party,0.3,False,False,0.19874256944444824,0.7496961805555555,2.92658867124062,0.3708767361111111,0.47703993055555555,1.7954081789075838,0.14891493055555555,0.3932291666666667,1.5719003741004889,0.18546006944444443,0,0,0
float32-round-even,fx-pb-sweet-party,0.9,False,False,0.04212417534721169,0.33444010416666664,3.657687312061455,0.10596788194444444,0.23079427083333334,1.969952851336739,0.09164496527777778,0.17493489583333333,2.4998799532662934,0.012348090277777777,0,0,0
float32-round-even,fx-pb-sweet-party,1.5,False,False,0.01279759114584067,0.25308159722222223,4.018115928473888,0.04848090277777778,0.2542534722222222,2.333583509326077,0.018663194444444444,0.2748480902777778,2.729745639149578,0.1351345486111111,0,0,0
float32-round-even,fx-pb-sweet-party,2.1,False,False,0.40246397569444525,1.0161675347222223,3.733677901786812,0.5488064236111111,0.8083550347222223,2.0350602373839815,0.3468967013888889,0.8412543402777778,2.4013252378184347,0.5219835069444444,0,0,0
float32-round-even,fx-pb-misty-tint,0.3,True,True,0.028122087673608576,0.04203559027777778,0.04135498919546788,0.028276909722222222,0.04181857638888889,0.03924056352856802,0.028233506944444445,0.03815104166666667,0.04022281857235541,0.0265625,0,0,0
float32-round-even,fx-pb-misty-tint,0.9,True,True,0.02791016493054599,0.03940972222222222,0.036344075088781756,0.025694444444444443,0.045008680555555555,0.038011678395431285,0.028428819444444444,0.03832465277777778,0.04039737932946163,0.029296875,0,0,0
float32-round-even,fx-pb-misty-tint,1.5,True,True,0.027596341145837755,0.04186197916666667,0.04160335706056699,0.027278645833333334,0.04561631944444444,0.039981582563969595,0.028255208333333334,0.03845486111111111,0.03617077763572726,0.022005208333333335,0,0,0
float32-round-even,fx-pb-misty-tint,2.1,True,True,0.028478650173624942,0.04411892361111111,0.04380879167287684,0.028971354166666668,0.04388020833333333,0.04030632487460368,0.028385416666666666,0.04479166666666667,0.04022705017816969,0.02795138888888889,0,0,0
float32-round-even,fx-pb-bead-art,0.3,True,True,0.01903037760419579,0.029405381944444444,0.04894542639688299,0.0138671875,0.028428819444444444,0.058007490362551234,0.019791666666666666,0.03211805555555555,0.06517734343940383,0.026692708333333332,0,0,0
float32-round-even,fx-pb-bead-art,0.9,True,True,0.004061111111127502,0.04140625,0.08485712591297542,0.013802083333333333,0.04309895833333333,0.08251675482238241,0.009982638888888888,0.02113715277777778,0.03972281543409532,0.0019965277777777776,0,0,0
float32-round-even,fx-pb-bead-art,1.5,True,True,0.009430802951413852,0.030164930555555556,0.07446204313090607,0.021267361111111112,0.04090711805555555,0.05705959798192379,0.0059244791666666664,0.03062065972222222,0.04613642689987062,0.009309895833333333,0,0,0
float32-round-even,fx-pb-bead-art,2.1,True,True,0.015550924479185824,0.03828125,0.06147100947884732,0.00047743055555555554,0.04418402777777778,0.060659471056812214,0.022395833333333334,0.05792100694444444,0.07627201159214976,0.005056423611111111,0,0,0
float32-round-even,fx-pb-pixel-rain,0.3,True,True,0.0325756076389041,0.06236979166666667,0.05190605287901821,0.03658854166666667,0.05625,0.04475558792680634,0.03224826388888889,0.04778645833333333,0.043031682470683175,0.024001736111111113,0,0,0
float32-round-even,fx-pb-pixel-rain,0.9,True,True,0.028580720486104383,0.05232204861111111,0.05321106880008267,0.0361328125,0.056315104166666664,0.04115979063902319,0.02736545138888889,0.0498046875,0.04280667595044279,0.01838107638888889,0,0,0
float32-round-even,fx-pb-pixel-rain,1.5,True,True,0.031309500868047735,0.06026475694444444,0.049547773120518765,0.03630642361111111,0.057465277777777775,0.04308558323794334,0.030815972222222224,0.05099826388888889,0.04261528157373644,0.021484375,0,0,0
float32-round-even,fx-pb-pixel-rain,2.1,True,True,0.05642768663194886,0.06603732638888889,0.06312799917821352,0.05162760416666667,0.07176649305555556,0.06478719544274789,0.05887586805555556,0.0685763888888889,0.06288018102377889,0.04631076388888889,0,0,0
float32-round-even,fx-st-polaroid,0.3,True,True,0.03892119357639956,0.04108072916666667,0.04289299532185959,0.040299479166666666,0.041493055555555554,0.03984347268803453,0.04045138888888889,0.023350694444444445,0.027000343290621034,0.01970486111111111,0,0,0
float32-round-even,fx-st-polaroid,0.9,True,True,0.049033650173598176,0.0564453125,0.05559137404224754,0.05505642361111111,0.05008680555555556,0.04894754402409541,0.048350694444444446,0.03958333333333333,0.0407812097725227,0.03806423611111111,0,0,0
float32-round-even,fx-st-polaroid,1.5,True,True,0.05021813368055916,0.06382378472222222,0.06312097464530679,0.06208767361111111,0.051671006944444445,0.049241949778045524,0.04767795138888889,0.04255642361111111,0.04440997995179264,0.0404296875,0,0,0
float32-round-even,fx-st-polaroid,2.1,True,True,0.05116608506942555,0.059092881944444446,0.05894608634804006,0.0583984375,0.05394965277777778,0.0524591476000679,0.05099826388888889,0.0384765625,0.037975731321442954,0.03153211805555556,0,0,0
float32-round-even,fx-st-retro-tv,0.3,True,True,0.0023577473958340533,0.016059027777777776,0.023341227859072756,0.004904513888888889,0.0166015625,0.017019031915549862,0.0022352430555555554,0.007921006944444444,0.016733231306057764,0.003927951388888889,0,0,0
float32-round-even,fx-st-retro-tv,0.9,True,True,0.01285671006943545,0.01697048611111111,0.020792363497418614,0.013802083333333333,0.022178819444444445,0.020529790282901392,0.013194444444444444,0.010720486111111111,0.018692934890963304,0.006727430555555556,0,0,0
float32-round-even,fx-st-retro-tv,1.5,True,True,0.3540355295138866,0.38272569444444443,0.3853021227087846,0.38203125,0.35453559027777776,0.35911995851418527,0.35245225694444443,0.2879774305555556,0.2957789680501266,0.28728298611111114,0,0,0
float32-round-even,fx-st-retro-tv,2.1,True,True,0.2747688671874968,0.3009114583333333,0.3058196967019971,0.29973958333333334,0.27532552083333334,0.2800274252252436,0.27254774305555557,0.22358940972222222,0.22808605757435332,0.2232421875,0,0,0
float32-round-even,fx-st-billboard,0.3,True,True,0.01858677951388188,0.019401041666666667,0.019584305547314124,0.01870659722222222,0.01968315972222222,0.025171385130225973,0.018815104166666666,0.01918402777777778,0.02018414749642121,0.01597222222222222,0,0,0
float32-round-even,fx-st-billboard,0.9,True,True,0.01758612413194527,0.02131076388888889,0.02262351723630339,0.01987847222222222,0.020290798611111112,0.026053279260796765,0.017122395833333335,0.016818576388888888,0.02100219059475372,0.0154296875,0,0,0
float32-round-even,fx-st-billboard,1.5,True,True,0.01822154947917909,0.022243923611111112,0.02479965281630979,0.020073784722222224,0.02016059027777778,0.024235913399740718,0.018033854166666665,0.015017361111111112,0.017580926265338574,0.014626736111111111,0,0,0
float32-round-even,fx-st-billboard,2.1,True,True,0.016019539930553606,0.020789930555555555,0.025615972958791887,0.020789930555555555,0.0181640625,0.02099774772606508,0.01447482638888889,0.02087673611111111,0.021941513829500717,0.017274305555555557,0,0,0
float32-round-even,fx-st-film-strip,0.3,True,True,0.031368229166652384,0.0318359375,0.12350117850402395,0.029709201388888887,0.039496527777777776,0.11393037037606277,0.033203125,0.0267578125,0.08783621415733926,0.018077256944444446,0,0,0
float32-round-even,fx-st-film-strip,0.9,True,True,0.3839001866319478,0.45553385416666664,0.5737989016709422,0.4534505208333333,0.3795355902777778,0.4809375466843591,0.3769314236111111,0.24952256944444445,0.33409637559959615,0.24813368055555557,0,0,0
float32-round-even,fx-st-film-strip,1.5,True,True,1.0490935199652682,1.201171875,1.326629394395093,1.1969184027777777,1.0360026041666666,1.144588080532028,1.0344401041666667,0.7606987847222222,0.8439394963570842,0.7589626736111111,0,0,0
float32-round-even,fx-st-film-strip,2.1,True,True,1.0947196701389004,1.2389105902777777,1.280700384623642,1.2389105902777777,1.0805121527777777,1.1113537441770784,1.0805121527777777,0.8126953125,0.8535309412209634,0.8108723958333334,0,0,0
float32-round-even,fx-ne-frame,0.3,True,True,0.034329735243048276,0.034895833333333334,0.036523291616804864,0.026475694444444444,0.04635416666666667,0.04172221038149312,0.03715277777777778,0.03452690972222222,0.04389930096940516,0.0294921875,0,0,0
float32-round-even,fx-ne-frame,0.9,True,True,1.84578540364582,1.712717013888889,1.6405651496503357,1.712717013888889,1.8811848958333333,1.805303016286466,1.8811848958333333,1.8869574652777779,1.8027302440062998,1.8869574652777779,0,0,0
float32-round-even,fx-ne-frame,1.5,True,True,0.028272760416669485,0.036675347222222224,0.0373143571267194,0.027387152777777778,0.04071180555555556,0.03497068386067061,0.02894965277777778,0.03741319444444444,0.034367398577597706,0.024175347222222223,0,0,0
float32-round-even,fx-ne-frame,2.1,True,True,0.030470946180557235,0.03463541666666667,0.037420705539602965,0.026258680555555556,0.04244791666666667,0.038977325825925065,0.03216145833333333,0.03888888888888889,0.034950755834442716,0.026128472222222223,0,0,0
float32-round-even,fx-ne-ring,0.3,True,True,0.020049991319453397,0.030512152777777777,0.03383247417028964,0.022916666666666665,0.04064670138888889,0.027594576791612833,0.019596354166666666,0.023567708333333333,0.024430312984192213,0.016102430555555554,0,0,0
float32-round-even,fx-ne-ring,0.9,False,False,0.9823709939236238,2.2216362847222224,2.2176542007103612,2.2216362847222224,0.5482855902777778,0.549624979126331,0.5482855902777778,1.6338975694444444,1.6324968046299315,1.633203125,0,0,0
float32-round-even,fx-ne-ring,1.5,True,True,0.021137426215261712,0.03943142361111111,0.04113385797050722,0.03279079861111111,0.03715277777777778,0.028679626583414747,0.018619791666666666,0.017621527777777778,0.01996658053692883,0.011762152777777778,0,0,0
float32-round-even,fx-ne-ring,2.1,True,True,0.017489509548596516,0.03704427083333333,0.03231015659621046,0.0283203125,0.033637152777777776,0.025700569571993688,0.01484375,0.016059027777777776,0.02496630839856375,0.011805555555555555,0,0,0
float32-round-even,fx-ne-heart,0.3,True,True,0.022093146701394062,0.029730902777777776,0.03364864285549044,0.024522569444444444,0.041666666666666664,0.032096735005473165,0.022569444444444444,0.024544270833333333,0.024257777164340702,0.010221354166666667,0,0,0
float32-round-even,fx-ne-heart,0.9,True,True,0.022792773437501523,0.03634982638888889,0.03348565866741441,0.024934895833333335,0.04450954861111111,0.03283162679520259,0.02358940972222222,0.02426215277777778,0.023016849722493498,0.00859375,0,0,0
float32-round-even,fx-ne-heart,1.5,True,True,0.025423823784720412,0.03556857638888889,0.03244693321633255,0.021940104166666665,0.0453125,0.0343111625855031,0.02829861111111111,0.024088541666666668,0.02012561925371698,0.0072048611111111115,0,0,0
float32-round-even,fx-ne-heart,2.1,True,True,0.02391919270833398,0.03250868055555556,0.029774561161928177,0.021354166666666667,0.044379340277777776,0.033908679836333167,0.025716145833333332,0.026085069444444445,0.02606606140097709,0.013671875,0,0,0
float32-round-even,fx-ne-lightning,0.3,True,True,0.03909472222221666,0.0423828125,0.03796625741238987,0.02211371527777778,0.05568576388888889,0.04928449335587083,0.04613715277777778,0.025108506944444445,0.0331690966348852,0.0193359375,0,0,0
float32-round-even,fx-ne-lightning,0.9,True,True,0.036276757812501614,0.04153645833333333,0.036300337856779705,0.028385416666666666,0.04906684027777778,0.04475037863938221,0.04095052083333333,0.021202256944444445,0.02707908027374397,0.013216145833333333,0,0,0
float32-round-even,fx-ne-lightning,1.5,True,True,0.03428386718749721,0.040299479166666666,0.03523703737280563,0.019422743055555556,0.0509765625,0.0452178489377102,0.04021267361111111,0.029861111111111113,0.03349405257200047,0.019314236111111112,0,0,0
float32-round-even,fx-ne-lightning,2.1,True,True,0.0332554600694408,0.04192708333333333,0.03604631638329697,0.025434027777777778,0.04422743055555556,0.03944042220399097,0.03606770833333333,0.03259548611111111,0.03536753369014527,0.028428819444444444,0,0,0
float32-round-even,fx-ne-stars,0.3,False,False,0.3005505642361186,0.8768446180555556,5.057895148537928,0.11499565972222223,0.7560546875,2.8967138088223408,0.3850043402777778,0.8557508680555556,5.403242630068758,0.0103515625,0,0,0
float32-round-even,fx-ne-stars,0.9,False,False,1.2167554166666719,1.128125,5.123996602493325,1.016796875,1.5984157986111112,5.268486280616222,1.3677300347222223,0.8673611111111111,4.363018690434319,0.31002604166666664,0,0,0
float32-round-even,fx-ne-stars,1.5,False,False,0.15158593315970847,0.6065755208333333,4.317660826678581,0.4810546875,0.4433376736111111,2.9049709127935337,0.021809895833333332,0.7077256944444444,4.68696098433934,0.46697048611111114,0,0,0
float32-round-even,fx-ne-stars,2.1,False,False,0.13127968315970406,0.7360894097222223,5.594880877779755,0.17580295138888888,0.6386067708333333,6.257339991575586,0.1423828125,0.3835503472222222,4.416870026692388,0.10980902777777778,0,0,0
float32-round-even,fx-cr-sparkle-burst,0.3,False,False,0.1122087282985973,0.4124348958333333,2.4576156311545616,0.11169704861111111,0.4029296875,2.4378735937027254,0.11456163194444445,0.3562065972222222,2.110668795631807,0.09040798611111112,0,0,0
float32-round-even,fx-cr-sparkle-burst,0.9,True,True,0.00778122829862582,0.11215277777777778,0.23716173322785047,0.001953125,0.10431857638888889,0.2301824573256615,0.010091145833333334,0.08838975694444444,0.19866173342125137,0.013563368055555556,0,0,0
float32-round-even,fx-cr-sparkle-burst,1.5,False,False,0.2822862499999985,0.4166449652777778,2.10117971442091,0.2740234375,0.4291015625,2.022420625119403,0.2902560763888889,0.36343315972222223,1.7550550646274643,0.22766927083333333,0,0,0
float32-round-even,fx-cr-sparkle-burst,2.1,False,False,0.2030499782986226,0.5526475694444445,2.545696042147893,0.23294270833333333,0.46119791666666665,2.5304966973902574,0.19730902777777778,0.4115234375,2.2364090363138898,0.17189670138888888,0,0,0
float32-round-even,fx-cr-glitter-rain,0.3,True,True,0.0022443663194451346,0.04837239583333333,0.030496195003485837,0.002756076388888889,0.04097222222222222,0.017173157831564312,0.0024305555555555556,0.040125868055555555,0.019828111478893684,0.0011067708333333333,0,0,0
float32-round-even,fx-cr-glitter-rain,0.9,True,True,0.00030512586806707986,0.047591145833333334,0.03199570290320421,0.008094618055555556,0.043359375,0.020452015411271392,0.0014756944444444444,0.03927951388888889,0.020736081067604786,0.004991319444444444,0,0,0
float32-round-even,fx-cr-glitter-rain,1.5,True,True,0.003954670138895722,0.05310329861111111,0.03179884887847583,0.004622395833333333,0.05084635416666667,0.018638916097972476,0.0032769097222222223,0.03986545138888889,0.024423568013205475,0.008702256944444445,0,0,0
float32-round-even,fx-cr-glitter-rain,2.1,True,True,0.0004720876736143964,0.05737847222222222,0.033354523675911275,0.004296875,0.0458984375,0.020149006644853477,0.0006293402777777778,0.04268663194444444,0.027830858820683015,0.012348090277777777,0,0,0
float32-round-even,fx-cr-matrix,0.3,True,True,0.021889019097223184,0.03969184027777778,0.02590930786810586,0.012955729166666667,0.04192708333333333,0.03297144764970176,0.025520833333333333,0.038563368055555554,0.026105964995275326,0.012217881944444444,0,0,0
float32-round-even,fx-cr-matrix,0.9,True,True,0.01639122829860895,0.04474826388888889,0.03257735403928105,0.015538194444444445,0.05088975694444445,0.03945610583858065,0.017513020833333334,0.034657118055555554,0.027325769228278268,0.007790798611111111,0,0,0
float32-round-even,fx-cr-matrix,1.5,True,True,0.02072482204861359,0.03611111111111111,0.026350552162313034,0.013454861111111112,0.04407552083333333,0.0292761397311507,0.023849826388888887,0.029969618055555557,0.02808159232850532,0.011176215277777778,0,0,0
float32-round-even,fx-cr-matrix,2.1,True,True,0.01843157118054961,0.05457899305555555,0.038254189084344935,0.019075520833333335,0.06048177083333333,0.0682468957594448,0.01838107638888889,0.05084635416666667,0.04706412956823348,0.017035590277777776,0,0,0
float32-round-even,fx-cr-signal-lost,0.3,True,True,0.020885017361109703,0.16204427083333334,0.4839425897084564,0.03812934027777778,0.13914930555555555,0.4421992692042672,0.016883680555555555,0.1558810763888889,0.4628901022117506,0.009743923611111111,0,0,0
float32-round-even,fx-cr-signal-lost,0.9,True,True,0.06893198350695684,0.14086371527777777,0.3026673017763699,0.06755642361111111,0.12404513888888889,0.2790664850932406,0.06688368055555556,0.12348090277777778,0.3068991376479333,0.09327256944444444,0,0,0
float32-round-even,fx-cr-signal-lost,1.5,True,True,0.10266171874999941,0.19105902777777778,0.5558987878992521,0.12469618055555555,0.13678385416666666,0.5564601286443454,0.0945095486111111,0.15620659722222222,0.56359368076004,0.11853298611111111,0,0,0
float32-round-even,fx-cr-signal-lost,2.1,False,False,14.021440876736108,12.497526041666667,26.42917036775044,12.411762152777778,14.088129340277778,32.546872627995164,13.774761284722222,21.400868055555556,37.531376840034696,21.20486111111111,0,0,0
float32-round-even,fx-cr-slice-drift,0.3,True,True,0.027475993923616215,0.046484375,0.0439638974098485,0.03854166666666667,0.03734809027777778,0.031081236870317414,0.023198784722222223,0.04924045138888889,0.043889631761164574,0.037261284722222225,0,0,0
float32-round-even,fx-cr-slice-drift,0.9,True,True,0.03437531684028272,0.04956597222222222,0.04449230225994526,0.03706597222222222,0.04331597222222222,0.04088564396283286,0.03389756944444444,0.04568142361111111,0.04376046993829742,0.031184895833333334,0,0,0
float32-round-even,fx-cr-slice-drift,1.5,True,True,0.027072816840274072,0.042078993055555555,0.043822377548347766,0.03192274305555556,0.03825954861111111,0.03269911101185215,0.024631076388888888,0.04865451388888889,0.05074186365333181,0.03697916666666667,0,0,0
float32-round-even,fx-cr-slice-drift,2.1,True,True,0.013360021701373626,0.043793402777777775,0.038263879879929304,0.025607638888888888,0.031141493055555556,0.023844676884753568,0.00896267361111111,0.040863715277777775,0.036499630936697884,0.02085503472222222,0,0,0
float32-round-even,fx-cr-projector,0.3,False,False,2.525450733506929,3.0259114583333333,3.025669152491372,3.0259114583333333,2.449088541666667,2.447196351144267,2.449088541666667,1.8086154513888888,1.805517816428337,1.808224826388889,0,0,0
float32-round-even,fx-cr-projector,0.9,False,False,1.7460893142361158,2.140234375,2.135804713479317,2.140234375,1.6803385416666667,1.6714971789474207,1.6803385416666667,1.2368055555555555,1.2298923817593952,1.2368055555555555,0,0,0
float32-round-even,fx-cr-projector,1.5,True,True,0.09258131944443448,0.17973090277777778,0.3345291298769406,0.09839409722222223,0.17465277777777777,0.26056069241597013,0.09513888888888888,0.16393229166666667,0.19641466025664428,0.050130208333333336,0,0,0
float32-round-even,fx-cr-projector,2.1,True,True,0.5399848828125187,0.6807291666666667,0.7113320737078405,0.6807291666666667,0.5120225694444445,0.5527223854176727,0.5120225694444445,0.4121310763888889,0.435237981463931,0.4025390625,0,0,0
float32-round-even,fx-cr-flash-cut,0.3,True,True,0.040524895833343066,0.11493055555555555,0.10785082490303766,0.08515625,0.0505859375,0.0421949111660916,0.030533854166666666,0.03637152777777778,0.03275967822375122,0.008072916666666667,0,0,0
float32-round-even,fx-cr-flash-cut,0.9,True,True,0.030561870659724377,0.06647135416666666,0.0835639827877006,0.0310546875,0.06697048611111112,0.0798727289357757,0.030946180555555557,0.06449652777777778,0.08387182047839288,0.025303819444444445,0,0,0
float32-round-even,fx-cr-flash-cut,1.5,True,True,0.003692161458346277,0.04301215277777778,0.02724071494146251,0.005815972222222222,0.030577256944444443,0.025041882524538997,0.0029296875,0.03693576388888889,0.035954268059632644,0.004991319444444444,0,0,0
float32-round-even,fx-cr-flash-cut,2.1,True,True,0.005936250000004861,0.04055989583333333,0.02649392234094979,0.014865451388888888,0.029383680555555555,0.016955531885516927,0.003081597222222222,0.03404947916666667,0.025848723002771044,0.007921006944444444,0,0,0
float32-round-even,fx-cr-aurora,0.3,True,True,0.03381371093749408,0.040538194444444446,0.03934996093268254,0.028125,0.053125,0.04097085045191318,0.03741319444444444,0.03062065972222222,0.03144299545403496,0.014908854166666667,0,0,0
float32-round-even,fx-cr-aurora,0.9,True,True,0.03318102864582784,0.038346354166666666,0.04165638000820622,0.027842881944444446,0.05353732638888889,0.04122570526776604,0.036610243055555554,0.0265625,0.031989407938287875,0.014930555555555556,0,0,0
float32-round-even,fx-cr-aurora,1.5,True,True,0.030076380208328146,0.04088541666666667,0.04242379762175329,0.02634548611111111,0.04819878472222222,0.036739984977037864,0.03253038194444444,0.028125,0.0327239241524574,0.01675347222222222,0,0,0
float32-round-even,fx-cr-aurora,2.1,True,True,0.03864433159721159,0.03958333333333333,0.036366540578725744,0.025347222222222222,0.05340711805555556,0.04915385746974214,0.04503038194444445,0.02634548611111111,0.0330714159950378,0.014539930555555556,0,0,0
float32-round-even,fx-cr-twinkle-sky,0.3,True,True,0.0009122829861070159,0.044661458333333334,0.030770014536088814,0.002907986111111111,0.04153645833333333,0.01784934033169818,0.0009982638888888888,0.04522569444444444,0.031048374081401944,0.005815972222222222,0,0,0
float32-round-even,fx-cr-twinkle-sky,0.9,True,True,0.0006365407986237415,0.0572265625,0.026960918026194342,0.0074435763888888885,0.04422743055555556,0.022386394856188596,0.0005208333333333333,0.04370659722222222,0.02912062009965696,0.007942708333333333,0,0,0
float32-round-even,fx-cr-twinkle-sky,1.5,True,True,0.0013457248263790689,0.05158420138888889,0.03008517935200106,0.009440104166666666,0.038172743055555555,0.02242218926123479,0.0004557291666666667,0.04509548611111111,0.028701552952470965,0.004644097222222222,0,0,0
float32-round-even,fx-cr-twinkle-sky,2.1,True,True,0.004523884548589763,0.05206163194444444,0.033687171671502494,0.010785590277777778,0.04040798611111111,0.020640806393342995,0.003732638888888889,0.04223090277777778,0.02829197847688043,0.006076388888888889,0,0,0
float32-round-even,fx-cr-tri-split,0.3,False,False,0.6400198220486004,0.5919487847222222,2.526595899320924,0.5236762152777777,0.7550347222222222,2.5221699981403596,0.6525607638888888,0.9755642361111111,2.7906436336736666,0.8583767361111111,0,0,0
float32-round-even,fx-cr-tri-split,0.9,True,False,0.5605342751736231,0.5193359375,1.798785420892559,0.4125217013888889,0.6464409722222222,1.756836512002558,0.582421875,0.8010850694444445,2.0021560443236295,0.7795572916666667,0,0,0
float32-round-even,fx-cr-tri-split,1.5,False,False,0.3107989105902931,0.39071180555555557,2.4600547926456136,0.08901909722222222,0.4460720486111111,2.381091730388231,0.33075086805555554,0.7696831597222222,2.638928064179373,0.7662109375,0,0,0
float32-round-even,fx-cr-tri-split,2.1,True,True,0.39652238281249197,0.41901041666666666,1.2270635051928236,0.2518229166666667,0.5101996527777778,1.2328733294876244,0.4209201388888889,0.6277994791666667,1.377834696389009,0.5809244791666667,0,0,0
float32-round-even,fx-mt-photo-snap,0.3,True,True,0.0557689583333314,0.04887152777777778,0.05078191181291553,0.048177083333333336,0.05737847222222222,0.05652388540099817,0.056163194444444446,0.07421875,0.07277185780684538,0.07421875,0,0,0
float32-round-even,fx-mt-photo-snap,0.9,True,True,0.14015315972223163,0.17764756944444443,0.8498666750360157,0.14965277777777777,0.16829427083333334,0.8458262353969727,0.14064670138888888,0.15868055555555555,0.8473620931535456,0.10729166666666666,0,0,0
float32-round-even,fx-mt-photo-snap,1.5,False,False,0.3632182725694406,0.5055989583333333,13.394450152422577,0.3369357638888889,0.5202690972222223,13.495614840459698,0.3765190972222222,0.5038194444444445,13.428006797053364,0.30885416666666665,0,0,0
float32-round-even,fx-mt-photo-snap,2.1,True,True,0.05506704427082809,0.04986979166666667,0.05138759231634215,0.04986979166666667,0.056315104166666664,0.0571874660605107,0.056315104166666664,0.06078559027777778,0.06054644153984741,0.0580078125,0,0,0
float32-round-even,fx-mt-zoom-shake,0.3,True,True,0.06281976996528726,0.11384548611111112,0.19937538425408508,0.0484375,0.10353732638888889,0.16411033123886698,0.06729600694444444,0.1027560763888889,0.1759339889169852,0.06082899305555556,0,0,0
float32-round-even,fx-mt-zoom-shake,0.9,True,True,0.05052209201387825,0.05687934027777778,0.06634601567231828,0.04958767361111111,0.061197916666666664,0.05936467591047571,0.05134548611111111,0.049544270833333334,0.06548247306391979,0.0451171875,0,0,0
float32-round-even,fx-mt-zoom-shake,1.5,True,True,0.405236184895827,0.5797092013888889,1.4807933394987827,0.4040581597222222,0.5663845486111111,1.262888083148844,0.4116970486111111,0.3549045138888889,1.2598338010144194,0.3447048611111111,0,0,0
float32-round-even,fx-mt-zoom-shake,2.1,True,True,0.07109072916667003,0.23802083333333332,0.8004513669896137,0.11276041666666667,0.24244791666666668,0.7367917542250927,0.06453993055555556,0.20186631944444444,0.7490484662360719,0.01328125,0,0,0
float32-round-even,fx-globe,0.3,True,True,0.045240928819438864,0.058680555555555555,0.05964967158706777,0.051041666666666666,0.055924479166666666,0.05486486413356318,0.04325086805555556,0.048567708333333334,0.04763068809596823,0.04787326388888889,0,0,0
float32-round-even,fx-globe,0.9,True,True,0.04801144097223187,0.05479600694444445,0.055214174200586975,0.05479600694444445,0.04715711805555556,0.0470611878094523,0.04698350694444445,0.04099392361111111,0.041153854283694696,0.03821614583333333,0,0,0
float32-round-even,fx-globe,1.5,True,True,0.04927147135416021,0.04982638888888889,0.050438062356076015,0.049479166666666664,0.051280381944444446,0.05065744453524022,0.05075954861111111,0.0349609375,0.03601947844302182,0.033919270833333334,0,0,0
float32-round-even,fx-globe,2.1,True,True,0.029373806423606652,0.04624565972222222,0.04941678667094272,0.023198784722222223,0.04568142361111111,0.04950734198152053,0.03240017361111111,0.04210069444444445,0.041539147089723,0.017578125,0,0,0
float32-round-even,fx-hyperspace,0.3,False,True,0.25355818142359965,0.29008246527777776,1.4082652961555102,0.2341796875,0.2740017361111111,1.4532004492639412,0.2542534722222222,0.3187065972222222,1.6514417624829951,0.3037326388888889,0,0,0
float32-round-even,fx-hyperspace,0.9,False,True,0.19728944878472277,0.20047743055555556,1.5898769792446816,0.20047743055555556,0.19578993055555555,1.6493579737317172,0.19578993055555555,0.20414496527777778,1.8142329976505702,0.2027560763888889,0,0,0
float32-round-even,fx-hyperspace,1.5,False,True,0.5700245269097337,0.5540147569444445,1.660557478449813,0.5540147569444445,0.5701171875,1.7322377704493244,0.5699435763888889,0.6200520833333333,1.929809896487674,0.61796875,0,0,0
float32-round-even,fx-hyperspace,2.1,False,False,0.19389398437500205,0.1974392361111111,1.8796662987097459,0.1675347222222222,0.20831163194444444,1.9431866180187831,0.1999782986111111,0.21783854166666666,2.1410635169480994,0.21124131944444444,0,0,0
float32-round-even,fx-star-rush,0.3,False,False,0.13463928385415613,0.2503689236111111,1.9770857232740275,0.10553385416666666,0.2829861111111111,2.1950929440277855,0.13528645833333333,0.3314670138888889,2.414339618541756,0.21393229166666666,0,0,0
float32-round-even,fx-star-rush,0.9,False,False,0.25220451822917767,0.5242621527777778,2.40493548099252,0.2384982638888889,0.5343967013888888,2.6772756328973872,0.25492621527777776,0.48760850694444446,2.930730888394793,0.2656032986111111,0,0,0
float32-round-even,fx-star-rush,1.5,False,False,0.2876272743055637,0.3013237847222222,2.327959996224637,0.26668836805555557,0.31395399305555555,2.5748683823807443,0.29346788194444445,0.30575086805555557,2.7906865093899387,0.2914279513888889,0,0,0
float32-round-even,fx-star-rush,2.1,False,False,0.26360888888889633,0.2705295138888889,2.4327210384853255,0.24965277777777778,0.32180989583333336,2.6637537898515946,0.2678168402777778,0.3486111111111111,2.882559155333584,0.2630208333333333,0,0,0
float32-round-even,fx-camera-shake,0.3,True,True,0.04724208333333024,0.05998263888888889,0.056535319045712885,0.04691840277777778,0.056640625,0.051260731126957094,0.049088541666666666,0.038802083333333334,0.04170602116408097,0.02990451388888889,0,0,0
float32-round-even,fx-camera-shake,0.9,True,True,0.047163815104156015,0.059136284722222224,0.06126512848777582,0.0556640625,0.050868055555555555,0.04982278415202617,0.04600694444444445,0.03763020833333333,0.04115544182566075,0.03359375,0,0,0
float32-round-even,fx-camera-shake,1.5,True,True,0.05160512586805055,0.06414930555555555,0.06384596700149776,0.056901041666666666,0.06013454861111111,0.057282008594747115,0.05206163194444444,0.04450954861111111,0.050752062613796896,0.03148871527777778,0,0,0
float32-round-even,fx-camera-shake,2.1,True,True,0.04571087239582994,0.06336805555555555,0.06494982987659612,0.05828993055555556,0.047591145833333334,0.048597664782997145,0.04338107638888889,0.04416232638888889,0.0489742128208792,0.031749131944444446,0,0,0
float32-round-even,fx-film-grain,0.3,True,True,0.28752654947915346,0.3353515625,0.6831195823792906,0.31243489583333334,0.30690104166666665,0.6713503070935845,0.279296875,0.3155381944444444,0.6965889977524878,0.295703125,0,0,0
float32-round-even,fx-film-grain,0.9,True,True,0.032956523437491114,0.19479166666666667,0.5509878687649183,0.03146701388888889,0.18079427083333333,0.5497787439382099,0.03200954861111111,0.21156684027777778,0.5704694645885677,0.046723090277777775,0,0,0
float32-round-even,fx-film-grain,1.5,True,True,0.17237641059028874,0.20219184027777778,0.6157628918606128,0.17311197916666668,0.25149739583333336,0.6031648714262933,0.1773654513888889,0.271484375,0.6092345400298329,0.12078993055555555,0,0,0
float32-round-even,fx-film-grain,2.1,True,True,0.020455121527774622,0.21284722222222222,0.649437661130615,0.008029513888888888,0.1931423611111111,0.6672771483291647,0.02131076388888889,0.15633680555555557,0.6689637705359999,0.048567708333333334,0,0,0
float32-round-even,fx-glitch-in,0.3,True,True,0.006924401041672468,0.011935763888888888,0.014962711418683059,0.009505208333333333,0.011697048611111111,0.009698344113719917,0.005620659722222222,0.016102430555555554,0.01692421826646143,0.012239583333333333,0,0,0
float32-round-even,fx-glitch-in,0.9,True,True,0.03178593315973899,0.06052517361111111,0.05316603391636394,0.04919704861111111,0.035069444444444445,0.034216429455566924,0.025520833333333333,0.04982638888888889,0.04658372459005355,0.042578125,0,0,0
float32-round-even,fx-glitch-in,1.5,True,True,0.028302105034754277,0.0935546875,0.09339879789463161,0.08830295138888888,0.025347222222222222,0.01554001681379789,0.007465277777777778,0.06180555555555556,0.05958008017207907,0.05802951388888889,0,0,0
float32-round-even,fx-glitch-in,2.1,True,True,0.002180559895833767,0.027734375,0.02350759001124396,0.006206597222222222,0.019965277777777776,0.012374166208878018,0.0012586805555555556,0.020811631944444443,0.013285026813780316,0.0005425347222222222,0,0,0
float32-round-even,fx-film-burn,0.3,True,True,0.006197434895838683,0.04494357638888889,0.025306715415751763,2.170138888888889e-05,0.04201388888888889,0.018975662800932165,0.006814236111111111,0.03585069444444444,0.02806115369482691,0.018272569444444445,0,0,0
float32-round-even,fx-film-burn,0.9,True,True,0.018754982638853335,0.025716145833333332,0.02033012853435396,0.003146701388888889,0.0494140625,0.03887329328409306,0.024891493055555554,0.024674479166666666,0.027296589372153603,0.003927951388888889,0,0,0
float32-round-even,fx-film-burn,1.5,True,True,0.019057174479172545,0,0,0,0.02556423611111111,0.024621190514055445,0.025390625,0.0177734375,0.015563780614438145,0.012434895833333333,0,0,0
float32-round-even,fx-film-burn,2.1,True,True,9.968750001121407e-05,0,0,0,8.680555555555556e-05,5.308251131010288e-05,8.680555555555556e-05,0.0005208333333333333,0.00034529816823679864,0.0005208333333333333,0,0,0
float32-round-even,fx-torn-reveal,0.3,True,True,0.001165060763888448,0.026844618055555554,0.011109584992586675,0.0024522569444444444,0.021723090277777777,0.009238920003946653,0.001540798611111111,0.016037326388888887,0.012027742883846702,0.008094618055555556,0,0,0
float32-round-even,fx-torn-reveal,0.9,True,True,0.006595264756953156,0.04142795138888889,0.02389588635328041,0.0044921875,0.036458333333333336,0.018620068490626963,0.006510416666666667,0.03697916666666667,0.02431953769547903,0.013628472222222222,0,0,0
float32-round-even,fx-torn-reveal,1.5,True,True,0.006444869791664587,0.04236111111111111,0.02594616715967815,0.010069444444444445,0.04537760416666667,0.018199179467821597,0.004839409722222222,0.03550347222222222,0.027794684452436942,0.011675347222222222,0,0,0
float32-round-even,fx-torn-reveal,2.1,True,True,0.005828741319447772,0.04809027777777778,0.02726482906253209,0.005555555555555556,0.03634982638888889,0.017003956101535687,0.005013020833333334,0.03993055555555555,0.027611650916512954,0.014713541666666666,0,0,0
float32-round-even,fx-mirror-ball,0.3,True,True,0.022320937499998195,0.03422309027777778,0.03332452246008851,0.004014756944444444,0.05835503472222222,0.061720331143471384,0.029014756944444445,0.028624131944444443,0.052543211522265515,0.009917534722222222,0,0,0
float32-round-even,fx-mirror-ball,0.9,True,True,0.020906180555556375,0.044835069444444445,0.04115894968043339,0.012543402777777778,0.0548828125,0.05878060261676879,0.024674479166666666,0.029036458333333334,0.053085820832084685,0.008203125,0,0,0
float32-round-even,fx-mirror-ball,1.5,True,True,0.014175442708335595,0.0431640625,0.04253681931551171,0.004448784722222222,0.06349826388888889,0.05643869793803406,0.018315972222222223,0.04381510416666667,0.056188690836069734,0.0018012152777777779,0,0,0
float32-round-even,fx-mirror-ball,2.1,True,True,0.005294622395851434,0.041666666666666664,0.052429084194281286,0.0049479166666666664,0.07330729166666666,0.06853689074350157,0.006727430555555556,0.04641927083333333,0.07819249582204764,0.007877604166666666,0,0,0
float32-round-even,fx-confetti,0.3,True,True,0.0006223871527737401,0.03791232638888889,0.024991161362671387,0.010134548611111112,0.037760416666666664,0.020175666635067514,0.004296875,0.026888020833333335,0.02123688520025156,0.0041015625,0,0,0
float32-round-even,fx-confetti,0.9,True,True,0.0017446093749953206,0.036783854166666664,0.025227513938461746,0.004839409722222222,0.03307291666666667,0.019323793793815183,4.340277777777778e-05,0.028580729166666666,0.024002888434402618,0.009483506944444444,0,0,0
float32-round-even,fx-confetti,1.5,True,True,0.005602317708351734,0.043359375,0.02709007679219516,0.012586805555555556,0.03250868055555556,0.01957508941100825,0.003298611111111111,0.03459201388888889,0.029237521008933762,0.007855902777777778,0,0,0
float32-round-even,fx-confetti,2.1,True,True,0.0011816015625072396,0.0423828125,0.02541720590557103,0.009440104166666666,0.03185763888888889,0.01920197575702989,0.002126736111111111,0.030034722222222223,0.022685760880614917,0.009635416666666667,0,0,0
float32-round-even,fx-balloons,0.3,True,True,0.005088046875002306,0.04203559027777778,0.022322084506908663,0.0004123263888888889,0.03138020833333333,0.01809491603344127,0.005902777777777778,0.029231770833333334,0.031242570028304797,0.010785590277777778,0,0,0
float32-round-even,fx-balloons,0.9,True,True,0.006150429687494352,0.03452690972222222,0.018371560706963212,0.0010633680555555555,0.03509114583333333,0.018858874114807814,0.006662326388888889,0.031727430555555554,0.03321800177391971,0.016059027777777776,0,0,0
float32-round-even,fx-balloons,1.5,True,True,0.001776184895845745,0.03669704861111111,0.022839481123889786,0.0072265625,0.03550347222222222,0.01979691399403488,0.00021701388888888888,0.02578125,0.020137933192177514,0.001171875,0,0,0
float32-round-even,fx-balloons,2.1,True,True,0.004306310763880106,0.03910590277777778,0.025148091351052147,0.0009114583333333333,0.03480902777777778,0.02148512505373387,0.005512152777777778,0.027126736111111112,0.019831412602151485,0.007725694444444445,0,0,0
float32-round-even,fx-earthquake,0.3,True,True,0.04962953125000524,0.05944010416666667,0.06203836146778283,0.0560546875,0.05555555555555555,0.053155435756541004,0.049305555555555554,0.042816840277777775,0.04305724936129097,0.033919270833333334,0,0,0
float32-round-even,fx-earthquake,0.9,True,True,0.04644050347219775,0.0607421875,0.06590696719969429,0.05475260416666667,0.0501953125,0.04957974760443863,0.04576822916666667,0.0396484375,0.042627088257048626,0.028624131944444443,0,0,0
float32-round-even,fx-earthquake,1.5,True,True,0.05070295138888525,0.062000868055555554,0.06283310245978882,0.05640190972222222,0.05295138888888889,0.05184489629487607,0.050694444444444445,0.042078993055555555,0.045753472803372615,0.03400607638888889,0,0,0
float32-round-even,fx-earthquake,2.1,True,True,0.049548094618046434,0.06477864583333333,0.06725383525939041,0.0632595486111111,0.05416666666666667,0.04790168054126867,0.047135416666666666,0.041015625,0.045353474785299656,0.03307291666666667,0,0,0
float32-round-even,fx-light-leak,0.3,True,True,0.008472973090277947,0.039214409722222225,0.020424675444042768,0.007703993055555556,0.03274739583333333,0.01751994367944881,0.009136284722222223,0.030381944444444444,0.019658744020155515,0.004166666666666667,0,0,0
float32-round-even,fx-light-leak,0.9,True,True,0.005097764756953893,0.03318142361111111,0.01785235150885829,0.0034071180555555556,0.03674045138888889,0.022774279153568975,0.0057074652777777775,0.03289930555555556,0.02103385369685107,0.004036458333333334,0,0,0
float32-round-even,fx-light-leak,1.5,True,True,0.001844861111109708,0.031966145833333334,0.020198648116811133,0.004752604166666666,0.037651909722222224,0.02157111560509345,0.0010199652777777778,0.02797309027777778,0.024032691628510457,0.0014539930555555556,0,0,0
float32-round-even,fx-light-leak,2.1,True,True,0.0027618706597394294,0.03430989583333333,0.02575940421323762,0.002712673611111111,0.03810763888888889,0.03078193014186887,0.003081597222222222,0.03042534722222222,0.026706214927569607,0.00026041666666666666,0,0,0
float32-round-even,fx-bokeh,0.3,True,True,0.007824921875013047,0.04079861111111111,0.03216886494007882,0.01792534722222222,0.042252604166666666,0.023964828996746238,0.006488715277777778,0.033463541666666666,0.02699325248860157,0.008680555555555556,0,0,0
float32-round-even,fx-bokeh,0.9,True,True,0.006018025173602837,0.039322916666666666,0.033471831097603204,0.01506076388888889,0.0423828125,0.025481149688163215,0.004535590277777778,0.041514756944444446,0.030679557696750147,0.0059244791666666664,0,0,0
float32-round-even,fx-bokeh,1.5,True,True,0.007330520833320975,0.04398871527777778,0.03153867549439251,0.009006076388888888,0.04084201388888889,0.023105905339602818,0.007942708333333333,0.03674045138888889,0.02950845272278614,0.003667534722222222,0,0,0
float32-round-even,fx-bokeh,2.1,True,True,0.012381371527780516,0.04635416666666667,0.03240420571169526,0.009157986111111112,0.03984375,0.027794953017289088,0.015321180555555555,0.038585069444444446,0.02722087494897522,0.007248263888888889,0,0,0
float32-round-even,fx-grid-flash,0.3,True,True,0.055879565972233536,0.07078993055555556,0.058572000674343094,0.05894097222222222,0.06844618055555556,0.0531642316486122,0.05568576388888889,0.07769097222222222,0.05370422667680344,0.04878472222222222,0,0,0
float32-round-even,fx-grid-flash,0.9,True,True,0.050863802083327414,0.11108940972222223,0.08503530969053556,0.08960503472222223,0.05681423611111111,0.03911198660318594,0.03884548611111111,0.06534288194444444,0.05491708735927164,0.05583767361111111,0,0,0
float32-round-even,fx-grid-flash,1.5,True,True,0.043977352430573546,0.07521701388888889,0.06587574551929926,0.067578125,0.069140625,0.03912474841947785,0.03454861111111111,0.07482638888888889,0.07259411036345198,0.06788194444444444,0,0,0
float32-round-even,fx-grid-flash,2.1,True,True,0.05027437500001497,0.06773003472222222,0.05621617643159317,0.051323784722222224,0.06232638888888889,0.04967273010530194,0.050347222222222224,0.05687934027777778,0.05406976134353557,0.04646267361111111,0,0,0
float32-round-even,fx-pencil-sketch,0.3,True,True,0.03536226128471753,0.05206163194444444,0.07309975310613483,0.0345703125,0.05633680555555556,0.06714722769960763,0.03585069444444444,0.06349826388888889,0.07224044142387101,0.03285590277777778,0,0,0
float32-round-even,fx-pencil-sketch,0.9,True,True,0.02211980902779942,0.05933159722222222,0.06912162366941005,0.027734375,0.057942708333333336,0.05924414438702584,0.02113715277777778,0.06727430555555555,0.06746528233343883,0.015321180555555555,0,0,0
float32-round-even,fx-pencil-sketch,1.5,True,True,0.04371931423611386,0.05525173611111111,0.06364610654510779,0.04192708333333333,0.05601128472222222,0.0625039241860843,0.0447265625,0.05985243055555556,0.06385852351731316,0.03901909722222222,0,0,0
float32-round-even,fx-pencil-sketch,2.1,True,True,0.0352170876736011,0.06443142361111111,0.0766054684574677,0.03830295138888889,0.06712239583333333,0.06601184199508804,0.034266493055555555,0.05759548611111111,0.07503545706406596,0.035546875,0,0,0
float32-round-even,fx-marker-lines,0.3,True,True,0.07026130642360329,0.03361545138888889,0.03890044611331763,0.021028645833333335,0.09956597222222222,0.10002249483627162,0.08862847222222223,0.04592013888888889,0.05428629865151416,0.033289930555555555,0,0,0
float32-round-even,fx-marker-lines,0.9,True,True,0.06865885416667084,0.03990885416666667,0.05234827973730664,0.023763020833333332,0.09650607638888889,0.09405881973971962,0.08695746527777778,0.042469618055555554,0.05108713948461745,0.019596354166666666,0,0,0
float32-round-even,fx-marker-lines,1.5,True,True,0.06802505208335674,0.04388020833333333,0.044616557060144106,0.016145833333333335,0.10015190972222222,0.09385879789743495,0.08786892361111111,0.038411458333333336,0.043502282352718,0.02421875,0,0,0
float32-round-even,fx-marker-lines,2.1,True,True,0.07375789062498939,0.04481336805555555,0.04917522720473055,0.023372395833333334,0.10368923611111111,0.09693483126350498,0.09309895833333333,0.046332465277777776,0.053850345985982,0.030533854166666666,0,0,0
float32-round-even,fx-spray-neon,0.3,True,True,0.02190223524304713,0.04431423611111111,0.061246134497680044,0.04027777777777778,0.028450520833333333,0.041280771913036515,0.0146484375,0.05562065972222222,0.05409406621072878,0.0396484375,0,0,0
float32-round-even,fx-spray-neon,0.9,True,True,0.022001006944464052,0.05032552083333333,0.06992068209344908,0.03526475694444445,0.03185763888888889,0.038867720752430376,0.016666666666666666,0.0529296875,0.0565292996025334,0.03578559027777778,0,0,0
float32-round-even,fx-spray-neon,1.5,True,True,0.02197538628472273,0.04314236111111111,0.06100165631702453,0.03407118055555555,0.03009982638888889,0.031874365699814444,0.016297743055555557,0.057183159722222224,0.04902849840661057,0.04259982638888889,0,0,0
float32-round-even,fx-spray-neon,2.1,True,True,0.02258205729164331,0.0458984375,0.06515177093396336,0.040863715277777775,0.031792534722222224,0.040679050780657144,0.014561631944444445,0.0603515625,0.05701610089470129,0.04819878472222222,0,0,0
float32-round-even,fx-chalkboard,0.3,True,True,0.05448162760416153,0.05245225694444444,0.061094964024999324,0.05049913194444444,0.05798611111111111,0.06591346284430562,0.055859375,0.05642361111111111,0.06556084304002584,0.05256076388888889,0,0,0
float32-round-even,fx-chalkboard,0.9,True,True,0.061504878472220526,0.05221354166666667,0.06498122519879371,0.04314236111111111,0.06740451388888889,0.07995411492996182,0.06723090277777778,0.061328125,0.07821711734656767,0.058854166666666666,0,0,0
float32-round-even,fx-chalkboard,1.5,True,True,0.040282491319430846,0.03958333333333333,0.059762049392868555,0.03819444444444445,0.04884982638888889,0.053368399566795725,0.041731770833333334,0.04353298611111111,0.05992928599915444,0.032074652777777775,0,0,0
float32-round-even,fx-chalkboard,2.1,True,True,0.05313470486110816,0.06278211805555556,0.0709596617460282,0.05635850694444444,0.05464409722222222,0.06214379133602212,0.05256076388888889,0.05036892361111111,0.0679852506323479,0.049327256944444446,0,0,0
float32-round-even,fx-scribble-frame,0.3,True,True,0.007163324652779579,0.03919270833333333,0.03192393446367554,0.010243055555555556,0.037934027777777775,0.022460443429602468,0.007378472222222222,0.031336805555555555,0.027954487858663172,0.004036458333333334,0,0,0
float32-round-even,fx-scribble-frame,0.9,True,True,0.002302760416654337,0.038411458333333336,0.03131145607980393,0.004904513888888889,0.03641493055555556,0.022551011013118395,0.0022569444444444442,0.04136284722222222,0.025223214418214842,0.004904513888888889,0,0,0
float32-round-even,fx-scribble-frame,1.5,True,True,0.0062316189236071295,0.03980034722222222,0.02991524967509552,0.00625,0.0416015625,0.022532938280211662,0.006879340277777778,0.031575520833333336,0.029081654505311336,0.00023871527777777777,0,0,0
float32-round-even,fx-scribble-frame,2.1,True,True,0.005515720486101827,0.043120659722222225,0.02932694425677648,0.007052951388888889,0.03674045138888889,0.021297295180094544,0.0059244791666666664,0.03804253472222222,0.028594419087737466,0.0030598958333333333,0,0,0
float32-round-even,fx-confetti-burst,0.3,True,True,0.03487926649303574,0.08302951388888889,0.505247344538338,0.05759548611111111,0.11649305555555556,0.511748896515183,0.08229166666666667,0.1638671875,0.49538207995941846,0.1624782986111111,0,0,0
float32-round-even,fx-confetti-burst,0.9,True,True,0.01469743055555739,0.06328125,0.25597331269063983,0.0033420138888888887,0.06983506944444444,0.30516037662314915,0.021006944444444446,0.07339409722222222,0.3383019384615788,0.014366319444444444,0,0,0
float32-round-even,fx-confetti-burst,1.5,True,True,0.04358890625000811,0.17649739583333332,0.3555950002948569,0.07154947916666667,0.13153211805555556,0.27329451902884627,0.07858072916666667,0.10718315972222223,0.25427135796995237,0.03600260416666667,0,0,0
float32-round-even,fx-confetti-burst,2.1,True,True,0.11978553819444926,0.16501736111111112,0.2556850224939689,0.09661458333333334,0.20188802083333332,0.21768989646385503,0.13478732638888888,0.15138888888888888,0.29498367844433226,0.03940972222222222,0,0,0
float32-round-even,fx-gold-glitter,0.3,True,True,0.004069852430561127,0.036219618055555555,0.031053445587303975,0.004361979166666667,0.03502604166666667,0.025295785398811135,0.007291666666666667,0.028016493055555557,0.02152825340787418,0.0030164930555555557,0,0,0
float32-round-even,fx-gold-glitter,0.9,True,True,0.00012198784722272649,0.03526475694444445,0.03351809460740272,0.0014105902777777778,0.03396267361111111,0.019992098213239093,0.0013237847222222223,0.03109809027777778,0.027248427424198578,0.007269965277777778,0,0,0
float32-round-even,fx-gold-glitter,1.5,True,True,0.0012437413194419378,0.03413628472222222,0.02587235765984081,0.005230034722222222,0.03411458333333333,0.02073328512902946,0.003125,0.03773871527777778,0.027362098774755456,0.0016710069444444444,0,0,0
float32-round-even,fx-gold-glitter,2.1,True,True,3.781249999690317e-05,0.03435329861111111,0.030535113167945622,0.009309895833333333,0.028776041666666665,0.02174085605474835,0.0036024305555555558,0.031575520833333336,0.026445864942483608,0.0077473958333333336,0,0,0
float32-round-even,fx-heart-rain,0.3,True,True,0.00595186631944955,0.04099392361111111,0.02035472455740763,0.006358506944444444,0.03693576388888889,0.01692620560133662,0.00625,0.02966579861111111,0.020918604345968584,0.0018012152777777779,0,0,0
float32-round-even,fx-heart-rain,0.9,True,True,0.00399491319443257,0.036848958333333334,0.02063875571243321,0.00034722222222222224,0.0337890625,0.01824756987376909,0.005403645833333333,0.030555555555555555,0.020303077272701746,0.00078125,0,0,0
float32-round-even,fx-heart-rain,1.5,True,True,0.004079913194445339,0.039322916666666666,0.026464937788051864,0.007855902777777778,0.03517795138888889,0.017852725620476986,0.0032335069444444442,0.027777777777777776,0.02212166445834498,0.001345486111111111,0,0,0
float32-round-even,fx-heart-rain,2.1,True,True,0.004396701388898805,0.042252604166666666,0.026568456372964545,0.002495659722222222,0.03539496527777778,0.018439440324102864,0.0060546875,0.0255859375,0.020365069805445377,0.008268229166666667,0,0,0
float32-round-even,fx-bubbles,0.3,True,True,0.005926714409710598,0.040581597222222224,0.029064872352789293,0.0072048611111111115,0.039605034722222224,0.017981190368924805,0.005533854166666667,0.036783854166666664,0.023537393702590004,0.0060546875,0,0,0
float32-round-even,fx-bubbles,0.9,True,True,0.0054893012152774645,0.040299479166666666,0.027865329686156178,0.012217881944444444,0.04088541666666667,0.0192205077934038,0.0037760416666666667,0.03324652777777778,0.021285487784311996,0.0026475694444444446,0,0,0
float32-round-even,fx-bubbles,1.5,True,True,0.0006583506944508599,0.04756944444444444,0.02750933172555552,0.002777777777777778,0.048111979166666666,0.018050417562782594,0.0006293402777777778,0.03962673611111111,0.026423671748290016,0.005295138888888889,0,0,0
float32-round-even,fx-bubbles,2.1,True,True,0.006872191840258779,0.05017361111111111,0.029864575924724128,0.004991319444444444,0.04309895833333333,0.02047833115651867,0.008810763888888889,0.04008246527777778,0.028778928367873307,0.006792534722222222,0,0,0
float32-round-even,fx-star-pop,0.3,True,True,0.00687036458332102,0.03951822916666667,0.025904186885537684,0.00935329861111111,0.03973524305555556,0.02633625934664396,0.012217881944444444,0.03487413194444444,0.02563939271022022,0.0016710069444444444,0,0,0
float32-round-even,fx-star-pop,0.9,True,True,0.004427078993046507,0.034266493055555555,0.022387275886819453,0.008268229166666667,0.027756076388888887,0.01830960622435492,0.0033203125,0.03342013888888889,0.026853466336522955,0.004079861111111111,0,0,0
float32-round-even,fx-star-pop,1.5,True,True,0.0043244531249939655,0.03732638888888889,0.025063387433672233,0.010980902777777777,0.030164930555555556,0.02019336181859011,0.0023003472222222223,0.03372395833333333,0.02833034824480924,0.004774305555555556,0,0,0
float32-round-even,fx-star-pop,2.1,True,True,0.0038953776041665833,0.03600260416666667,0.03223264768413555,0.006141493055555555,0.032769097222222224,0.024526894318350513,0.008420138888888888,0.030381944444444444,0.022294771650457814,0.011371527777777777,0,0,0
float32-round-even,fx-petals,0.3,True,True,0.0073567838541634956,0.04592013888888889,0.02681552479711664,0.0017795138888888889,0.030924479166666668,0.01700496604498743,0.010655381944444445,0.02736545138888889,0.018731067910862525,0.001584201388888889,0,0,0
float32-round-even,fx-petals,0.9,True,True,0.006847226562499031,0.04016927083333333,0.022629206831588092,0.0010633680555555555,0.03233506944444445,0.018196236123446993,0.00959201388888889,0.030338541666666666,0.019228983832349236,0.002951388888888889,0,0,0
float32-round-even,fx-petals,1.5,True,True,0.006248598090280666,0.03967013888888889,0.02637338585877594,0.004991319444444444,0.034830729166666664,0.01929019101701601,0.006966145833333334,0.023893229166666665,0.019035348347328365,0.0028428819444444443,0,0,0
float32-round-even,fx-petals,2.1,True,True,0.00769098524305889,0.04181857638888889,0.02633387007874405,0.0009765625,0.03478732638888889,0.021567122868979674,0.009657118055555556,0.03012152777777778,0.021409469520857007,0.00798611111111111,0,0,0
float32-round-even,fx-snowfall,0.3,True,True,0.02991861979165833,0.08428819444444445,0.33190932445899496,0.03372395833333333,0.074609375,0.35644745092026114,0.029730902777777776,0.08459201388888889,0.4022197943988812,0.020572916666666666,0,0,0
float32-round-even,fx-snowfall,0.9,True,True,0.015292521701397277,0.10952690972222222,0.4022583363344053,0.005750868055555556,0.10390625,0.427770976838036,0.017100694444444446,0.08172743055555555,0.47709421553440834,0.025477430555555555,0,0,0
float32-round-even,fx-snowfall,1.5,True,True,0.06741928819444354,0.10796440972222222,0.39200928251586115,0.06312934027777778,0.1359592013888889,0.41783939306224,0.06820746527777778,0.15049913194444445,0.46341947088662694,0.07224392361111111,0,0,0
float32-round-even,fx-snowfall,2.1,True,True,0.046239631076375076,0.10128038194444444,0.35430993767525565,0.04585503472222222,0.1013454861111111,0.3757040806186162,0.04943576388888889,0.07829861111111111,0.41845788980040916,0.015711805555555555,0,0,0
float32-round-even,fx-eight-bit,0.3,False,False,4.146495885416684,4.194943576388889,4.16030437091434,4.194943576388889,4.1388671875,4.085287296176862,4.1388671875,4.0794053819444445,4.083706763016161,4.0794053819444445,0,0,0
float32-round-even,fx-eight-bit,0.9,False,False,4.331682144097229,4.138606770833333,4.11780648842283,4.138606770833333,4.423415798611111,4.317884920689567,4.423415798611111,3.9915147569444445,3.905469790029927,3.9915147569444445,0,0,0
float32-round-even,fx-eight-bit,1.5,False,False,4.2214037760416545,4.271267361111111,4.206813378045487,4.271267361111111,4.251519097222222,4.216112477167677,4.251519097222222,3.7762586805555554,3.7046080703403144,3.7762586805555554,0,0,0
float32-round-even,fx-eight-bit,2.1,False,False,4.272828841145852,4.167816840277778,4.065839657778606,4.167816840277778,4.374153645833333,4.392559459000103,4.374153645833333,3.578342013888889,3.557100853903961,3.578342013888889,0,0,0
float32-round-even,fx-pixel-breakdown,0.3,True,True,0.007754006076382325,0.04405381944444445,0.03835576645525867,0.00390625,0.03865017361111111,0.03139891157278918,0.012478298611111112,0.04646267361111111,0.03853564721555457,0.004709201388888889,0,0,0
float32-round-even,fx-pixel-breakdown,0.9,True,True,0.011385746527778906,0.07975260416666667,0.1301815707914988,0.013433159722222223,0.08587239583333334,0.10635068942912959,0.016037326388888887,0.07350260416666667,0.12448166913055775,0.03838975694444444,0,0,0
float32-round-even,fx-pixel-breakdown,1.5,True,True,0.02430775173611721,0.09887152777777777,0.13754823483426745,0.053168402777777776,0.0966796875,0.09886492769307262,0.015299479166666666,0.06519097222222223,0.12112643611307919,0.028559027777777777,0,0,0
float32-round-even,fx-pixel-breakdown,2.1,True,True,0.005352178819435949,0.04079861111111111,0.060897265620488264,0.005338541666666667,0.035481770833333336,0.05642946173419786,0.006098090277777778,0.03302951388888889,0.05663489011258748,0.0019965277777777776,0,0,0
float32-round-even,fx-pixel-glitch,0.3,True,True,0.03705447916665605,0.04194878472222222,0.039233025049625156,0.02814670138888889,0.05119357638888889,0.04773082344462549,0.04077690972222222,0.0322265625,0.03724839407472812,0.026410590277777778,0,0,0
float32-round-even,fx-pixel-glitch,0.9,True,True,0.027617825520835027,0.041514756944444446,0.04283335842191521,0.02931857638888889,0.039778645833333334,0.036154978315359104,0.027582465277777777,0.03250868055555556,0.03469531287220572,0.022960069444444446,0,0,0
float32-round-even,fx-pixel-glitch,1.5,True,True,0.035892378472240694,0.041276041666666666,0.045467981610618845,0.02751736111111111,0.05232204861111111,0.04611762286779409,0.03969184027777778,0.04227430555555556,0.04215584826592984,0.022916666666666665,0,0,0
float32-round-even,fx-pixel-glitch,2.1,True,True,0.028733532986109367,0.04125434027777778,0.041433881770191174,0.026627604166666666,0.04294704861111111,0.037823780186603324,0.029839409722222224,0.03717447916666667,0.043253406723784485,0.023980034722222224,0,0,0
float32-round-even,fx-digital-blocks,0.3,True,True,0.008001896701379962,0.025651041666666666,0.020617628143858823,0.017144097222222224,0.023676215277777777,0.015451529485514722,0.005577256944444445,0.03131510416666667,0.01936135471810741,0.005099826388888889,0,0,0
float32-round-even,fx-digital-blocks,0.9,True,True,0.00777108940972937,0.026649305555555555,0.025656174110089136,0.022395833333333334,0.022157118055555557,0.012819252149298735,0.0037109375,0.03561197916666667,0.02099036909365527,0.004926215277777778,0,0,0
float32-round-even,fx-digital-blocks,1.5,True,True,0.007991315104177943,0.028059895833333334,0.027715546717828825,0.02033420138888889,0.025151909722222223,0.01535052327398624,0.004796006944444445,0.029817708333333335,0.020581369606386585,0.003298611111111111,0,0,0
float32-round-even,fx-digital-blocks,2.1,True,True,0.008909722222213645,0.025260416666666667,0.0260608037389161,0.020572916666666666,0.02751736111111111,0.014409033748381364,0.005772569444444445,0.036328125,0.021120281134350164,0.005642361111111111,0,0,0
float32-round-even,fx-vhs,0.3,True,True,0.0032754036458300106,0.14526909722222223,0.23811567624848134,0.009418402777777777,0.09427083333333333,0.2320079503449158,0.0033420138888888887,0.10188802083333333,0.2258753007109649,0.015473090277777778,0,0,0
float32-round-even,fx-vhs,0.9,True,True,0.041804730902782694,0.14012586805555555,0.22596447731371636,0.05509982638888889,0.12797309027777778,0.19711145635264535,0.038346354166666666,0.11069878472222222,0.2278455004602521,0.0369140625,0,0,0
float32-round-even,fx-vhs,1.5,True,True,0.03575759982639681,0.1337890625,0.2353363641963315,0.03747829861111111,0.11605902777777778,0.2144598738869919,0.03637152777777778,0.08415798611111111,0.21374007956553787,0.024609375,0,0,0
float32-round-even,fx-vhs,2.1,True,True,0.06404253472223331,0.11540798611111111,0.22265507036419405,0.06762152777777777,0.10939670138888889,0.206485550514836,0.06720920138888889,0.108203125,0.22200358734065567,0.022135416666666668,0,0,0
float32-round-even,fx-scanline-jitter,0.3,True,True,0.06595095486107994,0.07918836805555556,0.07475265424610388,0.07241753472222222,0.06775173611111111,0.06405932122824214,0.06254340277777778,0.08218315972222222,0.08211807397086736,0.0806640625,0,0,0
float32-round-even,fx-scanline-jitter,0.9,True,True,0.07071046440975692,0.07560763888888888,0.0716533847224371,0.06753472222222222,0.07530381944444445,0.07283971419341287,0.07217881944444444,0.07115885416666666,0.07106505934181134,0.06551649305555556,0,0,0
float32-round-even,fx-scanline-jitter,1.5,True,True,0.06467666666671334,0.08240017361111111,0.08429185629522427,0.07779947916666667,0.0654296875,0.06333692387542977,0.06013454861111111,0.07450086805555556,0.07098800086753868,0.07102864583333333,0,0,0
float32-round-even,fx-scanline-jitter,2.1,True,True,0.06393855468746779,0.08244357638888888,0.08049963568089577,0.07680121527777778,0.064453125,0.060120687164693216,0.05889756944444444,0.07743055555555556,0.07881000159566928,0.07599826388888889,0,0,0
float32-round-even,fx-datamosh,0.3,True,True,0.006360529513884217,0.04715711805555556,0.03639004436430637,0.0039713541666666664,0.04131944444444444,0.028797762135338766,0.007465277777777778,0.048285590277777776,0.04070074935812212,0.0024522569444444444,0,0,0
float32-round-even,fx-datamosh,0.9,True,True,0.002560616319456699,0.04585503472222222,0.03043918052198473,0.004578993055555556,0.032769097222222224,0.02039332092502758,0.002777777777777778,0.0451171875,0.026072990257333246,0.005533854166666667,0,0,0
float32-round-even,fx-datamosh,1.5,True,True,0.004504422743053738,0.052994791666666666,0.027095551535495883,0.004600694444444445,0.040863715277777775,0.0171748889807446,0.0033203125,0.03986545138888889,0.026438456206228745,0.015950520833333332,0,0,0
float32-round-even,fx-datamosh,2.1,True,True,0.0001407074652775009,0.04602864583333333,0.024846384933531848,0.0003689236111111111,0.04021267361111111,0.018517072420610292,0.0008897569444444444,0.03415798611111111,0.025711223739554888,0.011848958333333333,0,0,0
float32-round-even,fx-signal-loss,0.3,True,True,0.006197434895838683,0.04494357638888889,0.025306715415751763,2.170138888888889e-05,0.04201388888888889,0.018975662800932165,0.006814236111111111,0.03585069444444444,0.02806115369482691,0.018272569444444445,0,0,0
float32-round-even,fx-signal-loss,0.9,True,True,0.23402429253471269,0.28248697916666665,0.6575436943113695,0.23409288194444444,0.2995659722222222,0.6533021324641761,0.23381076388888888,0.29127604166666665,0.6552577043222422,0.2359375,0,0,0
float32-round-even,fx-signal-loss,1.5,True,True,0.006444869791664587,0.04236111111111111,0.02594616715967815,0.010069444444444445,0.04537760416666667,0.018199179467821597,0.004839409722222222,0.03550347222222222,0.027794684452436942,0.011675347222222222,0,0,0
float32-round-even,fx-signal-loss,2.1,True,True,0.19817146267362773,0.1994140625,0.41638835621883563,0.19542100694444445,0.1984375,0.4070501847057841,0.19809027777777777,0.20811631944444445,0.42235943621690414,0.20707465277777778,0,0,0
float32-round-even,fx-bad-tv,0.3,True,True,0.002355407986129876,0.18704427083333333,0.37275051903994916,0.006922743055555555,0.16371527777777778,0.3497904858111568,0.0020833333333333333,0.1509765625,0.38299933420614973,0.0083984375,0,0,0
float32-round-even,fx-bad-tv,0.9,True,True,0.059556137152782185,0.1427517361111111,0.29971272307472735,0.056640625,0.16297743055555555,0.30408187922883645,0.06245659722222222,0.12556423611111112,0.32496824860808204,0.03940972222222222,0,0,0
float32-round-even,fx-bad-tv,1.5,True,True,0.05630928385416212,0.16104600694444443,0.3628520379356741,0.06916232638888889,0.11469184027777778,0.3174102938831227,0.0521484375,0.15164930555555556,0.34659977313625134,0.05967881944444445,0,0,0
float32-round-even,fx-bad-tv,2.1,True,True,0.08614724826389875,0.16979166666666667,0.32756547509329803,0.08888888888888889,0.16534288194444444,0.324539728450364,0.08930121527777778,0.12777777777777777,0.33596512664113,0.04683159722222222,0,0,0
float32-round-even,fx-glitch-flash,0.3,True,True,0.0013573958333381597,0.03585069444444444,0.023402526894482096,0.004166666666666667,0.03522135416666667,0.01673115945040157,0.00023871527777777777,0.03585069444444444,0.023402526894482096,0.004166666666666667,0,0,0
float32-round-even,fx-glitch-flash,0.9,True,True,0.03908082899306464,0.04967447916666667,0.05183132243746714,0.04559461805555556,0.04743923611111111,0.039705516132956684,0.035980902777777775,0.053515625,0.054988031988829136,0.05060763888888889,0,0,0
float32-round-even,fx-glitch-flash,1.5,True,True,0.0008110069444171586,0.039778645833333334,0.024400938304732122,0.0054904513888888885,0.03244357638888889,0.01730441253341448,0.0033203125,0.039778645833333334,0.024400938304732122,0.0054904513888888885,0,0,0
float32-round-even,fx-glitch-flash,2.1,True,True,0.0029423611111099035,0.036957465277777775,0.021747759852568195,0.010004340277777777,0.033637152777777776,0.017460358932984216,0.00013020833333333333,0.036957465277777775,0.021747759852568195,0.010004340277777777,0,0,0
float32-round-even,fx-vhs-rewind,0.3,True,True,0.23277056857637035,0.27567274305555556,0.5063414449050393,0.2572699652777778,0.24131944444444445,0.49453663065109005,0.22712673611111112,0.23875868055555555,0.5198824274487172,0.21653645833333332,0,0,0
float32-round-even,fx-vhs-rewind,0.9,True,True,0.09751209635417979,0.1741970486111111,0.5035806041193387,0.10483940972222222,0.16614583333333333,0.49270236348388047,0.09965277777777778,0.18094618055555556,0.5071034709722023,0.05473090277777778,0,0,0
float32-round-even,fx-vhs-rewind,1.5,True,True,0.05111136718750231,0.14518229166666666,0.4751724019108851,0.06171875,0.15718315972222222,0.43854916628101676,0.046723090277777775,0.15904947916666667,0.4574134714729138,0.06334635416666666,0,0,0
float32-round-even,fx-vhs-rewind,2.1,True,True,0.03741578993056294,0.04624565972222222,0.048706111408941696,0.03608940972222222,0.04756944444444444,0.046451480329057236,0.03919270833333333,0.04342447916666667,0.045066497213776764,0.023719618055555555,0,0,0
float32-round-even,fx-film-8mm,0.3,True,True,0.37725092447917064,0.3887803819444444,0.8362984924581494,0.34889322916666665,0.4203125,0.8254537693467613,0.38676215277777776,0.4087673611111111,0.8309384522025905,0.3665364583333333,0,0,0
float32-round-even,fx-film-8mm,0.9,True,True,0.16311203124999452,0.2863498263888889,0.8804876083747936,0.16994357638888888,0.2777560763888889,0.8825149646267362,0.1644314236111111,0.22259114583333334,0.8870546673356854,0.12992621527777778,0,0,0
float32-round-even,fx-film-8mm,1.5,True,True,0.106418324652779,0.287890625,0.7843268742030572,0.10815972222222223,0.26163194444444443,0.7910842817977645,0.106640625,0.21128472222222222,0.7812278015567443,0.09908854166666667,0,0,0
float32-round-even,fx-film-8mm,2.1,True,True,0.04755157552082778,0.05755208333333333,0.06229635213019753,0.04978298611111111,0.052083333333333336,0.05808808337222777,0.04774305555555555,0.041905381944444445,0.05257057139465703,0.03908420138888889,0,0,0
float32-round-even,fx-old-tv,0.3,True,True,0.2735799652777757,0.314453125,0.49614221679797504,0.26922743055555554,0.3089409722222222,0.4806067183789311,0.27708333333333335,0.29440104166666664,0.4859589756437497,0.25169270833333335,0,0,0
float32-round-even,fx-old-tv,0.9,True,True,0.10269786458331964,0.1615017361111111,0.4691019499346639,0.08754340277777778,0.16128472222222223,0.4611506082537092,0.10690104166666667,0.15846354166666668,0.4881573937643205,0.1056857638888889,0,0,0
float32-round-even,fx-old-tv,1.5,True,True,0.07970854166666186,0.16006944444444443,0.44283395269698983,0.07161458333333333,0.15848524305555556,0.4369345792412522,0.08088107638888889,0.18763020833333333,0.4500488222698907,0.09192708333333334,0,0,0
float32-round-even,fx-old-tv,2.1,True,True,0.0310787760416531,0.035872395833333334,0.03725870852800664,0.030533854166666666,0.0376953125,0.037307840053642544,0.031966145833333334,0.02931857638888889,0.03589904509513293,0.023893229166666665,0,0,0
float32-round-even,fx-film-burn-leak,0.3,True,True,0.005287048611108958,0.041015625,0.024278881951651274,0.005381944444444444,0.033984375,0.018632949582388855,0.005512152777777778,0.03146701388888889,0.022980045730327747,0.002777777777777778,0,0,0
float32-round-even,fx-film-burn-leak,0.9,True,True,0.004486050347225046,0.033203125,0.02176626043499927,0.004644097222222222,0.03498263888888889,0.02328353612084101,0.004383680555555556,0.03250868055555556,0.0200549161674415,0.0050347222222222225,0,0,0
float32-round-even,fx-film-burn-leak,1.5,True,True,0.0002460243055537603,0.03088107638888889,0.02310819725232133,0.0018012152777777779,0.037543402777777776,0.024365599996012823,0.0008246527777777778,0.029969618055555557,0.02321300555073948,0.0005425347222222222,0,0,0
float32-round-even,fx-film-burn-leak,2.1,True,True,0.0004417404513787915,0.03090277777777778,0.02510495189729827,0.00034722222222222224,0.03589409722222222,0.025343457751626355,0.0009114583333333333,0.03044704861111111,0.025830850788149846,0.0018880208333333333,0,0,0
float32-round-even,fx-seventies,0.3,True,True,0.1838462803819425,0.19895833333333332,0.3874167006213337,0.1762152777777778,0.263671875,0.4017426244343158,0.18559027777777778,0.28509114583333334,0.4075467435612047,0.18904079861111112,0,0,0
float32-round-even,fx-seventies,0.9,True,True,0.06423186631943167,0.19092881944444445,0.39398727404411144,0.0671875,0.17178819444444443,0.40315815102741076,0.06358506944444445,0.16566840277777778,0.4211332155337729,0.06193576388888889,0,0,0
float32-round-even,fx-seventies,1.5,True,True,0.04594966145835144,0.12387152777777778,0.3587842081459413,0.033854166666666664,0.18556857638888888,0.3604135931918368,0.048676215277777775,0.17113715277777777,0.3847134599894748,0.05455729166666667,0,0,0
float32-round-even,fx-seventies,2.1,True,True,0.027203884548612223,0.03825954861111111,0.042475924206720236,0.031575520833333336,0.04748263888888889,0.0422754941663703,0.028602430555555555,0.030338541666666666,0.03130103299585363,0.00047743055555555554,0,0,0
float32-round-even,fx-dust-scratches,0.3,True,True,0.024755273437492065,0.045703125,0.04095325717406004,0.018793402777777777,0.04424913194444444,0.03498513205560428,0.02523871527777778,0.041731770833333334,0.044728823304954424,0.03752170138888889,0,0,0
float32-round-even,fx-dust-scratches,0.9,True,True,0.0018138628472144092,0.042881944444444445,0.0313239320023269,0.0016927083333333334,0.04045138888888889,0.025187894373186737,0.0019965277777777776,0.04223090277777778,0.03178167688604153,0.01032986111111111,0,0,0
float32-round-even,fx-dust-scratches,1.5,True,True,0.08016929253473393,0.08116319444444445,0.08942183540620582,0.08116319444444445,0.08133680555555556,0.08487029732410313,0.07916666666666666,0.08717447916666667,0.09542887900126838,0.08717447916666667,0,0,0
float32-round-even,fx-dust-scratches,2.1,True,True,0.032723806423632595,0.04869791666666667,0.07663421944502163,0.03159722222222222,0.04600694444444445,0.06769565823043158,0.03389756944444444,0.04194878472222222,0.07613270638357542,0.0244140625,0,0,0
float32-round-even,fx-tr-slam-merge,0.3,True,True,0.061995937500000764,0.10694444444444444,0.10129029562151481,0.09809027777777778,0.07374131944444444,0.0597748804958464,0.05486111111111111,0.04552951388888889,0.04429545551264516,0.02638888888888889,0,0,0
float32-round-even,fx-tr-slam-merge,0.9,True,True,0.07887542968748562,0.09166666666666666,0.0847836967894903,0.08250868055555556,0.0875,0.08547467484426904,0.08385416666666666,0.0298828125,0.04388078343479826,0.018858506944444443,0,0,0
float32-round-even,fx-tr-slam-merge,1.5,True,True,0.05415452256944775,0.061371527777777775,0.06229051886193077,0.05755208333333333,0.05774739583333333,0.05906041949910558,0.0548828125,0.043229166666666666,0.046029314160512924,0.03693576388888889,0,0,0
float32-round-even,fx-tr-slam-merge,2.1,True,True,0.03438268229167818,0.05464409722222222,0.04948757789134658,0.033854166666666664,0.05015190972222222,0.041417124671021266,0.03539496527777778,0.043793402777777775,0.04435179875079097,0.025911458333333335,0,0,0
float32-round-even,fx-tr-heat-flicks,0.3,True,True,0.0004860677083229348,0.024652777777777777,0.019600917425996973,0.007942708333333333,0.019943576388888887,0.0130635177587477,0.0014973958333333334,0.013237847222222222,0.009547078140720769,0.0018229166666666667,0,0,0
float32-round-even,fx-tr-heat-flicks,0.9,True,True,0.015065529513890397,0.025694444444444443,0.014695203747247467,0.011848958333333333,0.03650173611111111,0.025828144413182826,0.016710069444444444,0.023350694444444445,0.018496525880661734,0.008246527777777778,0,0,0
float32-round-even,fx-tr-heat-flicks,1.5,True,True,0.0007489670138909332,0.05570746527777778,0.03032221989494414,0.00861545138888889,0.03552517361111111,0.021151703359793224,0.0018446180555555555,0.03734809027777778,0.018378739290249444,0.0032769097222222223,0,0,0
float32-round-even,fx-tr-heat-flicks,2.1,True,True,0.014596067708325222,0.028624131944444443,0.027818480013703663,0.026150173611111112,0.0267578125,0.013773237864432337,0.011436631944444444,0.037434895833333336,0.02087000784672724,0.011870659722222222,0,0,0
float32-round-even,fx-tr-shake,0.3,True,True,0.0015871614583318205,0.032942708333333334,0.022751620812349972,0.0012586805555555556,0.03348524305555556,0.017569635285024567,0.0018012152777777779,0.03741319444444444,0.02757891133815503,0.00043402777777777775,0,0,0
float32-round-even,fx-tr-shake,0.9,True,True,0.0799024088541671,0.06221788194444444,0.06651470050241885,0.0615234375,0.08967013888888889,0.08897799330062867,0.087109375,0.06688368055555556,0.06762753468525887,0.06263020833333334,0,0,0
float32-round-even,fx-tr-shake,1.5,True,True,0.05828973090277145,0.1259765625,0.12390021103837927,0.1238064236111111,0.04865451388888889,0.04408148961120156,0.04236111111111111,0.03044704861111111,0.03141015853094296,0.023155381944444445,0,0,0
float32-round-even,fx-tr-shake,2.1,True,True,0.022330581597231003,0.04956597222222222,0.040684927110621154,0.035633680555555554,0.03591579861111111,0.0245670493774389,0.019596354166666666,0.026866319444444446,0.02412290100054262,0.010243055555555556,0,0,0
float32-round-even,fx-tr-glitch,0.3,True,True,0.006616514756956349,0.0505859375,0.026694381149522533,0.0025390625,0.036675347222222224,0.019720605114045896,0.010286458333333333,0.044444444444444446,0.02501534056731129,0.002777777777777778,0,0,0
float32-round-even,fx-tr-glitch,0.9,True,True,0.02736639322918677,0.07528211805555556,0.07244001172988287,0.0681640625,0.03969184027777778,0.02669019835734323,0.014518229166666667,0.046484375,0.04200218562700768,0.034505208333333336,0,0,0
float32-round-even,fx-tr-glitch,1.5,True,True,0.03779344618057223,0.05212673611111111,0.05735864084112281,0.05095486111111111,0.04652777777777778,0.04148774651823176,0.03389756944444444,0.05026041666666667,0.05081237143372654,0.03763020833333333,0,0,0
float32-round-even,fx-tr-glitch,2.1,True,True,0.002300199652779611,0.031749131944444446,0.02330172650544689,0.0026692708333333334,0.03515625,0.02405494734821877,0.0038628472222222224,0.04342447916666667,0.032443641316572853,0.0014539930555555556,0,0,0
float32-round-even,fx-tr-flare,0.3,True,True,0.009750394965280407,0.05262586805555555,0.031787536806743,0.0026258680555555558,0.023546006944444444,0.014886689298165093,0.011827256944444444,0.03289930555555556,0.018788853941823263,0.01015625,0,0,0
float32-round-even,fx-tr-flare,0.9,True,True,0.02549322482640548,0.026909722222222224,0.02352648566177562,0.016840277777777777,0.029861111111111113,0.0301541948353097,0.027083333333333334,0.04750434027777778,0.0411431572814312,0.03522135416666667,0,0,0
float32-round-even,fx-tr-flare,1.5,True,True,0.1245801432291671,0.2960286458333333,0.29450572098921624,0.29390190972222224,0.0826171875,0.0827475402921404,0.08070746527777778,0.06267361111111111,0.06742043735130802,0.06059027777777778,0,0,0
float32-round-even,fx-tr-flare,2.1,True,True,0.0039570833333471,0.05601128472222222,0.0301256760247289,0.00023871527777777777,0.052886284722222225,0.021936155130056624,0.004578993055555556,0.0611328125,0.035138512217475625,0.008745659722222222,0,0,0
float32-round-even,fx-tr-film-burn,0.3,True,True,0.005372369791672327,0.03999565972222222,0.023137845207423485,0.0162109375,0.03155381944444444,0.016909164711579532,0.0036458333333333334,0.027018229166666668,0.021176132743740857,0.009440104166666666,0,0,0
float32-round-even,fx-tr-film-burn,0.9,True,True,0.021704314236103528,0.03161892361111111,0.027369374920737193,0.025716145833333332,0.03480902777777778,0.027861294947242904,0.022135416666666668,0.0169921875,0.016713852375728158,0.005620659722222222,0,0,0
float32-round-even,fx-tr-film-burn,1.5,True,True,0.018295698784726255,0.036393229166666666,0.03354544003690426,0.017469618055555556,0.0296875,0.028225103403322793,0.020182291666666668,0.026692708333333332,0.02040427880278247,0.0020399305555555557,0,0,0
float32-round-even,fx-tr-film-burn,2.1,True,True,0.0029423611111099035,0.036957465277777775,0.021747759852568195,0.010004340277777777,0.033637152777777776,0.017460358932984216,0.00013020833333333333,0.036957465277777775,0.021747759852568195,0.010004340277777777,0,0,0
float32-round-even,fx-ov-glitter-rain,0.3,True,True,0.05311380208334526,0.07873263888888889,0.078388786072339,0.0681423611111111,0.0576171875,0.05327275912857474,0.0482421875,0.07157118055555556,0.07042994393478993,0.057118055555555554,0,0,0
float32-round-even,fx-ov-glitter-rain,0.9,True,True,0.051870863715294036,0.07669270833333333,0.07556662715320109,0.06697048611111112,0.058203125,0.05469465819493948,0.04761284722222222,0.06825086805555555,0.05863493314792913,0.04958767361111111,0,0,0
float32-round-even,fx-ov-glitter-rain,1.5,True,True,0.049761736111122445,0.07432725694444445,0.07170628907106052,0.06490885416666667,0.06002604166666667,0.0501555198267462,0.04401041666666667,0.0732421875,0.0685964407771443,0.06213107638888889,0,0,0
float32-round-even,fx-ov-glitter-rain,2.1,True,True,0.05646510416667638,0.06773003472222222,0.06480309566967317,0.05922309027777778,0.06573350694444445,0.0566010717034311,0.05466579861111111,0.07358940972222222,0.07267550102609777,0.06616753472222223,0,0,0
float32-round-even,fx-ov-gold-dust,0.3,True,True,0.00820341145832515,0.022330729166666667,0.017497073425638447,0.002712673611111111,0.01950954861111111,0.016181095625379227,0.012738715277777778,0.016471354166666667,0.01488373165974201,0.004578993055555556,0,0,0
float32-round-even,fx-ov-gold-dust,0.9,True,True,0.004951627604164344,0.02361111111111111,0.020261609032771726,0.006293402777777778,0.017621527777777778,0.013274827434913513,0.008940972222222222,0.014561631944444445,0.013530174822296726,0.0014539930555555556,0,0,0
float32-round-even,fx-ov-gold-dust,1.5,True,True,0.005261631944442513,0.019270833333333334,0.016837976247241367,0.004166666666666667,0.01755642361111111,0.014620202999709354,0.008875868055555555,0.014973958333333334,0.01608997090621882,0.002777777777777778,0,0,0
float32-round-even,fx-ov-gold-dust,2.1,True,True,0.0021839713541709216,0.023220486111111112,0.0175648415098354,0.005729166666666666,0.015950520833333332,0.011510125480916424,0.005013020833333334,0.018424479166666667,0.019821041543904384,0.0025390625,0,0,0
float32-round-even,fx-ov-bokeh-gold,0.3,True,True,0.0008223133680402839,0.028190104166666667,0.02458197119656523,0.004622395833333333,0.018880208333333332,0.018869476885398813,8.680555555555556e-05,0.017447916666666667,0.025534783995299466,0.003081597222222222,0,0,0
float32-round-even,fx-ov-bokeh-gold,0.9,True,True,0.0001097526041604624,0.02146267361111111,0.026952226762624872,0.004752604166666666,0.021397569444444445,0.019162216550080987,0.001171875,0.02634548611111111,0.027040873699799305,0.00390625,0,0,0
float32-round-even,fx-ov-bokeh-gold,1.5,True,True,0.0023738845486107607,0.020095486111111113,0.026808364801745827,0.0020399305555555557,0.02406684027777778,0.016020610855549216,0.0029296875,0.024370659722222222,0.024924156497078936,0.0021484375,0,0,0
float32-round-even,fx-ov-bokeh-gold,2.1,True,True,0.00014483506944173996,0.02111545138888889,0.023754586685784895,0.0014973958333333334,0.020616319444444444,0.01910897579527658,0.0005208333333333333,0.020594618055555555,0.02397879037282088,0.002756076388888889,0,0,0
float32-round-even,fx-ov-bokeh-pink,0.3,True,True,0.0032712977430549017,0.03042534722222222,0.021056216694739303,0.006423611111111111,0.0162109375,0.011939584449320487,0.004969618055555555,0.037999131944444445,0.03711968550356435,0.014995659722222223,0,0,0
float32-round-even,fx-ov-bokeh-pink,0.9,True,True,0.0006218142360978618,0.03012152777777778,0.025645134243099804,0.014192708333333333,0.0205078125,0.013462485700926178,0.0030164930555555557,0.030078125,0.033390048864661535,0.003298611111111111,0,0,0
float32-round-even,fx-ov-bokeh-pink,1.5,True,True,0.0041822265624915644,0.027408854166666666,0.025852017608026873,0.0023654513888888887,0.018988715277777776,0.014908077448308245,0.0054904513888888885,0.03107638888888889,0.030274620597135864,0.010503472222222223,0,0,0
float32-round-even,fx-ov-bokeh-pink,2.1,True,True,0.0007027560763930296,0.026302083333333334,0.023749534599115673,0.0023003472222222223,0.014561631944444445,0.010920406418321166,0.0005425347222222222,0.03309461805555555,0.03433102349584693,0.0111328125,0,0,0
float32-round-even,fx-ov-sparks,0.3,True,True,0.011539427083334886,0.018359375,0.02159927720878023,0.006814236111111111,0.022916666666666665,0.020915351470861557,0.013324652777777777,0.020833333333333332,0.02245465783887176,0.007769097222222222,0,0,0
float32-round-even,fx-ov-sparks,0.9,True,True,0.014612868923620681,0.022157118055555557,0.02343932746855109,0.008832465277777778,0.024544270833333333,0.024319152450552394,0.017078993055555554,0.022005208333333335,0.02095634051515515,0.0072048611111111115,0,0,0
float32-round-even,fx-ov-sparks,1.5,True,True,0.012796753472230193,0.017643229166666666,0.021520112009837514,0.0074435763888888885,0.0244140625,0.019532138970697156,0.014691840277777778,0.019118923611111113,0.022135113103721273,0.009787326388888889,0,0,0
float32-round-even,fx-ov-sparks,2.1,True,True,0.008632816840282942,0.021744791666666666,0.023498176359385007,0.002690972222222222,0.022591145833333333,0.019499905865185532,0.010698784722222222,0.019856770833333332,0.02101973885197521,0.0056640625,0,0,0
float32-round-even,fx-ov-embers,0.3,True,True,0.05262781249996351,0.07517361111111111,0.06887085564872987,0.06236979166666667,0.0677734375,0.05505896220521633,0.053059895833333336,0.05559895833333333,0.050554116935735194,0.019661458333333333,0,0,0
float32-round-even,fx-ov-embers,0.9,True,True,0.05406828124998242,0.08617621527777777,0.07754003873141614,0.07454427083333333,0.0661892361111111,0.0518955763499646,0.05203993055555556,0.05206163194444444,0.04840712099541848,0.0138671875,0,0,0
float32-round-even,fx-ov-embers,1.5,True,True,0.05094462673611133,0.06966145833333333,0.06563782455386025,0.06458333333333334,0.06605902777777778,0.05169767989209088,0.05043402777777778,0.05217013888888889,0.050220768075666465,0.015842013888888888,0,0,0
float32-round-even,fx-ov-embers,2.1,True,True,0.04926076388889555,0.07395833333333333,0.07389512768955346,0.06970486111111111,0.05881076388888889,0.050365109916421465,0.04665798611111111,0.055512152777777775,0.052178143548522606,0.01484375,0,0,0
float32-round-even,fx-ov-smoke,0.3,True,True,0.020598385416676024,0.02634548611111111,0.028036822750109183,0.012239583333333333,0.0279296875,0.027835260761068372,0.023111979166666668,0.031163194444444445,0.03351886788088893,0.0203125,0,0,0
float32-round-even,fx-ov-smoke,0.9,True,True,0.01835030815971095,0.02131076388888889,0.026374787577522835,0.011328125,0.028125,0.02895785739264264,0.020833333333333332,0.027105034722222223,0.0295033943004494,0.014431423611111112,0,0,0
float32-round-even,fx-ov-smoke,1.5,True,True,0.0171814149305618,0.020247395833333334,0.020555426038150207,0.009526909722222223,0.02931857638888889,0.02680392862335515,0.01890190972222222,0.0318359375,0.03381198209931431,0.022677951388888888,0,0,0
float32-round-even,fx-ov-smoke,2.1,True,True,0.015022217881949018,0.02328559027777778,0.02723977819206195,0.009787326388888889,0.02554253472222222,0.02557199062428618,0.016688368055555555,0.02890625,0.02794429788240836,0.013932291666666667,0,0,0
float32-round-even,fx-ov-fog-white,0.3,True,True,0.024768068576406677,0.04871961805555555,0.04061640023569047,0.03166232638888889,0.043793402777777775,0.03099723825905196,0.022699652777777777,0.041493055555555554,0.03336805567386346,0.024956597222222224,0,0,0
float32-round-even,fx-ov-fog-white,0.9,True,True,0.028151948784710612,0.044422743055555554,0.03752988798542809,0.02736545138888889,0.04045138888888889,0.032452577475330036,0.027604166666666666,0.04383680555555555,0.042863578675738624,0.03589409722222222,0,0,0
float32-round-even,fx-ov-fog-white,1.5,True,True,0.0308136762152742,0.04919704861111111,0.044381011086544415,0.030186631944444445,0.044921875,0.03674253682411509,0.03129340277777778,0.04140625,0.041820571339364516,0.027907986111111113,0,0,0
float32-round-even,fx-ov-fog-white,2.1,True,True,0.026742821180533838,0.049153645833333336,0.043425961591813216,0.026801215277777776,0.04049479166666667,0.03384478862459678,0.026171875,0.04429253472222222,0.04293898995691342,0.0322265625,0,0,0
float32-round-even,fx-ov-galaxy,0.3,True,True,0.011389388020830893,0.0208984375,0.023760275218350578,0.010698784722222222,0.017578125,0.020482806411081893,0.011675347222222222,0.018359375,0.022725429446174984,0.010590277777777778,0,0,0
float32-round-even,fx-ov-galaxy,0.9,True,True,0.012406289062511178,0.023958333333333335,0.02575907477436106,0.011111111111111112,0.019032118055555554,0.01711660498879492,0.013042534722222223,0.0181640625,0.02335186741336098,0.009917534722222222,0,0,0
float32-round-even,fx-ov-galaxy,1.5,True,True,0.01134093315972251,0.02751736111111111,0.02934863811471764,0.016362847222222223,0.019140625,0.015380145044777038,0.00993923611111111,0.02068142361111111,0.023804701296826148,0.010438368055555555,0,0,0
float32-round-even,fx-ov-galaxy,2.1,True,True,0.007323958333323333,0.02478298611111111,0.030576841848956367,0.0035590277777777777,0.013953993055555556,0.014921478229267121,0.007964409722222222,0.0203125,0.023581678659919586,0.012065972222222223,0,0,0
float32-round-even,fx-ov-fireflies,0.3,True,True,0.09893843749999576,0.17300347222222223,0.16553013995694194,0.16349826388888888,0.10961371527777777,0.09186188141541349,0.08465711805555555,0.06970486111111111,0.058992760819012106,0.050303819444444446,0,0,0
float32-round-even,fx-ov-fireflies,0.9,True,True,0.10155810763889406,0.16692708333333334,0.15717823539590442,0.15625,0.1123046875,0.09523658750924754,0.09077690972222222,0.06805555555555555,0.05535704372996365,0.047309027777777776,0,0,0
float32-round-even,fx-ov-fireflies,1.5,True,True,0.10186774305557833,0.17934027777777778,0.16884037746388655,0.17074652777777777,0.11119791666666666,0.08698729712278357,0.08602430555555556,0.07465277777777778,0.06633701994905387,0.055989583333333336,0,0,0
float32-round-even,fx-ov-fireflies,2.1,True,True,0.10154092447916696,0.1697265625,0.16646891949979606,0.1605251736111111,0.11358506944444445,0.09245236775100432,0.08871527777777778,0.07517361111111111,0.06270673433900381,0.05490451388888889,0,0,0
float32-round-even,fx-ov-magic-dust,0.3,True,True,0.02049836371529068,0.029861111111111113,0.023734976012831015,0.0011284722222222221,0.029796006944444446,0.02687157727822474,0.023849826388888887,0.05748697916666667,0.052552448334419646,0.0443359375,0,0,0
float32-round-even,fx-ov-magic-dust,0.9,True,True,0.015010694444441697,0.03578559027777778,0.030516118691318057,0.007790798611111111,0.02476128472222222,0.022359008796161536,0.018815104166666666,0.05570746527777778,0.05465113943832922,0.04446614583333333,0,0,0
float32-round-even,fx-ov-magic-dust,1.5,True,True,0.018623710937490046,0.03424479166666667,0.03138429055818708,0.003689236111111111,0.028276909722222222,0.025836255079882776,0.0240234375,0.0419921875,0.0420145219410735,0.030837673611111113,0,0,0
float32-round-even,fx-ov-magic-dust,2.1,True,True,0.019954626736122805,0.027821180555555554,0.02863780984516172,0.0020399305555555557,0.02992621527777778,0.02496651084924703,0.02341579861111111,0.06458333333333334,0.057669643306127574,0.05043402777777778,0,0,0
float32-round-even,fx-ov-sparkle-white,0.3,True,True,0.007757790798606834,0.05479600694444445,0.024730869969988887,0.007921006944444444,0.02834201388888889,0.018550805265013327,0.011979166666666667,0.03342013888888889,0.02222714042125255,0.012109375,0,0,0
float32-round-even,fx-ov-sparkle-white,0.9,True,True,0.00997538194444303,0.05944010416666667,0.027366387826059047,0.0004557291666666667,0.027582465277777777,0.01841763441844849,0.013042534722222223,0.03539496527777778,0.02665964689796882,0.010308159722222222,0,0,0
float32-round-even,fx-ov-sparkle-white,1.5,True,True,0.011403732638882502,0.06065538194444445,0.025003375490519255,0.004361979166666667,0.03487413194444444,0.02032711131507121,0.0154296875,0.0337890625,0.024932569541217496,0.01794704861111111,0,0,0
float32-round-even,fx-ov-sparkle-white,2.1,True,True,0.007232456597222381,0.06770833333333333,0.02406990058093904,0.0007378472222222222,0.03046875,0.01771269714426139,0.00920138888888889,0.03650173611111111,0.022123715590148214,0.011197916666666667,0,0,0
float32-round-even,fx-ov-glitter,0.3,True,True,0.007665282118068717,0.052886284722222225,0.021023914347910486,0.0009331597222222223,0.030989583333333334,0.017681302543592646,0.008854166666666666,0.028732638888888887,0.025606978831847618,0.015711805555555555,0,0,0
float32-round-even,fx-ov-glitter,0.9,True,True,0.009085664062510546,0.052083333333333336,0.026802881697702043,0.012369791666666666,0.03224826388888889,0.019249241595513982,0.007074652777777778,0.0287109375,0.02419086482073672,0.0193359375,0,0,0
float32-round-even,fx-ov-glitter,1.5,True,True,0.010175034722223586,0.051323784722222224,0.027664295939443084,0.008658854166666667,0.030533854166666666,0.01865770348713355,0.009657118055555556,0.03365885416666667,0.026535694815400756,0.019769965277777777,0,0,0
float32-round-even,fx-ov-glitter,2.1,True,True,0.012670950520828228,0.04900173611111111,0.025810442633227595,0.007074652777777778,0.0306640625,0.02088849281691952,0.013823784722222222,0.03109809027777778,0.025585937859789822,0.01773003472222222,0,0,0
float32-round-even,fx-ov-hearts-pink,0.3,True,True,0.1873261501736181,0.42506510416666665,0.9427108085019998,0.3539279513888889,0.14411892361111112,0.24165957646555666,0.12415364583333334,0.3341145833333333,0.604294336774558,0.32252604166666665,0,0,0
float32-round-even,fx-ov-hearts-pink,0.9,True,True,0.10134087673613124,0.4044921875,1.1192245574204516,0.3951171875,0.05813802083333333,0.2415087870834481,0.01677517361111111,0.10206163194444444,0.7171636016598304,0.07398003472222223,0,0,0
float32-round-even,fx-ov-hearts-pink,1.5,True,True,0.1675330946180651,0.5617838541666667,1.007078385221696,0.5558810763888888,0.10394965277777778,0.2625006627087243,0.054774305555555555,0.2205295138888889,0.7359960504302113,0.14097222222222222,0,0,0
float32-round-even,fx-ov-hearts-pink,2.1,True,True,0.1245896354166689,0.2238498263888889,0.6053771736086584,0.21968315972222222,0.10221354166666667,0.225360301712524,0.09370659722222222,0.16959635416666666,0.6374224075712992,0.15049913194444445,0,0,0
float32-round-even,fx-ov-stars,0.3,True,True,0.012299999999996203,0.02673611111111111,0.033960708419359296,0.016796875,0.02150607638888889,0.02673526073204336,0.0103515625,0.023914930555555554,0.03096682139348724,0.018359375,0,0,0
float32-round-even,fx-ov-stars,0.9,True,True,0.004368624131956267,0.021788194444444443,0.026449013643300753,0.005121527777777778,0.020008680555555554,0.02110968609600971,0.003168402777777778,0.02476128472222222,0.026182234625182158,0.014040798611111112,0,0,0
float32-round-even,fx-ov-stars,1.5,True,True,0.001431176215277219,0.0193359375,0.027914484267949513,0.0018880208333333333,0.021788194444444443,0.02405947633714594,0.0014756944444444444,0.028255208333333334,0.029652891542303016,0.010763888888888889,0,0,0
float32-round-even,fx-ov-stars,2.1,True,True,0.011365147569442513,0.02165798611111111,0.03409876572158109,0.010763888888888889,0.023003472222222224,0.03359615892939949,0.011284722222222222,0.029557291666666666,0.034946463220435424,0.013932291666666667,0,0,0
float32-round-even,fx-ov-confetti,0.3,True,True,0.0012529036458488463,0.055164930555555554,0.024829209689159384,0.0009114583333333333,0.051280381944444446,0.018827888615028824,0.00023871527777777777,0.0279296875,0.0264586258565501,0.0123046875,0,0,0
float32-round-even,fx-ov-confetti,0.9,True,True,0.00087507378472651,0.0658203125,0.028688613988965425,0.0029730902777777776,0.048177083333333336,0.014956013796393981,0.001171875,0.03485243055555556,0.02586222785112105,0.014973958333333334,0,0,0
float32-round-even,fx-ov-confetti,1.5,True,True,0.0022087152777743313,0.06197916666666667,0.02930649420333675,0.009027777777777777,0.04978298611111111,0.017240443929493334,0.0010850694444444445,0.02378472222222222,0.022978993270352365,0.014756944444444444,0,0,0
float32-round-even,fx-ov-confetti,2.1,True,True,0.002616111111109376,0.05835503472222222,0.02655418298949592,0.007703993055555556,0.0486328125,0.016956510172408644,0.00015190972222222222,0.029188368055555556,0.021474917580352058,0.012044270833333334,0,0,0
float32-round-even,fx-ov-snow,0.3,True,True,0.004650876736064902,0.025065104166666668,0.019684887810395547,0.008268229166666667,0.022222222222222223,0.016135598563553403,0.0038194444444444443,0.014388020833333333,0.01205181386732423,0.0022352430555555554,0,0,0
float32-round-even,fx-ov-snow,0.9,True,True,0.008728307291676174,0.02849392361111111,0.02426400738509626,0.009092881944444445,0.026888020833333335,0.02057296289946501,0.0087890625,0.025325520833333334,0.021863879189533735,0.007052951388888889,0,0,0
float32-round-even,fx-ov-snow,1.5,True,True,0.008695611979163687,0.03454861111111111,0.027436929296289936,0.009114583333333334,0.02541232638888889,0.017169438886751542,0.008745659722222222,0.022894965277777776,0.019135988542266825,0.006966145833333334,0,0,0
float32-round-even,fx-ov-snow,2.1,True,True,0.005514322916667425,0.029600694444444443,0.02572426806814506,0.009505208333333333,0.021614583333333333,0.013006745824914632,0.0046875,0.021961805555555554,0.016003958472690066,0.001953125,0,0,0
float32-round-even,fx-ov-rain,0.3,True,True,0.08858966145834302,0.12005208333333334,0.08899145200670487,0.08411458333333334,0.1345486111111111,0.08723666795066641,0.08454861111111112,0.17183159722222222,0.14076992149264866,0.141796875,0,0,0
float32-round-even,fx-ov-rain,0.9,True,True,0.0861688715278035,0.12220052083333334,0.08969431387387243,0.08218315972222222,0.13645833333333332,0.08946870607978968,0.08177083333333333,0.17701822916666668,0.1412269254778288,0.14147135416666667,0,0,0
float32-round-even,fx-ov-rain,1.5,True,True,0.0913341970485817,0.10885416666666667,0.07995755904240687,0.07217881944444444,0.13255208333333332,0.09341091666144688,0.09188368055555556,0.18483072916666668,0.14231870667251625,0.14229600694444444,0,0,0
float32-round-even,fx-ov-rain,2.1,True,True,0.08678601562502308,0.1185546875,0.08593702770919998,0.08187934027777778,0.12599826388888888,0.08464225210555239,0.08289930555555555,0.1730685763888889,0.1401254186464524,0.13973524305555557,0,0,0
float32-round-even,fx-ov-bubbles,0.3,True,True,0.004149032118064611,0.02634548611111111,0.018582463606205517,0.015321180555555555,0.014388020833333333,0.008427898401295255,0.0008897569444444444,0.029405381944444444,0.02205364958032559,0.003537326388888889,0,0,0
float32-round-even,fx-ov-bubbles,0.9,True,True,0.00671973958333183,0.027886284722222224,0.01898217257328661,0.016644965277777778,0.01642795138888889,0.00881044021843646,0.0034071180555555556,0.032703993055555554,0.020788018125394134,0.010308159722222222,0,0,0
float32-round-even,fx-ov-bubbles,1.5,True,True,0.003156736111108671,0.025260416666666667,0.02191454335083666,0.012890625,0.014713541666666666,0.00995510064146242,8.680555555555556e-05,0.021875,0.016361503888220472,0.004904513888888889,0,0,0
float32-round-even,fx-ov-bubbles,2.1,True,True,0.00404847656248819,0.02228732638888889,0.014746993303512963,0.011002604166666667,0.014995659722222223,0.007935799508838891,0.0016276041666666667,0.030598958333333332,0.01833850754950034,0.007552083333333333,0,0,0
float32-round-even,fx-ov-leak-warm,0.3,True,True,0.030054045138882657,0.06443142361111111,0.056293429502327366,0.05349392361111111,0.04060329861111111,0.035321057972257555,0.0267578125,0.03161892361111111,0.03173448637004852,0.006315104166666667,0,0,0
float32-round-even,fx-ov-leak-warm,0.9,True,True,0.03581209201388447,0.061783854166666666,0.05975870532331215,0.04815538194444444,0.05071614583333333,0.045345936762915914,0.0361328125,0.03292100694444444,0.034001162051638514,0.0037109375,0,0,0
float32-round-even,fx-ov-leak-warm,1.5,True,True,0.03585868055553476,0.05525173611111111,0.052639596806970404,0.04505208333333333,0.04967447916666667,0.04520751034096399,0.03617621527777778,0.033854166666666664,0.0270944544735436,0.005642361111111111,0,0,0
float32-round-even,fx-ov-leak-warm,2.1,True,True,0.041342109374980396,0.05740017361111111,0.05494689087369308,0.05002170138888889,0.049609375,0.045574701271865185,0.04162326388888889,0.029969618055555557,0.03430474240593154,0.012999131944444445,0,0,0
float32-round-even,fx-ov-leak-pink,0.3,True,True,0.05637108506942923,0.06851128472222222,0.06770019956580622,0.06291232638888888,0.07139756944444445,0.059250266759494116,0.05434027777777778,0.07953559027777778,0.06356060826570137,0.0572265625,0,0,0
float32-round-even,fx-ov-leak-pink,0.9,True,True,0.0548813281249636,0.06976996527777778,0.06453504751299191,0.05796440972222222,0.06579861111111111,0.058774064072540405,0.054210069444444446,0.06569010416666667,0.05719757244636809,0.05245225694444444,0,0,0
float32-round-even,fx-ov-leak-pink,1.5,True,True,0.052985594618064624,0.060980902777777776,0.0535761897719946,0.05060763888888889,0.06577690972222222,0.05671852496197675,0.05275607638888889,0.0754123263888889,0.06830828358511001,0.06226128472222222,0,0,0
float32-round-even,fx-ov-leak-pink,2.1,True,True,0.060711558159709966,0.06527777777777778,0.06721989155388801,0.06315104166666667,0.07039930555555556,0.06280135175567461,0.06037326388888889,0.06456163194444445,0.06091347074537847,0.05687934027777778,0,0,0
float32-round-even,fx-ov-leak-blue,0.3,True,True,0.051566953125018244,0.06156684027777778,0.058681367477652555,0.04715711805555556,0.05785590277777778,0.05563665931432864,0.05303819444444444,0.055403645833333334,0.05867867196268861,0.04997829861111111,0,0,0
float32-round-even,fx-ov-leak-blue,0.9,True,True,0.05347325520833124,0.0537109375,0.058006796153466086,0.049544270833333334,0.0580078125,0.0560014081934839,0.05470920138888889,0.0607421875,0.0558248136066217,0.05279947916666667,0,0,0
float32-round-even,fx-ov-leak-blue,1.5,True,True,0.05095484375002002,0.049305555555555554,0.05539319589175734,0.04405381944444445,0.056141493055555554,0.05390578490817082,0.05271267361111111,0.06032986111111111,0.0607523678678044,0.053862847222222225,0,0,0
float32-round-even,fx-ov-leak-blue,2.1,True,True,0.05327184027780163,0.056380208333333334,0.05986282570313211,0.054600694444444445,0.05496961805555556,0.05392223574445119,0.05232204861111111,0.06419270833333333,0.060280057471930514,0.05876736111111111,0,0,0
float32-round-even,fx-ov-light-streaks,0.3,False,False,3.1694815321180627,2.5093315972222223,2.7739918575438547,2.5093315972222223,3.2700303819444443,3.5763876306887714,3.2700303819444443,4.117339409722222,4.515237596831529,4.117339409722222,0,0,0
float32-round-even,fx-ov-light-streaks,0.9,False,False,1.4173176996527843,1.117013888888889,1.3874393984462825,1.117013888888889,1.4678385416666666,2.0467835786351225,1.4626302083333333,1.8534288194444444,2.7777550039696455,1.852734375,0,0,0
float32-round-even,fx-ov-light-streaks,1.5,False,False,0.07321905381944305,0.28192274305555554,2.79932766761411,0.12684461805555555,0.14468315972222223,3.724851070543397,0.0630859375,0.20075954861111112,4.725182917067642,0.015690104166666666,0,0,0
float32-round-even,fx-ov-light-streaks,2.1,False,False,0.9349832508680578,0.8819010416666667,3.726283270613453,0.8819010416666667,0.9365668402777778,4.8339143213757385,0.9363932291666667,1.0784505208333333,6.098930931122093,1.077322048611111,0,0,0
float32-round-even,fx-ov-stage-lights,0.3,True,True,0.012829335937503572,0.0173828125,0.019010191601648237,0.006575520833333333,0.018771701388888888,0.01750850547979191,0.0138671875,0.023958333333333335,0.024133675053114874,0.020963541666666665,0,0,0
float32-round-even,fx-ov-stage-lights,0.9,True,True,0.012526050347226203,0.02048611111111111,0.02345222066182,0.013324652777777777,0.015863715277777777,0.015351301272581542,0.011870659722222222,0.02261284722222222,0.023315821845691028,0.016666666666666666,0,0,0
float32-round-even,fx-ov-stage-lights,1.5,True,True,0.010944379340273258,0.025260416666666667,0.023815534906299902,0.014496527777777778,0.013628472222222222,0.014799137216120029,0.008984375,0.022547743055555555,0.02385510754205424,0.01990017361111111,0,0,0
float32-round-even,fx-ov-stage-lights,2.1,True,True,0.014943259548608978,0.0216796875,0.02256432285357015,0.009223090277777778,0.018880208333333332,0.018710170133377863,0.016189236111111113,0.02087673611111111,0.02310191966176954,0.019444444444444445,0,0,0
float32-round-even,fx-ov-bg-purple-smoke,0.3,True,True,0.010572873263889448,0.01916232638888889,0.01986202422260746,0.018467881944444445,0.005750868055555556,0.007474798995615489,0.005750868055555556,0.03509114583333333,0.037393876081292174,0.03509114583333333,0,0,0
float32-round-even,fx-ov-bg-purple-smoke,0.9,True,True,0.012389539930559579,0.019487847222222222,0.02041694464142516,0.018055555555555554,0.007964409722222222,0.008501465520085759,0.007964409722222222,0.04236111111111111,0.04126020805818878,0.039539930555555554,0,0,0
float32-round-even,fx-ov-bg-purple-smoke,1.5,True,True,0.011766467013885062,0.023372395833333334,0.024968671172350094,0.020247395833333334,0.0067708333333333336,0.007386338779112424,0.006597222222222222,0.04090711805555555,0.0400729376592713,0.037999131944444445,0,0,0
float32-round-even,fx-ov-bg-purple-smoke,2.1,True,True,0.009929973958335836,0.018598090277777778,0.018150493289445648,0.010959201388888888,0.006553819444444445,0.006918286105257196,0.006553819444444445,0.04138454861111111,0.03901005024861143,0.04034288194444444,0,0,0
float32-round-even,fx-ov-bg-pastel-ink,0.3,True,True,0.043628454861135424,0.008528645833333333,0.008268655207326355,0.008528645833333333,0.05423177083333333,0.057076273213588706,0.05423177083333333,0.04194878472222222,0.04204317518567325,0.04194878472222222,0,0,0
float32-round-even,fx-ov-bg-pastel-ink,0.9,True,True,0.042588728298625256,0.011653645833333334,0.013018855257504775,0.011653645833333334,0.051605902777777775,0.05015571914325408,0.051605902777777775,0.04435763888888889,0.04627946425328525,0.04435763888888889,0,0,0
float32-round-even,fx-ov-bg-pastel-ink,1.5,True,True,0.04397176649305834,0.011002604166666667,0.011492067661908986,0.011002604166666667,0.053211805555555554,0.05309076735733395,0.053211805555555554,0.04952256944444444,0.04871679765477552,0.04952256944444444,0,0,0
float32-round-even,fx-ov-bg-pastel-ink,2.1,True,True,0.05113398003473435,0.007877604166666666,0.0075938566654383905,0.007877604166666666,0.06493055555555556,0.06543051761561156,0.06493055555555556,0.041840277777777775,0.04166963192589172,0.041840277777777775,0,0,0
float32-round-even,fx-ov-bg-pink-gradient,0.3,True,True,0.017594986979162286,0.001736111111111111,0.002076709779702026,0.001736111111111111,0.017447916666666667,0.017248426843089925,0.017274305555555557,0.06781684027777778,0.06777914530893624,0.06746961805555556,0,0,0
float32-round-even,fx-ov-bg-pink-gradient,0.9,True,True,0.017506553819444548,0.001974826388888889,0.0016813129132797308,0.0016276041666666667,0.01720920138888889,0.017474688612524773,0.01720920138888889,0.06720920138888889,0.06719137901160704,0.06720920138888889,0,0,0
float32-round-even,fx-ov-bg-pink-gradient,1.5,True,True,0.017524097222207047,0.0011067708333333333,0.0010405866454592245,0.0007161458333333333,0.017816840277777777,0.01771800277303159,0.017469618055555556,0.06755642361111111,0.06750315099804732,0.06755642361111111,0,0,0
float32-round-even,fx-ov-bg-pink-gradient,2.1,True,True,0.017338489583323735,0.002018229166666667,0.001978225720904802,0.0016710069444444444,0.017361111111111112,0.01714684775868133,0.017013888888888887,0.06668836805555556,0.06696514202882703,0.06668836805555556,0,0,0
float32-round-even,fx-ov-bg-blue-hearts,0.3,True,True,0.02405315104165595,0.013715277777777778,0.013926609754433312,0.012586805555555556,0.023893229166666665,0.023917061633592952,0.023155381944444445,0.06671006944444445,0.06756470275943607,0.06671006944444445,0,0,0
float32-round-even,fx-ov-bg-blue-hearts,0.9,True,True,0.02480491753472336,0.01154513888888889,0.010996023480114234,0.010069444444444445,0.026128472222222223,0.024715962217776995,0.024913194444444446,0.06829427083333334,0.06680799579092943,0.06712239583333333,0,0,0
float32-round-even,fx-ov-bg-blue-hearts,1.5,True,True,0.024443120659725537,0.01657986111111111,0.014144946225873143,0.012934027777777777,0.02421875,0.023913810649810335,0.0234375,0.06829427083333334,0.06910845754785509,0.06829427083333334,0,0,0
float32-round-even,fx-ov-bg-blue-hearts,2.1,True,True,0.025676184895829124,0.013715277777777778,0.01300281118610842,0.01228298611111111,0.02654079861111111,0.028197797855702166,0.024978298611111113,0.07202690972222223,0.07373611953361701,0.07202690972222223,0,0,0
float32-round-even,fx-ov-bg-pink-bokeh,0.3,True,True,0.014559509548611516,0.04986979166666667,0.05318346228604709,0.04917534722222222,0.0048177083333333336,0.011394094760721698,0.0030381944444444445,0.02892795138888889,0.03395019687959024,0.0267578125,0,0,0
float32-round-even,fx-ov-bg-pink-bokeh,0.9,True,True,0.014311263020829301,0.04921875,0.04762040562237099,0.04774305555555555,0.004622395833333333,0.008166621998101826,0.0030598958333333333,0.02771267361111111,0.03161159740965041,0.02732204861111111,0,0,0
float32-round-even,fx-ov-bg-pink-bokeh,1.5,True,True,0.01441309895833598,0.05119357638888889,0.051855628525217044,0.050455729166666664,0.005164930555555555,0.005772685884964022,0.002387152777777778,0.028450520833333333,0.03138942678394763,0.027408854166666666,0,0,0
float32-round-even,fx-ov-bg-pink-bokeh,2.1,True,True,0.013313563368058112,0.04861111111111111,0.04874810500178469,0.04782986111111111,0.005316840277777778,0.009207618841698451,0.0018012152777777779,0.02719184027777778,0.03181784378859604,0.025716145833333332,0,0,0
float32-round-even,fx-ov-bg-golden-band,0.3,True,True,0.004316796875000861,0.007769097222222222,0.006636810325014354,0.006727430555555556,0.004318576388888889,0.003535269607591051,0.0036241319444444446,0.004427083333333333,0.0038996578346038153,0.004079861111111111,0,0,0
float32-round-even,fx-ov-bg-golden-band,0.9,True,True,0.003596723090277365,0.0060546875,0.005929016396620579,0.0057074652777777775,0.0034939236111111113,0.0033733665888562,0.0029730902777777776,0.0035590277777777777,0.0034617207936043807,0.0035590277777777777,0,0,0
float32-round-even,fx-ov-bg-golden-band,1.5,True,True,0.00448555989583177,0.0069010416666666664,0.007278290815387646,0.0069010416666666664,0.004166666666666667,0.0037494134214265426,0.0038194444444444443,0.0039713541666666664,0.0038868398111780236,0.0039713541666666664,0,0,0
float32-round-even,fx-ov-bg-golden-band,2.1,True,True,0.004625976562502743,0.005360243055555556,0.005206286854052465,0.005013020833333334,0.0052517361111111115,0.00450629495278448,0.004557291666666667,0.004166666666666667,0.004088598729708397,0.004166666666666667,0,0,0
float32-round-even,fx-ov-bg-blue-smoke,0.3,True,True,0.007483493923613693,0.009309895833333333,0.01026286496649116,0.00896267361111111,0.007942708333333333,0.008820336568782542,0.0069010416666666664,0.011371527777777777,0.013738840903726394,0.008897569444444444,0,0,0
float32-round-even,fx-ov-bg-blue-smoke,0.9,True,True,0.008476132812500481,0.01447482638888889,0.017869711737035752,0.01447482638888889,0.008094618055555556,0.008600835559329162,0.006532118055555556,0.0140625,0.014893873423101622,0.010069444444444445,0,0,0
float32-round-even,fx-ov-bg-blue-smoke,1.5,True,True,0.010960585937500156,0.01310763888888889,0.014836811166013231,0.01310763888888889,0.009895833333333333,0.010565813712379855,0.009722222222222222,0.01794704861111111,0.017188238308914538,0.016905381944444443,0,0,0
float32-round-even,fx-ov-bg-blue-smoke,2.1,True,True,0.011311080729166534,0.014453125,0.015886393070169466,0.014453125,0.009461805555555555,0.010757783851767124,0.009461805555555555,0.020768229166666666,0.022803628168402094,0.020377604166666667,0,0,0
float32-round-even,fx-ov-bg-light-wall,0.3,True,True,0.03763320746526233,0.02892795138888889,0.02849514774872511,0.02892795138888889,0.04040798611111111,0.03894707965100068,0.040234375,0.0375,0.03750373011736186,0.0375,0,0,0
float32-round-even,fx-ov-bg-light-wall,0.9,True,True,0.030299184027768433,0.024609375,0.02461227206995947,0.024609375,0.03200954861111111,0.031641491272290344,0.03166232638888889,0.03355034722222222,0.03343229671772354,0.03355034722222222,0,0,0
float32-round-even,fx-ov-bg-light-wall,1.5,True,True,0.03302319878470428,0.03253038194444444,0.030619832041225464,0.03253038194444444,0.03298611111111111,0.03212459484679627,0.03263888888888889,0.03828125,0.038797253569975106,0.03828125,0,0,0
float32-round-even,fx-ov-bg-light-wall,2.1,True,True,0.03598225694445034,0.028624131944444443,0.028487461051787073,0.027842881944444446,0.03802083333333333,0.038023557980877684,0.03780381944444444,0.041905381944444445,0.04392971180199982,0.041905381944444445,0,0,0
float32-round-even,fx-ov-bg-3d-shapes,0.3,False,False,0.8533898263889057,1.5552734375,10.30686682952291,0.8707682291666666,1.5759331597222221,10.14481539181487,0.8485026041666667,1.3631727430555556,9.336321779716078,0.8506293402777778,0,0,0
float32-round-even,fx-ov-bg-3d-shapes,0.9,False,False,0.8225877907985932,1.538888888888889,10.236666877422694,0.8455729166666667,1.555490451388889,10.085516111465331,0.8148654513888889,1.3413845486111111,9.302238470270638,0.8314019097222223,0,0,0
float32-round-even,fx-ov-bg-3d-shapes,1.5,False,False,0.7839990581597078,1.5121744791666667,10.133084044299078,0.8124782986111111,1.5303602430555556,9.992962068044783,0.7735894097222222,1.3157118055555554,9.203826042351517,0.8032552083333333,0,0,0
float32-round-even,fx-ov-bg-3d-shapes,2.1,False,False,0.7118238368055358,1.4307508680555556,10.004011379980506,0.7422526041666667,1.4674913194444446,9.873350730315027,0.7013454861111111,1.2545789930555555,9.105826085306951,0.7260199652777778,0,0,0
float32-round-even,fx-ov-bg-red-hearts,0.3,True,True,0.003996523437500343,0.020703125,0.02096331508738989,0.01892361111111111,0.00034722222222222224,0.00045003485157928103,0,0.0003689236111111111,0.0005649661132302374,0.0003689236111111111,0,0,0
float32-round-even,fx-ov-bg-red-hearts,0.9,True,True,0.004067847222216869,0.018771701388888888,0.0188859384235308,0.018424479166666667,0.00017361111111111112,0.00025980398467321294,0.00017361111111111112,0.0003689236111111111,0.00033506003678550626,0.0003689236111111111,0,0,0
float32-round-even,fx-ov-bg-red-hearts,1.5,True,True,0.0039005381944434703,0.018641493055555555,0.019229964938586103,0.01794704861111111,0.00017361111111111112,0.0003911009582293471,0.00017361111111111112,0.0005425347222222222,0.0005406290207963423,0.0005425347222222222,0,0,0
float32-round-even,fx-ov-bg-red-hearts,2.1,True,True,0.004041076388887177,0.019292534722222223,0.01970323161571566,0.019292534722222223,0.0006076388888888889,0.0008092078178662106,8.680555555555556e-05,0.0003689236111111111,0.0005152679357053244,2.170138888888889e-05,0,0,0
float32-round-even,fx-ov-sc-aurora,0.3,True,True,0.0164199479166669,0.005577256944444445,0.005573627966481946,0.005577256944444445,0.01955295138888889,0.019176792180962694,0.01937934027777778,0.019813368055555555,0.01811335191665541,0.019032118055555554,0,0,0
float32-round-even,fx-ov-sc-aurora,0.9,True,True,0.014185355902775143,0.006206597222222222,0.0058294690248934045,0.005815972222222222,0.016861979166666666,0.01652823688495581,0.016514756944444445,0.016796875,0.015777480764328444,0.015755208333333333,0,0,0
float32-round-even,fx-ov-sc-aurora,1.5,True,True,0.013201840277787369,0.0054904513888888885,0.005255210305620692,0.0054904513888888885,0.015256076388888888,0.015227636331918083,0.015256076388888888,0.015559895833333334,0.016220120122586203,0.015559895833333334,0,0,0
float32-round-even,fx-ov-sc-aurora,2.1,True,True,0.01066187065972457,0.005186631944444444,0.005751702861514232,0.0044921875,0.012174479166666667,0.012619572373654806,0.012174479166666667,0.01384548611111111,0.014055914172054311,0.01384548611111111,0,0,0
float32-round-even,fx-ov-sc-milky-way,0.3,True,True,0.010611588541667771,0.017296006944444445,0.017566000286246514,0.0166015625,0.009223090277777778,0.009929177251204721,0.008528645833333333,0.0154296875,0.014880550298953597,0.013606770833333334,0,0,0
float32-round-even,fx-ov-sc-milky-way,0.9,True,True,0.009564887152777146,0.013042534722222223,0.013296762281916518,0.011610243055555556,0.009461805555555555,0.009749109045094968,0.008246527777777778,0.017296006944444445,0.01754539814889747,0.0166015625,0,0,0
float32-round-even,fx-ov-sc-milky-way,1.5,True,True,0.009787204861112286,0.013368055555555555,0.01420773529995335,0.012630208333333334,0.009331597222222222,0.0094863293733158,0.00859375,0.013975694444444445,0.013813548658009907,0.013237847222222222,0,0,0
float32-round-even,fx-ov-sc-milky-way,2.1,True,True,0.010295759548611727,0.014171006944444444,0.015332352293925612,0.013433159722222223,0.00993923611111111,0.010641756838101242,0.008680555555555556,0.017447916666666667,0.01771393587202217,0.017057291666666665,0,0,0
float32-round-even,fx-ov-sc-sunset-sea,0.3,True,True,0.02748140624998996,0.031684027777777776,0.03201694456329915,0.031336805555555555,0.026410590277777778,0.02679423322503707,0.026410590277777778,0.02673611111111111,0.027266416372312665,0.02673611111111111,0,0,0
float32-round-even,fx-ov-sc-sunset-sea,0.9,True,True,0.028361966145823203,0.029014756944444445,0.029174215583783913,0.02866753472222222,0.028559027777777777,0.028654752106915055,0.028211805555555556,0.02894965277777778,0.028401837918668314,0.02894965277777778,0,0,0
float32-round-even,fx-ov-sc-sunset-sea,1.5,True,True,0.027877621527764518,0.02749565972222222,0.028081838394025456,0.0271484375,0.028211805555555556,0.028082711302711817,0.028211805555555556,0.02671440972222222,0.026743255112972868,0.02671440972222222,0,0,0
float32-round-even,fx-ov-sc-sunset-sea,2.1,True,True,0.027946015624991105,0.030143229166666667,0.03213782650131718,0.030143229166666667,0.027452256944444444,0.027766505776551723,0.027452256944444444,0.0263671875,0.026576866197384735,0.0263671875,0,0,0
float32-round-even,fx-ov-sc-moon-dunes,0.3,True,True,0.011260082465277321,0.008029513888888888,0.0078066151380513475,0.008029513888888888,0.0115234375,0.011440328557982079,0.0115234375,0.0181640625,0.01761318311912839,0.0181640625,0,0,0
float32-round-even,fx-ov-sc-moon-dunes,0.9,True,True,0.010648012152778108,0.010286458333333333,0.010680323076556475,0.010286458333333333,0.010112847222222223,0.010146810598839704,0.010112847222222223,0.017013888888888887,0.01653504457285876,0.017013888888888887,0,0,0
float32-round-even,fx-ov-sc-moon-dunes,1.5,True,True,0.009946323784717492,0.0078125,0.007550306957951464,0.0078125,0.009917534722222222,0.010288418002743844,0.009917534722222222,0.016514756944444445,0.01611674420096518,0.016514756944444445,0,0,0
float32-round-even,fx-ov-sc-moon-dunes,2.1,True,True,0.010688168402772646,0.008984375,0.008715349049658414,0.008984375,0.010503472222222223,0.01067233978189471,0.010503472222222223,0.017534722222222222,0.01807862663911513,0.017534722222222222,0,0,0
float32-round-even,fx-ov-sc-clouds,0.3,True,True,0.02026112847222805,0.006532118055555556,0.006906126001821441,0.0018012152777777779,0.02165798611111111,0.019001145768465455,0.019401041666666667,0.08313802083333334,0.08517256418119976,0.08313802083333334,0,0,0
float32-round-even,fx-ov-sc-clouds,0.9,True,True,0.023264401041672045,0.0109375,0.010842533187339744,0.0019097222222222222,0.02443576388888889,0.02262780564748975,0.023307291666666667,0.0857204861111111,0.08778034002446751,0.0857204861111111,0,0,0
float32-round-even,fx-ov-sc-clouds,1.5,True,True,0.02666089843745567,0.014626736111111111,0.013368767744335064,0.0033854166666666668,0.030490451388888888,0.027081315090626643,0.027799479166666665,0.08391927083333334,0.08178151143322526,0.08391927083333334,0,0,0
float32-round-even,fx-ov-sc-clouds,2.1,True,True,0.03190426215277853,0.02048611111111111,0.01890060743215823,0.008854166666666666,0.034331597222222225,0.03293154142820586,0.033463541666666666,0.08433159722222222,0.08552832991809532,0.08433159722222222,0,0,0
float32-round-even,fx-ov-sc-snowy-night,0.3,True,True,0.03830925347222092,0.04791666666666667,0.04713415304754209,0.047526041666666664,0.033854166666666664,0.03322470971651237,0.03333333333333333,0.061197916666666664,0.06161381238558195,0.060460069444444445,0,0,0
float32-round-even,fx-ov-sc-snowy-night,0.9,True,True,0.03857157118056165,0.0470703125,0.04656228067724071,0.0470703125,0.036046006944444445,0.03449064228118391,0.034657118055555554,0.05232204861111111,0.052244959769416066,0.05232204861111111,0,0,0
float32-round-even,fx-ov-sc-snowy-night,1.5,True,True,0.03869705295138459,0.04798177083333333,0.04699417455182652,0.04724392361111111,0.03572048611111111,0.03475552405126006,0.034765625,0.053168402777777776,0.05249128512435629,0.052473958333333334,0,0,0
float32-round-even,fx-ov-sc-snowy-night,2.1,True,True,0.037755551215283845,0.04600694444444445,0.04463019599452466,0.044921875,0.03448350694444444,0.03385776437834673,0.03357204861111111,0.059136284722222224,0.05717964703637561,0.058094618055555554,0,0,0
float32-round-even,fx-ov-sc-ocean,0.3,True,True,0.05754682725694238,0.037369791666666666,0.037825788350718016,0.037369791666666666,0.06397569444444444,0.06358356648743756,0.06397569444444444,0.053276909722222224,0.05225761928559515,0.053276909722222224,0,0,0
float32-round-even,fx-ov-sc-ocean,0.9,True,True,0.05671385416667363,0.03630642361111111,0.03670800490081453,0.03630642361111111,0.06382378472222222,0.06294507719933674,0.06382378472222222,0.046375868055555554,0.04621509037220653,0.046375868055555554,0,0,0
float32-round-even,fx-ov-sc-ocean,1.5,True,True,0.05535402777778131,0.03654513888888889,0.036423772804701056,0.03654513888888889,0.06319444444444444,0.06210166614954203,0.06319444444444444,0.03307291666666667,0.03230565099906676,0.03307291666666667,0,0,0
float32-round-even,fx-ov-sc-ocean,2.1,True,True,0.05555252170140079,0.03582899305555556,0.03579664947351409,0.03582899305555556,0.06432291666666666,0.06357471448081582,0.06414930555555555,0.02847222222222222,0.027279846569524188,0.02847222222222222,0,0,0
float32-round-even,fx-ov-sc-shooting-stars,0.3,True,True,0.0006672916666676798,0.0005425347222222222,0.0011878459672159394,0.0005425347222222222,0.0009765625,0.0012317554741540914,0.0006293402777777778,0.0028862847222222224,0.0026209951750806155,0.0014105902777777778,0,0,0
float32-round-even,fx-ov-sc-shooting-stars,0.9,True,True,0.0013652300347235524,0.009874131944444444,0.008038083072266045,0.0009765625,0.009526909722222223,0.008475537781142775,0.001193576388888889,0.009852430555555555,0.010734091719801966,0.004210069444444444,0,0,0
float32-round-even,fx-ov-sc-shooting-stars,1.5,True,True,0.2950681032986111,0.2765842013888889,0.2846231955277319,0.2765842013888889,0.3005642361111111,0.30746892044117585,0.3005642361111111,0.2950520833333333,0.3021445237334082,0.2950520833333333,0,0,0
float32-round-even,fx-ov-sc-shooting-stars,2.1,True,True,0.18509167968749995,0.18498263888888888,0.39808092180566923,0.18498263888888888,0.18346354166666667,0.383763411444499,0.18346354166666667,0.2015407986111111,0.4276137775498078,0.2015407986111111,0,0,0
float32-round-even,fx-ov-tr-shape-pop,0.3,True,True,0.009190559895827732,0.05067274305555555,0.020585288221871025,0.002105034722222222,0.029600694444444443,0.01789845004509719,0.010590277777777778,0.027083333333333334,0.024470726201222762,0.016189236111111113,0,0,0
float32-round-even,fx-ov-tr-shape-pop,0.9,True,True,0.0007799262153014297,0.0012369791666666666,0.0018918963600080886,0.0012369791666666666,0.0012586805555555556,0.0010322940257508997,0.00047743055555555554,0.0024305555555555556,0.0019503439562020626,0.0024305555555555556,0,0,0
float32-round-even,fx-ov-tr-shape-pop,1.5,True,True,0.006316467013903093,0.031163194444444445,0.01866433655144389,0.008159722222222223,0.016167534722222224,0.010666845747047208,0.0054904513888888885,0.015842013888888888,0.014071865753073102,0.009071180555555556,0,0,0
float32-round-even,fx-ov-tr-shape-pop,2.1,True,True,0.01190944444444142,0.04813368055555556,0.02534026100336182,0.006597222222222222,0.029014756944444445,0.01991673411362201,0.012955729166666667,0.03090277777777778,0.025689733437207977,0.0171875,0,0,0
float32-round-even,fx-ov-tr-glow-blob,0.3,True,True,0.0025673437500302043,0.003515625,0.005242565055806235,4.340277777777778e-05,0.003298611111111111,0.003963748378092503,0.003125,0.005121527777777778,0.0048315309520673465,0.0047309027777777775,0,0,0
float32-round-even,fx-ov-tr-glow-blob,0.9,True,True,0,0,0,0,0,0,0,0,0,0,0,0,0
float32-round-even,fx-ov-tr-glow-blob,1.5,True,True,0.0024280772569511555,0.0021484375,0.0023574580359708793,2.170138888888889e-05,0.0032335069444444442,0.003263352893527408,0.0030598958333333333,0.0036024305555555558,0.0027393064351471687,0.0032552083333333335,0,0,0
float32-round-even,fx-ov-tr-glow-blob,2.1,True,True,0.008219427083361097,0.006206597222222222,0.005923842233426878,0.0048177083333333336,0.0091796875,0.007856080062239144,0.0091796875,0.009809027777777778,0.008084590058273196,0.008723958333333334,0,0,0
float32-round-even,fx-ov-tr-fire-wipe,0.3,True,True,0.01714888020834593,0.019661458333333333,0.022029739004760355,0.010894097222222222,0.030013020833333334,0.023539101411873042,0.0201171875,0.010720486111111111,0.01666775863769362,0.006163194444444444,0,0,0
float32-round-even,fx-ov-tr-fire-wipe,0.9,True,True,0.028510021701393384,0.03904079861111111,0.036625992714501746,0.032703993055555554,0.030598958333333332,0.03170285169508292,0.02894965277777778,0.013715277777777778,0.015574113859884036,0.011805555555555555,0,0,0
float32-round-even,fx-ov-tr-fire-wipe,1.5,True,True,0.01637287760416939,0.021397569444444445,0.0250638895875124,0.01853298611111111,0.024826388888888887,0.02255171355932205,0.016145833333333335,0.013650173611111111,0.018423759985224143,0.012261284722222222,0,0,0
float32-round-even,fx-ov-tr-fire-wipe,2.1,True,True,0.010215798611113769,0.020833333333333332,0.020425270456368914,0.006944444444444444,0.02541232638888889,0.019833068186024545,0.012044270833333334,0.009548611111111112,0.016531697107393665,0.001736111111111111,0,0,0
float32-round-even,fx-ov-tr-ink,0.3,True,True,7.040798611157584e-05,0.00920138888888889,0.0056111131377186586,0.00017361111111111112,0.00798611111111111,0.004931491605698848,0.00034722222222222224,0.004036458333333334,0.005398779959611401,0.001953125,0,0,0
float32-round-even,fx-ov-tr-ink,0.9,True,True,0,0,0,0,0,0,0,0,0,0,0,0,0
float32-round-even,fx-ov-tr-ink,1.5,True,True,0.0016240538194463028,0.006184895833333333,0.006714995412381008,0.0026258680555555558,0.005859375,0.0038468604452379872,0.0015625,0.0025390625,0.0032213341456279877,0.0007161458333333333,0,0,0
float32-round-even,fx-ov-tr-ink,2.1,True,True,0.0005028081597231449,0.013151041666666667,0.01075015283999348,0.00043402777777777775,0.009982638888888888,0.00563306843475183,0.0007378472222222222,0.0044921875,0.00559124430950644,0.0009331597222222223,0,0,0
float32-round-even,fx-ov-tr-light-burst,0.3,False,False,1.1439047439236134,1.5356770833333333,6.053539578972501,1.2443576388888888,1.4412543402777778,5.375652230825343,1.1150390625,1.5152994791666667,5.435986359239571,1.1340494791666667,0,0,0
float32-round-even,fx-ov-tr-light-burst,0.9,False,False,0.7550896006944399,0.7861979166666667,2.2201897685874252,0.7846354166666667,0.7472439236111111,1.9577000339331585,0.7456814236111111,0.7630642361111111,1.9006673082821919,0.7612847222222222,0,0,0
float32-round-even,fx-ov-tr-light-burst,1.5,True,True,0.2028835112847318,0.3268012152777778,0.6744180206658299,0.3201171875,0.19457465277777777,0.6606613389069207,0.16636284722222222,0.22152777777777777,0.6895335195390662,0.21944444444444444,0,0,0
float32-round-even,fx-ov-tr-light-burst,2.1,False,False,1.1371940364583253,1.5270833333333333,6.042506301994802,1.2506944444444446,1.4242404513888889,5.374863206878773,1.1039279513888889,1.4547743055555555,5.391188502532433,1.1325086805555555,0,0,0
float32-round-even,fx-ov-tr-scribble,0.3,False,False,0.026141835937494307,0.4019314236111111,2.5903418309085717,0.39407552083333336,0.18895399305555555,0.6564867381114006,0.06577690972222222,0.45,1.7044662019523509,0.14674479166666668,0,0,0
float32-round-even,fx-ov-tr-scribble,0.9,False,False,0.3878552430555544,1.07578125,8.59941530315841,1.07578125,0.7624565972222223,2.691153493893301,0.3294704861111111,1.166015625,5.704341226596581,1.0594618055555556,0,0,0
float32-round-even,fx-ov-tr-scribble,1.5,False,False,0.44494176215278003,0.8229383680555555,2.6776967432237835,0.8229383680555555,0.464453125,1.523319371512608,0.439453125,0.6741970486111111,1.8958430889547724,0.6137369791666667,0,0,0
float32-round-even,fx-ov-tr-scribble,2.1,False,False,0.02191488715278922,0.45427517361111114,2.190800865183101,0.44255642361111114,0.16940104166666667,0.5683848199793826,0.14127604166666666,0.3611328125,1.4149206364571505,0.2072265625,0,0,0
float32-round-even,fx-ov-el-speed-lines,0.3,True,True,0.00260631944445322,0.03784722222222222,0.030468589023930414,0.005772569444444445,0.03680555555555556,0.024992728436111285,0.001345486111111111,0.03784722222222222,0.030468589023930414,0.005772569444444445,0,0,0
float32-round-even,fx-ov-el-speed-lines,0.9,True,True,0.002947743055557339,0.03806423611111111,0.022841965153823807,0.0014756944444444444,0.037608506944444446,0.017778563246660134,0.004709201388888889,0.03806423611111111,0.022841965153823807,0.0014756944444444444,0,0,0
float32-round-even,fx-ov-el-speed-lines,1.5,True,True,0.00296302083333444,0.040863715277777775,0.02536914334495747,0.0037109375,0.03344184027777778,0.018791455118235875,0.005620659722222222,0.040863715277777775,0.02536914334495747,0.0037109375,0,0,0
float32-round-even,fx-ov-el-speed-lines,2.1,True,True,0.0031398611111228547,0.03747829861111111,0.02460046295741685,0.01091579861111111,0.03459201388888889,0.02045254588977005,4.340277777777778e-05,0.03747829861111111,0.02460046295741685,0.01091579861111111,0,0,0
float32-round-even,fx-ov-el-lightning,0.3,True,True,0.002610164930558767,0.0306640625,0.0271250310874359,0.0115234375,0.02033420138888889,0.013975865928232422,0.0007595486111111111,0.026801215277777776,0.027382594506524086,0.009743923611111111,0,0,0
float32-round-even,fx-ov-el-lightning,0.9,True,True,0.022707404513880647,0.1384765625,1.5402895291856138,0.016644965277777778,0.10321180555555555,1.4547797036464147,0.020052083333333335,0.14476996527777777,1.6400791111418938,0.06686197916666667,0,0,0
float32-round-even,fx-ov-el-lightning,1.5,True,True,0.009055269097210328,0.015516493055555556,0.011527713202810356,0.0059244791666666664,0.018619791666666666,0.010097657492106097,0.009114583333333334,0.024370659722222222,0.01917557251744378,0.017686631944444444,0,0,0
float32-round-even,fx-ov-el-lightning,2.1,True,True,0.014335234375003836,0.020399305555555556,0.01623024888052533,0.013888888888888888,0.02209201388888889,0.015664880489756488,0.014149305555555556,0.026692708333333332,0.021417703246806002,0.017491319444444445,0,0,0
float32-round-even,fx-ov-el-moon,0.3,True,True,0.008522074652788092,0.025108506944444445,0.02568166453328534,0.0001953125,0.024175347222222223,0.021295256348765102,0.011631944444444445,0.01968315972222222,0.023225820882411843,0.0022352430555555554,0,0,0
float32-round-even,fx-ov-el-moon,0.9,True,True,0.007279401041671463,0.017816840277777777,0.02147349808614518,0.0008897569444444444,0.022005208333333335,0.019906100648303855,0.009635416666666667,0.021375868055555556,0.02186435637411034,0.002756076388888889,0,0,0
float32-round-even,fx-ov-el-moon,1.5,True,True,0.011476805555531655,0.020941840277777776,0.022911034359863854,0.005620659722222222,0.024826388888888887,0.02341324689578385,0.014019097222222223,0.020811631944444443,0.02469289322099222,0.003537326388888889,0,0,0
float32-round-even,fx-ov-el-moon,2.1,True,True,0.006974357638895867,0.023980034722222224,0.021494318585549052,0.0030164930555555557,0.023546006944444444,0.02058347077505385,0.009787326388888889,0.02931857638888889,0.025507093386767758,0.008528645833333333,0,0,0
float32-round-even,fx-ov-el-smoke-puff,0.3,True,True,0.019440199652763113,0.05277777777777778,0.037983255539496254,0.019748263888888888,0.054535590277777775,0.032486343273959356,0.020811631944444443,0.033680555555555554,0.0324327048493931,0.0049479166666666664,0,0,0
float32-round-even,fx-ov-el-smoke-puff,0.9,True,True,0.03912831597222066,0.06213107638888889,0.059505560177067894,0.044422743055555554,0.05744357638888889,0.04539502977094068,0.040516493055555554,0.033355034722222225,0.029870576954989077,0.009787326388888889,0,0,0
float32-round-even,fx-ov-el-smoke-puff,1.5,True,True,0.047908697916653864,0.06901041666666667,0.0665726669423473,0.06219618055555556,0.058051215277777776,0.04885988773692817,0.0466796875,0.03337673611111111,0.03154774757901775,0.018012152777777776,0,0,0
float32-round-even,fx-ov-el-smoke-puff,2.1,True,True,0.05123995225693534,0.08424479166666667,0.06980049599919003,0.06905381944444444,0.06831597222222222,0.0523886333731042,0.049305555555555554,0.04203559027777778,0.0387010973521911,0.01794704861111111,0,0,0
float32-round-even,fx-ov-film-dust,0.3,True,True,0.04793910590277051,0.17528211805555555,0.28019798755945724,0.08118489583333334,0.12495659722222222,0.245062422457439,0.038411458333333336,0.11629774305555556,0.2702855917884033,0.044422743055555554,0,0,0
float32-round-even,fx-ov-film-dust,0.9,True,True,0.10053394097222679,0.22864583333333333,0.4215958073779801,0.1716579861111111,0.1291015625,0.2840631428454505,0.07840711805555556,0.1517361111111111,0.32306655808432877,0.11028645833333334,0,0,0
float32-round-even,fx-ov-film-dust,1.5,True,True,0.02499338541664997,0.1384982638888889,0.22714021110168234,0.052473958333333334,0.10885416666666667,0.20562403558532347,0.01349826388888889,0.11223958333333334,0.2437649971691259,0.057942708333333336,0,0,0
float32-round-even,fx-ov-film-dust,2.1,True,True,0.051588146701391224,0.1447048611111111,0.3892126460438631,0.03155381944444444,0.1472873263888889,0.3079118097865342,0.05748697916666667,0.1695529513888889,0.3386639413201893,0.0521484375,0,0,0
float32-round-even,fx-ov-grain,0.3,True,True,0.09206902777779646,0.19602864583333332,0.7115873542222089,0.08773871527777778,0.211328125,0.719430290846984,0.09379340277777778,0.19602864583333332,0.7115873542222089,0.08773871527777778,0,0,0
float32-round-even,fx-ov-grain,0.9,True,True,0.006302256944451301,0.21944444444444444,0.6806125975935395,0.011501736111111112,0.2221137152777778,0.6706503665119723,0.004231770833333333,0.21944444444444444,0.6806125975935395,0.011501736111111112,0,0,0
float32-round-even,fx-ov-grain,1.5,True,True,0.18369156250000174,0.26067708333333334,0.6783360919490271,0.19205729166666666,0.24893663194444443,0.6858811856141668,0.18036024305555556,0.26067708333333334,0.6783360919490271,0.19205729166666666,0,0,0
float32-round-even,fx-ov-grain,2.1,True,True,0.1341192361111041,0.2992404513888889,0.658278812901645,0.12562934027777778,0.3096788194444444,0.6658274731320231,0.1375,0.2992404513888889,0.658278812901645,0.12562934027777778,0,0,0
float32-round-even,fx-ov-vhs,0.3,True,True,0.08947169704859448,0.16028645833333333,0.33672342220296947,0.1154513888888889,0.17552083333333332,0.30655598652380395,0.08133680555555556,0.1665581597222222,0.3273464519021924,0.0935546875,0,0,0
float32-round-even,fx-ov-vhs,0.9,True,True,0.1536622135416792,0.24186197916666666,0.30602676191065814,0.16195746527777777,0.18561197916666666,0.2880943068135291,0.15279947916666667,0.16560329861111112,0.30196453160092085,0.13778211805555557,0,0,0
float32-round-even,fx-ov-vhs,1.5,True,True,0.09501021701387913,0.18561197916666666,0.2250637480182591,0.11564670138888888,0.14672309027777777,0.20704413839959485,0.08817274305555556,0.16043836805555556,0.21261865633383137,0.10197482638888888,0,0,0
float32-round-even,fx-ov-vhs,2.1,True,True,0.062089318576369124,0.11312934027777778,0.19284930341147286,0.06356336805555556,0.11393229166666667,0.18390102364294275,0.060286458333333334,0.12078993055555555,0.2015601801952005,0.07560763888888888,0,0,0
float32-round-even,fx-ov-paper,0.3,True,True,0.02060746093748378,0.06134982638888889,0.047222643440915875,0.03990885416666667,0.04325086805555556,0.027831463792080794,0.017252604166666668,0.035590277777777776,0.03256280582864509,0.002994791666666667,0,0,0
float32-round-even,fx-ov-paper,0.9,True,True,0.0233382465277856,0.07174479166666667,0.0527505660859576,0.04765625,0.03999565972222222,0.02727977540007723,0.019639756944444444,0.03263888888888889,0.028358846735876724,0.011631944444444445,0,0,0
float32-round-even,fx-ov-paper,1.5,True,True,0.01685439236111108,0.06573350694444445,0.04697771740544969,0.03934461805555556,0.03723958333333333,0.02569258040866684,0.012586805555555556,0.033702256944444446,0.02788721018882491,0.007096354166666667,0,0,0
float32-round-even,fx-ov-paper,2.1,True,True,0.02283021701389032,0.0662109375,0.04875797497592165,0.04233940972222222,0.0388671875,0.027720691236119706,0.019596354166666666,0.02966579861111111,0.0299660757111455,0.0025824652777777777,0,0,0
float32-round-even,fx-ov-burnt-edges,0.3,True,True,0.04657885850694754,0.065234375,0.045655500638423496,0.03802083333333333,0.07406684027777778,0.05540674634687859,0.05392795138888889,0.026106770833333334,0.026071667830709844,0.0010199652777777778,0,0,0
float32-round-even,fx-ov-burnt-edges,0.9,True,True,0.045096831597220444,0.06059027777777778,0.04693650436631078,0.03784722222222222,0.076953125,0.05345175418080143,0.05238715277777778,0.02894965277777778,0.02922408174075691,0.005772569444444445,0,0,0
float32-round-even,fx-ov-burnt-edges,1.5,True,True,0.03820167968750354,0.05881076388888889,0.04270693774317093,0.027994791666666668,0.06924913194444444,0.0483461039155849,0.04520399305555556,0.022547743055555555,0.021543329840762973,0.0011067708333333333,0,0,0
float32-round-even,fx-ov-burnt-edges,2.1,True,True,0.042688654513909796,0.05846354166666667,0.044831952265245674,0.041796875,0.07645399305555556,0.0514470829728495,0.04798177083333333,0.028125,0.027083873492961975,0.007118055555555555,0,0,0
float32-round-even,fx-ov-leak-green,0.3,True,True,0.02276457031248924,0.022395833333333334,0.023912898563398163,0.006597222222222222,0.03532986111111111,0.034157439002446534,0.028385416666666666,0.02211371527777778,0.02587592307938155,0.014691840277777778,0,0,0
float32-round-even,fx-ov-leak-green,0.9,True,True,0.02335564236109633,0.023480902777777778,0.026610008142793278,0.0078125,0.0349609375,0.035101788849343854,0.028537326388888888,0.023350694444444445,0.02986600861987205,0.017795138888888888,0,0,0
float32-round-even,fx-ov-leak-green,1.5,True,True,0.02999611111111733,0.021006944444444446,0.02815211030262502,0.015017361111111112,0.040928819444444445,0.04159150310246924,0.03532986111111111,0.02578125,0.029014671485623984,0.021267361111111112,0,0,0
float32-round-even,fx-ov-leak-green,2.1,True,True,0.030251328125018517,0.02328559027777778,0.02553707959222079,0.0057074652777777775,0.04618055555555556,0.04573745942813164,0.03875868055555556,0.026236979166666667,0.02619463928465047,0.018250868055555557,0,0,0
float32-round-even,fx-ov-leak-purple,0.3,True,True,0.01835346354165779,0.02654079861111111,0.029066144811341198,0.017339409722222223,0.027083333333333334,0.02532242854006993,0.018446180555555556,0.0333984375,0.033241377388249,0.020421006944444445,0,0,0
float32-round-even,fx-ov-leak-purple,0.9,True,True,0.018026215277785695,0.028602430555555555,0.033749598462813585,0.018359375,0.025629340277777777,0.02613574626285116,0.017122395833333335,0.03624131944444445,0.03649558576200624,0.02599826388888889,0,0,0
float32-round-even,fx-ov-leak-purple,1.5,True,True,0.021834453125009645,0.02947048611111111,0.03487434267713157,0.023220486111111112,0.026888020833333335,0.025558265644841472,0.020594618055555555,0.04088541666666667,0.04113621262216449,0.030034722222222223,0,0,0
float32-round-even,fx-ov-leak-purple,2.1,True,True,0.01943110677083837,0.03550347222222222,0.04005736933388932,0.025607638888888888,0.02536892361111111,0.023228135109253277,0.016167534722222224,0.04268663194444444,0.04295835048690446,0.03357204861111111,0,0,0
float32-round-even,fx-ov-leak-red,0.3,True,True,0.016898268229169844,0.025694444444444443,0.02906536684508021,0.014105902777777778,0.027083333333333334,0.02532242854006993,0.018446180555555556,0.021549479166666666,0.02375948583840309,0.009787326388888889,0,0,0
float32-round-even,fx-ov-leak-red,0.9,True,True,0.01773545572916646,0.03504774305555555,0.03668977728330806,0.02406684027777778,0.025629340277777777,0.02613574626285116,0.017122395833333335,0.021267361111111112,0.022509921390840053,0.005164930555555555,0,0,0
float32-round-even,fx-ov-leak-red,1.5,True,True,0.021927495659710416,0.037196180555555555,0.045936916347797306,0.03012152777777778,0.026888020833333335,0.025558265644841472,0.020594618055555555,0.021158854166666668,0.024568027783113826,0.011002604166666667,0,0,0
float32-round-even,fx-ov-leak-red,2.1,True,True,0.01846186197916211,0.034092881944444445,0.04178541867064984,0.027408854166666666,0.02536892361111111,0.023228135109253277,0.016167534722222224,0.028125,0.026089833672871324,0.01484375,0,0,0
float32-round-even,fx-ov-lightning,0.3,True,True,0.001491345486115847,0.03771701388888889,0.020019831792521908,0.002690972222222222,0.028884548611111113,0.018028718540196827,0.001540798611111111,0.04370659722222222,0.03804261121079656,0.027994791666666668,0,0,0
float32-round-even,fx-ov-lightning,0.9,True,True,0.012803849826411806,0.05970052083333333,0.026744842239538515,0.0035807291666666665,0.02736545138888889,0.01942096245791999,0.015690104166666666,0.034765625,0.025902586863921752,0.011371527777777777,0,0,0
float32-round-even,fx-ov-lightning,1.5,True,True,0.013460125868064665,0.06095920138888889,0.022579885056829063,0.002018229166666667,0.03324652777777778,0.020655101447028694,0.01740451388888889,0.03546006944444444,0.025452645522848892,0.019965277777777776,0,0,0
float32-round-even,fx-ov-lightning,2.1,True,True,0.01132126302081815,0.06940104166666666,0.02508784958357086,0.0006944444444444445,0.030837673611111113,0.01830305463425718,0.014214409722222222,0.03713107638888889,0.021794350341744272,0.013953993055555556,0,0,0
float32-round-even,fx-ov-bokeh-blue,0.3,True,True,0.003940000000014265,0.02421875,0.020693452164883223,0.007465277777777778,0.01740451388888889,0.016150665608400987,0.006553819444444445,0.03155381944444444,0.03562757631559299,0.011631944444444445,0,0,0
float32-round-even,fx-ov-bokeh-blue,0.9,True,True,0.00034877170139679947,0.026085069444444445,0.019044399262048827,0.013194444444444444,0.01950954861111111,0.01785553327353266,0.0030598958333333333,0.03383246527777778,0.034057060312398996,0.0037109375,0,0,0
float32-round-even,fx-ov-bokeh-blue,1.5,True,True,0.0032507725694443934,0.026692708333333332,0.020797051671458098,0.010460069444444444,0.019075520833333335,0.016473947304556223,0.0064453125,0.030338541666666666,0.03176384098675453,0.011979166666666667,0,0,0
float32-round-even,fx-ov-bokeh-blue,2.1,True,True,0.0026690017361090668,0.028537326388888888,0.01874566626095755,0.007921006944444444,0.017447916666666667,0.0164449904904345,0.0052517361111111115,0.030837673611111113,0.030087525213949428,0.008268229166666667,0,0,0
float32-round-even,fx-ov-bokeh-rainbow,0.3,True,True,0.0064110937500032605,0.02421875,0.020693452164883223,0.007465277777777778,0.02109375,0.02263901318242155,0.009982638888888888,0.03342013888888889,0.03533084088753965,0.01189236111111111,0,0,0
float32-round-even,fx-ov-bokeh-rainbow,0.9,True,True,0.0023350607638832344,0.026085069444444445,0.019044399262048827,0.013194444444444444,0.022743055555555555,0.022031222436921395,0.0067708333333333336,0.03159722222222222,0.0315199353551275,0.004123263888888889,0,0,0
float32-round-even,fx-ov-bokeh-rainbow,1.5,True,True,0.0058597829861071205,0.026692708333333332,0.020797051671458098,0.010460069444444444,0.025303819444444445,0.02312166996894078,0.01032986111111111,0.02890625,0.02823828175082511,0.009635416666666667,0,0,0
float32-round-even,fx-ov-bokeh-rainbow,2.1,True,True,0.006434262152779979,0.028537326388888888,0.01874566626095755,0.007921006944444444,0.023871527777777776,0.02372392212139088,0.010069444444444445,0.029058159722222223,0.03273413897984707,0.0126953125,0,0,0
float32-round-even,fx-ov-sparkle-pink,0.3,True,True,0.00761916232639237,0.025629340277777777,0.01713358943411644,0.010134548611111112,0.019444444444444445,0.011344499001169255,0.006076388888888889,0.022265625,0.018861342502384016,0.015494791666666667,0,0,0
float32-round-even,fx-ov-sparkle-pink,0.9,True,True,0.007953064236112084,0.019422743055555556,0.01670087554960038,0.0060546875,0.019205729166666668,0.012442756330595476,0.007530381944444445,0.02406684027777778,0.01991199283266616,0.01773003472222222,0,0,0
float32-round-even,fx-ov-sparkle-pink,1.5,True,True,0.007920060763893844,0.015559895833333334,0.013326582432129934,0.004839409722222222,0.01935763888888889,0.010728761844106375,0.008029513888888888,0.025065104166666668,0.01907551254456651,0.015907118055555555,0,0,0
float32-round-even,fx-ov-sparkle-pink,2.1,True,True,0.01027466145832534,0.017621527777777778,0.015926809338311452,0.009244791666666667,0.020833333333333332,0.01361671978485668,0.01032986111111111,0.02890625,0.02001868697724794,0.012760416666666666,0,0,0
float32-round-even,fx-ov-sparkle-blue,0.3,True,True,0.007802569444436358,0.025607638888888888,0.01781447908692533,0.012196180555555556,0.019314236111111112,0.0117787163638566,0.005772569444444445,0.02426215277777778,0.01904277354589046,0.014973958333333334,0,0,0
float32-round-even,fx-ov-sparkle-blue,0.9,True,True,0.00691947482638966,0.018315972222222223,0.01458188249166989,0.007552083333333333,0.019118923611111113,0.012024984537133899,0.005881076388888889,0.02345920138888889,0.020662917404584806,0.015342881944444444,0,0,0
float32-round-even,fx-ov-sparkle-blue,1.5,True,True,0.0076721006944495684,0.01642795138888889,0.013235154366706227,0.005750868055555556,0.018619791666666666,0.010851867199061147,0.007552083333333333,0.024544270833333333,0.01965333601302475,0.014518229166666667,0,0,0
float32-round-even,fx-ov-sparkle-blue,2.1,True,True,0.009810052083338405,0.018294270833333334,0.014381655317576993,0.0107421875,0.021983506944444446,0.013634340553465725,0.0095703125,0.02719184027777778,0.019757513757709542,0.009440104166666666,0,0,0
float32-round-even,fx-ov-hearts-red,0.3,True,True,0.18226027343749251,0.42506510416666665,0.9427108085019998,0.3539279513888889,0.1437717013888889,0.25525290294691205,0.1331814236111111,0.17868923611111112,0.2942681430416543,0.16293402777777777,0,0,0
float32-round-even,fx-ov-hearts-red,0.9,True,True,0.10019425347222466,0.4044921875,1.1192245574204516,0.3951171875,0.05607638888888889,0.25709984928504614,0.014887152777777777,0.08747829861111112,0.3415688147435562,0.07680121527777778,0,0,0
float32-round-even,fx-ov-hearts-red,1.5,True,True,0.16685904513887806,0.5617838541666667,1.007078385221696,0.5558810763888888,0.10227864583333333,0.27959319989173037,0.05366753472222222,0.1910373263888889,0.31479054749277147,0.14259982638888888,0,0,0
float32-round-even,fx-ov-hearts-red,2.1,True,True,0.12287377170137859,0.2238498263888889,0.6053771736086584,0.21968315972222222,0.10062934027777778,0.24314591712489336,0.09142795138888889,0.15,0.2548125285191217,0.14930555555555555,0,0,0
float32-round-even,fx-ov-fog-pink,0.3,True,True,0.039155920138881584,0.07313368055555555,0.05956226979758095,0.04973958333333333,0.07348090277777777,0.048668963881557156,0.035633680555555554,0.07144097222222222,0.05417932288017422,0.042881944444444445,0,0,0
float32-round-even,fx-ov-fog-pink,0.9,True,True,0.040819973958349465,0.07376302083333333,0.05638056777629468,0.05193142361111111,0.06605902777777778,0.04871161413445057,0.03802083333333333,0.06790364583333333,0.050506056636225566,0.03582899305555556,0,0,0
float32-round-even,fx-ov-fog-pink,1.5,True,True,0.04523531250001156,0.07358940972222222,0.05461278118899639,0.04424913194444444,0.06786024305555556,0.0525850818881982,0.04576822916666667,0.06655815972222222,0.05071667829936074,0.04286024305555555,0,0,0
float32-round-even,fx-ov-fog-pink,2.1,True,True,0.04084032986114039,0.07677951388888889,0.05908418699242356,0.046961805555555555,0.06584201388888888,0.04508280714023242,0.038411458333333336,0.0609375,0.052518556900684736,0.046875,0,0,0
float32-round-even,fx-ov-fog-blue,0.3,True,True,0.03448453125000128,0.06812065972222223,0.056746997518511796,0.04689670138888889,0.0681640625,0.04393362677041054,0.029796006944444446,0.06764322916666667,0.0520452206476486,0.044379340277777776,0,0,0
float32-round-even,fx-ov-fog-blue,0.9,True,True,0.040253220486107466,0.07682291666666667,0.053507310096355204,0.04353298611111111,0.07217881944444444,0.047525477041073946,0.03967013888888889,0.06462673611111111,0.04802599557445103,0.03637152777777778,0,0,0
float32-round-even,fx-ov-fog-blue,1.5,True,True,0.04245297309026341,0.07243923611111111,0.055442783253637155,0.047135416666666666,0.06664496527777777,0.044707531276934845,0.04055989583333333,0.0656467013888889,0.05436066611896608,0.047417534722222224,0,0,0
float32-round-even,fx-ov-fog-blue,2.1,True,True,0.04229006510414024,0.06608072916666667,0.058154630895760125,0.04871961805555555,0.06304253472222222,0.046701458657219835,0.04008246527777778,0.056553819444444445,0.05258247509292646,0.04522569444444444,0,0,0
float32-round-even-staged,fx-shake,0.3,True,True,0.03773690538196206,0.0587890625,0.20922073774902583,0.03396267361111111,0.06204427083333333,0.20211149732043052,0.03999565972222222,0.06519097222222223,0.21841473073606796,0.026475694444444444,0,0,0
float32-round-even-staged,fx-shake,0.9,True,True,0.04977074218749067,0.05447048611111111,0.059392961732440595,0.04674479166666667,0.057139756944444446,0.05827131415938511,0.0517578125,0.04307725694444445,0.05029819760046607,0.03899739583333333,0,0,0
float32-round-even-staged,fx-shake,1.5,True,True,0.03254108506945386,0.07389322916666667,0.4956933594391947,0.031575520833333336,0.0919921875,0.5123588080422036,0.03474392361111111,0.07354600694444445,0.5501690237922697,0.013563368055555556,0,0,0
float32-round-even-staged,fx-shake,2.1,False,False,0.13432884548612378,0.1509765625,2.502432471067466,0.1041015625,0.19598524305555556,2.6067929538188417,0.13869357638888888,0.21030815972222222,2.7222988332284292,0.18009982638888888,0,0,0
float32-round-even-staged,fx-cc-slash-reveal,0.3,True,True,0.006006940104157366,0.128125,1.1535482141814999,0.0015190972222222222,0.1453342013888889,1.1429211356031022,0.009006076388888888,0.1349609375,1.1505261893647019,0.001540798611111111,0,0,0
float32-round-even-staged,fx-cc-slash-reveal,0.9,True,True,0.040789457465280066,0.038411458333333336,0.04420192540640506,0.032074652777777775,0.049262152777777776,0.04921980273937819,0.043359375,0.049153645833333336,0.04705811452558949,0.04099392361111111,0,0,0
float32-round-even-staged,fx-cc-slash-reveal,1.5,True,True,0.00020786892361002174,0.05251736111111111,0.03273300165913631,0.004166666666666667,0.054296875,0.022215625719997713,0.0016059027777777777,0.05041232638888889,0.03156798578797107,0.0007595486111111111,0,0,0
float32-round-even-staged,fx-cc-slash-reveal,2.1,True,True,0.038593971354146106,0.11380208333333333,1.6400721867245298,0.04375,0.1189236111111111,1.630828962873548,0.03585069444444444,0.1232421875,1.6354930723161196,0.0505859375,0,0,0
float32-round-even-staged,fx-cc-diamond-zoom,0.3,True,True,0.0791297309027783,0.06640625,0.0673189570813745,0.06388888888888888,0.08680555555555555,0.08288199500528501,0.08298611111111111,0.09001736111111111,0.08954836160647284,0.08580729166666666,0,0,0
float32-round-even-staged,fx-cc-diamond-zoom,0.9,True,True,0.05047095486114017,0.05546875,0.055743138602665124,0.05260416666666667,0.05509982638888889,0.052559601504799845,0.049717881944444445,0.05625,0.05691234948609679,0.05164930555555555,0,0,0
float32-round-even-staged,fx-cc-diamond-zoom,1.5,True,True,0.055894101562500964,0.06690538194444444,0.06102127713880047,0.05470920138888889,0.06430121527777778,0.06016378198933724,0.05857204861111111,0.04609375,0.041841292364117065,0.03285590277777778,0,0,0
float32-round-even-staged,fx-cc-diamond-zoom,2.1,True,True,0.05932743923609962,0.05978732638888889,0.05774846288159905,0.05041232638888889,0.07515190972222222,0.06553401698947448,0.06334635416666666,0.05700954861111111,0.05534394256968879,0.04576822916666667,0,0,0
float32-round-even-staged,fx-ct-error-quake,0.3,False,False,3.6090111154513664,2.840798611111111,4.515216816849113,1.8630208333333333,4.177690972222222,5.411314013201486,4.03046875,4.6330078125,6.523200526817861,4.575368923611111,0,0,0
float32-round-even-staged,fx-ct-error-quake,0.9,True,True,0.005705842013881579,0.05078125,0.023842603784679638,0.0013020833333333333,0.03819444444444445,0.018156497092110035,0.005772569444444445,0.041449652777777776,0.02838744646132835,0.018012152777777776,0,0,0
float32-round-even-staged,fx-ct-error-quake,1.5,True,True,0.008112569444449491,0.045008680555555555,0.025069171880500438,0.012456597222222223,0.03943142361111111,0.016458812380305558,0.006575520833333333,0.04513888888888889,0.026775091209107076,0.010546875,0,0,0
float32-round-even-staged,fx-ct-error-quake,2.1,True,True,0.25980217881944156,0.1603732638888889,0.3273789894833265,0.15933159722222223,0.40358072916666665,0.692969730146345,0.2867404513888889,0.4194878472222222,0.7599227071374441,0.28880208333333335,0,0,0
float32-round-even-staged,fx-ct-explosion,0.3,True,True,0.052468168402754145,0.053624131944444445,0.051015924831102726,0.0521484375,0.05709635416666667,0.05800658225453262,0.05536024305555556,0.026150173611111112,0.03011531656900734,0.02476128472222222,0,0,0
float32-round-even-staged,fx-ct-explosion,0.9,True,True,0.029100668402776364,0.04924045138888889,0.05286107201728136,0.04585503472222222,0.03513454861111111,0.030917990557540638,0.02536892361111111,0.026453993055555555,0.02648645262861641,0.016731770833333333,0,0,0
float32-round-even-staged,fx-ct-explosion,1.5,True,True,0.02897083333333228,0.033528645833333336,0.03585144616230804,0.0236328125,0.04040798611111111,0.03718682988309971,0.031727430555555554,0.022243923611111112,0.023268352117757532,0.0173828125,0,0,0
float32-round-even-staged,fx-ct-explosion,2.1,True,True,0.05366829427080688,0.03519965277777778,0.03512816204040426,0.03446180555555556,0.05970052083333333,0.06090294970193192,0.059092881944444446,0.05757378472222222,0.062388342144318924,0.056488715277777775,0,0,0
float32-round-even-staged,fx-ct-scene-cut,0.3,False,False,10.922882903645856,13.361697048611111,22.687752496273983,10.922243923611111,14.165473090277779,23.137122950305805,10.83127170138889,14.072526041666666,24.655950192015748,11.83224826388889,0,0,0
float32-round-even-staged,fx-ct-scene-cut,0.9,False,False,95.28273712673611,94.1982421875,93.86337791650652,94.1982421875,95.61851128472222,95.29088458805194,95.61851128472222,95.1500217013889,94.82037579705319,95.1500217013889,0,0,0
float32-round-even-staged,fx-ct-scene-cut,1.5,False,False,94.88862743055557,93.77578125,93.65900358390724,93.77578125,95.244921875,95.11758674681181,95.23832465277778,94.70147569444444,94.57296897344833,94.70147569444444,0,0,0
float32-round-even-staged,fx-ct-scene-cut,2.1,False,False,94.55599150173614,93.44780815972223,92.97012761489374,93.44780815972223,94.90158420138889,94.4212611610295,94.90158420138889,94.39576822916666,93.90157954726945,94.39576822916666,0,0,0
float32-round-even-staged,fx-cc-shiny-stack,0.3,False,False,0.1132986414930599,1.716427951388889,10.416850219687644,0.1750217013888889,1.6209635416666666,11.026031883464793,0.10551215277777778,1.4227864583333334,11.632079567338755,0.008680555555555556,0,0,0
float32-round-even-staged,fx-cc-shiny-stack,0.9,False,False,0.1690310807291837,0.6649739583333333,6.812599809789654,0.16263020833333333,0.6258680555555556,6.838663368755733,0.17087673611111112,0.6691189236111111,6.486573460874305,0.16959635416666666,0,0,0
float32-round-even-staged,fx-cc-shiny-stack,1.5,False,False,0.391899058159737,2.3437065972222224,8.865679151158206,0.37725694444444446,2.1327473958333334,8.839559010842152,0.41043836805555556,1.7807074652777777,8.522786705640383,0.2513671875,0,0,0
float32-round-even-staged,fx-cc-shiny-stack,2.1,False,False,0.753311901041684,0.9184678819444444,4.493024714872424,0.7142578125,0.8938585069444445,4.785088008610845,0.7641710069444444,0.8573567708333333,5.049544980064858,0.7607421875,0,0,0
float32-round-even-staged,fx-ct-glass-breaking,0.3,False,False,0.8511943836805642,1.2140625,3.3825685729480326,0.9670138888888888,1.1146701388888889,3.2432272782973843,0.81796875,1.3628472222222223,3.6123106150594038,0.8392795138888889,0,0,0
float32-round-even-staged,fx-ct-glass-breaking,0.9,False,False,0.2935508376736138,0.8640190972222223,3.3460518164741138,0.34210069444444446,0.7893663194444445,3.1799861211858054,0.2837673611111111,0.9800998263888889,3.639353600246843,0.2475043402777778,0,0,0
float32-round-even-staged,fx-ct-glass-breaking,1.5,False,False,0.4027110546874937,0.9195529513888889,3.948632740332621,0.3449435763888889,0.8699435763888889,3.851578495456061,0.4127387152777778,1.0153645833333333,4.392208573866455,0.47348090277777777,0,0,0
float32-round-even-staged,fx-ct-glass-breaking,2.1,False,False,0.33068690538193835,0.39535590277777777,3.3908143706839775,0.2642795138888889,0.38947482638888886,3.3137895400138695,0.33478732638888886,0.5193793402777778,3.789610384729206,0.48561197916666665,0,0,0
float32-round-even-staged,fx-ct-negative-panels,0.3,True,True,0.008702951388897873,0.09010416666666667,0.07125105795596653,0.04613715277777778,0.02599826388888889,0.014876161771079989,0.0028211805555555555,0.05286458333333333,0.047071788716263115,0.012630208333333334,0,0,0
float32-round-even-staged,fx-ct-negative-panels,0.9,True,True,0.02565287760413071,0.11382378472222222,0.09561835292968159,0.08240017361111111,0.03357204861111111,0.01589407581573593,0.0060546875,0.08845486111111112,0.0672463611092776,0.05269097222222222,0,0,0
float32-round-even-staged,fx-ct-negative-panels,1.5,True,True,0.009210802951372443,0.082421875,0.06651535411172732,0.04761284722222222,0.030403645833333333,0.016314844988781677,0.002105034722222222,0.0505859375,0.04810391975878747,0.00822482638888889,0,0,0
float32-round-even-staged,fx-ct-negative-panels,2.1,False,False,31.630203784722227,25.220182291666667,40.3520787304641,25.072265625,31.79535590277778,43.803110278769815,31.79535590277778,49.30473090277778,58.94672898929268,49.30473090277778,0,0,0
float32-round-even-staged,fx-ct-fireplace,0.3,True,True,0.04446974826387873,0.10789930555555556,0.3904782824165405,0.09014756944444445,0.0865234375,0.23547526946432684,0.03595920138888889,0.041493055555555554,0.08192705891969908,0.005729166666666666,0,0,0
float32-round-even-staged,fx-ct-fireplace,0.9,True,True,0.10583871527776978,0.18046875,0.5076721186792269,0.15316840277777777,0.13550347222222223,0.3213441928867396,0.1013454861111111,0.06579861111111111,0.10094575929895541,0.010980902777777777,0,0,0
float32-round-even-staged,fx-ct-fireplace,1.5,True,True,0.0931894184027584,0.20462239583333333,0.45034213851488963,0.17237413194444445,0.12248263888888888,0.26779519606188423,0.07786458333333333,0.07467447916666667,0.09077998266853157,0.011827256944444444,0,0,0
float32-round-even-staged,fx-ct-fireplace,2.1,True,True,0.07119095920138818,0.2221137152777778,0.48027616933167294,0.14867621527777777,0.14661458333333333,0.28262626699869814,0.056553819444444445,0.062239583333333334,0.10109151731693403,0.011979166666666667,0,0,0
float32-round-even-staged,fx-ct-vignette-noir,0.3,True,True,0.015641145833342307,0.10266927083333334,0.1980307238237036,0.019986979166666665,0.10388454861111111,0.17864085208906808,0.013910590277777777,0.10266927083333334,0.1980307238237036,0.019986979166666665,0,0,0
float32-round-even-staged,fx-ct-vignette-noir,0.9,True,True,0.02363618055554184,0.09370659722222222,0.18454617778639332,0.0008246527777777778,0.11749131944444445,0.15501556883948084,0.03337673611111111,0.09370659722222222,0.18454617778639332,0.0008246527777777778,0,0,0
float32-round-even-staged,fx-ct-vignette-noir,1.5,True,True,0.031456215277771093,0.099609375,0.19430497165434635,0.04717881944444444,0.11187065972222222,0.14717016785197914,0.0251953125,0.099609375,0.19430497165434635,0.04717881944444444,0,0,0
float32-round-even-staged,fx-ct-vignette-noir,2.1,True,True,0.0026672222222288156,0.10985243055555556,0.17339983603085019,0.01154513888888889,0.11041666666666666,0.13990837060152614,0.0008680555555555555,0.10985243055555556,0.17339983603085019,0.01154513888888889,0,0,0
float32-round-even-staged,fx-ct-lightning-crack,0.3,False,False,0.28490886718749664,1.6113498263888888,11.686802145210022,0.29073350694444444,1.8718532986111112,12.362344744860318,0.2816189236111111,2.0452256944444445,13.06422756175662,0.3003472222222222,0,0,0
float32-round-even-staged,fx-ct-lightning-crack,0.9,True,True,0.032005347222238356,0.057356770833333334,0.05037079185092357,0.04181857638888889,0.049370659722222224,0.03510042756457246,0.029622395833333332,0.03413628472222222,0.03321688059295786,0.02671440972222222,0,0,0
float32-round-even-staged,fx-ct-lightning-crack,1.5,False,False,3.901099197048623,4.179926215277778,8.33284475795715,3.7594401041666665,4.457118055555555,8.808136527387688,3.921267361111111,4.6625,9.328480448014139,4.118446180555556,0,0,0
float32-round-even-staged,fx-ct-lightning-crack,2.1,True,True,0.0721476215277761,0.07198350694444444,0.06817976989704161,0.06733940972222222,0.07836371527777777,0.08000408996562167,0.07454427083333333,0.06256510416666666,0.06497386843407406,0.06256510416666666,0,0,0
float32-round-even-staged,fx-vignette,0.3,True,True,0.1236025607638993,0.22588975694444444,0.3977887320628347,0.1342230902777778,0.196484375,0.38915146200308454,0.12000868055555555,0.21608072916666668,0.4073937826648104,0.1279296875,0,0,0
float32-round-even-staged,fx-vignette,0.9,True,True,0.15843774739585115,0.19388020833333333,0.4407151088489263,0.14809027777777778,0.20444878472222222,0.4429425546269836,0.1635199652777778,0.1771484375,0.43007545486979104,0.13856336805555555,0,0,0
float32-round-even-staged,fx-vignette,1.5,True,True,0.16590170138888993,0.18645833333333334,0.41187407705992685,0.1501736111111111,0.21098090277777778,0.41182363928877685,0.1736545138888889,0.17087673611111112,0.4291261739015135,0.13541666666666666,0,0,0
float32-round-even-staged,fx-vignette,2.1,True,True,0.05251159288194174,0.1392144097222222,0.39988019187882057,0.04993489583333333,0.11779513888888889,0.39658601065560667,0.05373263888888889,0.12178819444444444,0.39318196497193725,0.048003472222222225,0,0,0
float32-round-even-staged,fx-ct-offset-slice,0.3,True,True,0.0131750347222237,0.026236979166666667,0.027084371648451257,0.01838107638888889,0.02478298611111111,0.02038253320117036,0.01115451388888889,0.024197048611111112,0.02257875549900151,0.017860243055555555,0,0,0
float32-round-even-staged,fx-ct-offset-slice,0.9,False,False,0.6446415407986024,1.007986111111111,2.547276204972074,0.9354166666666667,0.8059244791666667,2.147109615678094,0.5837022569444444,0.6259331597222222,1.9327865572099783,0.39207899305555555,0,0,0
float32-round-even-staged,fx-ct-offset-slice,1.5,True,True,0.00856605902779961,0.03532986111111111,0.051386981757115466,0.014800347222222222,0.026302083333333334,0.03622752571955941,0.00625,0.02912326388888889,0.04443529335779934,0.013151041666666667,0,0,0
float32-round-even-staged,fx-ct-offset-slice,2.1,True,True,0.0025637630208450446,0.025434027777777778,0.02464522227732919,0.007725694444444445,0.018967013888888887,0.011862224675986023,0.0006944444444444445,0.025151909722222223,0.018922679630334917,0.005881076388888889,0,0,0
float32-round-even-staged,fx-cc-feverish,0.3,True,True,0.030684457465298465,0.03674045138888889,0.03632611610425008,0.032877604166666664,0.04858940972222222,0.03738653066258165,0.03166232638888889,0.028081597222222223,0.03032680394409522,0.014539930555555556,0,0,0
float32-round-even-staged,fx-cc-feverish,0.9,False,False,15.586653446180563,6.622482638888889,6.625151014470143,6.622482638888889,18.372135416666666,18.357879937354006,18.372135416666666,14.50603298611111,14.401466546617728,14.390060763888888,0,0,0
float32-round-even-staged,fx-cc-feverish,1.5,True,True,0.03207359809027821,0.04624565972222222,0.0439767649869262,0.04255642361111111,0.04578993055555555,0.03693925230391551,0.03090277777777778,0.030685763888888887,0.02828933318499988,0.012803819444444444,0,0,0
float32-round-even-staged,fx-cc-feverish,2.1,True,True,0.02995513888889434,0.03166232638888889,0.03320919586265009,0.026627604166666666,0.048741319444444445,0.03903722705692688,0.03268229166666667,0.029752604166666665,0.027497430722980463,0.012738715277777778,0,0,0
float32-round-even-staged,fx-ct-tension-zoom,0.3,True,True,0.048677986111115956,0.05377604166666667,0.05907117712505506,0.048046875,0.05796440972222222,0.056045153751520485,0.050629340277777775,0.03828125,0.04167439873067801,0.031206597222222222,0,0,0
float32-round-even-staged,fx-ct-tension-zoom,0.9,True,True,0.03915380208331953,0.04555121527777778,0.05006147990715081,0.038346354166666666,0.04624565972222222,0.047192195417453724,0.04034288194444444,0.03474392361111111,0.040949421854037604,0.029752604166666665,0,0,0
float32-round-even-staged,fx-ct-tension-zoom,1.5,True,True,0.03642245659723642,0.04108072916666667,0.046934394123364725,0.03665364583333333,0.04181857638888889,0.04216754269695546,0.03608940972222222,0.041905381944444445,0.047887439256944137,0.03904079861111111,0,0,0
float32-round-even-staged,fx-ct-tension-zoom,2.1,True,True,0.051186614583315304,0.05757378472222222,0.057540508790677916,0.05080295138888889,0.056380208333333334,0.055858474135803346,0.05290798611111111,0.03752170138888889,0.040766677908654805,0.03526475694444445,0,0,0
float32-round-even-staged,fx-ct-cut-shift,0.3,False,False,1.1049641579861031,0.7801649305555556,4.535307880097914,0.7797743055555556,1.1265407986111111,4.915180230894764,1.1233289930555554,1.8848958333333334,5.477834735936964,1.8805989583333333,0,0,0
float32-round-even-staged,fx-ct-cut-shift,0.9,True,True,0.002695967881948036,0.05041232638888889,0.02912600130188869,6.510416666666667e-05,0.057183159722222224,0.02579635537363791,0.0028862847222222224,0.05381944444444445,0.02760802186067874,0.008940972222222222,0,0,0
float32-round-even-staged,fx-ct-cut-shift,1.5,False,False,0.43123024739583116,0.8420355902777777,3.529710348888702,0.5216796875,0.9087022569444444,3.6621356011649726,0.44524739583333334,1.0732638888888888,4.018152408848807,0.026041666666666668,0,0,0
float32-round-even-staged,fx-ct-cut-shift,2.1,True,True,0.03985736111110327,0.06994357638888889,0.07559006327853916,0.02866753472222222,0.07367621527777778,0.06905406789284847,0.04303385416666667,0.0830078125,0.08235503621964627,0.041341145833333336,0,0,0
float32-round-even-staged,fx-cc-move-cloud,0.3,True,True,0.0686685503472404,0.08049045138888888,0.0805769859232516,0.08049045138888888,0.06460503472222222,0.06516862138554225,0.06460503472222222,0.07411024305555555,0.07303516544984974,0.07411024305555555,0,0,0
float32-round-even-staged,fx-cc-move-cloud,0.9,True,True,0.0039233854166411675,0.04262152777777778,0.02783565948754295,0.019618055555555555,0.036219618055555555,0.016149218137212658,2.170138888888889e-05,0.021354166666666667,0.016663803632069953,0.0032118055555555554,0,0,0
float32-round-even-staged,fx-cc-move-cloud,1.5,True,True,0.005862087673619953,0.043402777777777776,0.025172601166831045,0.015234375,0.03624131944444445,0.01644025834254229,0.0038628472222222224,0.022547743055555555,0.01765273179389083,0.0019314236111111112,0,0,0
float32-round-even-staged,fx-cc-move-cloud,2.1,True,True,0.06507457031247554,0.06128472222222222,0.06085784609005788,0.06089409722222222,0.06640625,0.06522604102854579,0.06571180555555556,0.07146267361111111,0.06919728923062532,0.0710720486111111,0,0,0
float32-round-even-staged,fx-ct-chaotic-heat,0.3,False,False,2.1199076692708445,14.555989583333334,21.53235765691055,10.469487847222222,18.2123046875,18.67537563380053,0.1560546875,10.068294270833333,10.496633393883627,0.07901475694444444,0,0,0
float32-round-even-staged,fx-ct-chaotic-heat,0.9,True,True,0.4314644574652817,0.8213758680555555,1.1676302692264753,0.5985894097222222,1.0987196180555556,1.7357111068493616,0.4416015625,0.7092881944444445,0.7893775740244746,0.16106770833333334,0,0,0
float32-round-even-staged,fx-ct-chaotic-heat,1.5,False,False,5.0364839626736,14.873502604166667,19.218285966574015,14.153363715277777,18.795052083333335,19.512272570763084,2.2765190972222222,8.157291666666667,11.32389121269023,5.530642361111111,0,0,0
float32-round-even-staged,fx-ct-chaotic-heat,2.1,False,False,8.452124123263886,8.931792534722222,8.961539910920244,8.931792534722222,8.685568576388889,8.705169858186823,8.685568576388889,4.7272352430555555,4.727793375107753,4.7272352430555555,0,0,0
float32-round-even-staged,fx-ct-magical-tome,0.3,True,True,0.025349049479160612,0.03676215277777778,0.036048831603829073,0.031901041666666664,0.034895833333333334,0.02910154413012672,0.02421875,0.020290798611111112,0.027859636401231437,0.017252604166666668,0,0,0
float32-round-even-staged,fx-ct-magical-tome,0.9,True,True,0.03107263888887246,0.0423828125,0.043506095318027,0.038346354166666666,0.037434895833333336,0.03407613240368894,0.030577256944444443,0.020290798611111112,0.026593759380389253,0.014561631944444445,0,0,0
float32-round-even-staged,fx-ct-magical-tome,1.5,True,True,0.025410794270840142,0.03576388888888889,0.03774085163340919,0.031727430555555554,0.03348524305555556,0.03125538566360033,0.024457465277777778,0.02185329861111111,0.02509038579442053,0.01625434027777778,0,0,0
float32-round-even-staged,fx-ct-magical-tome,2.1,True,True,0.024434153645827905,0.036284722222222225,0.03679780400526533,0.030512152777777777,0.032877604166666664,0.029401991765795384,0.0236328125,0.017252604166666668,0.02670034339002796,0.01447482638888889,0,0,0
float32-round-even-staged,fx-ct-grim-reaper,0.3,True,True,0.030251354166651367,0.027777777777777776,0.029400602777545443,0.02426215277777778,0.03806423611111111,0.034955208252179584,0.03198784722222222,0.03420138888888889,0.035707011033837534,0.030685763888888887,0,0,0
float32-round-even-staged,fx-ct-grim-reaper,0.9,True,True,0.025812777777787232,0.023046875,0.02488767950061955,0.020182291666666668,0.03315972222222222,0.03130958173343181,0.028125,0.029427083333333333,0.029723468844044972,0.019487847222222222,0,0,0
float32-round-even-staged,fx-ct-grim-reaper,1.5,True,True,0.02256540798610729,0.023849826388888887,0.0246445135729352,0.018424479166666667,0.028211805555555556,0.02797844574810654,0.02421875,0.026150173611111112,0.02888256008017879,0.01838107638888889,0,0,0
float32-round-even-staged,fx-ct-grim-reaper,2.1,True,True,0.025018632812489727,0.021267361111111112,0.025025370093812737,0.02052951388888889,0.028819444444444446,0.030698934442188294,0.026041666666666668,0.02992621527777778,0.03664337730885978,0.028103298611111112,0,0,0
float32-round-even-staged,fx-ct-phone-zoom,0.3,True,True,0.03172482638888141,0.03615451388888889,0.03593059706623464,0.03194444444444444,0.03400607638888889,0.03385081516782968,0.03244357638888889,0.026258680555555556,0.027959641878938662,0.023958333333333335,0,0,0
float32-round-even-staged,fx-ct-phone-zoom,0.9,True,True,0.038601540798609335,0.0501953125,0.04883045633071865,0.04911024305555556,0.039952256944444445,0.03711959021536895,0.03665364583333333,0.03142361111111111,0.031770250139110306,0.026953125,0,0,0
float32-round-even-staged,fx-ct-phone-zoom,1.5,True,True,0.05179859809028642,0.05657552083333333,0.06257917365575213,0.05206163194444444,0.058333333333333334,0.05675327366334539,0.05364583333333333,0.03728298611111111,0.04808885573149869,0.032725694444444446,0,0,0
float32-round-even-staged,fx-ct-phone-zoom,2.1,True,True,0.03225488281249511,0.036393229166666666,0.03661232294428932,0.03309461805555555,0.03556857638888889,0.034886240547313645,0.03331163194444445,0.023220486111111112,0.02352653084132191,0.019314236111111112,0,0,0
float32-round-even-staged,fx-cc-retro-flicker,0.3,True,True,0.97224924045139,1.1427951388888888,1.20628750776168,1.1427951388888888,0.946484375,1.0215428669631477,0.946484375,0.7252821180555555,0.8267753364197669,0.7252821180555555,0,0,0
float32-round-even-staged,fx-cc-retro-flicker,0.9,True,True,0.13833267361111723,0.23951822916666668,0.4425470956953048,0.16182725694444444,0.2552734375,0.4290782179250654,0.13391927083333333,0.20049913194444444,0.4136613382639352,0.11286892361111112,0,0,0
float32-round-even-staged,fx-cc-retro-flicker,1.5,True,True,0.07097720920138784,0.1974392361111111,0.3704054296414265,0.09622395833333333,0.16940104166666667,0.347511968356977,0.06354166666666666,0.19203559027777778,0.36229288928609155,0.07029079861111111,0,0,0
float32-round-even-staged,fx-cc-retro-flicker,2.1,False,False,4.235277712673607,4.9369140625,4.981264543529902,4.9369140625,4.126388888888889,4.172738394408296,4.126388888888889,3.2478732638888888,3.2862190040207437,3.2478732638888888,0,0,0
float32-round-even-staged,fx-cc-handheld,0.3,True,True,0.05399006510417337,0.057118055555555554,0.059444518054697096,0.05572916666666667,0.05646701388888889,0.05881936291212886,0.05594618055555556,0.03648003472222222,0.03959397348594165,0.0294921875,0,0,0
float32-round-even-staged,fx-cc-handheld,0.9,True,True,0.047675381944443984,0.0548828125,0.05683224271192428,0.05279947916666667,0.05115017361111111,0.05335062987053024,0.04780815972222222,0.040516493055555554,0.04347685927568407,0.03127170138888889,0,0,0
float32-round-even-staged,fx-cc-handheld,1.5,True,True,0.04812040364583936,0.053168402777777776,0.05526779781965718,0.05177951388888889,0.05553385416666667,0.05307642577341331,0.0486328125,0.03830295138888889,0.03897527570225746,0.03226996527777778,0,0,0
float32-round-even-staged,fx-cc-handheld,2.1,True,True,0.050637057291666565,0.054947916666666666,0.058776257167948556,0.054947916666666666,0.054036458333333336,0.05214681345530305,0.0515625,0.0359375,0.03918643327288799,0.028776041666666665,0,0,0
float32-round-even-staged,fx-cc-wiggle-flicker,0.3,False,False,22.865194184027757,23.318033854166668,24.107421897462952,23.318033854166668,22.7951171875,23.716320195165423,22.7951171875,22.22593315972222,23.366153759800202,22.22593315972222,0,0,0
float32-round-even-staged,fx-cc-wiggle-flicker,0.9,False,False,14.866536328124994,15.255381944444444,15.962655969631513,15.255381944444444,14.869162326388889,15.689570880490441,14.869162326388889,13.69552951388889,14.69973915280983,13.69552951388889,0,0,0
float32-round-even-staged,fx-cc-wiggle-flicker,1.5,True,True,0.03474713541667995,0.11278211805555556,0.5894897519278625,0.04307725694444445,0.0935329861111111,0.4164216420919082,0.03259548611111111,0.1099609375,0.6322977763634995,0.03153211805555556,0,0,0
float32-round-even-staged,fx-cc-wiggle-flicker,2.1,False,False,0.9212678862847241,1.6264105902777777,3.456548050653031,0.7222873263888889,1.5904730902777777,3.693104686493349,0.9550564236111111,1.641232638888889,3.9664044673167465,1.172482638888889,0,0,0
float32-round-even-staged,fx-cc-hex-split,0.3,True,True,0.09128644097222605,0.1635199652777778,0.6191079682383394,0.0832248263888889,0.13608940972222222,0.5423687677434378,0.0949435763888889,0.11174045138888888,0.4753925592791719,0.07879774305555555,0,0,0
float32-round-even-staged,fx-cc-hex-split,0.9,True,True,0.16037684027779164,0.19685329861111112,0.7487358623460463,0.16299913194444443,0.17842881944444444,0.6758639541393934,0.16106770833333334,0.18765190972222223,0.6111099297658089,0.14581163194444444,0,0,0
float32-round-even-staged,fx-cc-hex-split,1.5,True,True,0.19119947482637656,0.2296657986111111,0.8741408223329247,0.21126302083333334,0.21532118055555555,0.7690248441421034,0.1896267361111111,0.17960069444444443,0.6644008692722112,0.14769965277777777,0,0,0
float32-round-even-staged,fx-cc-hex-split,2.1,True,True,0.33023331163195735,0.3658420138888889,0.789269296955795,0.3592447916666667,0.33177083333333335,0.7094166100529393,0.3267361111111111,0.2868706597222222,0.5921022092595486,0.27944878472222223,0,0,0
float32-round-even-staged,fx-cc-heart-ascent,0.3,True,True,0.18247881510416164,0.4935980902777778,0.8120281614341476,0.4925564236111111,0.1695529513888889,0.33996252273718786,0.07940538194444445,0.36015625,0.4687438637025898,0.2904513888888889,0,0,0
float32-round-even-staged,fx-cc-heart-ascent,0.9,True,True,0.04409161892361624,0.09984809027777777,1.0643791173941834,0.06430121527777778,0.09203559027777777,0.42187721844046033,0.0392578125,0.06254340277777778,0.6150770677491099,0.03246527777777778,0,0,0
float32-round-even-staged,fx-cc-heart-ascent,1.5,True,True,0.11448981770836042,0.1496310763888889,1.1596869929634865,0.12914496527777777,0.13276909722222222,0.4558451411826868,0.11193576388888889,0.12115885416666666,0.704284650603056,0.09663628472222222,0,0,0
float32-round-even-staged,fx-cc-heart-ascent,2.1,True,True,0.06541752170137727,0.19327256944444443,1.3377305698641886,0.16106770833333334,0.10501302083333333,0.5617677156601538,0.03331163194444445,0.14989149305555555,0.8070309494552176,0.10180121527777777,0,0,0
float32-round-even-staged,fx-cc-butterfly,0.3,True,True,0.012810238715289302,0.04157986111111111,0.03841153070757245,0.017491319444444445,0.043684895833333334,0.02484206158452133,0.011176215277777778,0.04338107638888889,0.031713901101626106,0.01521267361111111,0,0,0
float32-round-even-staged,fx-cc-butterfly,0.9,True,True,0.018567999131960278,0.045572916666666664,0.037384806000104645,0.022569444444444444,0.04548611111111111,0.033494267644517114,0.01723090277777778,0.043684895833333334,0.04263324012069931,0.020030381944444446,0,0,0
float32-round-even-staged,fx-cc-butterfly,1.5,True,True,0.019154344618073083,0.05455729166666667,0.05128895692646501,0.027387152777777778,0.04392361111111111,0.031210717189156863,0.016189236111111113,0.05049913194444444,0.04802721747305674,0.024283854166666667,0,0,0
float32-round-even-staged,fx-cc-butterfly,2.1,True,True,0.012302391493051346,0.045638020833333334,0.05119514624133585,0.024500868055555555,0.041449652777777776,0.02727700692634292,0.008463541666666666,0.04405381944444445,0.04622017339822433,0.014409722222222223,0,0,0
float32-round-even-staged,fx-cc-butterfly-dream,0.3,True,True,0.029517708333330006,0.03962673611111111,0.03800169374678756,0.03376736111111111,0.04090711805555555,0.035174574358070865,0.028754340277777776,0.04348958333333333,0.039363451226317014,0.02456597222222222,0,0,0
float32-round-even-staged,fx-cc-butterfly-dream,0.9,True,True,0.025288081597224732,0.049327256944444446,0.04864116684419467,0.039952256944444445,0.03739149305555556,0.032096265753905596,0.021766493055555555,0.03617621527777778,0.03360323514457183,0.0169921875,0,0,0
float32-round-even-staged,fx-cc-butterfly-dream,1.5,True,True,0.02917679253471306,0.04921875,0.04796957902384146,0.03958333333333333,0.03819444444444445,0.03482098478657929,0.02638888888888889,0.043511284722222224,0.040946659965064976,0.026150173611111112,0,0,0
float32-round-even-staged,fx-cc-butterfly-dream,2.1,True,True,0.026690108506940646,0.040928819444444445,0.04004617039308703,0.028038194444444445,0.0396484375,0.038409025654288005,0.02697482638888889,0.0337890625,0.03536230339777284,0.01990017361111111,0,0,0
float32-round-even-staged,fx-cc-leak-warm,0.3,True,True,0.05210223524306912,0.0775390625,0.07703047264208697,0.07272135416666667,0.05438368055555556,0.05022022676623187,0.048914930555555555,0.03802083333333333,0.03636452485984687,0.022960069444444446,0,0,0
float32-round-even-staged,fx-cc-leak-warm,0.9,True,True,0.05038654079862681,0.07940538194444445,0.07743033171724863,0.07228732638888889,0.0533203125,0.05102253801033217,0.04663628472222222,0.03637152777777778,0.04326173727867827,0.023046875,0,0,0
float32-round-even-staged,fx-cc-leak-warm,1.5,True,True,0.05996654513890576,0.09246961805555555,0.08690656003350052,0.08747829861111112,0.05863715277777778,0.055949217418095505,0.05447048611111111,0.0431640625,0.043619562081007326,0.0333984375,0,0,0
float32-round-even-staged,fx-cc-leak-warm,2.1,True,True,0.057915494791615174,0.08361545138888889,0.08483716558854068,0.08031684027777777,0.057074652777777776,0.054268663091858176,0.054774305555555555,0.03812934027777778,0.03732923598233882,0.02306857638888889,0,0,0
float32-round-even-staged,fx-cc-leak-neon,0.3,True,True,0.004273962673607912,0.041731770833333334,0.023164087208986918,0.004969618055555555,0.03478732638888889,0.018909442445973024,0.0042751736111111115,0.029383680555555555,0.021178602767698985,0.0022135416666666666,0,0,0
float32-round-even-staged,fx-cc-leak-neon,0.9,True,True,0.023551766493042692,0.04446614583333333,0.04124596287734158,0.0298828125,0.04533420138888889,0.032424018042531824,0.02150607638888889,0.041840277777777775,0.03822189174946082,0.025173611111111112,0,0,0
float32-round-even-staged,fx-cc-leak-neon,1.5,True,True,0.036705659722215955,0.047309027777777776,0.049319342440972705,0.04027777777777778,0.04806857638888889,0.04208368824142009,0.03608940972222222,0.03888888888888889,0.036231024885883915,0.03229166666666667,0,0,0
float32-round-even-staged,fx-cc-leak-neon,2.1,True,True,0.018744674479165724,0.04435763888888889,0.04173267036067533,0.019791666666666666,0.04201388888888889,0.03416644409772633,0.018229166666666668,0.03630642361111111,0.03759150288993272,0.020768229166666666,0,0,0
float32-round-even-staged,fx-cc-falling-petals,0.3,True,True,0.01237159288194789,0.05193142361111111,0.042178483724972377,0.01130642361111111,0.04513888888888889,0.026994343850591164,0.0125,0.042881944444444445,0.03150806258591014,0.01423611111111111,0,0,0
float32-round-even-staged,fx-cc-falling-petals,0.9,True,True,9.003906251336957e-05,0.048502604166666664,0.028041941242088718,0.0060546875,0.04286024305555555,0.030372442375124455,0.0011501736111111111,0.03849826388888889,0.028388303554522813,0.007682291666666666,0,0,0
float32-round-even-staged,fx-cc-falling-petals,1.5,True,True,0.009928897569452033,0.05698784722222222,0.03884583607246704,0.008680555555555556,0.0515625,0.022366527721258998,0.009895833333333333,0.04396701388888889,0.031618560452184856,0.013932291666666667,0,0,0
float32-round-even-staged,fx-cc-falling-petals,2.1,True,True,0.0037819661458229348,0.061089409722222224,0.04402115562081788,0.0008897569444444444,0.04685329861111111,0.02161183626273923,0.0034505208333333332,0.04292534722222222,0.03016731585614936,0.015581597222222222,0,0,0
float32-round-even-staged,fx-cc-smoky-focus,0.3,True,True,0.018804882812489154,0.03888888888888889,0.03181119101576965,0.014322916666666666,0.03845486111111111,0.03307358145418141,0.019965277777777776,0.03582899305555556,0.03685817866195803,0.0205078125,0,0,0
float32-round-even-staged,fx-cc-smoky-focus,0.9,True,True,0.021307026909710203,0.0408203125,0.03305920611690664,0.02111545138888889,0.04396701388888889,0.037971525197075945,0.021744791666666666,0.03515625,0.03395276010591318,0.017534722222222222,0,0,0
float32-round-even-staged,fx-cc-smoky-focus,1.5,True,True,0.02174670138889212,0.03634982638888889,0.029754685188320282,0.01482204861111111,0.04294704861111111,0.03757972159033982,0.024153645833333334,0.02866753472222222,0.033385226478008595,0.018294270833333334,0,0,0
float32-round-even-staged,fx-cc-smoky-focus,2.1,True,True,0.02164416232641031,0.039322916666666666,0.035969578619927486,0.025607638888888888,0.04309895833333333,0.03541116724466383,0.02113715277777778,0.028233506944444445,0.03381576048799057,0.014995659722222223,0,0,0
float32-round-even-staged,fx-cc-vintage-film,0.3,False,False,4.725020733506938,5.404904513888889,5.383552926926587,5.403862847222222,4.6507378472222225,4.621909891624016,4.6500434027777775,3.4688151041666666,3.454059156818846,3.4688151041666666,0,0,0
float32-round-even-staged,fx-cc-vintage-film,0.9,False,False,6.008501710069453,6.899392361111111,6.889780285981451,6.898350694444445,5.909006076388889,5.892819257061205,5.907964409722222,4.384157986111111,4.371289322503448,4.384157986111111,0,0,0
float32-round-even-staged,fx-cc-vintage-film,1.5,False,False,5.511111514756934,6.345334201388889,6.357202233331605,6.320681423611111,5.444401041666667,5.463047161197487,5.419401041666666,4.060373263888889,4.087995271114537,4.035720486111111,0,0,0
float32-round-even-staged,fx-cc-vintage-film,2.1,True,True,0.05799651909723025,0.15481770833333333,0.3091952078274828,0.06384548611111111,0.12845052083333333,0.27890101583664645,0.0576171875,0.10164930555555556,0.28718725753947716,0.04453125,0,0,0
float32-round-even-staged,fx-cc-stellar,0.3,True,True,0.020559804687508176,0.07673611111111112,0.055818013021984136,0.042708333333333334,0.048828125,0.02533244227013487,0.01662326388888889,0.040473090277777776,0.02531289220046121,0.0056640625,0,0,0
float32-round-even-staged,fx-cc-stellar,0.9,True,True,0.0263905425347275,0.07235243055555556,0.05731919280812337,0.04327256944444444,0.056640625,0.030357694077291827,0.024739583333333332,0.03778211805555556,0.030410029707240004,0.006966145833333334,0,0,0
float32-round-even-staged,fx-cc-stellar,1.5,True,True,0.02433698350694158,0.06903211805555555,0.061535803367003664,0.041341145833333336,0.06076388888888889,0.02934091219209981,0.021875,0.04140625,0.030686713629578092,0.001345486111111111,0,0,0
float32-round-even-staged,fx-cc-stellar,2.1,True,True,0.024921206597241508,0.08075086805555555,0.06352708111739769,0.0525390625,0.0568359375,0.027080352105823147,0.019466145833333334,0.04372829861111111,0.028679377618905752,0.0023654513888888887,0,0,0
float32-round-even-staged,fx-cc-ink-spill,0.3,True,True,0.0021902430555513774,0.048567708333333334,0.023332068677265127,0.01154513888888889,0.03576388888888889,0.015072428944143321,0.0016927083333333334,0.043359375,0.024096693427513437,0.01310763888888889,0,0,0
float32-round-even-staged,fx-cc-ink-spill,0.9,True,True,0.004903936631944106,0.008680555555555556,0.009298088294130907,0.006510416666666667,0.007790798611111111,0.00809826798808054,0.0042751736111111115,0.008138020833333334,0.00886522555581243,0.006401909722222222,0,0,0
float32-round-even-staged,fx-cc-ink-spill,1.5,True,True,0.02216957465277858,0.0166015625,0.01949082228730466,0.0162109375,0.0248046875,0.02488523659313936,0.024283854166666667,0.019466145833333334,0.021172079842560847,0.018771701388888888,0,0,0
float32-round-even-staged,fx-cc-ink-spill,2.1,True,True,0.04313611111109594,0.06141493055555555,0.05550519926488619,0.04765625,0.05546875,0.04471988328280966,0.04140625,0.06072048611111111,0.055263003274683024,0.046961805555555555,0,0,0
float32-round-even-staged,fx-cc-exploding-love,0.3,False,False,0.23001701822917653,1.261545138888889,6.289120251723315,1.2473090277777779,1.3180989583333333,2.9073667466626967,0.7037326388888889,1.292599826388889,2.771389409447494,0.11239149305555556,0,0,0
float32-round-even-staged,fx-cc-exploding-love,0.9,False,False,0.08277552517363063,1.0291666666666666,2.1661884921621346,0.8868923611111111,0.569140625,1.1751917607913969,0.15316840277777777,0.7460720486111111,1.1131085696624115,0.052191840277777776,0,0,0
float32-round-even-staged,fx-cc-exploding-love,1.5,True,True,0.008751037326376832,0.06065538194444445,0.09676843103785697,0.021245659722222223,0.04806857638888889,0.0639723759348793,0.0040581597222222225,0.04826388888888889,0.06637803273491133,0.018446180555555556,0,0,0
float32-round-even-staged,fx-cc-exploding-love,2.1,False,False,0.36758159722224093,1.3289930555555556,4.766190153677033,1.0977430555555556,0.8358289930555556,2.6836921616426777,0.8073567708333333,1.420095486111111,2.571887400090905,0.3260416666666667,0,0,0
float32-round-even-staged,fx-cc-damaged-vignette,0.3,True,True,0.022461597222218188,0.03240017361111111,0.023144168396221045,0.0004991319444444444,0.05206163194444444,0.038563914853781515,0.03218315972222222,0.02328559027777778,0.019916915980440264,0.0062282986111111115,0,0,0
float32-round-even-staged,fx-cc-damaged-vignette,0.9,True,True,0.01815818142362957,0.033116319444444445,0.024707253187393252,0.008637152777777778,0.04869791666666667,0.035757804892102486,0.023480902777777778,0.020030381944444446,0.020215075078400837,0.006532118055555556,0,0,0
float32-round-even-staged,fx-cc-damaged-vignette,1.5,True,True,0.018288567708324877,0.032421875,0.02567692794504299,0.0006510416666666666,0.051215277777777776,0.03625969540307581,0.025824652777777776,0.02265625,0.020332482187639965,0.004427083333333333,0,0,0
float32-round-even-staged,fx-cc-damaged-vignette,2.1,True,True,0.01633939670138318,0.029752604166666665,0.02170436537945839,0.0028862847222222224,0.04240451388888889,0.030272228930627303,0.02243923611111111,0.017144097222222224,0.01858044856811787,0.004470486111111111,0,0,0
float32-round-even-staged,fx-cc-firefly,0.3,True,True,0.0871538715277893,0.2996961805555556,1.7420894687281276,0.12508680555555557,0.2580512152777778,1.539787743568984,0.08357204861111112,0.11371527777777778,0.7721697633162088,0.0109375,0,0,0
float32-round-even-staged,fx-cc-firefly,0.9,False,False,0.33084243923610757,0.5458550347222222,5.2134160149522355,0.4010199652777778,0.5813802083333334,4.526889247067,0.33125,0.4264105902777778,2.243437586598248,0.12016059027777778,0,0,0
float32-round-even-staged,fx-cc-firefly,1.5,False,False,0.36397722656248277,0.5216362847222222,4.849580851856981,0.41555989583333336,0.5328776041666666,4.269546067862331,0.3728081597222222,0.3351996527777778,2.150808216782489,0.124609375,0,0,0
float32-round-even-staged,fx-cc-firefly,2.1,False,False,0.6045476605902991,0.7896267361111111,3.7952314005048335,0.720703125,0.6784071180555555,3.400523186387996,0.5973307291666666,0.3371310763888889,1.7212181999720775,0.3340060763888889,0,0,0
float32-round-even-staged,fx-cc-misty-tint,0.3,True,True,0.04533897569444889,0.054210069444444446,0.054141548152086945,0.04921875,0.04978298611111111,0.04738332257292404,0.045572916666666664,0.04635416666666667,0.043971232924485126,0.03159722222222222,0,0,0
float32-round-even-staged,fx-cc-misty-tint,0.9,True,True,0.04406198350694979,0.04819878472222222,0.04711274523902717,0.04073350694444444,0.05301649305555556,0.04718396981757132,0.04641927083333333,0.04236111111111111,0.039280421236955104,0.030512152777777777,0,0,0
float32-round-even-staged,fx-cc-misty-tint,1.5,True,True,0.04902659288192979,0.050303819444444446,0.05102584493651385,0.04631076388888889,0.05635850694444444,0.05240922595138497,0.05084635416666667,0.04950086805555556,0.04364538000508786,0.03899739583333333,0,0,0
float32-round-even-staged,fx-cc-misty-tint,2.1,True,True,0.050265047743039304,0.05329861111111111,0.0501058117759472,0.04631076388888889,0.058203125,0.05196219269488385,0.053515625,0.04537760416666667,0.038303395149459685,0.029709201388888887,0,0,0
float32-round-even-staged,fx-cc-sepia-cool,0.3,True,True,0.027775655381944375,0.10416666666666667,0.18246001937616216,0.01870659722222222,0.11126302083333334,0.16380495113224708,0.029969618055555557,0.09715711805555556,0.18206552101058238,0.03274739583333333,0,0,0
float32-round-even-staged,fx-cc-sepia-cool,0.9,True,True,0.04235108072916205,0.07808159722222222,0.17218498018635026,0.028038194444444445,0.09171006944444444,0.150858401461056,0.046961805555555555,0.09216579861111111,0.17055729421497887,0.03882378472222222,0,0,0
float32-round-even-staged,fx-cc-sepia-cool,1.5,True,True,0.013404852430539904,0.10590277777777778,0.17385531020368789,0.024088541666666668,0.08177083333333333,0.1461737936061755,0.011328125,0.07330729166666666,0.1649345816599699,0.0025173611111111113,0,0,0
float32-round-even-staged,fx-cc-sepia-cool,2.1,True,True,0.016878398437498277,0.10088975694444445,0.1760090359098978,0.030490451388888888,0.07393663194444444,0.14131036805249214,0.012651909722222222,0.05334201388888889,0.1654844591138125,0.018663194444444444,0,0,0
float32-round-even-staged,fx-cc-snow-night,0.3,True,True,0.02913735243056692,0.12356770833333333,0.08083268748882147,0.078125,0.054036458333333336,0.02627964437148555,0.015277777777777777,0.07426215277777778,0.042797526167416236,0.022178819444444445,0,0,0
float32-round-even-staged,fx-cc-snow-night,0.9,True,True,0.030332777777772435,0.10690104166666667,0.07399239313278828,0.06888020833333333,0.05724826388888889,0.030764755354835176,0.019574652777777778,0.07048611111111111,0.0412679413369431,0.023394097222222222,0,0,0
float32-round-even-staged,fx-cc-snow-night,1.5,True,True,0.02915625434027902,0.11189236111111112,0.07475397046401151,0.07252604166666667,0.05416666666666667,0.024742679871172454,0.01740451388888889,0.07215711805555555,0.03869439632516837,0.017860243055555555,0,0,0
float32-round-even-staged,fx-cc-snow-night,2.1,True,True,0.032483185763908295,0.11970486111111112,0.07900646359692448,0.07756076388888888,0.049305555555555554,0.028914060202446596,0.02035590277777778,0.07560763888888888,0.0390256551771125,0.01987847222222222,0,0,0
float32-round-even-staged,fx-cc-rain,0.3,True,True,0.03310639756942635,0.06948784722222222,0.04892261119971383,0.028776041666666665,0.057530381944444445,0.0410295230378364,0.03344184027777778,0.07708333333333334,0.059559509854037,0.042534722222222224,0,0,0
float32-round-even-staged,fx-cc-rain,0.9,True,True,0.03335975694444926,0.07272135416666667,0.049719906137474394,0.031141493055555556,0.05158420138888889,0.038363609456749916,0.03396267361111111,0.07762586805555556,0.05261329971034146,0.033919270833333334,0,0,0
float32-round-even-staged,fx-cc-rain,1.5,True,True,0.030876979166663432,0.07039930555555556,0.04714945601318117,0.03064236111111111,0.05056423611111111,0.037658306979087106,0.031163194444444445,0.07170138888888888,0.04766816866515477,0.028732638888888887,0,0,0
float32-round-even-staged,fx-cc-rain,2.1,True,True,0.035500221354183736,0.061371527777777775,0.040767424504012974,0.025607638888888888,0.057139756944444446,0.044793306535352885,0.038346354166666666,0.07250434027777777,0.048503122922563265,0.03643663194444444,0,0,0
float32-round-even-staged,fx-cc-rose-bloom,0.3,True,True,0.409996076388893,0.5547743055555555,1.2123822714424246,0.5326822916666667,0.40965711805555555,0.886103229959952,0.3768446180555556,0.3793402777777778,0.629503994283753,0.37712673611111114,0,0,0
float32-round-even-staged,fx-cc-rose-bloom,0.9,True,True,0.2002413802083396,0.4066623263888889,0.9387475534937099,0.07289496527777778,0.35987413194444445,0.7986889088420409,0.24203559027777777,0.28305121527777777,0.5395358727958597,0.16121961805555557,0,0,0
float32-round-even-staged,fx-cc-rose-bloom,1.5,True,True,0.20585078993055106,0.5611545138888889,1.5014518354065678,0.5580295138888889,0.2215060763888889,0.5245637380167026,0.10319010416666667,0.22209201388888888,0.37038021578529456,0.1857638888888889,0,0,0
float32-round-even-staged,fx-cc-rose-bloom,2.1,False,False,0.0513344444444499,0.20670572916666666,2.151166980573,0.07367621527777778,0.2330295138888889,0.6639462660369239,0.08411458333333334,0.2673828125,0.6365775842184036,0.0947265625,0,0,0
float32-round-even-staged,fx-cc-sparkle-shine,0.3,True,True,0.001375585937495316,0.048285590277777776,0.026922479894963845,6.510416666666667e-05,0.04318576388888889,0.01770667213033675,0.002126736111111111,0.03832465277777778,0.02146844550953122,0.0018229166666666667,0,0,0
float32-round-even-staged,fx-cc-sparkle-shine,0.9,True,True,0.004624001736104333,0.05067274305555555,0.026468204177217885,0.009613715277777778,0.045073784722222225,0.01996434523087192,0.003754340277777778,0.03982204861111111,0.02212823300494672,0.0014539930555555556,0,0,0
float32-round-even-staged,fx-cc-sparkle-shine,1.5,True,True,0.0032769140625106274,0.050629340277777775,0.028740310306259502,0.0041015625,0.050130208333333336,0.018703248796738688,0.002560763888888889,0.0375,0.025578541163975885,0.007942708333333333,0,0,0
float32-round-even-staged,fx-cc-sparkle-shine,2.1,True,True,0.002456519097208343,0.05653211805555555,0.03114446537991074,0.005533854166666667,0.04236111111111111,0.017221970654705716,0.002777777777777778,0.03878038194444444,0.027415573972223647,0.009787326388888889,0,0,0
float32-round-even-staged,fx-cc-pixel-blocks,0.3,True,True,0.016458858506950946,0.04136284722222222,0.06799282901679546,0.03146701388888889,0.050694444444444445,0.05535848704771687,0.012022569444444445,0.04372829861111111,0.052910989291215314,0.0162109375,0,0,0
float32-round-even-staged,fx-cc-pixel-blocks,0.9,True,True,0.011928654513880588,0.05047743055555556,0.048557193703877795,0.014930555555555556,0.03682725694444444,0.037565913256749,0.011219618055555556,0.02443576388888889,0.035809400230858886,0.010112847222222223,0,0,0
float32-round-even-staged,fx-cc-pixel-blocks,1.5,True,True,0.01641906250000602,0.05271267361111111,0.06992449665037954,0.006922743055555555,0.05926649305555556,0.06346566042791414,0.019639756944444444,0.04025607638888889,0.05617595689201595,0.012478298611111112,0,0,0
float32-round-even-staged,fx-cc-pixel-blocks,2.1,True,True,0.02158529079859761,0.056315104166666664,0.06841209757653484,0.03491753472222222,0.0373046875,0.04702488366449201,0.019249131944444445,0.03177083333333333,0.0437480881720386,0.00546875,0,0,0
float32-round-even-staged,fx-cc-pixel-mutant,0.3,True,True,0.06274847656248994,0.08077256944444444,0.08812709350944085,0.05173611111111111,0.0857204861111111,0.07893161391806365,0.0666232638888889,0.0662109375,0.0715580883552618,0.056792534722222225,0,0,0
float32-round-even-staged,fx-cc-pixel-mutant,0.9,False,False,0.007375820312489623,0.5248914930555556,2.3638492593950953,0.045073784722222225,0.4484375,2.414138344532646,0.01857638888888889,0.46848958333333335,2.454329286438653,0.050868055555555555,0,0,0
float32-round-even-staged,fx-cc-pixel-mutant,1.5,True,True,0.03339194444443194,0.0798611111111111,0.1040141175649193,0.054210069444444446,0.06579861111111111,0.08080829520324623,0.026258680555555556,0.0779079861111111,0.11867686669991857,0.04275173611111111,0,0,0
float32-round-even-staged,fx-cc-pixel-mutant,2.1,True,True,0.06408912326388361,0.07434895833333334,0.07581090990945379,0.0685763888888889,0.07593315972222223,0.07299620894204113,0.06486545138888888,0.050868055555555555,0.060628455982582596,0.04318576388888889,0,0,0
float32-round-even-staged,fx-cc-pixel-universe,0.3,True,True,0.009884878472220748,0.02345920138888889,0.02736571811566711,0.013953993055555556,0.023328993055555556,0.020162533255558956,0.008658854166666667,0.017990451388888887,0.0220107049514762,0.010047743055555556,0,0,0
float32-round-even-staged,fx-cc-pixel-universe,0.9,True,True,0.02400880642360903,0.030186631944444445,0.031051566212046976,0.028450520833333333,0.030338541666666666,0.029221408915483534,0.02426215277777778,0.020008680555555554,0.024311161706063532,0.008420138888888888,0,0,0
float32-round-even-staged,fx-cc-pixel-universe,1.5,True,True,0.01319408854167392,0.03734809027777778,0.038527092245528846,0.031141493055555556,0.0203125,0.021026579279991967,0.008680555555555556,0.0169921875,0.018578506549100694,0.005056423611111111,0,0,0
float32-round-even-staged,fx-cc-pixel-universe,2.1,True,True,0.020395247395825322,0.042491319444444446,0.04168695043036265,0.02717013888888889,0.03159722222222222,0.02716502663669935,0.020008680555555554,0.019986979166666665,0.02367987246531788,0.0042751736111111115,0,0,0
float32-round-even-staged,fx-pb-pixel-scan,0.3,True,True,0.010890225694438982,0.0412109375,0.020870017605390433,0.010828993055555555,0.03337673611111111,0.017331121827273525,0.011501736111111112,0.030533854166666666,0.0192970374911958,0.005013020833333334,0,0,0
float32-round-even-staged,fx-pb-pixel-scan,0.9,True,True,0.011630316840296473,0.026302083333333334,0.029863916203078458,0.016145833333333335,0.031184895833333334,0.024599531383165424,0.010828993055555555,0.02914496527777778,0.02421481541710834,0.006271701388888889,0,0,0
float32-round-even-staged,fx-pb-pixel-scan,1.5,True,True,0.0019220052083426253,0.035243055555555555,0.02758031987929505,0.004166666666666667,0.0365234375,0.025573256757246553,0.001540798611111111,0.021875,0.02163510197910423,0.0009114583333333333,0,0,0
float32-round-even-staged,fx-pb-pixel-scan,2.1,True,True,0.009702421874990819,0.037651909722222224,0.021646102091843433,0.0059244791666666664,0.037109375,0.02050751838777587,0.010720486111111111,0.02771267361111111,0.020401797980574676,0.0107421875,0,0,0
float32-round-even-staged,fx-pb-flip-phone,0.3,True,True,0.030801744791659758,0.041341145833333336,0.04264762207394397,0.04055989583333333,0.03198784722222222,0.0313202752042124,0.028559027777777777,0.0294921875,0.027740418553186093,0.024283854166666667,0,0,0
float32-round-even-staged,fx-pb-flip-phone,0.9,True,True,0.03125674913194132,0.03637152777777778,0.035254252382433404,0.03459201388888889,0.03181423611111111,0.031714423817162746,0.02990451388888889,0.03591579861111111,0.03829115454601087,0.034830729166666664,0,0,0
float32-round-even-staged,fx-pb-flip-phone,1.5,True,True,0.03179533420137659,0.04791666666666667,0.04660250472284254,0.04618055555555556,0.030707465277777776,0.030188276041397483,0.027756076388888887,0.03170572916666667,0.03373303128417023,0.02944878472222222,0,0,0
float32-round-even-staged,fx-pb-flip-phone,2.1,True,True,0.032551384548611395,0.04609375,0.046338928639144246,0.045703125,0.03138020833333333,0.029538109823324218,0.029296875,0.030533854166666666,0.031852572681594825,0.026063368055555557,0,0,0
float32-round-even-staged,fx-pb-pixel-breakdown,0.3,True,True,0.0028934375000062573,0.032486979166666666,0.026414684683791493,0.003927951388888889,0.03350694444444444,0.022973035939495408,0.005381944444444444,0.02619357638888889,0.020697569972908093,0.0016710069444444444,0,0,0
float32-round-even-staged,fx-pb-pixel-breakdown,0.9,True,True,0.030816354166674387,0.09075520833333334,0.21421536070723132,0.010503472222222223,0.07745225694444445,0.22319111543068745,0.03487413194444444,0.06397569444444444,0.2250082460105177,0.05043402777777778,0,0,0
float32-round-even-staged,fx-pb-pixel-breakdown,1.5,True,True,0.017003250868057762,0.016297743055555557,0.018929042268616594,0.015603298611111111,0.019748263888888888,0.020953319149186807,0.017795138888888888,0.015017361111111112,0.018219342638986426,0.01328125,0,0,0
float32-round-even-staged,fx-pb-pixel-breakdown,2.1,True,True,0.017016089409715107,0.014887152777777777,0.018597796536237558,0.01349826388888889,0.020377604166666667,0.022492247718412746,0.018988715277777776,0.01056857638888889,0.01390055745159042,0.007834201388888889,0,0,0
float32-round-even-staged,fx-pb-sweet-party,0.3,False,False,0.19874256944444824,0.7496961805555555,2.92658867124062,0.3708767361111111,0.47703993055555555,1.7954081789075838,0.14891493055555555,0.3932291666666667,1.5719003741004889,0.18546006944444443,0,0,0
float32-round-even-staged,fx-pb-sweet-party,0.9,False,False,0.04212417534721169,0.33444010416666664,3.657687312061455,0.10596788194444444,0.23079427083333334,1.969952851336739,0.09164496527777778,0.17493489583333333,2.4998799532662934,0.012348090277777777,0,0,0
float32-round-even-staged,fx-pb-sweet-party,1.5,False,False,0.01279759114584067,0.25308159722222223,4.018115928473888,0.04848090277777778,0.2542534722222222,2.333583509326077,0.018663194444444444,0.2748480902777778,2.729745639149578,0.1351345486111111,0,0,0
float32-round-even-staged,fx-pb-sweet-party,2.1,False,False,0.40246397569444525,1.0161675347222223,3.733677901786812,0.5488064236111111,0.8083550347222223,2.0350602373839815,0.3468967013888889,0.8412543402777778,2.4013252378184347,0.5219835069444444,0,0,0
float32-round-even-staged,fx-pb-misty-tint,0.3,True,True,0.028122087673608576,0.04203559027777778,0.04135498919546788,0.028276909722222222,0.04181857638888889,0.03924056352856802,0.028233506944444445,0.03815104166666667,0.04022281857235541,0.0265625,0,0,0
float32-round-even-staged,fx-pb-misty-tint,0.9,True,True,0.02791016493054599,0.03940972222222222,0.036344075088781756,0.025694444444444443,0.045008680555555555,0.038011678395431285,0.028428819444444444,0.03832465277777778,0.04039737932946163,0.029296875,0,0,0
float32-round-even-staged,fx-pb-misty-tint,1.5,True,True,0.027596341145837755,0.04186197916666667,0.04160335706056699,0.027278645833333334,0.04561631944444444,0.039981582563969595,0.028255208333333334,0.03845486111111111,0.03617077763572726,0.022005208333333335,0,0,0
float32-round-even-staged,fx-pb-misty-tint,2.1,True,True,0.028478650173624942,0.04411892361111111,0.04380879167287684,0.028971354166666668,0.04388020833333333,0.04030632487460368,0.028385416666666666,0.04479166666666667,0.04022705017816969,0.02795138888888889,0,0,0
float32-round-even-staged,fx-pb-bead-art,0.3,True,True,0.018968294270848673,0.029405381944444444,0.04894542639688299,0.0138671875,0.02834201388888889,0.05802398511671613,0.01970486111111111,0.03211805555555555,0.06517734343940383,0.026692708333333332,0,0,0
float32-round-even-staged,fx-pb-bead-art,0.9,True,True,0.004061111111127502,0.04140625,0.08485712591297542,0.013802083333333333,0.04309895833333333,0.08251675482238241,0.009982638888888888,0.02113715277777778,0.03972281543409532,0.0019965277777777776,0,0,0
float32-round-even-staged,fx-pb-bead-art,1.5,True,True,0.009430802951413852,0.030164930555555556,0.07446204313090607,0.021267361111111112,0.04090711805555555,0.05705959798192379,0.0059244791666666664,0.03062065972222222,0.04613642689987062,0.009309895833333333,0,0,0
float32-round-even-staged,fx-pb-bead-art,2.1,True,True,0.015550924479185824,0.03828125,0.06147100947884732,0.00047743055555555554,0.04418402777777778,0.060659471056812214,0.022395833333333334,0.05792100694444444,0.07627201159214976,0.005056423611111111,0,0,0
float32-round-even-staged,fx-pb-pixel-rain,0.3,True,True,0.03332302951389465,0.06588541666666667,0.054672310208881685,0.04010416666666667,0.05625,0.04475558792680634,0.03224826388888889,0.04778645833333333,0.043031682470683175,0.024001736111111113,0,0,0
float32-round-even-staged,fx-pb-pixel-rain,0.9,True,True,0.02912052517359598,0.05486111111111111,0.05617590843303966,0.038671875,0.056315104166666664,0.04115979063902319,0.02736545138888889,0.0498046875,0.04280667595044279,0.01838107638888889,0,0,0
float32-round-even-staged,fx-pb-pixel-rain,1.5,True,True,0.03197387586806144,0.06338975694444444,0.05299718133159902,0.03943142361111111,0.057465277777777775,0.04308558323794334,0.030815972222222224,0.05099826388888889,0.04261528157373644,0.021484375,0,0,0
float32-round-even-staged,fx-pb-pixel-rain,2.1,True,True,0.05742424913195521,0.07072482638888888,0.06759494158402804,0.056315104166666664,0.07176649305555556,0.06478719544274789,0.05887586805555556,0.0685763888888889,0.06288018102377889,0.04631076388888889,0,0,0
float32-round-even-staged,fx-st-polaroid,0.3,True,True,0.03892119357639956,0.04108072916666667,0.04289299532185959,0.040299479166666666,0.041493055555555554,0.03984347268803453,0.04045138888888889,0.023350694444444445,0.027000343290621034,0.01970486111111111,0,0,0
float32-round-even-staged,fx-st-polaroid,0.9,True,True,0.049033650173598176,0.0564453125,0.05559137404224754,0.05505642361111111,0.05008680555555556,0.04894754402409541,0.048350694444444446,0.03958333333333333,0.0407812097725227,0.03806423611111111,0,0,0
float32-round-even-staged,fx-st-polaroid,1.5,True,True,0.05021813368055916,0.06382378472222222,0.06312097464530679,0.06208767361111111,0.051671006944444445,0.049241949778045524,0.04767795138888889,0.04255642361111111,0.04440997995179264,0.0404296875,0,0,0
float32-round-even-staged,fx-st-polaroid,2.1,True,True,0.05116608506942555,0.059092881944444446,0.05894608634804006,0.0583984375,0.05394965277777778,0.0524591476000679,0.05099826388888889,0.0384765625,0.037975731321442954,0.03153211805555556,0,0,0
float32-round-even-staged,fx-st-retro-tv,0.3,True,True,0.0023577473958340533,0.016059027777777776,0.023341227859072756,0.004904513888888889,0.0166015625,0.017019031915549862,0.0022352430555555554,0.007921006944444444,0.016733231306057764,0.003927951388888889,0,0,0
float32-round-even-staged,fx-st-retro-tv,0.9,True,True,0.01285671006943545,0.01697048611111111,0.020792363497418614,0.013802083333333333,0.022178819444444445,0.020529790282901392,0.013194444444444444,0.010720486111111111,0.018692934890963304,0.006727430555555556,0,0,0
float32-round-even-staged,fx-st-retro-tv,1.5,True,True,0.3539734461805537,0.38272569444444443,0.3853021227087846,0.38203125,0.35444878472222224,0.3590828803090741,0.35236545138888886,0.2879774305555556,0.2957789680501266,0.28728298611111114,0,0,0
float32-round-even-staged,fx-st-retro-tv,2.1,True,True,0.2747688671874968,0.3009114583333333,0.3058196967019971,0.29973958333333334,0.27532552083333334,0.2800274252252436,0.27254774305555557,0.22358940972222222,0.22808605757435332,0.2232421875,0,0,0
float32-round-even-staged,fx-st-billboard,0.3,True,True,0.018524696180548972,0.019401041666666667,0.019584305547314124,0.01870659722222222,0.019596354166666666,0.025084579574670408,0.01872829861111111,0.01918402777777778,0.02018414749642121,0.01597222222222222,0,0,0
float32-round-even-staged,fx-st-billboard,0.9,True,True,0.017648207465278176,0.02131076388888889,0.02262351723630339,0.01987847222222222,0.020377604166666667,0.026140084816352358,0.01720920138888889,0.016818576388888888,0.02100219059475372,0.0154296875,0,0,0
float32-round-even-staged,fx-st-billboard,1.5,True,True,0.018207447916680053,0.022243923611111112,0.02479965281630979,0.020073784722222224,0.02016059027777778,0.024236073744400777,0.018033854166666665,0.01482204861111111,0.017387085165953713,0.014431423611111112,0,0,0
float32-round-even-staged,fx-st-billboard,2.1,True,True,0.016205789930552328,0.020789930555555555,0.025615972958791887,0.020789930555555555,0.018424479166666667,0.02125131156247804,0.014735243055555555,0.02087673611111111,0.021941513829500717,0.017274305555555557,0,0,0
float32-round-even-staged,fx-st-film-strip,0.3,True,True,0.031368229166652384,0.0318359375,0.12350117850402395,0.029709201388888887,0.039496527777777776,0.11393037037606277,0.033203125,0.0267578125,0.08783621415733926,0.018077256944444446,0,0,0
float32-round-even-staged,fx-st-film-strip,0.9,True,True,0.3839001866319478,0.45553385416666664,0.5737989016709422,0.4534505208333333,0.3795355902777778,0.4809375466843591,0.3769314236111111,0.24952256944444445,0.33409637559959615,0.24813368055555557,0,0,0
float32-round-even-staged,fx-st-film-strip,1.5,True,True,1.0490935199652682,1.201171875,1.326629394395093,1.1969184027777777,1.0360026041666666,1.144588080532028,1.0344401041666667,0.7606987847222222,0.8439394963570842,0.7589626736111111,0,0,0
float32-round-even-staged,fx-st-film-strip,2.1,True,True,1.0947817534722333,1.2389105902777777,1.280700384623642,1.2389105902777777,1.0805989583333333,1.1114405497326336,1.0805989583333333,0.8126953125,0.8535309412209634,0.8108723958333334,0,0,0
float32-round-even-staged,fx-ne-frame,0.3,True,True,0.034329735243048276,0.034895833333333334,0.036523291616804864,0.026475694444444444,0.04635416666666667,0.04172221038149312,0.03715277777777778,0.03452690972222222,0.04389930096940516,0.0294921875,0,0,0
float32-round-even-staged,fx-ne-frame,0.9,True,True,1.84578540364582,1.712717013888889,1.6405651496503357,1.712717013888889,1.8811848958333333,1.805303016286466,1.8811848958333333,1.8869574652777779,1.8027302440062998,1.8869574652777779,0,0,0
float32-round-even-staged,fx-ne-frame,1.5,True,True,0.028272760416669485,0.036675347222222224,0.0373143571267194,0.027387152777777778,0.04071180555555556,0.03497068386067061,0.02894965277777778,0.03741319444444444,0.034367398577597706,0.024175347222222223,0,0,0
float32-round-even-staged,fx-ne-frame,2.1,True,True,0.030470946180557235,0.03463541666666667,0.037420705539602965,0.026258680555555556,0.04244791666666667,0.038977325825925065,0.03216145833333333,0.03888888888888889,0.034950755834442716,0.026128472222222223,0,0,0
float32-round-even-staged,fx-ne-ring,0.3,True,True,0.020049991319453397,0.030512152777777777,0.03383247417028964,0.022916666666666665,0.04064670138888889,0.027594576791612833,0.019596354166666666,0.023567708333333333,0.024430312984192213,0.016102430555555554,0,0,0
float32-round-even-staged,fx-ne-ring,0.9,False,False,0.9823709939236238,2.2216362847222224,2.2176542007103612,2.2216362847222224,0.5482855902777778,0.549624979126331,0.5482855902777778,1.6338975694444444,1.6324968046299315,1.633203125,0,0,0
float32-round-even-staged,fx-ne-ring,1.5,True,True,0.021137426215261712,0.03943142361111111,0.04113385797050722,0.03279079861111111,0.03715277777777778,0.028679626583414747,0.018619791666666666,0.017621527777777778,0.01996658053692883,0.011762152777777778,0,0,0
float32-round-even-staged,fx-ne-ring,2.1,True,True,0.017489509548596516,0.03704427083333333,0.03231015659621046,0.0283203125,0.033637152777777776,0.025700569571993688,0.01484375,0.016059027777777776,0.02496630839856375,0.011805555555555555,0,0,0
float32-round-even-staged,fx-ne-heart,0.3,True,True,0.022093146701394062,0.029730902777777776,0.03364864285549044,0.024522569444444444,0.041666666666666664,0.032096735005473165,0.022569444444444444,0.024544270833333333,0.024257777164340702,0.010221354166666667,0,0,0
float32-round-even-staged,fx-ne-heart,0.9,True,True,0.022792773437501523,0.03634982638888889,0.03348565866741441,0.024934895833333335,0.04450954861111111,0.03283162679520259,0.02358940972222222,0.02426215277777778,0.023016849722493498,0.00859375,0,0,0
float32-round-even-staged,fx-ne-heart,1.5,True,True,0.025423823784720412,0.03556857638888889,0.03244693321633255,0.021940104166666665,0.0453125,0.0343111625855031,0.02829861111111111,0.024088541666666668,0.02012561925371698,0.0072048611111111115,0,0,0
float32-round-even-staged,fx-ne-heart,2.1,True,True,0.02391919270833398,0.03250868055555556,0.029774561161928177,0.021354166666666667,0.044379340277777776,0.033908679836333167,0.025716145833333332,0.026085069444444445,0.02606606140097709,0.013671875,0,0,0
float32-round-even-staged,fx-ne-lightning,0.3,True,True,0.03909472222221666,0.0423828125,0.03796625741238987,0.02211371527777778,0.05568576388888889,0.04928449335587083,0.04613715277777778,0.025108506944444445,0.0331690966348852,0.0193359375,0,0,0
float32-round-even-staged,fx-ne-lightning,0.9,True,True,0.036276757812501614,0.04153645833333333,0.036300337856779705,0.028385416666666666,0.04906684027777778,0.04475037863938221,0.04095052083333333,0.021202256944444445,0.02707908027374397,0.013216145833333333,0,0,0
float32-round-even-staged,fx-ne-lightning,1.5,True,True,0.03428386718749721,0.040299479166666666,0.03523703737280563,0.019422743055555556,0.0509765625,0.0452178489377102,0.04021267361111111,0.029861111111111113,0.03349405257200047,0.019314236111111112,0,0,0
float32-round-even-staged,fx-ne-lightning,2.1,True,True,0.0332554600694408,0.04192708333333333,0.03604631638329697,0.025434027777777778,0.04422743055555556,0.03944042220399097,0.03606770833333333,0.03259548611111111,0.03536753369014527,0.028428819444444444,0,0,0
float32-round-even-staged,fx-ne-stars,0.3,False,False,0.30048848090277147,0.8768446180555556,5.057895148537928,0.11499565972222223,0.7559678819444444,2.896654621421153,0.38491753472222223,0.8557508680555556,5.403242630068758,0.0103515625,0,0,0
float32-round-even-staged,fx-ne-stars,0.9,False,False,1.2167554166666719,1.128125,5.123996602493325,1.016796875,1.5984157986111112,5.268486280616222,1.3677300347222223,0.8673611111111111,4.363018690434319,0.31002604166666664,0,0,0
float32-round-even-staged,fx-ne-stars,1.5,False,False,0.15158593315970847,0.6065755208333333,4.317660826678581,0.4810546875,0.4433376736111111,2.9049709127935337,0.021809895833333332,0.7077256944444444,4.68696098433934,0.46697048611111114,0,0,0
float32-round-even-staged,fx-ne-stars,2.1,False,False,0.13127968315970406,0.7360894097222223,5.594880877779755,0.17580295138888888,0.6386067708333333,6.257339991575586,0.1423828125,0.3835503472222222,4.416870026692388,0.10980902777777778,0,0,0
float32-round-even-staged,fx-cr-sparkle-burst,0.3,False,False,0.1122087282985973,0.4124348958333333,2.4576156311545616,0.11169704861111111,0.4029296875,2.4378735937027254,0.11456163194444445,0.3562065972222222,2.110668795631807,0.09040798611111112,0,0,0
float32-round-even-staged,fx-cr-sparkle-burst,0.9,True,True,0.00778122829862582,0.11215277777777778,0.23716173322785047,0.001953125,0.10431857638888889,0.2301824573256615,0.010091145833333334,0.08838975694444444,0.19866173342125137,0.013563368055555556,0,0,0
float32-round-even-staged,fx-cr-sparkle-burst,1.5,False,False,0.2822862499999985,0.4166449652777778,2.10117971442091,0.2740234375,0.4291015625,2.022420625119403,0.2902560763888889,0.36343315972222223,1.7550550646274643,0.22766927083333333,0,0,0
float32-round-even-staged,fx-cr-sparkle-burst,2.1,False,False,0.2030499782986226,0.5526475694444445,2.545696042147893,0.23294270833333333,0.46119791666666665,2.5304966973902574,0.19730902777777778,0.4115234375,2.2364090363138898,0.17189670138888888,0,0,0
float32-round-even-staged,fx-cr-glitter-rain,0.3,True,True,0.0022443663194451346,0.04837239583333333,0.030496195003485837,0.002756076388888889,0.04097222222222222,0.017173157831564312,0.0024305555555555556,0.040125868055555555,0.019828111478893684,0.0011067708333333333,0,0,0
float32-round-even-staged,fx-cr-glitter-rain,0.9,True,True,0.00030512586806707986,0.047591145833333334,0.03199570290320421,0.008094618055555556,0.043359375,0.020452015411271392,0.0014756944444444444,0.03927951388888889,0.020736081067604786,0.004991319444444444,0,0,0
float32-round-even-staged,fx-cr-glitter-rain,1.5,True,True,0.003954670138895722,0.05310329861111111,0.03179884887847583,0.004622395833333333,0.05084635416666667,0.018638916097972476,0.0032769097222222223,0.03986545138888889,0.024423568013205475,0.008702256944444445,0,0,0
float32-round-even-staged,fx-cr-glitter-rain,2.1,True,True,0.0004720876736143964,0.05737847222222222,0.033354523675911275,0.004296875,0.0458984375,0.020149006644853477,0.0006293402777777778,0.04268663194444444,0.027830858820683015,0.012348090277777777,0,0,0
float32-round-even-staged,fx-cr-matrix,0.3,True,True,0.010962352430553324,0.03969184027777778,0.02590930786810586,0.012955729166666667,0.026649305555555555,0.0228766434638061,0.010243055555555556,0.038563368055555554,0.026105964995275326,0.012217881944444444,0,0,0
float32-round-even-staged,fx-cr-matrix,0.9,True,True,0.005588728298612011,0.04474826388888889,0.03257735403928105,0.015538194444444445,0.03578559027777778,0.029886201492931024,0.0024088541666666668,0.034657118055555554,0.027325769228278268,0.007790798611111111,0,0,0
float32-round-even-staged,fx-cr-matrix,1.5,True,True,0.008618572048611384,0.03611111111111111,0.026350552162313034,0.013454861111111112,0.0271484375,0.018285927637370174,0.006922743055555555,0.029969618055555557,0.02808159232850532,0.011176215277777778,0,0,0
float32-round-even-staged,fx-cr-matrix,2.1,True,True,0.005704487847218331,0.05457899305555555,0.038254189084344935,0.019075520833333335,0.04268663194444444,0.055738622769134966,0.0005859375,0.05084635416666667,0.04706412956823348,0.017035590277777776,0,0,0
float32-round-even-staged,fx-cr-signal-lost,0.3,True,True,0.020885017361109703,0.16204427083333334,0.4839425897084564,0.03812934027777778,0.13914930555555555,0.4421992692042672,0.016883680555555555,0.1558810763888889,0.4628901022117506,0.009743923611111111,0,0,0
float32-round-even-staged,fx-cr-signal-lost,0.9,True,True,0.06893198350695684,0.14086371527777777,0.3026673017763699,0.06755642361111111,0.12404513888888889,0.2790664850932406,0.06688368055555556,0.12348090277777778,0.3068991376479333,0.09327256944444444,0,0,0
float32-round-even-staged,fx-cr-signal-lost,1.5,True,True,0.10266171874999941,0.19105902777777778,0.5558987878992521,0.12469618055555555,0.13678385416666666,0.5564601286443454,0.0945095486111111,0.15620659722222222,0.56359368076004,0.11853298611111111,0,0,0
float32-round-even-staged,fx-cr-signal-lost,2.1,False,False,14.021440876736108,12.497526041666667,26.42917036775044,12.411762152777778,14.088129340277778,32.546872627995164,13.774761284722222,21.400868055555556,37.531376840034696,21.20486111111111,0,0,0
float32-round-even-staged,fx-cr-slice-drift,0.3,True,True,0.027475993923616215,0.046484375,0.0439638974098485,0.03854166666666667,0.03734809027777778,0.031081236870317414,0.023198784722222223,0.04924045138888889,0.043889631761164574,0.037261284722222225,0,0,0
float32-round-even-staged,fx-cr-slice-drift,0.9,True,True,0.03437531684028272,0.04956597222222222,0.04449230225994526,0.03706597222222222,0.04331597222222222,0.04088564396283286,0.03389756944444444,0.04568142361111111,0.04376046993829742,0.031184895833333334,0,0,0
float32-round-even-staged,fx-cr-slice-drift,1.5,True,True,0.027072816840274072,0.042078993055555555,0.043822377548347766,0.03192274305555556,0.03825954861111111,0.03269911101185215,0.024631076388888888,0.04865451388888889,0.05074186365333181,0.03697916666666667,0,0,0
float32-round-even-staged,fx-cr-slice-drift,2.1,True,True,0.013360021701373626,0.043793402777777775,0.038263879879929304,0.025607638888888888,0.031141493055555556,0.023844676884753568,0.00896267361111111,0.040863715277777775,0.036499630936697884,0.02085503472222222,0,0,0
float32-round-even-staged,fx-cr-projector,0.3,False,False,2.525450733506929,3.0259114583333333,3.025669152491372,3.0259114583333333,2.449088541666667,2.447196351144267,2.449088541666667,1.8086154513888888,1.805517816428337,1.808224826388889,0,0,0
float32-round-even-staged,fx-cr-projector,0.9,False,False,1.7460893142361158,2.140234375,2.135804713479317,2.140234375,1.6803385416666667,1.6714971789474207,1.6803385416666667,1.2368055555555555,1.2298923817593952,1.2368055555555555,0,0,0
float32-round-even-staged,fx-cr-projector,1.5,True,True,0.09258131944443448,0.17973090277777778,0.3345291298769406,0.09839409722222223,0.17465277777777777,0.26056069241597013,0.09513888888888888,0.16393229166666667,0.19641466025664428,0.050130208333333336,0,0,0
float32-round-even-staged,fx-cr-projector,2.1,True,True,0.5399848828125187,0.6807291666666667,0.7113320737078405,0.6807291666666667,0.5120225694444445,0.5527223854176727,0.5120225694444445,0.4121310763888889,0.435237981463931,0.4025390625,0,0,0
float32-round-even-staged,fx-cr-flash-cut,0.3,True,True,0.040524895833343066,0.11493055555555555,0.10785082490303766,0.08515625,0.0505859375,0.0421949111660916,0.030533854166666666,0.03637152777777778,0.03275967822375122,0.008072916666666667,0,0,0
float32-round-even-staged,fx-cr-flash-cut,0.9,True,True,0.030561870659724377,0.06647135416666666,0.0835639827877006,0.0310546875,0.06697048611111112,0.0798727289357757,0.030946180555555557,0.06449652777777778,0.08387182047839288,0.025303819444444445,0,0,0
float32-round-even-staged,fx-cr-flash-cut,1.5,True,True,0.003692161458346277,0.04301215277777778,0.02724071494146251,0.005815972222222222,0.030577256944444443,0.025041882524538997,0.0029296875,0.03693576388888889,0.035954268059632644,0.004991319444444444,0,0,0
float32-round-even-staged,fx-cr-flash-cut,2.1,True,True,0.005936250000004861,0.04055989583333333,0.02649392234094979,0.014865451388888888,0.029383680555555555,0.016955531885516927,0.003081597222222222,0.03404947916666667,0.025848723002771044,0.007921006944444444,0,0,0
float32-round-even-staged,fx-cr-aurora,0.3,True,True,0.03381371093749408,0.040538194444444446,0.03934996093268254,0.028125,0.053125,0.04097085045191318,0.03741319444444444,0.03062065972222222,0.03144299545403496,0.014908854166666667,0,0,0
float32-round-even-staged,fx-cr-aurora,0.9,True,True,0.03318102864582784,0.038346354166666666,0.04165638000820622,0.027842881944444446,0.05353732638888889,0.04122570526776604,0.036610243055555554,0.0265625,0.031989407938287875,0.014930555555555556,0,0,0
float32-round-even-staged,fx-cr-aurora,1.5,True,True,0.030076380208328146,0.04088541666666667,0.04242379762175329,0.02634548611111111,0.04819878472222222,0.036739984977037864,0.03253038194444444,0.028125,0.0327239241524574,0.01675347222222222,0,0,0
float32-round-even-staged,fx-cr-aurora,2.1,True,True,0.03864433159721159,0.03958333333333333,0.036366540578725744,0.025347222222222222,0.05340711805555556,0.04915385746974214,0.04503038194444445,0.02634548611111111,0.0330714159950378,0.014539930555555556,0,0,0
float32-round-even-staged,fx-cr-twinkle-sky,0.3,True,True,0.0009122829861070159,0.044661458333333334,0.030770014536088814,0.002907986111111111,0.04153645833333333,0.01784934033169818,0.0009982638888888888,0.04522569444444444,0.031048374081401944,0.005815972222222222,0,0,0
float32-round-even-staged,fx-cr-twinkle-sky,0.9,True,True,0.0006365407986237415,0.0572265625,0.026960918026194342,0.0074435763888888885,0.04422743055555556,0.022386394856188596,0.0005208333333333333,0.04370659722222222,0.02912062009965696,0.007942708333333333,0,0,0
float32-round-even-staged,fx-cr-twinkle-sky,1.5,True,True,0.0013457248263790689,0.05158420138888889,0.03008517935200106,0.009440104166666666,0.038172743055555555,0.02242218926123479,0.0004557291666666667,0.04509548611111111,0.028701552952470965,0.004644097222222222,0,0,0
float32-round-even-staged,fx-cr-twinkle-sky,2.1,True,True,0.004523884548589763,0.05206163194444444,0.033687171671502494,0.010785590277777778,0.04040798611111111,0.020640806393342995,0.003732638888888889,0.04223090277777778,0.02829197847688043,0.006076388888888889,0,0,0
float32-round-even-staged,fx-cr-tri-split,0.3,False,False,0.6470034114583285,0.5862847222222223,2.525549051634584,0.5270399305555555,0.7443576388888888,2.5211481813741368,0.6611545138888889,0.9666666666666667,2.787047242872804,0.8600694444444444,0,0,0
float32-round-even-staged,fx-cr-tri-split,0.9,True,False,0.5513239670138859,0.5181640625,1.8019399665837894,0.41065538194444445,0.6505425347222222,1.7516306421384609,0.5699869791666666,0.7955946180555555,2.0061701026361107,0.7806640625,0,0,0
float32-round-even-staged,fx-cr-tri-split,1.5,False,False,0.30525108072917817,0.3931206597222222,2.462724248010375,0.08834635416666667,0.4488715277777778,2.3860405465920747,0.32256944444444446,0.7779513888888889,2.6448122530032907,0.7723958333333333,0,0,0
float32-round-even-staged,fx-cr-tri-split,2.1,True,True,0.3878913281249794,0.41571180555555554,1.2278559256052934,0.24995659722222222,0.5166015625,1.2284527473056754,0.4080946180555556,0.6133680555555555,1.3890266289454167,0.5939236111111111,0,0,0
float32-round-even-staged,fx-mt-photo-snap,0.3,True,True,0.0557689583333314,0.04887152777777778,0.05078191181291553,0.048177083333333336,0.05737847222222222,0.05652388540099817,0.056163194444444446,0.07421875,0.07277185780684538,0.07421875,0,0,0
float32-round-even-staged,fx-mt-photo-snap,0.9,True,True,0.14019006944445778,0.17747395833333332,0.8499828391690569,0.14982638888888888,0.16829427083333334,0.8458262353969727,0.14064670138888888,0.15868055555555555,0.8473620931535456,0.10729166666666666,0,0,0
float32-round-even-staged,fx-mt-photo-snap,1.5,False,False,0.3632182725694406,0.5055989583333333,13.394450152422577,0.3369357638888889,0.5202690972222223,13.495614840459698,0.3765190972222222,0.5038194444444445,13.428006797053364,0.30885416666666665,0,0,0
float32-round-even-staged,fx-mt-photo-snap,2.1,True,True,0.05506704427082809,0.04986979166666667,0.05138759231634215,0.04986979166666667,0.056315104166666664,0.0571874660605107,0.056315104166666664,0.06078559027777778,0.06054644153984741,0.0580078125,0,0,0
float32-round-even-staged,fx-mt-zoom-shake,0.3,True,True,0.06281976996528726,0.11384548611111112,0.19937538425408508,0.0484375,0.10353732638888889,0.16411033123886698,0.06729600694444444,0.1027560763888889,0.1759339889169852,0.06082899305555556,0,0,0
float32-round-even-staged,fx-mt-zoom-shake,0.9,True,True,0.05052209201387825,0.05687934027777778,0.06634601567231828,0.04958767361111111,0.061197916666666664,0.05936467591047571,0.05134548611111111,0.049544270833333334,0.06548247306391979,0.0451171875,0,0,0
float32-round-even-staged,fx-mt-zoom-shake,1.5,True,True,0.405236184895827,0.5797092013888889,1.4807933394987827,0.4040581597222222,0.5663845486111111,1.262888083148844,0.4116970486111111,0.3549045138888889,1.2598338010144194,0.3447048611111111,0,0,0
float32-round-even-staged,fx-mt-zoom-shake,2.1,True,True,0.07109072916667003,0.23802083333333332,0.8004513669896137,0.11276041666666667,0.24244791666666668,0.7367917542250927,0.06453993055555556,0.20186631944444444,0.7490484662360719,0.01328125,0,0,0
float32-round-even-staged,fx-globe,0.3,True,True,0.045240928819438864,0.058680555555555555,0.05964967158706777,0.051041666666666666,0.055924479166666666,0.05486486413356318,0.04325086805555556,0.048567708333333334,0.04763068809596823,0.04787326388888889,0,0,0
float32-round-even-staged,fx-globe,0.9,True,True,0.04801144097223187,0.05479600694444445,0.055214174200586975,0.05479600694444445,0.04715711805555556,0.0470611878094523,0.04698350694444445,0.04099392361111111,0.041153854283694696,0.03821614583333333,0,0,0
float32-round-even-staged,fx-globe,1.5,True,True,0.04927147135416021,0.04982638888888889,0.050438062356076015,0.049479166666666664,0.051280381944444446,0.05065744453524022,0.05075954861111111,0.0349609375,0.03601947844302182,0.033919270833333334,0,0,0
float32-round-even-staged,fx-globe,2.1,True,True,0.029373806423606652,0.04624565972222222,0.04941678667094272,0.023198784722222223,0.04568142361111111,0.04950734198152053,0.03240017361111111,0.04210069444444445,0.041539147089723,0.017578125,0,0,0
float32-round-even-staged,fx-hyperspace,0.3,False,True,0.25355818142359965,0.29008246527777776,1.4082652961555102,0.2341796875,0.2740017361111111,1.4532004492639412,0.2542534722222222,0.3187065972222222,1.6514417624829951,0.3037326388888889,0,0,0
float32-round-even-staged,fx-hyperspace,0.9,False,True,0.19728944878472277,0.20047743055555556,1.5898769792446816,0.20047743055555556,0.19578993055555555,1.6493579737317172,0.19578993055555555,0.20414496527777778,1.8142329976505702,0.2027560763888889,0,0,0
float32-round-even-staged,fx-hyperspace,1.5,False,True,0.5700245269097337,0.5540147569444445,1.660557478449813,0.5540147569444445,0.5701171875,1.7322377704493244,0.5699435763888889,0.6200520833333333,1.929809896487674,0.61796875,0,0,0
float32-round-even-staged,fx-hyperspace,2.1,False,False,0.19389398437500205,0.1974392361111111,1.8796662987097459,0.1675347222222222,0.20831163194444444,1.9431866180187831,0.1999782986111111,0.21783854166666666,2.1410635169480994,0.21124131944444444,0,0,0
float32-round-even-staged,fx-star-rush,0.3,False,False,0.13463928385415613,0.2503689236111111,1.9770857232740275,0.10553385416666666,0.2829861111111111,2.1950929440277855,0.13528645833333333,0.3314670138888889,2.414339618541756,0.21393229166666666,0,0,0
float32-round-even-staged,fx-star-rush,0.9,False,False,0.25220451822917767,0.5242621527777778,2.40493548099252,0.2384982638888889,0.5343967013888888,2.6772756328973872,0.25492621527777776,0.48760850694444446,2.930730888394793,0.2656032986111111,0,0,0
float32-round-even-staged,fx-star-rush,1.5,False,False,0.2876272743055637,0.3013237847222222,2.327959996224637,0.26668836805555557,0.31395399305555555,2.5748683823807443,0.29346788194444445,0.30575086805555557,2.7906865093899387,0.2914279513888889,0,0,0
float32-round-even-staged,fx-star-rush,2.1,False,False,0.26360888888889633,0.2705295138888889,2.4327210384853255,0.24965277777777778,0.32180989583333336,2.6637537898515946,0.2678168402777778,0.3486111111111111,2.882559155333584,0.2630208333333333,0,0,0
float32-round-even-staged,fx-camera-shake,0.3,True,True,0.04724208333333024,0.05998263888888889,0.056535319045712885,0.04691840277777778,0.056640625,0.051260731126957094,0.049088541666666666,0.038802083333333334,0.04170602116408097,0.02990451388888889,0,0,0
float32-round-even-staged,fx-camera-shake,0.9,True,True,0.047163815104156015,0.059136284722222224,0.06126512848777582,0.0556640625,0.050868055555555555,0.04982278415202617,0.04600694444444445,0.03763020833333333,0.04115544182566075,0.03359375,0,0,0
float32-round-even-staged,fx-camera-shake,1.5,True,True,0.05160512586805055,0.06414930555555555,0.06384596700149776,0.056901041666666666,0.06013454861111111,0.057282008594747115,0.05206163194444444,0.04450954861111111,0.050752062613796896,0.03148871527777778,0,0,0
float32-round-even-staged,fx-camera-shake,2.1,True,True,0.04571087239582994,0.06336805555555555,0.06494982987659612,0.05828993055555556,0.047591145833333334,0.048597664782997145,0.04338107638888889,0.04416232638888889,0.0489742128208792,0.031749131944444446,0,0,0
float32-round-even-staged,fx-film-grain,0.3,True,True,0.28752654947915346,0.3353515625,0.6831195823792906,0.31243489583333334,0.30690104166666665,0.6713503070935845,0.279296875,0.3155381944444444,0.6965889977524878,0.295703125,0,0,0
float32-round-even-staged,fx-film-grain,0.9,True,True,0.032956523437491114,0.19479166666666667,0.5509878687649183,0.03146701388888889,0.18079427083333333,0.5497787439382099,0.03200954861111111,0.21156684027777778,0.5704694645885677,0.046723090277777775,0,0,0
float32-round-even-staged,fx-film-grain,1.5,True,True,0.17237641059028874,0.20219184027777778,0.6157628918606128,0.17311197916666668,0.25149739583333336,0.6031648714262933,0.1773654513888889,0.271484375,0.6092345400298329,0.12078993055555555,0,0,0
float32-round-even-staged,fx-film-grain,2.1,True,True,0.020455121527774622,0.21284722222222222,0.649437661130615,0.008029513888888888,0.1931423611111111,0.6672771483291647,0.02131076388888889,0.15633680555555557,0.6689637705359999,0.048567708333333334,0,0,0
float32-round-even-staged,fx-glitch-in,0.3,True,True,0.006321940104172086,0.010959201388888888,0.01410472113190182,0.008528645833333333,0.011697048611111111,0.009698344113719917,0.005620659722222222,0.010633680555555556,0.011418416737773236,0.0067708333333333336,0,0,0
float32-round-even-staged,fx-glitch-in,0.9,True,True,0.03178593315973899,0.06052517361111111,0.05316603391636394,0.04919704861111111,0.035069444444444445,0.034216429455566924,0.025520833333333333,0.04982638888888889,0.04658372459005355,0.042578125,0,0,0
float32-round-even-staged,fx-glitch-in,1.5,True,True,0.028302105034754277,0.0935546875,0.09339879789463161,0.08830295138888888,0.025347222222222222,0.01554001681379789,0.007465277777777778,0.06180555555555556,0.05958008017207907,0.05802951388888889,0,0,0
float32-round-even-staged,fx-glitch-in,2.1,True,True,0.002180559895833767,0.027734375,0.02350759001124396,0.006206597222222222,0.019965277777777776,0.012374166208878018,0.0012586805555555556,0.020811631944444443,0.013285026813780316,0.0005425347222222222,0,0,0
float32-round-even-staged,fx-film-burn,0.3,True,True,0.006197434895838683,0.04494357638888889,0.025306715415751763,2.170138888888889e-05,0.04201388888888889,0.018975662800932165,0.006814236111111111,0.03585069444444444,0.02806115369482691,0.018272569444444445,0,0,0
float32-round-even-staged,fx-film-burn,0.9,True,True,0.018754982638853335,0.025716145833333332,0.02033012853435396,0.003146701388888889,0.0494140625,0.03887329328409306,0.024891493055555554,0.024674479166666666,0.027296589372153603,0.003927951388888889,0,0,0
float32-round-even-staged,fx-film-burn,1.5,True,True,0.019057174479172545,0,0,0,0.02556423611111111,0.024621190514055445,0.025390625,0.0177734375,0.015563780614438145,0.012434895833333333,0,0,0
float32-round-even-staged,fx-film-burn,2.1,True,True,9.968750001121407e-05,0,0,0,8.680555555555556e-05,5.308251131010288e-05,8.680555555555556e-05,0.0005208333333333333,0.00034529816823679864,0.0005208333333333333,0,0,0
float32-round-even-staged,fx-torn-reveal,0.3,True,True,0.001165060763888448,0.026844618055555554,0.011109584992586675,0.0024522569444444444,0.021723090277777777,0.009238920003946653,0.001540798611111111,0.016037326388888887,0.012027742883846702,0.008094618055555556,0,0,0
float32-round-even-staged,fx-torn-reveal,0.9,True,True,0.006595264756953156,0.04142795138888889,0.02389588635328041,0.0044921875,0.036458333333333336,0.018620068490626963,0.006510416666666667,0.03697916666666667,0.02431953769547903,0.013628472222222222,0,0,0
float32-round-even-staged,fx-torn-reveal,1.5,True,True,0.006444869791664587,0.04236111111111111,0.02594616715967815,0.010069444444444445,0.04537760416666667,0.018199179467821597,0.004839409722222222,0.03550347222222222,0.027794684452436942,0.011675347222222222,0,0,0
float32-round-even-staged,fx-torn-reveal,2.1,True,True,0.005828741319447772,0.04809027777777778,0.02726482906253209,0.005555555555555556,0.03634982638888889,0.017003956101535687,0.005013020833333334,0.03993055555555555,0.027611650916512954,0.014713541666666666,0,0,0
float32-round-even-staged,fx-mirror-ball,0.3,True,True,0.009749062499992078,0.03422309027777778,0.03332452246008851,0.004014756944444444,0.04229600694444444,0.05096616033997153,0.011436631944444444,0.028624131944444443,0.052543211522265515,0.009917534722222222,0,0,0
float32-round-even-staged,fx-mirror-ball,0.9,True,True,0.007713472222221185,0.044835069444444445,0.04115894968043339,0.012543402777777778,0.03990885416666667,0.05147260898130757,0.0062282986111111115,0.029036458333333334,0.053085820832084685,0.008203125,0,0,0
float32-round-even-staged,fx-mirror-ball,1.5,True,True,0.002146796874995971,0.0431640625,0.04253681931551171,0.004448784722222222,0.05188802083333333,0.04634972232774546,0.0014973958333333334,0.04381510416666667,0.056188690836069734,0.0018012152777777779,0,0,0
float32-round-even-staged,fx-mirror-ball,2.1,True,True,0.00805329427082313,0.041666666666666664,0.052429084194281286,0.0049479166666666664,0.059418402777777775,0.05627648507884572,0.011935763888888888,0.04641927083333333,0.07819249582204764,0.007877604166666666,0,0,0
float32-round-even-staged,fx-confetti,0.3,True,True,0.0010743489583262544,0.03721788194444445,0.02473538901645151,0.008745659722222222,0.037760416666666664,0.020175666635067514,0.004296875,0.028016493055555557,0.022394854827947244,0.0019314236111111112,0,0,0
float32-round-even-staged,fx-confetti,0.9,True,True,0.001290564236114733,0.03626302083333333,0.025371552114788375,0.0039713541666666664,0.03307291666666667,0.019323793793815183,4.340277777777778e-05,0.029535590277777777,0.023757117620742913,0.005750868055555556,0,0,0
float32-round-even-staged,fx-confetti,1.5,True,True,0.004900347222246637,0.04396701388888889,0.026811328650147938,0.010243055555555556,0.03250868055555556,0.01957508941100825,0.003298611111111111,0.03602430555555555,0.028531614489556677,0.0050347222222222225,0,0,0
float32-round-even-staged,fx-confetti,2.1,True,True,0.0006379774305571573,0.04327256944444444,0.02631956593165774,0.007855902777777778,0.03185763888888889,0.01920197575702989,0.002126736111111111,0.03185763888888889,0.02241772538016851,0.0067708333333333336,0,0,0
float32-round-even-staged,fx-balloons,0.3,True,True,0.005088046875002306,0.04203559027777778,0.022322084506908663,0.0004123263888888889,0.03138020833333333,0.01809491603344127,0.005902777777777778,0.029231770833333334,0.031242570028304797,0.010785590277777778,0,0,0
float32-round-even-staged,fx-balloons,0.9,True,True,0.006150429687494352,0.03452690972222222,0.018371560706963212,0.0010633680555555555,0.03509114583333333,0.018858874114807814,0.006662326388888889,0.031727430555555554,0.03321800177391971,0.016059027777777776,0,0,0
float32-round-even-staged,fx-balloons,1.5,True,True,0.001776184895845745,0.03669704861111111,0.022839481123889786,0.0072265625,0.03550347222222222,0.01979691399403488,0.00021701388888888888,0.02578125,0.020137933192177514,0.001171875,0,0,0
float32-round-even-staged,fx-balloons,2.1,True,True,0.004306310763880106,0.03910590277777778,0.025148091351052147,0.0009114583333333333,0.03480902777777778,0.02148512505373387,0.005512152777777778,0.027126736111111112,0.019831412602151485,0.007725694444444445,0,0,0
float32-round-even-staged,fx-earthquake,0.3,True,True,0.04962953125000524,0.05944010416666667,0.06203836146778283,0.0560546875,0.05555555555555555,0.053155435756541004,0.049305555555555554,0.042816840277777775,0.04305724936129097,0.033919270833333334,0,0,0
float32-round-even-staged,fx-earthquake,0.9,True,True,0.04644050347219775,0.0607421875,0.06590696719969429,0.05475260416666667,0.0501953125,0.04957974760443863,0.04576822916666667,0.0396484375,0.042627088257048626,0.028624131944444443,0,0,0
float32-round-even-staged,fx-earthquake,1.5,True,True,0.05070295138888525,0.062000868055555554,0.06283310245978882,0.05640190972222222,0.05295138888888889,0.05184489629487607,0.050694444444444445,0.042078993055555555,0.045753472803372615,0.03400607638888889,0,0,0
float32-round-even-staged,fx-earthquake,2.1,True,True,0.049548094618046434,0.06477864583333333,0.06725383525939041,0.0632595486111111,0.05416666666666667,0.04790168054126867,0.047135416666666666,0.041015625,0.045353474785299656,0.03307291666666667,0,0,0
float32-round-even-staged,fx-light-leak,0.3,True,True,0.008472973090277947,0.039214409722222225,0.020424675444042768,0.007703993055555556,0.03274739583333333,0.01751994367944881,0.009136284722222223,0.030381944444444444,0.019658744020155515,0.004166666666666667,0,0,0
float32-round-even-staged,fx-light-leak,0.9,True,True,0.005097764756953893,0.03318142361111111,0.01785235150885829,0.0034071180555555556,0.03674045138888889,0.022774279153568975,0.0057074652777777775,0.03289930555555556,0.02103385369685107,0.004036458333333334,0,0,0
float32-round-even-staged,fx-light-leak,1.5,True,True,0.001844861111109708,0.031966145833333334,0.020198648116811133,0.004752604166666666,0.037651909722222224,0.02157111560509345,0.0010199652777777778,0.02797309027777778,0.024032691628510457,0.0014539930555555556,0,0,0
float32-round-even-staged,fx-light-leak,2.1,True,True,0.0027618706597394294,0.03430989583333333,0.02575940421323762,0.002712673611111111,0.03810763888888889,0.03078193014186887,0.003081597222222222,0.03042534722222222,0.026706214927569607,0.00026041666666666666,0,0,0
float32-round-even-staged,fx-bokeh,0.3,True,True,0.007824921875013047,0.04079861111111111,0.03216886494007882,0.01792534722222222,0.042252604166666666,0.023964828996746238,0.006488715277777778,0.033463541666666666,0.02699325248860157,0.008680555555555556,0,0,0
float32-round-even-staged,fx-bokeh,0.9,True,True,0.006018025173602837,0.039322916666666666,0.033471831097603204,0.01506076388888889,0.0423828125,0.025481149688163215,0.004535590277777778,0.041514756944444446,0.030679557696750147,0.0059244791666666664,0,0,0
float32-round-even-staged,fx-bokeh,1.5,True,True,0.007330520833320975,0.04398871527777778,0.03153867549439251,0.009006076388888888,0.04084201388888889,0.023105905339602818,0.007942708333333333,0.03674045138888889,0.02950845272278614,0.003667534722222222,0,0,0
float32-round-even-staged,fx-bokeh,2.1,True,True,0.012381371527780516,0.04635416666666667,0.03240420571169526,0.009157986111111112,0.03984375,0.027794953017289088,0.015321180555555555,0.038585069444444446,0.02722087494897522,0.007248263888888889,0,0,0
float32-round-even-staged,fx-grid-flash,0.3,True,True,0.05029206597222924,0.07078993055555556,0.058572000674343094,0.05894097222222222,0.060633680555555555,0.04558924880628358,0.04787326388888889,0.07769097222222222,0.05370422667680344,0.04878472222222222,0,0,0
float32-round-even-staged,fx-grid-flash,0.9,True,True,0.04788380208333365,0.11108940972222223,0.08503530969053556,0.08960503472222223,0.052647569444444445,0.035602870186246555,0.034678819444444446,0.06534288194444444,0.05491708735927164,0.05583767361111111,0,0,0
float32-round-even-staged,fx-grid-flash,1.5,True,True,0.04006610243055775,0.07521701388888889,0.06587574551929926,0.067578125,0.06419270833333333,0.03469987646419797,0.029079861111111112,0.07482638888888889,0.07259411036345198,0.06788194444444444,0,0,0
float32-round-even-staged,fx-grid-flash,2.1,True,True,0.044128125000014506,0.06773003472222222,0.05621617643159317,0.051323784722222224,0.054253472222222224,0.041675364847034393,0.04175347222222222,0.05687934027777778,0.05406976134353557,0.04646267361111111,0,0,0
float32-round-even-staged,fx-pencil-sketch,0.3,True,True,0.035399171006929464,0.052235243055555554,0.07327315043930568,0.03474392361111111,0.05633680555555556,0.06714722769960763,0.03585069444444444,0.06349826388888889,0.07224044142387101,0.03285590277777778,0,0,0
float32-round-even-staged,fx-pencil-sketch,0.9,True,True,0.02211980902779942,0.05933159722222222,0.06912162366941005,0.027734375,0.057942708333333336,0.05924414438702584,0.02113715277777778,0.06727430555555555,0.06746528233343883,0.015321180555555555,0,0,0
float32-round-even-staged,fx-pencil-sketch,1.5,True,True,0.04371931423611386,0.05525173611111111,0.06364610654510779,0.04192708333333333,0.05601128472222222,0.0625039241860843,0.0447265625,0.05985243055555556,0.06385852351731316,0.03901909722222222,0,0,0
float32-round-even-staged,fx-pencil-sketch,2.1,True,True,0.0352170876736011,0.06443142361111111,0.0766054684574677,0.03830295138888889,0.06712239583333333,0.06601184199508804,0.034266493055555555,0.05759548611111111,0.07503545706406596,0.035546875,0,0,0
float32-round-even-staged,fx-marker-lines,0.3,True,True,0.02338838975694557,0.03361545138888889,0.03890044611331763,0.021028645833333335,0.04236111111111111,0.04427636467696757,0.02309027777777778,0.04592013888888889,0.05428629865151416,0.033289930555555555,0,0,0
float32-round-even-staged,fx-marker-lines,0.9,True,True,0.022655104166673823,0.03990885416666667,0.05234827973730664,0.023763020833333332,0.042252604166666666,0.04275077261453823,0.02263454861111111,0.042469618055555554,0.05108713948461745,0.019596354166666666,0,0,0
float32-round-even-staged,fx-marker-lines,1.5,True,True,0.024044878472224696,0.04405381944444445,0.04469130002332843,0.016319444444444445,0.04728732638888889,0.04166190583390612,0.026323784722222222,0.038411458333333336,0.043502282352718,0.02421875,0,0,0
float32-round-even-staged,fx-marker-lines,2.1,True,True,0.029368307291662177,0.04481336805555555,0.04917522720473055,0.023372395833333334,0.05065104166666667,0.04637882726334302,0.031032986111111112,0.046332465277777776,0.053850345985982,0.030533854166666666,0,0,0
float32-round-even-staged,fx-spray-neon,0.3,True,True,0.020412235243057353,0.04431423611111111,0.061246134497680044,0.04027777777777778,0.0263671875,0.03976803664503543,0.012565104166666667,0.05562065972222222,0.05409406621072878,0.0396484375,0,0,0
float32-round-even-staged,fx-spray-neon,0.9,True,True,0.02057309027779297,0.05032552083333333,0.06992068209344908,0.03526475694444445,0.029861111111111113,0.03759593209772067,0.014670138888888889,0.0529296875,0.0565292996025334,0.03578559027777778,0,0,0
float32-round-even-staged,fx-spray-neon,1.5,True,True,0.020671636284731676,0.04314236111111111,0.06100165631702453,0.03407118055555555,0.028276909722222222,0.031173542129246386,0.01447482638888889,0.057183159722222224,0.04902849840661057,0.04259982638888889,0,0,0
float32-round-even-staged,fx-spray-neon,2.1,True,True,0.021278307291666465,0.0458984375,0.06515177093396336,0.040863715277777775,0.029969618055555557,0.03974496378119247,0.012738715277777778,0.0603515625,0.05701610089470129,0.04819878472222222,0,0,0
float32-round-even-staged,fx-chalkboard,0.3,True,True,0.05448162760416153,0.05245225694444444,0.061094964024999324,0.05049913194444444,0.05798611111111111,0.06591346284430562,0.055859375,0.05642361111111111,0.06556084304002584,0.05256076388888889,0,0,0
float32-round-even-staged,fx-chalkboard,0.9,True,True,0.06144279513888762,0.05221354166666667,0.06498122519879371,0.04314236111111111,0.06731770833333334,0.0798685485590472,0.06714409722222223,0.061328125,0.07821711734656767,0.058854166666666666,0,0,0
float32-round-even-staged,fx-chalkboard,1.5,True,True,0.040282491319430846,0.03958333333333333,0.059762049392868555,0.03819444444444445,0.04884982638888889,0.053368399566795725,0.041731770833333334,0.04353298611111111,0.05992928599915444,0.032074652777777775,0,0,0
float32-round-even-staged,fx-chalkboard,2.1,True,True,0.05313470486110816,0.06278211805555556,0.0709596617460282,0.05635850694444444,0.05464409722222222,0.06214379133602212,0.05256076388888889,0.05036892361111111,0.0679852506323479,0.049327256944444446,0,0,0
float32-round-even-staged,fx-scribble-frame,0.3,True,True,0.007163324652779579,0.03919270833333333,0.03192393446367554,0.010243055555555556,0.037934027777777775,0.022460443429602468,0.007378472222222222,0.031336805555555555,0.027954487858663172,0.004036458333333334,0,0,0
float32-round-even-staged,fx-scribble-frame,0.9,True,True,0.002302760416654337,0.038411458333333336,0.03131145607980393,0.004904513888888889,0.03641493055555556,0.022551011013118395,0.0022569444444444442,0.04136284722222222,0.025223214418214842,0.004904513888888889,0,0,0
float32-round-even-staged,fx-scribble-frame,1.5,True,True,0.0062316189236071295,0.03980034722222222,0.02991524967509552,0.00625,0.0416015625,0.022532938280211662,0.006879340277777778,0.031575520833333336,0.029081654505311336,0.00023871527777777777,0,0,0
float32-round-even-staged,fx-scribble-frame,2.1,True,True,0.005515720486101827,0.043120659722222225,0.02932694425677648,0.007052951388888889,0.03674045138888889,0.021297295180094544,0.0059244791666666664,0.03804253472222222,0.028594419087737466,0.0030598958333333333,0,0,0
float32-round-even-staged,fx-confetti-burst,0.3,True,True,0.033695824652753004,0.08509114583333334,0.5044714914575538,0.06139322916666667,0.11649305555555556,0.511748896515183,0.08229166666666667,0.16907552083333333,0.49842839815488227,0.16768663194444444,0,0,0
float32-round-even-staged,fx-confetti-burst,0.9,True,True,0.013228897569433684,0.06827256944444444,0.2581982702071681,0.0016493055555555556,0.06983506944444444,0.30516037662314915,0.021006944444444446,0.07825520833333334,0.3391131419853986,0.020008680555555554,0,0,0
float32-round-even-staged,fx-confetti-burst,1.5,True,True,0.042513763020821216,0.17881944444444445,0.3548814749784138,0.07421875,0.13153211805555556,0.27329451902884627,0.07858072916666667,0.10970052083333333,0.25382170095489676,0.028971354166666668,0,0,0
float32-round-even-staged,fx-confetti-burst,2.1,True,True,0.1187033376736224,0.16827256944444444,0.25524809023221445,0.093359375,0.20188802083333332,0.21768989646385503,0.13478732638888888,0.1567925347222222,0.29541158521318317,0.03400607638888889,0,0,0
float32-round-even-staged,fx-gold-glitter,0.3,True,True,0.004069852430561127,0.036219618055555555,0.031053445587303975,0.004361979166666667,0.03502604166666667,0.025295785398811135,0.007291666666666667,0.028016493055555557,0.02152825340787418,0.0030164930555555557,0,0,0
float32-round-even-staged,fx-gold-glitter,0.9,True,True,0.00012198784722272649,0.03526475694444445,0.03351809460740272,0.0014105902777777778,0.03396267361111111,0.019992098213239093,0.0013237847222222223,0.03109809027777778,0.027248427424198578,0.007269965277777778,0,0,0
float32-round-even-staged,fx-gold-glitter,1.5,True,True,0.0012437413194419378,0.03413628472222222,0.02587235765984081,0.005230034722222222,0.03411458333333333,0.02073328512902946,0.003125,0.03773871527777778,0.027362098774755456,0.0016710069444444444,0,0,0
float32-round-even-staged,fx-gold-glitter,2.1,True,True,3.781249999690317e-05,0.03435329861111111,0.030535113167945622,0.009309895833333333,0.028776041666666665,0.02174085605474835,0.0036024305555555558,0.031575520833333336,0.026445864942483608,0.0077473958333333336,0,0,0
float32-round-even-staged,fx-heart-rain,0.3,True,True,0.005472039930566552,0.041167534722222225,0.02070322429199586,0.0041015625,0.03693576388888889,0.01692620560133662,0.00625,0.02966579861111111,0.020918604345968584,0.0018012152777777779,0,0,0
float32-round-even-staged,fx-heart-rain,0.9,True,True,0.003736545138878,0.035633680555555554,0.02126930602129906,0.0008680555555555555,0.0337890625,0.01824756987376909,0.005403645833333333,0.030555555555555555,0.020303077272701746,0.00078125,0,0,0
float32-round-even-staged,fx-heart-rain,1.5,True,True,0.0034893576388839165,0.04001736111111111,0.027469629290356876,0.005078125,0.03517795138888889,0.017852725620476986,0.0032335069444444442,0.027777777777777776,0.02212166445834498,0.001345486111111111,0,0,0
float32-round-even-staged,fx-heart-rain,2.1,True,True,0.003916875000001596,0.041731770833333334,0.027214863707774987,0.004752604166666666,0.03539496527777778,0.018439440324102864,0.0060546875,0.0255859375,0.020365069805445377,0.008268229166666667,0,0,0
float32-round-even-staged,fx-bubbles,0.3,True,True,0.005926714409710598,0.040581597222222224,0.029064872352789293,0.0072048611111111115,0.039605034722222224,0.017981190368924805,0.005533854166666667,0.036783854166666664,0.023537393702590004,0.0060546875,0,0,0
float32-round-even-staged,fx-bubbles,0.9,True,True,0.0054893012152774645,0.040299479166666666,0.027865329686156178,0.012217881944444444,0.04088541666666667,0.0192205077934038,0.0037760416666666667,0.03324652777777778,0.021285487784311996,0.0026475694444444446,0,0,0
float32-round-even-staged,fx-bubbles,1.5,True,True,0.0006583506944508599,0.04756944444444444,0.02750933172555552,0.002777777777777778,0.048111979166666666,0.018050417562782594,0.0006293402777777778,0.03962673611111111,0.026423671748290016,0.005295138888888889,0,0,0
float32-round-even-staged,fx-bubbles,2.1,True,True,0.006872191840258779,0.05017361111111111,0.029864575924724128,0.004991319444444444,0.04309895833333333,0.02047833115651867,0.008810763888888889,0.04008246527777778,0.028778928367873307,0.006792534722222222,0,0,0
float32-round-even-staged,fx-star-pop,0.3,True,True,0.00687036458332102,0.03951822916666667,0.025904186885537684,0.00935329861111111,0.03973524305555556,0.02633625934664396,0.012217881944444444,0.03487413194444444,0.02563939271022022,0.0016710069444444444,0,0,0
float32-round-even-staged,fx-star-pop,0.9,True,True,0.004427078993046507,0.034266493055555555,0.022387275886819453,0.008268229166666667,0.027756076388888887,0.01830960622435492,0.0033203125,0.03342013888888889,0.026853466336522955,0.004079861111111111,0,0,0
float32-round-even-staged,fx-star-pop,1.5,True,True,0.0043244531249939655,0.03732638888888889,0.025063387433672233,0.010980902777777777,0.030164930555555556,0.02019336181859011,0.0023003472222222223,0.03372395833333333,0.02833034824480924,0.004774305555555556,0,0,0
float32-round-even-staged,fx-star-pop,2.1,True,True,0.0038953776041665833,0.03600260416666667,0.03223264768413555,0.006141493055555555,0.032769097222222224,0.024526894318350513,0.008420138888888888,0.030381944444444444,0.022294771650457814,0.011371527777777777,0,0,0
float32-round-even-staged,fx-petals,0.3,True,True,0.005801961805545375,0.05080295138888889,0.028851536578815305,0.009092881944444445,0.030924479166666668,0.01700496604498743,0.010655381944444445,0.02736545138888889,0.018731067910862525,0.001584201388888889,0,0,0
float32-round-even-staged,fx-petals,0.9,True,True,0.0050155815972203754,0.04357638888888889,0.026205173394379062,0.009678819444444445,0.03233506944444445,0.018196236123446993,0.00959201388888889,0.030338541666666666,0.019228983832349236,0.002951388888888889,0,0,0
float32-round-even-staged,fx-petals,1.5,True,True,0.005053645833328346,0.04390190972222222,0.028302828760901334,0.0006293402777777778,0.034830729166666664,0.01929019101701601,0.006966145833333334,0.023893229166666665,0.019035348347328365,0.0028428819444444443,0,0,0
float32-round-even-staged,fx-petals,2.1,True,True,0.00646373697915692,0.04481336805555555,0.028850124299403854,0.004796006944444445,0.03478732638888889,0.021567122868979674,0.009657118055555556,0.03012152777777778,0.021409469520857007,0.00798611111111111,0,0,0
float32-round-even-staged,fx-snowfall,0.3,True,True,0.02991861979165833,0.08428819444444445,0.33190932445899496,0.03372395833333333,0.074609375,0.35644745092026114,0.029730902777777776,0.08459201388888889,0.4022197943988812,0.020572916666666666,0,0,0
float32-round-even-staged,fx-snowfall,0.9,True,True,0.01523043836806437,0.10952690972222222,0.4022583363344053,0.005750868055555556,0.10399305555555556,0.42781017030120033,0.017013888888888887,0.08172743055555555,0.47709421553440834,0.025477430555555555,0,0,0
float32-round-even-staged,fx-snowfall,1.5,True,True,0.06741928819444354,0.10796440972222222,0.39200928251586115,0.06312934027777778,0.1359592013888889,0.41783939306224,0.06820746527777778,0.15049913194444445,0.46341947088662694,0.07224392361111111,0,0,0
float32-round-even-staged,fx-snowfall,2.1,True,True,0.046239631076375076,0.10128038194444444,0.35430993767525565,0.04585503472222222,0.1013454861111111,0.3757040806186162,0.04943576388888889,0.07829861111111111,0.41845788980040916,0.015711805555555555,0,0,0
float32-round-even-staged,fx-eight-bit,0.3,False,False,4.13283345052082,4.188346354166667,4.154860437062696,4.188346354166667,4.1240234375,4.072316310911814,4.1240234375,4.056640625,4.061817014323216,4.056640625,0,0,0
float32-round-even-staged,fx-eight-bit,0.9,False,False,4.319646792534698,4.132356770833334,4.112154145755136,4.132356770833334,4.410568576388889,4.305388079464025,4.410568576388889,3.970486111111111,3.884310467756097,3.970486111111111,0,0,0
float32-round-even-staged,fx-eight-bit,1.5,False,False,4.208128906249996,4.262760416666667,4.1994334451947095,4.262760416666667,4.237717013888889,4.204879144324772,4.237717013888889,3.754166666666667,3.6844935069202602,3.754166666666667,0,0,0
float32-round-even-staged,fx-eight-bit,2.1,False,False,4.260569240451403,4.1617621527777775,4.060423793265685,4.1617621527777775,4.361219618055555,4.380822359843737,4.361219618055555,3.5544921875,3.5361966752768392,3.5544921875,0,0,0
float32-round-even-staged,fx-pixel-breakdown,0.3,True,True,0.006825707465281994,0.04405381944444445,0.03835576645525867,0.00390625,0.03917100694444445,0.0309308702492822,0.0107421875,0.05080295138888889,0.04108857559892016,0.0003689236111111111,0,0,0
float32-round-even-staged,fx-pixel-breakdown,0.9,True,True,0.015419913194449464,0.08062065972222222,0.1309888111781634,0.012565104166666667,0.08934461805555556,0.11100232321350977,0.01950954861111111,0.09242621527777778,0.13705571894566107,0.05731336805555556,0,0,0
float32-round-even-staged,fx-pixel-breakdown,1.5,True,True,0.02468969618057315,0.09887152777777777,0.13754823483426745,0.053168402777777776,0.09407552083333333,0.09937486374655216,0.014431423611111112,0.07907986111111111,0.12384640162286503,0.04244791666666667,0,0,0
float32-round-even-staged,fx-pixel-breakdown,2.1,True,True,0.005352178819435949,0.04079861111111111,0.060897265620488264,0.005338541666666667,0.035481770833333336,0.05642946173419786,0.006098090277777778,0.03302951388888889,0.05663489011258748,0.0019965277777777776,0,0,0
float32-round-even-staged,fx-pixel-glitch,0.3,True,True,0.038680273437492474,0.042816840277777775,0.04026533485640837,0.029014756944444445,0.05353732638888889,0.04975537212961499,0.042426215277777776,0.038975694444444445,0.04067657937458354,0.030034722222222223,0,0,0
float32-round-even-staged,fx-pixel-glitch,0.9,True,True,0.032062374131939464,0.0470703125,0.046716997360454884,0.03487413194444444,0.04333767361111111,0.0394949907087882,0.03062065972222222,0.04691840277777778,0.04662830907840306,0.03806423611111111,0,0,0
float32-round-even-staged,fx-pixel-glitch,1.5,True,True,0.036041688368058544,0.041796875,0.045775331544187135,0.028038194444444445,0.052235243055555554,0.04630373800446316,0.039778645833333334,0.04194878472222222,0.042704498666268347,0.022591145833333333,0,0,0
float32-round-even-staged,fx-pixel-glitch,2.1,True,True,0.03031344618055698,0.04212239583333333,0.041948803242027426,0.02749565972222222,0.044661458333333334,0.03949843002314847,0.03155381944444444,0.040299479166666666,0.0440767637755211,0.026323784722222222,0,0,0
float32-round-even-staged,fx-digital-blocks,0.3,True,True,0.008001896701379962,0.025651041666666666,0.020617628143858823,0.017144097222222224,0.023676215277777777,0.015451529485514722,0.005577256944444445,0.03131510416666667,0.01936135471810741,0.005099826388888889,0,0,0
float32-round-even-staged,fx-digital-blocks,0.9,True,True,0.00777108940972937,0.026649305555555555,0.025656174110089136,0.022395833333333334,0.022157118055555557,0.012819252149298735,0.0037109375,0.03561197916666667,0.02099036909365527,0.004926215277777778,0,0,0
float32-round-even-staged,fx-digital-blocks,1.5,True,True,0.007991315104177943,0.028059895833333334,0.027715546717828825,0.02033420138888889,0.025151909722222223,0.01535052327398624,0.004796006944444445,0.029817708333333335,0.020581369606386585,0.003298611111111111,0,0,0
float32-round-even-staged,fx-digital-blocks,2.1,True,True,0.008909722222213645,0.025260416666666667,0.0260608037389161,0.020572916666666666,0.02751736111111111,0.014409033748381364,0.005772569444444445,0.036328125,0.021120281134350164,0.005642361111111111,0,0,0
float32-round-even-staged,fx-vhs,0.3,True,True,0.0032754036458300106,0.14526909722222223,0.23811567624848134,0.009418402777777777,0.09427083333333333,0.2320079503449158,0.0033420138888888887,0.10188802083333333,0.2258753007109649,0.015473090277777778,0,0,0
float32-round-even-staged,fx-vhs,0.9,True,True,0.041804730902782694,0.14012586805555555,0.22596447731371636,0.05509982638888889,0.12797309027777778,0.19711145635264535,0.038346354166666666,0.11069878472222222,0.2278455004602521,0.0369140625,0,0,0
float32-round-even-staged,fx-vhs,1.5,True,True,0.03575759982639681,0.1337890625,0.2353363641963315,0.03747829861111111,0.11605902777777778,0.2144598738869919,0.03637152777777778,0.08415798611111111,0.21374007956553787,0.024609375,0,0,0
float32-round-even-staged,fx-vhs,2.1,True,True,0.06404253472223331,0.11540798611111111,0.22265507036419405,0.06762152777777777,0.10939670138888889,0.206485550514836,0.06720920138888889,0.108203125,0.22200358734065567,0.022135416666666668,0,0,0
float32-round-even-staged,fx-scanline-jitter,0.3,True,True,0.06595095486107994,0.07918836805555556,0.07475265424610388,0.07241753472222222,0.06775173611111111,0.06405932122824214,0.06254340277777778,0.08218315972222222,0.08211807397086736,0.0806640625,0,0,0
float32-round-even-staged,fx-scanline-jitter,0.9,True,True,0.07071046440975692,0.07560763888888888,0.0716533847224371,0.06753472222222222,0.07530381944444445,0.07283971419341287,0.07217881944444444,0.07115885416666666,0.07106505934181134,0.06551649305555556,0,0,0
float32-round-even-staged,fx-scanline-jitter,1.5,True,True,0.06467666666671334,0.08240017361111111,0.08429185629522427,0.07779947916666667,0.0654296875,0.06333692387542977,0.06013454861111111,0.07450086805555556,0.07098800086753868,0.07102864583333333,0,0,0
float32-round-even-staged,fx-scanline-jitter,2.1,True,True,0.06393855468746779,0.08244357638888888,0.08049963568089577,0.07680121527777778,0.064453125,0.060120687164693216,0.05889756944444444,0.07743055555555556,0.07881000159566928,0.07599826388888889,0,0,0
float32-round-even-staged,fx-datamosh,0.3,True,True,0.006360529513884217,0.04715711805555556,0.03639004436430637,0.0039713541666666664,0.04131944444444444,0.028797762135338766,0.007465277777777778,0.048285590277777776,0.04070074935812212,0.0024522569444444444,0,0,0
float32-round-even-staged,fx-datamosh,0.9,True,True,0.002560616319456699,0.04585503472222222,0.03043918052198473,0.004578993055555556,0.032769097222222224,0.02039332092502758,0.002777777777777778,0.0451171875,0.026072990257333246,0.005533854166666667,0,0,0
float32-round-even-staged,fx-datamosh,1.5,True,True,0.004504422743053738,0.052994791666666666,0.027095551535495883,0.004600694444444445,0.040863715277777775,0.0171748889807446,0.0033203125,0.03986545138888889,0.026438456206228745,0.015950520833333332,0,0,0
float32-round-even-staged,fx-datamosh,2.1,True,True,0.0001407074652775009,0.04602864583333333,0.024846384933531848,0.0003689236111111111,0.04021267361111111,0.018517072420610292,0.0008897569444444444,0.03415798611111111,0.025711223739554888,0.011848958333333333,0,0,0
float32-round-even-staged,fx-signal-loss,0.3,True,True,0.006197434895838683,0.04494357638888889,0.025306715415751763,2.170138888888889e-05,0.04201388888888889,0.018975662800932165,0.006814236111111111,0.03585069444444444,0.02806115369482691,0.018272569444444445,0,0,0
float32-round-even-staged,fx-signal-loss,0.9,True,True,0.23402429253471269,0.28248697916666665,0.6575436943113695,0.23409288194444444,0.2995659722222222,0.6533021324641761,0.23381076388888888,0.29127604166666665,0.6552577043222422,0.2359375,0,0,0
float32-round-even-staged,fx-signal-loss,1.5,True,True,0.006444869791664587,0.04236111111111111,0.02594616715967815,0.010069444444444445,0.04537760416666667,0.018199179467821597,0.004839409722222222,0.03550347222222222,0.027794684452436942,0.011675347222222222,0,0,0
float32-round-even-staged,fx-signal-loss,2.1,True,True,0.19817146267362773,0.1994140625,0.41638835621883563,0.19542100694444445,0.1984375,0.4070501847057841,0.19809027777777777,0.20811631944444445,0.42235943621690414,0.20707465277777778,0,0,0
float32-round-even-staged,fx-bad-tv,0.3,True,True,0.002355407986129876,0.18704427083333333,0.37275051903994916,0.006922743055555555,0.16371527777777778,0.3497904858111568,0.0020833333333333333,0.1509765625,0.38299933420614973,0.0083984375,0,0,0
float32-round-even-staged,fx-bad-tv,0.9,True,True,0.059556137152782185,0.1427517361111111,0.29971272307472735,0.056640625,0.16297743055555555,0.30408187922883645,0.06245659722222222,0.12556423611111112,0.32496824860808204,0.03940972222222222,0,0,0
float32-round-even-staged,fx-bad-tv,1.5,True,True,0.05630928385416212,0.16104600694444443,0.3628520379356741,0.06916232638888889,0.11469184027777778,0.3174102938831227,0.0521484375,0.15164930555555556,0.34659977313625134,0.05967881944444445,0,0,0
float32-round-even-staged,fx-bad-tv,2.1,True,True,0.08614724826389875,0.16979166666666667,0.32756547509329803,0.08888888888888889,0.16534288194444444,0.324539728450364,0.08930121527777778,0.12777777777777777,0.33596512664113,0.04683159722222222,0,0,0
float32-round-even-staged,fx-glitch-flash,0.3,True,True,0.0013573958333381597,0.03585069444444444,0.023402526894482096,0.004166666666666667,0.03522135416666667,0.01673115945040157,0.00023871527777777777,0.03585069444444444,0.023402526894482096,0.004166666666666667,0,0,0
float32-round-even-staged,fx-glitch-flash,0.9,True,True,0.03908082899306464,0.04967447916666667,0.05183132243746714,0.04559461805555556,0.04743923611111111,0.039705516132956684,0.035980902777777775,0.053515625,0.054988031988829136,0.05060763888888889,0,0,0
float32-round-even-staged,fx-glitch-flash,1.5,True,True,0.0008110069444171586,0.039778645833333334,0.024400938304732122,0.0054904513888888885,0.03244357638888889,0.01730441253341448,0.0033203125,0.039778645833333334,0.024400938304732122,0.0054904513888888885,0,0,0
float32-round-even-staged,fx-glitch-flash,2.1,True,True,0.0029423611111099035,0.036957465277777775,0.021747759852568195,0.010004340277777777,0.033637152777777776,0.017460358932984216,0.00013020833333333333,0.036957465277777775,0.021747759852568195,0.010004340277777777,0,0,0
float32-round-even-staged,fx-vhs-rewind,0.3,True,True,0.23277056857637035,0.27567274305555556,0.5063414449050393,0.2572699652777778,0.24131944444444445,0.49453663065109005,0.22712673611111112,0.23875868055555555,0.5198824274487172,0.21653645833333332,0,0,0
float32-round-even-staged,fx-vhs-rewind,0.9,True,True,0.09751209635417979,0.1741970486111111,0.5035806041193387,0.10483940972222222,0.16614583333333333,0.49270236348388047,0.09965277777777778,0.18094618055555556,0.5071034709722023,0.05473090277777778,0,0,0
float32-round-even-staged,fx-vhs-rewind,1.5,True,True,0.05111136718750231,0.14518229166666666,0.4751724019108851,0.06171875,0.15718315972222222,0.43854916628101676,0.046723090277777775,0.15904947916666667,0.4574134714729138,0.06334635416666666,0,0,0
float32-round-even-staged,fx-vhs-rewind,2.1,True,True,0.03741578993056294,0.04624565972222222,0.048706111408941696,0.03608940972222222,0.04756944444444444,0.046451480329057236,0.03919270833333333,0.04342447916666667,0.045066497213776764,0.023719618055555555,0,0,0
float32-round-even-staged,fx-film-8mm,0.3,True,True,0.37725092447917064,0.3887803819444444,0.8362984924581494,0.34889322916666665,0.4203125,0.8254537693467613,0.38676215277777776,0.4087673611111111,0.8309384522025905,0.3665364583333333,0,0,0
float32-round-even-staged,fx-film-8mm,0.9,True,True,0.16311203124999452,0.2863498263888889,0.8804876083747936,0.16994357638888888,0.2777560763888889,0.8825149646267362,0.1644314236111111,0.22259114583333334,0.8870546673356854,0.12992621527777778,0,0,0
float32-round-even-staged,fx-film-8mm,1.5,True,True,0.106418324652779,0.287890625,0.7843268742030572,0.10815972222222223,0.26163194444444443,0.7910842817977645,0.106640625,0.21128472222222222,0.7812278015567443,0.09908854166666667,0,0,0
float32-round-even-staged,fx-film-8mm,2.1,True,True,0.04755157552082778,0.05755208333333333,0.06229635213019753,0.04978298611111111,0.052083333333333336,0.05808808337222777,0.04774305555555555,0.041905381944444445,0.05257057139465703,0.03908420138888889,0,0,0
float32-round-even-staged,fx-old-tv,0.3,True,True,0.2735799652777757,0.314453125,0.49614221679797504,0.26922743055555554,0.3089409722222222,0.4806067183789311,0.27708333333333335,0.29440104166666664,0.4859589756437497,0.25169270833333335,0,0,0
float32-round-even-staged,fx-old-tv,0.9,True,True,0.10275994791666676,0.1615017361111111,0.4691019499346639,0.08754340277777778,0.16119791666666666,0.4611794113522794,0.10698784722222222,0.15846354166666668,0.4881573937643205,0.1056857638888889,0,0,0
float32-round-even-staged,fx-old-tv,1.5,True,True,0.07970854166666186,0.16006944444444443,0.44283395269698983,0.07161458333333333,0.15848524305555556,0.4369345792412522,0.08088107638888889,0.18763020833333333,0.4500488222698907,0.09192708333333334,0,0,0
float32-round-even-staged,fx-old-tv,2.1,True,True,0.0310787760416531,0.035872395833333334,0.03725870852800664,0.030533854166666666,0.0376953125,0.037307840053642544,0.031966145833333334,0.02931857638888889,0.03589904509513293,0.023893229166666665,0,0,0
float32-round-even-staged,fx-film-burn-leak,0.3,True,True,0.005287048611108958,0.041015625,0.024278881951651274,0.005381944444444444,0.033984375,0.018632949582388855,0.005512152777777778,0.03146701388888889,0.022980045730327747,0.002777777777777778,0,0,0
float32-round-even-staged,fx-film-burn-leak,0.9,True,True,0.004486050347225046,0.033203125,0.02176626043499927,0.004644097222222222,0.03498263888888889,0.02328353612084101,0.004383680555555556,0.03250868055555556,0.0200549161674415,0.0050347222222222225,0,0,0
float32-round-even-staged,fx-film-burn-leak,1.5,True,True,0.0002460243055537603,0.03088107638888889,0.02310819725232133,0.0018012152777777779,0.037543402777777776,0.024365599996012823,0.0008246527777777778,0.029969618055555557,0.02321300555073948,0.0005425347222222222,0,0,0
float32-round-even-staged,fx-film-burn-leak,2.1,True,True,0.0004417404513787915,0.03090277777777778,0.02510495189729827,0.00034722222222222224,0.03589409722222222,0.025343457751626355,0.0009114583333333333,0.03044704861111111,0.025830850788149846,0.0018880208333333333,0,0,0
float32-round-even-staged,fx-seventies,0.3,True,True,0.1838462803819425,0.19895833333333332,0.3874167006213337,0.1762152777777778,0.263671875,0.4017426244343158,0.18559027777777778,0.28509114583333334,0.4075467435612047,0.18904079861111112,0,0,0
float32-round-even-staged,fx-seventies,0.9,True,True,0.06423186631943167,0.19092881944444445,0.39398727404411144,0.0671875,0.17178819444444443,0.40315815102741076,0.06358506944444445,0.16566840277777778,0.4211332155337729,0.06193576388888889,0,0,0
float32-round-even-staged,fx-seventies,1.5,True,True,0.04594966145835144,0.12387152777777778,0.3587842081459413,0.033854166666666664,0.18556857638888888,0.3604135931918368,0.048676215277777775,0.17113715277777777,0.3847134599894748,0.05455729166666667,0,0,0
float32-round-even-staged,fx-seventies,2.1,True,True,0.027203884548612223,0.03825954861111111,0.042475924206720236,0.031575520833333336,0.04748263888888889,0.0422754941663703,0.028602430555555555,0.030338541666666666,0.03130103299585363,0.00047743055555555554,0,0,0
float32-round-even-staged,fx-dust-scratches,0.3,True,True,0.024755273437492065,0.045703125,0.04095325717406004,0.018793402777777777,0.04424913194444444,0.03498513205560428,0.02523871527777778,0.041731770833333334,0.044728823304954424,0.03752170138888889,0,0,0
float32-round-even-staged,fx-dust-scratches,0.9,True,True,0.0018138628472144092,0.042881944444444445,0.0313239320023269,0.0016927083333333334,0.04045138888888889,0.025187894373186737,0.0019965277777777776,0.04223090277777778,0.03178167688604153,0.01032986111111111,0,0,0
float32-round-even-staged,fx-dust-scratches,1.5,True,True,0.08016929253473393,0.08116319444444445,0.08942183540620582,0.08116319444444445,0.08133680555555556,0.08487029732410313,0.07916666666666666,0.08717447916666667,0.09542887900126838,0.08717447916666667,0,0,0
float32-round-even-staged,fx-dust-scratches,2.1,True,True,0.032723806423632595,0.04869791666666667,0.07663421944502163,0.03159722222222222,0.04600694444444445,0.06769565823043158,0.03389756944444444,0.04194878472222222,0.07613270638357542,0.0244140625,0,0,0
float32-round-even-staged,fx-tr-slam-merge,0.3,True,True,0.061995937500000764,0.10694444444444444,0.10129029562151481,0.09809027777777778,0.07374131944444444,0.0597748804958464,0.05486111111111111,0.04552951388888889,0.04429545551264516,0.02638888888888889,0,0,0
float32-round-even-staged,fx-tr-slam-merge,0.9,True,True,0.07887542968748562,0.09166666666666666,0.0847836967894903,0.08250868055555556,0.0875,0.08547467484426904,0.08385416666666666,0.0298828125,0.04388078343479826,0.018858506944444443,0,0,0
float32-round-even-staged,fx-tr-slam-merge,1.5,True,True,0.05415452256944775,0.061371527777777775,0.06229051886193077,0.05755208333333333,0.05774739583333333,0.05906041949910558,0.0548828125,0.043229166666666666,0.046029314160512924,0.03693576388888889,0,0,0
float32-round-even-staged,fx-tr-slam-merge,2.1,True,True,0.03438268229167818,0.05464409722222222,0.04948757789134658,0.033854166666666664,0.05015190972222222,0.041417124671021266,0.03539496527777778,0.043793402777777775,0.04435179875079097,0.025911458333333335,0,0,0
float32-round-even-staged,fx-tr-heat-flicks,0.3,True,True,0.0004860677083229348,0.024652777777777777,0.019600917425996973,0.007942708333333333,0.019943576388888887,0.0130635177587477,0.0014973958333333334,0.013237847222222222,0.009547078140720769,0.0018229166666666667,0,0,0
float32-round-even-staged,fx-tr-heat-flicks,0.9,True,True,0.015065529513890397,0.025694444444444443,0.014695203747247467,0.011848958333333333,0.03650173611111111,0.025828144413182826,0.016710069444444444,0.023350694444444445,0.018496525880661734,0.008246527777777778,0,0,0
float32-round-even-staged,fx-tr-heat-flicks,1.5,True,True,0.0007489670138909332,0.05570746527777778,0.03032221989494414,0.00861545138888889,0.03552517361111111,0.021151703359793224,0.0018446180555555555,0.03734809027777778,0.018378739290249444,0.0032769097222222223,0,0,0
float32-round-even-staged,fx-tr-heat-flicks,2.1,True,True,0.014596067708325222,0.028624131944444443,0.027818480013703663,0.026150173611111112,0.0267578125,0.013773237864432337,0.011436631944444444,0.037434895833333336,0.02087000784672724,0.011870659722222222,0,0,0
float32-round-even-staged,fx-tr-shake,0.3,True,True,0.0015871614583318205,0.032942708333333334,0.022751620812349972,0.0012586805555555556,0.03348524305555556,0.017569635285024567,0.0018012152777777779,0.03741319444444444,0.02757891133815503,0.00043402777777777775,0,0,0
float32-round-even-staged,fx-tr-shake,0.9,True,True,0.0799024088541671,0.06221788194444444,0.06651470050241885,0.0615234375,0.08967013888888889,0.08897799330062867,0.087109375,0.06688368055555556,0.06762753468525887,0.06263020833333334,0,0,0
float32-round-even-staged,fx-tr-shake,1.5,True,True,0.05828973090277145,0.1259765625,0.12390021103837927,0.1238064236111111,0.04865451388888889,0.04408148961120156,0.04236111111111111,0.03044704861111111,0.03141015853094296,0.023155381944444445,0,0,0
float32-round-even-staged,fx-tr-shake,2.1,True,True,0.022330581597231003,0.04956597222222222,0.040684927110621154,0.035633680555555554,0.03591579861111111,0.0245670493774389,0.019596354166666666,0.026866319444444446,0.02412290100054262,0.010243055555555556,0,0,0
float32-round-even-staged,fx-tr-glitch,0.3,True,True,0.006616514756956349,0.0505859375,0.026694381149522533,0.0025390625,0.036675347222222224,0.019720605114045896,0.010286458333333333,0.044444444444444446,0.02501534056731129,0.002777777777777778,0,0,0
float32-round-even-staged,fx-tr-glitch,0.9,True,True,0.02736639322918677,0.07528211805555556,0.07244001172988287,0.0681640625,0.03969184027777778,0.02669019835734323,0.014518229166666667,0.046484375,0.04200218562700768,0.034505208333333336,0,0,0
float32-round-even-staged,fx-tr-glitch,1.5,True,True,0.03779344618057223,0.05212673611111111,0.05735864084112281,0.05095486111111111,0.04652777777777778,0.04148774651823176,0.03389756944444444,0.05026041666666667,0.05081237143372654,0.03763020833333333,0,0,0
float32-round-even-staged,fx-tr-glitch,2.1,True,True,0.002300199652779611,0.031749131944444446,0.02330172650544689,0.0026692708333333334,0.03515625,0.02405494734821877,0.0038628472222222224,0.04342447916666667,0.032443641316572853,0.0014539930555555556,0,0,0
float32-round-even-staged,fx-tr-flare,0.3,True,True,0.009750394965280407,0.05262586805555555,0.031787536806743,0.0026258680555555558,0.023546006944444444,0.014886689298165093,0.011827256944444444,0.03289930555555556,0.018788853941823263,0.01015625,0,0,0
float32-round-even-staged,fx-tr-flare,0.9,True,True,0.02549322482640548,0.026909722222222224,0.02352648566177562,0.016840277777777777,0.029861111111111113,0.0301541948353097,0.027083333333333334,0.04750434027777778,0.0411431572814312,0.03522135416666667,0,0,0
float32-round-even-staged,fx-tr-flare,1.5,True,True,0.1245801432291671,0.2960286458333333,0.29450572098921624,0.29390190972222224,0.0826171875,0.0827475402921404,0.08070746527777778,0.06267361111111111,0.06742043735130802,0.06059027777777778,0,0,0
float32-round-even-staged,fx-tr-flare,2.1,True,True,0.0039570833333471,0.05601128472222222,0.0301256760247289,0.00023871527777777777,0.052886284722222225,0.021936155130056624,0.004578993055555556,0.0611328125,0.035138512217475625,0.008745659722222222,0,0,0
float32-round-even-staged,fx-tr-film-burn,0.3,True,True,0.005372369791672327,0.03999565972222222,0.023137845207423485,0.0162109375,0.03155381944444444,0.016909164711579532,0.0036458333333333334,0.027018229166666668,0.021176132743740857,0.009440104166666666,0,0,0
float32-round-even-staged,fx-tr-film-burn,0.9,True,True,0.021704314236103528,0.03161892361111111,0.027369374920737193,0.025716145833333332,0.03480902777777778,0.027861294947242904,0.022135416666666668,0.0169921875,0.016713852375728158,0.005620659722222222,0,0,0
float32-round-even-staged,fx-tr-film-burn,1.5,True,True,0.018295698784726255,0.036393229166666666,0.03354544003690426,0.017469618055555556,0.0296875,0.028225103403322793,0.020182291666666668,0.026692708333333332,0.02040427880278247,0.0020399305555555557,0,0,0
float32-round-even-staged,fx-tr-film-burn,2.1,True,True,0.0029423611111099035,0.036957465277777775,0.021747759852568195,0.010004340277777777,0.033637152777777776,0.017460358932984216,0.00013020833333333333,0.036957465277777775,0.021747759852568195,0.010004340277777777,0,0,0
float32-round-even-staged,fx-ov-glitter-rain,0.3,True,True,0.05245493489584874,0.07775607638888889,0.07743004189379926,0.0671657986111111,0.0576171875,0.05327275912857474,0.0482421875,0.06532118055555555,0.0658330583247378,0.050868055555555555,0,0,0
float32-round-even-staged,fx-ov-glitter-rain,0.9,True,True,0.05108898871529277,0.07473958333333333,0.07452581147427824,0.06501736111111112,0.058203125,0.05469465819493948,0.04761284722222222,0.06317274305555555,0.055051971879385736,0.04450954861111111,0,0,0
float32-round-even-staged,fx-ov-glitter-rain,1.5,True,True,0.04930185329860137,0.07296006944444444,0.06989620195862378,0.06354166666666666,0.06002604166666667,0.0501555198267462,0.04401041666666667,0.0708984375,0.06675554844373771,0.05978732638888889,0,0,0
float32-round-even-staged,fx-ov-glitter-rain,2.1,True,True,0.055280533854158875,0.06421440972222223,0.0627356392551023,0.05570746527777778,0.06573350694444445,0.0566010717034311,0.05466579861111111,0.06753472222222222,0.06736711715338974,0.060112847222222224,0,0,0
float32-round-even-staged,fx-ov-gold-dust,0.3,True,True,0.0068375781249940815,0.022330729166666667,0.017497073425638447,0.002712673611111111,0.01759982638888889,0.014896883480454674,0.010828993055555555,0.016471354166666667,0.01488373165974201,0.004578993055555556,0,0,0
float32-round-even-staged,fx-ov-gold-dust,0.9,True,True,0.003151210937502924,0.02361111111111111,0.020261609032771726,0.006293402777777778,0.015104166666666667,0.011955000702915239,0.006423611111111111,0.014561631944444445,0.013530174822296726,0.0014539930555555556,0,0,0
float32-round-even-staged,fx-ov-gold-dust,1.5,True,True,0.00364746527777271,0.019270833333333334,0.016837976247241367,0.004166666666666667,0.015299479166666666,0.013198871962003037,0.006618923611111111,0.014973958333333334,0.01608997090621882,0.002777777777777778,0,0,0
float32-round-even-staged,fx-ov-gold-dust,2.1,True,True,0.0011906380208444034,0.023220486111111112,0.0175648415098354,0.005729166666666666,0.014561631944444445,0.010540927806728554,0.0036241319444444446,0.018424479166666667,0.019821041543904384,0.0025390625,0,0,0
float32-round-even-staged,fx-ov-bokeh-gold,0.3,True,True,0.0008223133680402839,0.028190104166666667,0.02458197119656523,0.004622395833333333,0.018880208333333332,0.018869476885398813,8.680555555555556e-05,0.017447916666666667,0.025534783995299466,0.003081597222222222,0,0,0
float32-round-even-staged,fx-ov-bokeh-gold,0.9,True,True,0.0001097526041604624,0.02146267361111111,0.026952226762624872,0.004752604166666666,0.021397569444444445,0.019162216550080987,0.001171875,0.02634548611111111,0.027040873699799305,0.00390625,0,0,0
float32-round-even-staged,fx-ov-bokeh-gold,1.5,True,True,0.0023738845486107607,0.020095486111111113,0.026808364801745827,0.0020399305555555557,0.02406684027777778,0.016020610855549216,0.0029296875,0.024370659722222222,0.024924156497078936,0.0021484375,0,0,0
float32-round-even-staged,fx-ov-bokeh-gold,2.1,True,True,0.00014483506944173996,0.02111545138888889,0.023754586685784895,0.0014973958333333334,0.020616319444444444,0.01910897579527658,0.0005208333333333333,0.020594618055555555,0.02397879037282088,0.002756076388888889,0,0,0
float32-round-even-staged,fx-ov-bokeh-pink,0.3,True,True,0.0032712977430549017,0.03042534722222222,0.021056216694739303,0.006423611111111111,0.0162109375,0.011939584449320487,0.004969618055555555,0.037999131944444445,0.03711968550356435,0.014995659722222223,0,0,0
float32-round-even-staged,fx-ov-bokeh-pink,0.9,True,True,0.0006218142360978618,0.03012152777777778,0.025645134243099804,0.014192708333333333,0.0205078125,0.013462485700926178,0.0030164930555555557,0.030078125,0.033390048864661535,0.003298611111111111,0,0,0
float32-round-even-staged,fx-ov-bokeh-pink,1.5,True,True,0.0041822265624915644,0.027408854166666666,0.025852017608026873,0.0023654513888888887,0.018988715277777776,0.014908077448308245,0.0054904513888888885,0.03107638888888889,0.030274620597135864,0.010503472222222223,0,0,0
float32-round-even-staged,fx-ov-bokeh-pink,2.1,True,True,0.0007027560763930296,0.026302083333333334,0.023749534599115673,0.0023003472222222223,0.014561631944444445,0.010920406418321166,0.0005425347222222222,0.03309461805555555,0.03433102349584693,0.0111328125,0,0,0
float32-round-even-staged,fx-ov-sparks,0.3,True,True,0.011539427083334886,0.018359375,0.02159927720878023,0.006814236111111111,0.022916666666666665,0.020915351470861557,0.013324652777777777,0.020833333333333332,0.02245465783887176,0.007769097222222222,0,0,0
float32-round-even-staged,fx-ov-sparks,0.9,True,True,0.014612868923620681,0.022157118055555557,0.02343932746855109,0.008832465277777778,0.024544270833333333,0.024319152450552394,0.017078993055555554,0.022005208333333335,0.02095634051515515,0.0072048611111111115,0,0,0
float32-round-even-staged,fx-ov-sparks,1.5,True,True,0.012796753472230193,0.017643229166666666,0.021520112009837514,0.0074435763888888885,0.0244140625,0.019532138970697156,0.014691840277777778,0.019118923611111113,0.022135113103721273,0.009787326388888889,0,0,0
float32-round-even-staged,fx-ov-sparks,2.1,True,True,0.008632816840282942,0.021744791666666666,0.023498176359385007,0.002690972222222222,0.022591145833333333,0.019499905865185532,0.010698784722222222,0.019856770833333332,0.02101973885197521,0.0056640625,0,0,0
float32-round-even-staged,fx-ov-embers,0.3,True,True,0.05262781249996351,0.07517361111111111,0.06887085564872987,0.06236979166666667,0.0677734375,0.05505896220521633,0.053059895833333336,0.05559895833333333,0.050554116935735194,0.019661458333333333,0,0,0
float32-round-even-staged,fx-ov-embers,0.9,True,True,0.05406828124998242,0.08617621527777777,0.07754003873141614,0.07454427083333333,0.0661892361111111,0.0518955763499646,0.05203993055555556,0.05206163194444444,0.04840712099541848,0.0138671875,0,0,0
float32-round-even-staged,fx-ov-embers,1.5,True,True,0.05094462673611133,0.06966145833333333,0.06563782455386025,0.06458333333333334,0.06605902777777778,0.05169767989209088,0.05043402777777778,0.05217013888888889,0.050220768075666465,0.015842013888888888,0,0,0
float32-round-even-staged,fx-ov-embers,2.1,True,True,0.04926076388889555,0.07395833333333333,0.07389512768955346,0.06970486111111111,0.05881076388888889,0.050365109916421465,0.04665798611111111,0.055512152777777775,0.052178143548522606,0.01484375,0,0,0
float32-round-even-staged,fx-ov-smoke,0.3,True,True,0.020598385416676024,0.02634548611111111,0.028036822750109183,0.012239583333333333,0.0279296875,0.027835260761068372,0.023111979166666668,0.031163194444444445,0.03351886788088893,0.0203125,0,0,0
float32-round-even-staged,fx-ov-smoke,0.9,True,True,0.01835030815971095,0.02131076388888889,0.026374787577522835,0.011328125,0.028125,0.02895785739264264,0.020833333333333332,0.027105034722222223,0.0295033943004494,0.014431423611111112,0,0,0
float32-round-even-staged,fx-ov-smoke,1.5,True,True,0.0171814149305618,0.020247395833333334,0.020555426038150207,0.009526909722222223,0.02931857638888889,0.02680392862335515,0.01890190972222222,0.0318359375,0.03381198209931431,0.022677951388888888,0,0,0
float32-round-even-staged,fx-ov-smoke,2.1,True,True,0.015022217881949018,0.02328559027777778,0.02723977819206195,0.009787326388888889,0.02554253472222222,0.02557199062428618,0.016688368055555555,0.02890625,0.02794429788240836,0.013932291666666667,0,0,0
float32-round-even-staged,fx-ov-fog-white,0.3,True,True,0.024768068576406677,0.04871961805555555,0.04061640023569047,0.03166232638888889,0.043793402777777775,0.03099723825905196,0.022699652777777777,0.041493055555555554,0.03336805567386346,0.024956597222222224,0,0,0
float32-round-even-staged,fx-ov-fog-white,0.9,True,True,0.028151948784710612,0.044422743055555554,0.03752988798542809,0.02736545138888889,0.04045138888888889,0.032452577475330036,0.027604166666666666,0.04383680555555555,0.042863578675738624,0.03589409722222222,0,0,0
float32-round-even-staged,fx-ov-fog-white,1.5,True,True,0.0308136762152742,0.04919704861111111,0.044381011086544415,0.030186631944444445,0.044921875,0.03674253682411509,0.03129340277777778,0.04140625,0.041820571339364516,0.027907986111111113,0,0,0
float32-round-even-staged,fx-ov-fog-white,2.1,True,True,0.026742821180533838,0.049153645833333336,0.043425961591813216,0.026801215277777776,0.04049479166666667,0.03384478862459678,0.026171875,0.04429253472222222,0.04293898995691342,0.0322265625,0,0,0
float32-round-even-staged,fx-ov-galaxy,0.3,True,True,0.011389388020830893,0.0208984375,0.023760275218350578,0.010698784722222222,0.017578125,0.020482806411081893,0.011675347222222222,0.018359375,0.022725429446174984,0.010590277777777778,0,0,0
float32-round-even-staged,fx-ov-galaxy,0.9,True,True,0.012369379340285036,0.02378472222222222,0.02558546366324995,0.0109375,0.019032118055555554,0.01711660498879492,0.013042534722222223,0.0181640625,0.02335186741336098,0.009917534722222222,0,0,0
float32-round-even-staged,fx-ov-galaxy,1.5,True,True,0.01134093315972251,0.02751736111111111,0.02934863811471764,0.016362847222222223,0.019140625,0.015380145044777038,0.00993923611111111,0.02068142361111111,0.023804701296826148,0.010438368055555555,0,0,0
float32-round-even-staged,fx-ov-galaxy,2.1,True,True,0.007323958333323333,0.02478298611111111,0.030576841848956367,0.0035590277777777777,0.013953993055555556,0.014921478229267121,0.007964409722222222,0.0203125,0.023581678659919586,0.012065972222222223,0,0,0
float32-round-even-staged,fx-ov-fireflies,0.3,True,True,0.09732427083334017,0.17300347222222223,0.16553013995694194,0.16349826388888888,0.10787760416666667,0.08985110699286167,0.08240017361111111,0.06970486111111111,0.058992760819012106,0.050303819444444446,0,0,0
float32-round-even-staged,fx-ov-fireflies,0.9,True,True,0.09944727430554678,0.16692708333333334,0.15717823539590442,0.15625,0.10935329861111111,0.09237384274375733,0.08782552083333334,0.06805555555555555,0.05535704372996365,0.047309027777777776,0,0,0
float32-round-even-staged,fx-ov-fireflies,1.5,True,True,0.09988107638889687,0.17934027777777778,0.16884037746388655,0.17074652777777777,0.10842013888888889,0.08495903383119509,0.08324652777777777,0.07465277777777778,0.06633701994905387,0.055989583333333336,0,0,0
float32-round-even-staged,fx-ov-fireflies,2.1,True,True,0.09974050781249844,0.1697265625,0.16646891949979606,0.1605251736111111,0.11106770833333333,0.09073715538075676,0.08619791666666667,0.07517361111111111,0.06270673433900381,0.05490451388888889,0,0,0
float32-round-even-staged,fx-ov-magic-dust,0.3,True,True,0.02049836371529068,0.029861111111111113,0.023734976012831015,0.0011284722222222221,0.029796006944444446,0.02687157727822474,0.023849826388888887,0.05748697916666667,0.052552448334419646,0.0443359375,0,0,0
float32-round-even-staged,fx-ov-magic-dust,0.9,True,True,0.015010694444441697,0.03578559027777778,0.030516118691318057,0.007790798611111111,0.02476128472222222,0.022359008796161536,0.018815104166666666,0.05570746527777778,0.05465113943832922,0.04446614583333333,0,0,0
float32-round-even-staged,fx-ov-magic-dust,1.5,True,True,0.018623710937490046,0.03424479166666667,0.03138429055818708,0.003689236111111111,0.028276909722222222,0.025836255079882776,0.0240234375,0.0419921875,0.0420145219410735,0.030837673611111113,0,0,0
float32-round-even-staged,fx-ov-magic-dust,2.1,True,True,0.019954626736122805,0.027821180555555554,0.02863780984516172,0.0020399305555555557,0.02992621527777778,0.02496651084924703,0.02341579861111111,0.06458333333333334,0.057669643306127574,0.05043402777777778,0,0,0
float32-round-even-staged,fx-ov-sparkle-white,0.3,True,True,0.007757790798606834,0.05479600694444445,0.024730869969988887,0.007921006944444444,0.02834201388888889,0.018550805265013327,0.011979166666666667,0.03342013888888889,0.02222714042125255,0.012109375,0,0,0
float32-round-even-staged,fx-ov-sparkle-white,0.9,True,True,0.00997538194444303,0.05944010416666667,0.027366387826059047,0.0004557291666666667,0.027582465277777777,0.01841763441844849,0.013042534722222223,0.03539496527777778,0.02665964689796882,0.010308159722222222,0,0,0
float32-round-even-staged,fx-ov-sparkle-white,1.5,True,True,0.011403732638882502,0.06065538194444445,0.025003375490519255,0.004361979166666667,0.03487413194444444,0.02032711131507121,0.0154296875,0.0337890625,0.024932569541217496,0.01794704861111111,0,0,0
float32-round-even-staged,fx-ov-sparkle-white,2.1,True,True,0.007232456597222381,0.06770833333333333,0.02406990058093904,0.0007378472222222222,0.03046875,0.01771269714426139,0.00920138888888889,0.03650173611111111,0.022123715590148214,0.011197916666666667,0,0,0
float32-round-even-staged,fx-ov-glitter,0.3,True,True,0.007665282118068717,0.052886284722222225,0.021023914347910486,0.0009331597222222223,0.030989583333333334,0.017681302543592646,0.008854166666666666,0.028732638888888887,0.025606978831847618,0.015711805555555555,0,0,0
float32-round-even-staged,fx-ov-glitter,0.9,True,True,0.009085664062510546,0.052083333333333336,0.026802881697702043,0.012369791666666666,0.03224826388888889,0.019249241595513982,0.007074652777777778,0.0287109375,0.02419086482073672,0.0193359375,0,0,0
float32-round-even-staged,fx-ov-glitter,1.5,True,True,0.010175034722223586,0.051323784722222224,0.027664295939443084,0.008658854166666667,0.030533854166666666,0.01865770348713355,0.009657118055555556,0.03365885416666667,0.026535694815400756,0.019769965277777777,0,0,0
float32-round-even-staged,fx-ov-glitter,2.1,True,True,0.012670950520828228,0.04900173611111111,0.025810442633227595,0.007074652777777778,0.0306640625,0.02088849281691952,0.013823784722222222,0.03109809027777778,0.025585937859789822,0.01773003472222222,0,0,0
float32-round-even-staged,fx-ov-hearts-pink,0.3,True,True,0.1873261501736181,0.42506510416666665,0.9427108085019998,0.3539279513888889,0.14411892361111112,0.24165957646555666,0.12415364583333334,0.3341145833333333,0.604294336774558,0.32252604166666665,0,0,0
float32-round-even-staged,fx-ov-hearts-pink,0.9,True,True,0.10134087673613124,0.4044921875,1.1192245574204516,0.3951171875,0.05813802083333333,0.2415087870834481,0.01677517361111111,0.10206163194444444,0.7171636016598304,0.07398003472222223,0,0,0
float32-round-even-staged,fx-ov-hearts-pink,1.5,True,True,0.1675330946180651,0.5617838541666667,1.007078385221696,0.5558810763888888,0.10394965277777778,0.2625006627087243,0.054774305555555555,0.2205295138888889,0.7359960504302113,0.14097222222222222,0,0,0
float32-round-even-staged,fx-ov-hearts-pink,2.1,True,True,0.1245896354166689,0.2238498263888889,0.6053771736086584,0.21968315972222222,0.10221354166666667,0.225360301712524,0.09370659722222222,0.16959635416666666,0.6374224075712992,0.15049913194444445,0,0,0
float32-round-even-staged,fx-ov-stars,0.3,True,True,0.012299999999996203,0.02673611111111111,0.033960708419359296,0.016796875,0.02150607638888889,0.02673526073204336,0.0103515625,0.023914930555555554,0.03096682139348724,0.018359375,0,0,0
float32-round-even-staged,fx-ov-stars,0.9,True,True,0.004368624131956267,0.021788194444444443,0.026449013643300753,0.005121527777777778,0.020008680555555554,0.02110968609600971,0.003168402777777778,0.02476128472222222,0.026182234625182158,0.014040798611111112,0,0,0
float32-round-even-staged,fx-ov-stars,1.5,True,True,0.001431176215277219,0.0193359375,0.027914484267949513,0.0018880208333333333,0.021788194444444443,0.02405947633714594,0.0014756944444444444,0.028255208333333334,0.029652891542303016,0.010763888888888889,0,0,0
float32-round-even-staged,fx-ov-stars,2.1,True,True,0.011365147569442513,0.02165798611111111,0.03409876572158109,0.010763888888888889,0.023003472222222224,0.03359615892939949,0.011284722222222222,0.029557291666666666,0.034946463220435424,0.013932291666666667,0,0,0
float32-round-even-staged,fx-ov-confetti,0.3,True,True,0.0012529036458488463,0.055164930555555554,0.024829209689159384,0.0009114583333333333,0.051280381944444446,0.018827888615028824,0.00023871527777777777,0.0279296875,0.0264586258565501,0.0123046875,0,0,0
float32-round-even-staged,fx-ov-confetti,0.9,True,True,0.00087507378472651,0.0658203125,0.028688613988965425,0.0029730902777777776,0.048177083333333336,0.014956013796393981,0.001171875,0.03485243055555556,0.02586222785112105,0.014973958333333334,0,0,0
float32-round-even-staged,fx-ov-confetti,1.5,True,True,0.0022087152777743313,0.06197916666666667,0.02930649420333675,0.009027777777777777,0.04978298611111111,0.017240443929493334,0.0010850694444444445,0.02378472222222222,0.022978993270352365,0.014756944444444444,0,0,0
float32-round-even-staged,fx-ov-confetti,2.1,True,True,0.002616111111109376,0.05835503472222222,0.02655418298949592,0.007703993055555556,0.0486328125,0.016956510172408644,0.00015190972222222222,0.029188368055555556,0.021474917580352058,0.012044270833333334,0,0,0
float32-round-even-staged,fx-ov-snow,0.3,True,True,0.004650876736064902,0.025065104166666668,0.019684887810395547,0.008268229166666667,0.022222222222222223,0.016135598563553403,0.0038194444444444443,0.014388020833333333,0.01205181386732423,0.0022352430555555554,0,0,0
float32-round-even-staged,fx-ov-snow,0.9,True,True,0.008728307291676174,0.02849392361111111,0.02426400738509626,0.009092881944444445,0.026888020833333335,0.02057296289946501,0.0087890625,0.025325520833333334,0.021863879189533735,0.007052951388888889,0,0,0
float32-round-even-staged,fx-ov-snow,1.5,True,True,0.008695611979163687,0.03454861111111111,0.027436929296289936,0.009114583333333334,0.02541232638888889,0.017169438886751542,0.008745659722222222,0.022894965277777776,0.019135988542266825,0.006966145833333334,0,0,0
float32-round-even-staged,fx-ov-snow,2.1,True,True,0.005514322916667425,0.029600694444444443,0.02572426806814506,0.009505208333333333,0.021614583333333333,0.013006745824914632,0.0046875,0.021961805555555554,0.016003958472690066,0.001953125,0,0,0
float32-round-even-staged,fx-ov-rain,0.3,True,True,0.08858966145834302,0.12005208333333334,0.08899145200670487,0.08411458333333334,0.1345486111111111,0.08723666795066641,0.08454861111111112,0.17183159722222222,0.14076992149264866,0.141796875,0,0,0
float32-round-even-staged,fx-ov-rain,0.9,True,True,0.0861688715278035,0.12220052083333334,0.08969431387387243,0.08218315972222222,0.13645833333333332,0.08946870607978968,0.08177083333333333,0.17701822916666668,0.1412269254778288,0.14147135416666667,0,0,0
float32-round-even-staged,fx-ov-rain,1.5,True,True,0.0913341970485817,0.10885416666666667,0.07995755904240687,0.07217881944444444,0.13255208333333332,0.09341091666144688,0.09188368055555556,0.18483072916666668,0.14231870667251625,0.14229600694444444,0,0,0
float32-round-even-staged,fx-ov-rain,2.1,True,True,0.08678601562502308,0.1185546875,0.08593702770919998,0.08187934027777778,0.12599826388888888,0.08464225210555239,0.08289930555555555,0.1730685763888889,0.1401254186464524,0.13973524305555557,0,0,0
float32-round-even-staged,fx-ov-bubbles,0.3,True,True,0.004149032118064611,0.02634548611111111,0.018582463606205517,0.015321180555555555,0.014388020833333333,0.008427898401295255,0.0008897569444444444,0.029405381944444444,0.02205364958032559,0.003537326388888889,0,0,0
float32-round-even-staged,fx-ov-bubbles,0.9,True,True,0.00671973958333183,0.027886284722222224,0.01898217257328661,0.016644965277777778,0.01642795138888889,0.00881044021843646,0.0034071180555555556,0.032703993055555554,0.020788018125394134,0.010308159722222222,0,0,0
float32-round-even-staged,fx-ov-bubbles,1.5,True,True,0.003156736111108671,0.025260416666666667,0.02191454335083666,0.012890625,0.014713541666666666,0.00995510064146242,8.680555555555556e-05,0.021875,0.016361503888220472,0.004904513888888889,0,0,0
float32-round-even-staged,fx-ov-bubbles,2.1,True,True,0.00404847656248819,0.02228732638888889,0.014746993303512963,0.011002604166666667,0.014995659722222223,0.007935799508838891,0.0016276041666666667,0.030598958333333332,0.01833850754950034,0.007552083333333333,0,0,0
float32-round-even-staged,fx-ov-leak-warm,0.3,True,True,0.030054045138882657,0.06443142361111111,0.056293429502327366,0.05349392361111111,0.04077690972222222,0.03530044349904642,0.0267578125,0.03161892361111111,0.03173448637004852,0.006315104166666667,0,0,0
float32-round-even-staged,fx-ov-leak-warm,0.9,True,True,0.03581209201388447,0.061783854166666666,0.05975870532331215,0.04815538194444444,0.05071614583333333,0.045345936762915914,0.0361328125,0.03292100694444444,0.034001162051638514,0.0037109375,0,0,0
float32-round-even-staged,fx-ov-leak-warm,1.5,True,True,0.03585868055553476,0.05525173611111111,0.052639596806970404,0.04505208333333333,0.04967447916666667,0.04520751034096399,0.03617621527777778,0.033854166666666664,0.0270944544735436,0.005642361111111111,0,0,0
float32-round-even-staged,fx-ov-leak-warm,2.1,True,True,0.041342109374980396,0.05740017361111111,0.05494689087369308,0.05002170138888889,0.049609375,0.045574701271865185,0.04162326388888889,0.029969618055555557,0.03430474240593154,0.012999131944444445,0,0,0
float32-round-even-staged,fx-ov-leak-pink,0.3,True,True,0.05637108506942923,0.06851128472222222,0.06770019956580622,0.06291232638888888,0.07139756944444445,0.059250266759494116,0.05434027777777778,0.07953559027777778,0.06356060826570137,0.0572265625,0,0,0
float32-round-even-staged,fx-ov-leak-pink,0.9,True,True,0.0548813281249636,0.06976996527777778,0.06453504751299191,0.05796440972222222,0.06579861111111111,0.058774064072540405,0.054210069444444446,0.06569010416666667,0.05719757244636809,0.05245225694444444,0,0,0
float32-round-even-staged,fx-ov-leak-pink,1.5,True,True,0.052985594618064624,0.060980902777777776,0.0535761897719946,0.05060763888888889,0.06577690972222222,0.05671852496197675,0.05275607638888889,0.0754123263888889,0.06830828358511001,0.06226128472222222,0,0,0
float32-round-even-staged,fx-ov-leak-pink,2.1,True,True,0.060711558159709966,0.06527777777777778,0.06721989155388801,0.06315104166666667,0.07039930555555556,0.06280135175567461,0.06037326388888889,0.06456163194444445,0.06091347074537847,0.05687934027777778,0,0,0
float32-round-even-staged,fx-ov-leak-blue,0.3,True,True,0.051566953125018244,0.06156684027777778,0.058681367477652555,0.04715711805555556,0.05785590277777778,0.05563665931432864,0.05303819444444444,0.055403645833333334,0.05867867196268861,0.04997829861111111,0,0,0
float32-round-even-staged,fx-ov-leak-blue,0.9,True,True,0.05347325520833124,0.0537109375,0.058006796153466086,0.049544270833333334,0.0580078125,0.0560014081934839,0.05470920138888889,0.0607421875,0.0558248136066217,0.05279947916666667,0,0,0
float32-round-even-staged,fx-ov-leak-blue,1.5,True,True,0.05095484375002002,0.049305555555555554,0.05539319589175734,0.04405381944444445,0.056141493055555554,0.05390578490817082,0.05271267361111111,0.06032986111111111,0.0607523678678044,0.053862847222222225,0,0,0
float32-round-even-staged,fx-ov-leak-blue,2.1,True,True,0.05327184027780163,0.056380208333333334,0.05986282570313211,0.054600694444444445,0.05496961805555556,0.05392223574445119,0.05232204861111111,0.06419270833333333,0.060280057471930514,0.05876736111111111,0,0,0
float32-round-even-staged,fx-ov-light-streaks,0.3,False,False,3.1673706987847297,2.5093315972222223,2.7739918575438547,2.5093315972222223,3.2670789930555557,3.5751700093156407,3.2670789930555557,4.117339409722222,4.515237596831529,4.117339409722222,0,0,0
float32-round-even-staged,fx-ov-light-streaks,0.9,False,False,1.4213531163194375,1.117013888888889,1.3874393984462825,1.117013888888889,1.4734809027777778,2.0479722221322154,1.4682725694444445,1.8534288194444444,2.7777550039696455,1.852734375,0,0,0
float32-round-even-staged,fx-ov-light-streaks,1.5,False,False,0.07626113715277683,0.28192274305555554,2.79932766761411,0.12684461805555555,0.14893663194444445,3.724935685020943,0.06733940972222222,0.20075954861111112,4.725182917067642,0.015690104166666666,0,0,0
float32-round-even-staged,fx-ov-light-streaks,2.1,False,False,0.9365974175347276,0.8819010416666667,3.726283270613453,0.8819010416666667,0.9388237847222223,4.834469980373806,0.9386501736111111,1.0784505208333333,6.098930931122093,1.077322048611111,0,0,0
float32-round-even-staged,fx-ov-stage-lights,0.3,True,True,0.012829335937503572,0.0173828125,0.019010191601648237,0.006575520833333333,0.018771701388888888,0.01750850547979191,0.0138671875,0.023958333333333335,0.024133675053114874,0.020963541666666665,0,0,0
float32-round-even-staged,fx-ov-stage-lights,0.9,True,True,0.012526050347226203,0.02048611111111111,0.02345222066182,0.013324652777777777,0.015863715277777777,0.015351301272581542,0.011870659722222222,0.02261284722222222,0.023315821845691028,0.016666666666666666,0,0,0
float32-round-even-staged,fx-ov-stage-lights,1.5,True,True,0.010944379340273258,0.025260416666666667,0.023815534906299902,0.014496527777777778,0.013628472222222222,0.014799137216120029,0.008984375,0.022547743055555555,0.02385510754205424,0.01990017361111111,0,0,0
float32-round-even-staged,fx-ov-stage-lights,2.1,True,True,0.014943259548608978,0.0216796875,0.02256432285357015,0.009223090277777778,0.018880208333333332,0.018710170133377863,0.016189236111111113,0.02087673611111111,0.02310191966176954,0.019444444444444445,0,0,0
float32-round-even-staged,fx-ov-bg-purple-smoke,0.3,True,True,0.010572873263889448,0.01916232638888889,0.01986202422260746,0.018467881944444445,0.005750868055555556,0.007474798995615489,0.005750868055555556,0.03509114583333333,0.037393876081292174,0.03509114583333333,0,0,0
float32-round-even-staged,fx-ov-bg-purple-smoke,0.9,True,True,0.012389539930559579,0.019487847222222222,0.02041694464142516,0.018055555555555554,0.007964409722222222,0.008501465520085759,0.007964409722222222,0.04236111111111111,0.04126020805818878,0.039539930555555554,0,0,0
float32-round-even-staged,fx-ov-bg-purple-smoke,1.5,True,True,0.011766467013885062,0.023372395833333334,0.024968671172350094,0.020247395833333334,0.0067708333333333336,0.007386338779112424,0.006597222222222222,0.04090711805555555,0.0400729376592713,0.037999131944444445,0,0,0
float32-round-even-staged,fx-ov-bg-purple-smoke,2.1,True,True,0.009929973958335836,0.018598090277777778,0.018150493289445648,0.010959201388888888,0.006553819444444445,0.006918286105257196,0.006553819444444445,0.04138454861111111,0.03901005024861143,0.04034288194444444,0,0,0
float32-round-even-staged,fx-ov-bg-pastel-ink,0.3,True,True,0.043628454861135424,0.008528645833333333,0.008268655207326355,0.008528645833333333,0.05423177083333333,0.057076273213588706,0.05423177083333333,0.04194878472222222,0.04204317518567325,0.04194878472222222,0,0,0
float32-round-even-staged,fx-ov-bg-pastel-ink,0.9,True,True,0.042601263020856095,0.011653645833333334,0.013018855257504775,0.011653645833333334,0.051605902777777775,0.05015571914325408,0.051605902777777775,0.04453125,0.046445570090321325,0.04453125,0,0,0
float32-round-even-staged,fx-ov-bg-pastel-ink,1.5,True,True,0.04397176649305834,0.011002604166666667,0.011492067661908986,0.011002604166666667,0.053211805555555554,0.05309076735733395,0.053211805555555554,0.04952256944444444,0.04871679765477552,0.04952256944444444,0,0,0
float32-round-even-staged,fx-ov-bg-pastel-ink,2.1,True,True,0.05113398003473435,0.007877604166666666,0.0075938566654383905,0.007877604166666666,0.06493055555555556,0.06543051761561156,0.06493055555555556,0.041840277777777775,0.04166963192589172,0.041840277777777775,0,0,0
float32-round-even-staged,fx-ov-bg-pink-gradient,0.3,True,True,0.017594986979162286,0.001736111111111111,0.002076709779702026,0.001736111111111111,0.017447916666666667,0.017248426843089925,0.017274305555555557,0.06781684027777778,0.06777914530893624,0.06746961805555556,0,0,0
float32-round-even-staged,fx-ov-bg-pink-gradient,0.9,True,True,0.017506553819444548,0.001974826388888889,0.0016813129132797308,0.0016276041666666667,0.01720920138888889,0.017474688612524773,0.01720920138888889,0.06720920138888889,0.06719137901160704,0.06720920138888889,0,0,0
float32-round-even-staged,fx-ov-bg-pink-gradient,1.5,True,True,0.017524097222207047,0.0011067708333333333,0.0010405866454592245,0.0007161458333333333,0.017816840277777777,0.01771800277303159,0.017469618055555556,0.06755642361111111,0.06750315099804732,0.06755642361111111,0,0,0
float32-round-even-staged,fx-ov-bg-pink-gradient,2.1,True,True,0.017338489583323735,0.002018229166666667,0.001978225720904802,0.0016710069444444444,0.017361111111111112,0.01714684775868133,0.017013888888888887,0.06668836805555556,0.06696514202882703,0.06668836805555556,0,0,0
float32-round-even-staged,fx-ov-bg-blue-hearts,0.3,True,True,0.02405315104165595,0.013715277777777778,0.013926609754433312,0.012586805555555556,0.023893229166666665,0.023917061633592952,0.023155381944444445,0.06671006944444445,0.06756470275943607,0.06671006944444445,0,0,0
float32-round-even-staged,fx-ov-bg-blue-hearts,0.9,True,True,0.02480491753472336,0.01154513888888889,0.010996023480114234,0.010069444444444445,0.026128472222222223,0.024715962217776995,0.024913194444444446,0.06829427083333334,0.06680799579092943,0.06712239583333333,0,0,0
float32-round-even-staged,fx-ov-bg-blue-hearts,1.5,True,True,0.024443120659725537,0.01657986111111111,0.014144946225873143,0.012934027777777777,0.02421875,0.023913810649810335,0.0234375,0.06829427083333334,0.06910845754785509,0.06829427083333334,0,0,0
float32-round-even-staged,fx-ov-bg-blue-hearts,2.1,True,True,0.025676184895829124,0.013715277777777778,0.01300281118610842,0.01228298611111111,0.02654079861111111,0.028197797855702166,0.024978298611111113,0.07202690972222223,0.07373611953361701,0.07202690972222223,0,0,0
float32-round-even-staged,fx-ov-bg-pink-bokeh,0.3,True,True,0.014559509548611516,0.04986979166666667,0.05318346228604709,0.04917534722222222,0.0048177083333333336,0.011394094760721698,0.0030381944444444445,0.02892795138888889,0.03395019687959024,0.0267578125,0,0,0
float32-round-even-staged,fx-ov-bg-pink-bokeh,0.9,True,True,0.01427435329860316,0.04904513888888889,0.04744778589498778,0.04756944444444444,0.004622395833333333,0.008166621998101826,0.0030598958333333333,0.02771267361111111,0.03161159740965041,0.02732204861111111,0,0,0
float32-round-even-staged,fx-ov-bg-pink-bokeh,1.5,True,True,0.01441309895833598,0.05119357638888889,0.051855628525217044,0.050455729166666664,0.005164930555555555,0.005772685884964022,0.002387152777777778,0.028450520833333333,0.03138942678394763,0.027408854166666666,0,0,0
float32-round-even-staged,fx-ov-bg-pink-bokeh,2.1,True,True,0.013313563368058112,0.04861111111111111,0.04874810500178469,0.04782986111111111,0.005316840277777778,0.009207618841698451,0.0018012152777777779,0.02719184027777778,0.03181784378859604,0.025716145833333332,0,0,0
float32-round-even-staged,fx-ov-bg-golden-band,0.3,True,True,0.004316796875000861,0.007769097222222222,0.006636810325014354,0.006727430555555556,0.004318576388888889,0.003535269607591051,0.0036241319444444446,0.004427083333333333,0.0038996578346038153,0.004079861111111111,0,0,0
float32-round-even-staged,fx-ov-bg-golden-band,0.9,True,True,0.003596723090277365,0.0060546875,0.005929016396620579,0.0057074652777777775,0.0034939236111111113,0.0033733665888562,0.0029730902777777776,0.0035590277777777777,0.0034617207936043807,0.0035590277777777777,0,0,0
float32-round-even-staged,fx-ov-bg-golden-band,1.5,True,True,0.004448650173610957,0.006727430555555556,0.007104679704276525,0.006727430555555556,0.004166666666666667,0.0037494134214265426,0.0038194444444444443,0.0039713541666666664,0.0038868398111780236,0.0039713541666666664,0,0,0
float32-round-even-staged,fx-ov-bg-golden-band,2.1,True,True,0.004625976562502743,0.005360243055555556,0.005206286854052465,0.005013020833333334,0.0052517361111111115,0.00450629495278448,0.004557291666666667,0.004166666666666667,0.004088598729708397,0.004166666666666667,0,0,0
float32-round-even-staged,fx-ov-bg-blue-smoke,0.3,True,True,0.007483493923613693,0.009309895833333333,0.01026286496649116,0.00896267361111111,0.007942708333333333,0.008820336568782542,0.0069010416666666664,0.011371527777777777,0.013738840903726394,0.008897569444444444,0,0,0
float32-round-even-staged,fx-ov-bg-blue-smoke,0.9,True,True,0.008476132812500481,0.01447482638888889,0.017869711737035752,0.01447482638888889,0.008094618055555556,0.008600835559329162,0.006532118055555556,0.0140625,0.014893873423101622,0.010069444444444445,0,0,0
float32-round-even-staged,fx-ov-bg-blue-smoke,1.5,True,True,0.010960585937500156,0.01310763888888889,0.014836811166013231,0.01310763888888889,0.009895833333333333,0.010565813712379855,0.009722222222222222,0.01794704861111111,0.017188238308914538,0.016905381944444443,0,0,0
float32-round-even-staged,fx-ov-bg-blue-smoke,2.1,True,True,0.011311080729166534,0.014453125,0.015886393070169466,0.014453125,0.009461805555555555,0.010757783851767124,0.009461805555555555,0.020768229166666666,0.022803628168402094,0.020377604166666667,0,0,0
float32-round-even-staged,fx-ov-bg-light-wall,0.3,True,True,0.03763320746526233,0.02892795138888889,0.02849514774872511,0.02892795138888889,0.04040798611111111,0.03894707965100068,0.040234375,0.0375,0.03750373011736186,0.0375,0,0,0
float32-round-even-staged,fx-ov-bg-light-wall,0.9,True,True,0.030237100694435526,0.024609375,0.02461227206995947,0.024609375,0.03192274305555556,0.03155548985628975,0.031575520833333336,0.03355034722222222,0.03343229671772354,0.03355034722222222,0,0,0
float32-round-even-staged,fx-ov-bg-light-wall,1.5,True,True,0.03302319878470428,0.03253038194444444,0.030619832041225464,0.03253038194444444,0.03298611111111111,0.03212459484679627,0.03263888888888889,0.03828125,0.038797253569975106,0.03828125,0,0,0
float32-round-even-staged,fx-ov-bg-light-wall,2.1,True,True,0.03598225694445034,0.028624131944444443,0.028487461051787073,0.027842881944444446,0.03802083333333333,0.038023557980877684,0.03780381944444444,0.041905381944444445,0.04392971180199982,0.041905381944444445,0,0,0
float32-round-even-staged,fx-ov-bg-3d-shapes,0.3,False,False,0.8533898263889057,1.5552734375,10.30686682952291,0.8707682291666666,1.5759331597222221,10.14481539181487,0.8485026041666667,1.3631727430555556,9.336321779716078,0.8506293402777778,0,0,0
float32-round-even-staged,fx-ov-bg-3d-shapes,0.9,False,False,0.8225877907985932,1.538888888888889,10.236666877422694,0.8455729166666667,1.555490451388889,10.085516111465331,0.8148654513888889,1.3413845486111111,9.302238470270638,0.8314019097222223,0,0,0
float32-round-even-staged,fx-ov-bg-3d-shapes,1.5,False,False,0.7839990581597078,1.5121744791666667,10.133084044299078,0.8124782986111111,1.5303602430555556,9.992962068044783,0.7735894097222222,1.3157118055555554,9.203826042351517,0.8032552083333333,0,0,0
float32-round-even-staged,fx-ov-bg-3d-shapes,2.1,False,False,0.7118238368055358,1.4307508680555556,10.004011379980506,0.7422526041666667,1.4674913194444446,9.873350730315027,0.7013454861111111,1.2545789930555555,9.105826085306951,0.7260199652777778,0,0,0
float32-round-even-staged,fx-ov-bg-red-hearts,0.3,True,True,0.003996523437500343,0.020703125,0.02096331508738989,0.01892361111111111,0.00034722222222222224,0.00045003485157928103,0,0.0003689236111111111,0.0005649661132302374,0.0003689236111111111,0,0,0
float32-round-even-staged,fx-ov-bg-red-hearts,0.9,True,True,0.004067847222216869,0.018771701388888888,0.0188859384235308,0.018424479166666667,0.00017361111111111112,0.00025980398467321294,0.00017361111111111112,0.0003689236111111111,0.00033506003678550626,0.0003689236111111111,0,0,0
float32-round-even-staged,fx-ov-bg-red-hearts,1.5,True,True,0.0039005381944434703,0.018641493055555555,0.019229964938586103,0.01794704861111111,0.00017361111111111112,0.0003911009582293471,0.00017361111111111112,0.0005425347222222222,0.0005406290207963423,0.0005425347222222222,0,0,0
float32-round-even-staged,fx-ov-bg-red-hearts,2.1,True,True,0.004041076388887177,0.019292534722222223,0.01970323161571566,0.019292534722222223,0.0006076388888888889,0.0008092078178662106,8.680555555555556e-05,0.0003689236111111111,0.0005152679357053244,2.170138888888889e-05,0,0,0
float32-round-even-staged,fx-ov-sc-aurora,0.3,True,True,0.0164199479166669,0.005577256944444445,0.005573627966481946,0.005577256944444445,0.01955295138888889,0.019176792180962694,0.01937934027777778,0.019813368055555555,0.01811335191665541,0.019032118055555554,0,0,0
float32-round-even-staged,fx-ov-sc-aurora,0.9,True,True,0.014185355902775143,0.006206597222222222,0.0058294690248934045,0.005815972222222222,0.016861979166666666,0.01652823688495581,0.016514756944444445,0.016796875,0.015777480764328444,0.015755208333333333,0,0,0
float32-round-even-staged,fx-ov-sc-aurora,1.5,True,True,0.013201840277787369,0.0054904513888888885,0.005255210305620692,0.0054904513888888885,0.015256076388888888,0.015227636331918083,0.015256076388888888,0.015559895833333334,0.016220120122586203,0.015559895833333334,0,0,0
float32-round-even-staged,fx-ov-sc-aurora,2.1,True,True,0.01066187065972457,0.005186631944444444,0.005751702861514232,0.0044921875,0.012174479166666667,0.012619572373654806,0.012174479166666667,0.01384548611111111,0.014055914172054311,0.01384548611111111,0,0,0
float32-round-even-staged,fx-ov-sc-milky-way,0.3,True,True,0.010611588541667771,0.017296006944444445,0.017566000286246514,0.0166015625,0.009223090277777778,0.009929177251204721,0.008528645833333333,0.0154296875,0.014880550298953597,0.013606770833333334,0,0,0
float32-round-even-staged,fx-ov-sc-milky-way,0.9,True,True,0.009564887152777146,0.013042534722222223,0.013296762281916518,0.011610243055555556,0.009461805555555555,0.009749109045094968,0.008246527777777778,0.017296006944444445,0.01754539814889747,0.0166015625,0,0,0
float32-round-even-staged,fx-ov-sc-milky-way,1.5,True,True,0.009787204861112286,0.013368055555555555,0.01420773529995335,0.012630208333333334,0.009331597222222222,0.0094863293733158,0.00859375,0.013975694444444445,0.013813548658009907,0.013237847222222222,0,0,0
float32-round-even-staged,fx-ov-sc-milky-way,2.1,True,True,0.010295759548611727,0.014171006944444444,0.015332352293925612,0.013433159722222223,0.00993923611111111,0.010641756838101242,0.008680555555555556,0.017447916666666667,0.01771393587202217,0.017057291666666665,0,0,0
float32-round-even-staged,fx-ov-sc-sunset-sea,0.3,True,True,0.02748140624998996,0.031684027777777776,0.03201694456329915,0.031336805555555555,0.026410590277777778,0.02679423322503707,0.026410590277777778,0.02673611111111111,0.027266416372312665,0.02673611111111111,0,0,0
float32-round-even-staged,fx-ov-sc-sunset-sea,0.9,True,True,0.028361966145823203,0.029014756944444445,0.029174215583783913,0.02866753472222222,0.028559027777777777,0.028654752106915055,0.028211805555555556,0.02894965277777778,0.028401837918668314,0.02894965277777778,0,0,0
float32-round-even-staged,fx-ov-sc-sunset-sea,1.5,True,True,0.027877621527764518,0.02749565972222222,0.028081838394025456,0.0271484375,0.028211805555555556,0.028082711302711817,0.028211805555555556,0.02671440972222222,0.026743255112972868,0.02671440972222222,0,0,0
float32-round-even-staged,fx-ov-sc-sunset-sea,2.1,True,True,0.027946015624991105,0.030143229166666667,0.03213782650131718,0.030143229166666667,0.027452256944444444,0.027766505776551723,0.027452256944444444,0.0263671875,0.026576866197384735,0.0263671875,0,0,0
float32-round-even-staged,fx-ov-sc-moon-dunes,0.3,True,True,0.011260082465277321,0.008029513888888888,0.0078066151380513475,0.008029513888888888,0.0115234375,0.011440328557982079,0.0115234375,0.0181640625,0.01761318311912839,0.0181640625,0,0,0
float32-round-even-staged,fx-ov-sc-moon-dunes,0.9,True,True,0.010648012152778108,0.010286458333333333,0.010680323076556475,0.010286458333333333,0.010112847222222223,0.010146810598839704,0.010112847222222223,0.017013888888888887,0.01653504457285876,0.017013888888888887,0,0,0
float32-round-even-staged,fx-ov-sc-moon-dunes,1.5,True,True,0.009946323784717492,0.0078125,0.007550306957951464,0.0078125,0.009917534722222222,0.010288418002743844,0.009917534722222222,0.016514756944444445,0.01611674420096518,0.016514756944444445,0,0,0
float32-round-even-staged,fx-ov-sc-moon-dunes,2.1,True,True,0.010688168402772646,0.008984375,0.008715349049658414,0.008984375,0.010503472222222223,0.01067233978189471,0.010503472222222223,0.017534722222222222,0.01807862663911513,0.017534722222222222,0,0,0
float32-round-even-staged,fx-ov-sc-clouds,0.3,True,True,0.02026112847222805,0.006532118055555556,0.006906126001821441,0.0018012152777777779,0.02165798611111111,0.019001145768465455,0.019401041666666667,0.08313802083333334,0.08517256418119976,0.08313802083333334,0,0,0
float32-round-even-staged,fx-ov-sc-clouds,0.9,True,True,0.023264401041672045,0.0109375,0.010842533187339744,0.0019097222222222222,0.02443576388888889,0.02262780564748975,0.023307291666666667,0.0857204861111111,0.08778034002446751,0.0857204861111111,0,0,0
float32-round-even-staged,fx-ov-sc-clouds,1.5,True,True,0.02666089843745567,0.014626736111111111,0.013368767744335064,0.0033854166666666668,0.030490451388888888,0.027081315090626643,0.027799479166666665,0.08391927083333334,0.08178151143322526,0.08391927083333334,0,0,0
float32-round-even-staged,fx-ov-sc-clouds,2.1,True,True,0.03190426215277853,0.02048611111111111,0.01890060743215823,0.008854166666666666,0.034331597222222225,0.03293154142820586,0.033463541666666666,0.08433159722222222,0.08552832991809532,0.08433159722222222,0,0,0
float32-round-even-staged,fx-ov-sc-snowy-night,0.3,True,True,0.03830925347222092,0.04791666666666667,0.04713415304754209,0.047526041666666664,0.033854166666666664,0.03322470971651237,0.03333333333333333,0.061197916666666664,0.06161381238558195,0.060460069444444445,0,0,0
float32-round-even-staged,fx-ov-sc-snowy-night,0.9,True,True,0.03857157118056165,0.0470703125,0.04656228067724071,0.0470703125,0.036046006944444445,0.03449064228118391,0.034657118055555554,0.05232204861111111,0.052244959769416066,0.05232204861111111,0,0,0
float32-round-even-staged,fx-ov-sc-snowy-night,1.5,True,True,0.03869705295138459,0.04798177083333333,0.04699417455182652,0.04724392361111111,0.03572048611111111,0.03475552405126006,0.034765625,0.053168402777777776,0.05249128512435629,0.052473958333333334,0,0,0
float32-round-even-staged,fx-ov-sc-snowy-night,2.1,True,True,0.037755551215283845,0.04600694444444445,0.04463019599452466,0.044921875,0.03448350694444444,0.03385776437834673,0.03357204861111111,0.059136284722222224,0.05717964703637561,0.058094618055555554,0,0,0
float32-round-even-staged,fx-ov-sc-ocean,0.3,True,True,0.05754682725694238,0.037369791666666666,0.037825788350718016,0.037369791666666666,0.06397569444444444,0.06358356648743756,0.06397569444444444,0.053276909722222224,0.05225761928559515,0.053276909722222224,0,0,0
float32-round-even-staged,fx-ov-sc-ocean,0.9,True,True,0.05671385416667363,0.03630642361111111,0.03670800490081453,0.03630642361111111,0.06382378472222222,0.06294507719933674,0.06382378472222222,0.046375868055555554,0.04621509037220653,0.046375868055555554,0,0,0
float32-round-even-staged,fx-ov-sc-ocean,1.5,True,True,0.05535402777778131,0.03654513888888889,0.036423772804701056,0.03654513888888889,0.06319444444444444,0.06210166614954203,0.06319444444444444,0.03307291666666667,0.03230565099906676,0.03307291666666667,0,0,0
float32-round-even-staged,fx-ov-sc-ocean,2.1,True,True,0.05555252170140079,0.03582899305555556,0.03579664947351409,0.03582899305555556,0.06432291666666666,0.06357471448081582,0.06414930555555555,0.02847222222222222,0.027279846569524188,0.02847222222222222,0,0,0
float32-round-even-staged,fx-ov-sc-shooting-stars,0.3,True,True,0.0006672916666676798,0.0005425347222222222,0.0011878459672159394,0.0005425347222222222,0.0009765625,0.0012317554741540914,0.0006293402777777778,0.0028862847222222224,0.0026209951750806155,0.0014105902777777778,0,0,0
float32-round-even-staged,fx-ov-sc-shooting-stars,0.9,True,True,0.0013652300347235524,0.009874131944444444,0.008038083072266045,0.0009765625,0.009526909722222223,0.008475537781142775,0.001193576388888889,0.009852430555555555,0.010734091719801966,0.004210069444444444,0,0,0
float32-round-even-staged,fx-ov-sc-shooting-stars,1.5,True,True,0.2950681032986111,0.2765842013888889,0.2846231955277319,0.2765842013888889,0.3005642361111111,0.30746892044117585,0.3005642361111111,0.2950520833333333,0.3021445237334082,0.2950520833333333,0,0,0
float32-round-even-staged,fx-ov-sc-shooting-stars,2.1,True,True,0.18509167968749995,0.18498263888888888,0.39808092180566923,0.18498263888888888,0.18346354166666667,0.383763411444499,0.18346354166666667,0.2015407986111111,0.4276137775498078,0.2015407986111111,0,0,0
float32-round-even-staged,fx-ov-tr-shape-pop,0.3,True,True,0.009190559895827732,0.05067274305555555,0.020585288221871025,0.002105034722222222,0.029600694444444443,0.01789845004509719,0.010590277777777778,0.027083333333333334,0.024470726201222762,0.016189236111111113,0,0,0
float32-round-even-staged,fx-ov-tr-shape-pop,0.9,True,True,0.0007799262153014297,0.0012369791666666666,0.0018918963600080886,0.0012369791666666666,0.0012586805555555556,0.0010322940257508997,0.00047743055555555554,0.0024305555555555556,0.0019503439562020626,0.0024305555555555556,0,0,0
float32-round-even-staged,fx-ov-tr-shape-pop,1.5,True,True,0.006316467013903093,0.031163194444444445,0.01866433655144389,0.008159722222222223,0.016167534722222224,0.010666845747047208,0.0054904513888888885,0.015842013888888888,0.014071865753073102,0.009071180555555556,0,0,0
float32-round-even-staged,fx-ov-tr-shape-pop,2.1,True,True,0.01190944444444142,0.04813368055555556,0.02534026100336182,0.006597222222222222,0.029014756944444445,0.01991673411362201,0.012955729166666667,0.03090277777777778,0.025689733437207977,0.0171875,0,0,0
float32-round-even-staged,fx-ov-tr-glow-blob,0.3,True,True,0.0025673437500302043,0.003515625,0.005242565055806235,4.340277777777778e-05,0.003298611111111111,0.003963748378092503,0.003125,0.005121527777777778,0.0048315309520673465,0.0047309027777777775,0,0,0
float32-round-even-staged,fx-ov-tr-glow-blob,0.9,True,True,0,0,0,0,0,0,0,0,0,0,0,0,0
float32-round-even-staged,fx-ov-tr-glow-blob,1.5,True,True,0.0024280772569511555,0.0021484375,0.0023574580359708793,2.170138888888889e-05,0.0032335069444444442,0.003263352893527408,0.0030598958333333333,0.0036024305555555558,0.0027393064351471687,0.0032552083333333335,0,0,0
float32-round-even-staged,fx-ov-tr-glow-blob,2.1,True,True,0.008219427083361097,0.006206597222222222,0.005923842233426878,0.0048177083333333336,0.0091796875,0.007856080062239144,0.0091796875,0.009809027777777778,0.008084590058273196,0.008723958333333334,0,0,0
float32-round-even-staged,fx-ov-tr-fire-wipe,0.3,True,True,0.01714888020834593,0.019661458333333333,0.022029739004760355,0.010894097222222222,0.030013020833333334,0.023539101411873042,0.0201171875,0.010720486111111111,0.01666775863769362,0.006163194444444444,0,0,0
float32-round-even-staged,fx-ov-tr-fire-wipe,0.9,True,True,0.028510021701393384,0.03904079861111111,0.036625992714501746,0.032703993055555554,0.030598958333333332,0.03170285169508292,0.02894965277777778,0.013715277777777778,0.015574113859884036,0.011805555555555555,0,0,0
float32-round-even-staged,fx-ov-tr-fire-wipe,1.5,True,True,0.01637287760416939,0.021397569444444445,0.0250638895875124,0.01853298611111111,0.024826388888888887,0.02255171355932205,0.016145833333333335,0.013650173611111111,0.018423759985224143,0.012261284722222222,0,0,0
float32-round-even-staged,fx-ov-tr-fire-wipe,2.1,True,True,0.010215798611113769,0.020833333333333332,0.020425270456368914,0.006944444444444444,0.02541232638888889,0.019833068186024545,0.012044270833333334,0.009548611111111112,0.016531697107393665,0.001736111111111111,0,0,0
float32-round-even-staged,fx-ov-tr-ink,0.3,True,True,7.040798611157584e-05,0.00920138888888889,0.0056111131377186586,0.00017361111111111112,0.00798611111111111,0.004931491605698848,0.00034722222222222224,0.004036458333333334,0.005398779959611401,0.001953125,0,0,0
float32-round-even-staged,fx-ov-tr-ink,0.9,True,True,0,0,0,0,0,0,0,0,0,0,0,0,0
float32-round-even-staged,fx-ov-tr-ink,1.5,True,True,0.0016240538194463028,0.006184895833333333,0.006714995412381008,0.0026258680555555558,0.005859375,0.0038468604452379872,0.0015625,0.0025390625,0.0032213341456279877,0.0007161458333333333,0,0,0
float32-round-even-staged,fx-ov-tr-ink,2.1,True,True,0.0005028081597231449,0.013151041666666667,0.01075015283999348,0.00043402777777777775,0.009982638888888888,0.00563306843475183,0.0007378472222222222,0.0044921875,0.00559124430950644,0.0009331597222222223,0,0,0
float32-round-even-staged,fx-ov-tr-light-burst,0.3,False,False,1.1439047439236134,1.5356770833333333,6.053539578972501,1.2443576388888888,1.4412543402777778,5.375652230825343,1.1150390625,1.5152994791666667,5.435986359239571,1.1340494791666667,0,0,0
float32-round-even-staged,fx-ov-tr-light-burst,0.9,False,False,0.7550896006944399,0.7861979166666667,2.2201897685874252,0.7846354166666667,0.7472439236111111,1.9577000339331585,0.7456814236111111,0.7630642361111111,1.9006673082821919,0.7612847222222222,0,0,0
float32-round-even-staged,fx-ov-tr-light-burst,1.5,True,True,0.2028835112847318,0.3268012152777778,0.6744180206658299,0.3201171875,0.19457465277777777,0.6606613389069207,0.16636284722222222,0.22152777777777777,0.6895335195390662,0.21944444444444444,0,0,0
float32-round-even-staged,fx-ov-tr-light-burst,2.1,False,False,1.1371940364583253,1.5270833333333333,6.042506301994802,1.2506944444444446,1.4242404513888889,5.374863206878773,1.1039279513888889,1.4547743055555555,5.391188502532433,1.1325086805555555,0,0,0
float32-round-even-staged,fx-ov-tr-scribble,0.3,False,False,0.026141835937494307,0.4019314236111111,2.5903418309085717,0.39407552083333336,0.18895399305555555,0.6564867381114006,0.06577690972222222,0.45,1.7044662019523509,0.14674479166666668,0,0,0
float32-round-even-staged,fx-ov-tr-scribble,0.9,False,False,0.3878552430555544,1.07578125,8.59941530315841,1.07578125,0.7624565972222223,2.691153493893301,0.3294704861111111,1.166015625,5.704341226596581,1.0594618055555556,0,0,0
float32-round-even-staged,fx-ov-tr-scribble,1.5,False,False,0.44494176215278003,0.8229383680555555,2.6776967432237835,0.8229383680555555,0.464453125,1.523319371512608,0.439453125,0.6741970486111111,1.8958430889547724,0.6137369791666667,0,0,0
float32-round-even-staged,fx-ov-tr-scribble,2.1,False,False,0.02191488715278922,0.45427517361111114,2.190800865183101,0.44255642361111114,0.16940104166666667,0.5683848199793826,0.14127604166666666,0.3611328125,1.4149206364571505,0.2072265625,0,0,0
float32-round-even-staged,fx-ov-el-speed-lines,0.3,True,True,0.00260631944445322,0.03784722222222222,0.030468589023930414,0.005772569444444445,0.03680555555555556,0.024992728436111285,0.001345486111111111,0.03784722222222222,0.030468589023930414,0.005772569444444445,0,0,0
float32-round-even-staged,fx-ov-el-speed-lines,0.9,True,True,0.002947743055557339,0.03806423611111111,0.022841965153823807,0.0014756944444444444,0.037608506944444446,0.017778563246660134,0.004709201388888889,0.03806423611111111,0.022841965153823807,0.0014756944444444444,0,0,0
float32-round-even-staged,fx-ov-el-speed-lines,1.5,True,True,0.00296302083333444,0.040863715277777775,0.02536914334495747,0.0037109375,0.03344184027777778,0.018791455118235875,0.005620659722222222,0.040863715277777775,0.02536914334495747,0.0037109375,0,0,0
float32-round-even-staged,fx-ov-el-speed-lines,2.1,True,True,0.0031398611111228547,0.03747829861111111,0.02460046295741685,0.01091579861111111,0.03459201388888889,0.02045254588977005,4.340277777777778e-05,0.03747829861111111,0.02460046295741685,0.01091579861111111,0,0,0
float32-round-even-staged,fx-ov-el-lightning,0.3,True,True,0.002610164930558767,0.0306640625,0.0271250310874359,0.0115234375,0.02033420138888889,0.013975865928232422,0.0007595486111111111,0.026801215277777776,0.027382594506524086,0.009743923611111111,0,0,0
float32-round-even-staged,fx-ov-el-lightning,0.9,True,True,0.022707404513880647,0.1384765625,1.5402895291856138,0.016644965277777778,0.10321180555555555,1.4547797036464147,0.020052083333333335,0.14476996527777777,1.6400791111418938,0.06686197916666667,0,0,0
float32-round-even-staged,fx-ov-el-lightning,1.5,True,True,0.009055269097210328,0.015516493055555556,0.011527713202810356,0.0059244791666666664,0.018619791666666666,0.010097657492106097,0.009114583333333334,0.024370659722222222,0.01917557251744378,0.017686631944444444,0,0,0
float32-round-even-staged,fx-ov-el-lightning,2.1,True,True,0.014335234375003836,0.020399305555555556,0.01623024888052533,0.013888888888888888,0.02209201388888889,0.015664880489756488,0.014149305555555556,0.026692708333333332,0.021417703246806002,0.017491319444444445,0,0,0
float32-round-even-staged,fx-ov-el-moon,0.3,True,True,0.008522074652788092,0.025108506944444445,0.02568166453328534,0.0001953125,0.024175347222222223,0.021295256348765102,0.011631944444444445,0.01968315972222222,0.023225820882411843,0.0022352430555555554,0,0,0
float32-round-even-staged,fx-ov-el-moon,0.9,True,True,0.007279401041671463,0.017816840277777777,0.02147349808614518,0.0008897569444444444,0.022005208333333335,0.019906100648303855,0.009635416666666667,0.021375868055555556,0.02186435637411034,0.002756076388888889,0,0,0
float32-round-even-staged,fx-ov-el-moon,1.5,True,True,0.011476805555531655,0.020941840277777776,0.022911034359863854,0.005620659722222222,0.024826388888888887,0.02341324689578385,0.014019097222222223,0.020811631944444443,0.02469289322099222,0.003537326388888889,0,0,0
float32-round-even-staged,fx-ov-el-moon,2.1,True,True,0.006974357638895867,0.023980034722222224,0.021494318585549052,0.0030164930555555557,0.023546006944444444,0.02058347077505385,0.009787326388888889,0.02931857638888889,0.025507093386767758,0.008528645833333333,0,0,0
float32-round-even-staged,fx-ov-el-smoke-puff,0.3,True,True,0.019440199652763113,0.05277777777777778,0.037983255539496254,0.019748263888888888,0.054535590277777775,0.032486343273959356,0.020811631944444443,0.033680555555555554,0.0324327048493931,0.0049479166666666664,0,0,0
float32-round-even-staged,fx-ov-el-smoke-puff,0.9,True,True,0.03912831597222066,0.06213107638888889,0.059505560177067894,0.044422743055555554,0.05744357638888889,0.04539502977094068,0.040516493055555554,0.033355034722222225,0.029870576954989077,0.009787326388888889,0,0,0
float32-round-even-staged,fx-ov-el-smoke-puff,1.5,True,True,0.047908697916653864,0.06901041666666667,0.0665726669423473,0.06219618055555556,0.058051215277777776,0.04885988773692817,0.0466796875,0.03337673611111111,0.03154774757901775,0.018012152777777776,0,0,0
float32-round-even-staged,fx-ov-el-smoke-puff,2.1,True,True,0.05123995225693534,0.08424479166666667,0.06980049599919003,0.06905381944444444,0.06831597222222222,0.0523886333731042,0.049305555555555554,0.04203559027777778,0.0387010973521911,0.01794704861111111,0,0,0
float32-round-even-staged,fx-ov-film-dust,0.3,True,True,0.04793910590277051,0.17528211805555555,0.28019798755945724,0.08118489583333334,0.12495659722222222,0.245062422457439,0.038411458333333336,0.11629774305555556,0.2702855917884033,0.044422743055555554,0,0,0
float32-round-even-staged,fx-ov-film-dust,0.9,True,True,0.10053394097222679,0.22864583333333333,0.4215958073779801,0.1716579861111111,0.1291015625,0.2840631428454505,0.07840711805555556,0.1517361111111111,0.32306655808432877,0.11028645833333334,0,0,0
float32-round-even-staged,fx-ov-film-dust,1.5,True,True,0.02499338541664997,0.1384982638888889,0.22714021110168234,0.052473958333333334,0.10885416666666667,0.20562403558532347,0.01349826388888889,0.11223958333333334,0.2437649971691259,0.057942708333333336,0,0,0
float32-round-even-staged,fx-ov-film-dust,2.1,True,True,0.051588146701391224,0.1447048611111111,0.3892126460438631,0.03155381944444444,0.1472873263888889,0.3079118097865342,0.05748697916666667,0.1695529513888889,0.3386639413201893,0.0521484375,0,0,0
float32-round-even-staged,fx-ov-grain,0.3,True,True,0.09206902777779646,0.19602864583333332,0.7115873542222089,0.08773871527777778,0.211328125,0.719430290846984,0.09379340277777778,0.19602864583333332,0.7115873542222089,0.08773871527777778,0,0,0
float32-round-even-staged,fx-ov-grain,0.9,True,True,0.006302256944451301,0.21944444444444444,0.6806125975935395,0.011501736111111112,0.2221137152777778,0.6706503665119723,0.004231770833333333,0.21944444444444444,0.6806125975935395,0.011501736111111112,0,0,0
float32-round-even-staged,fx-ov-grain,1.5,True,True,0.18369156250000174,0.26067708333333334,0.6783360919490271,0.19205729166666666,0.24893663194444443,0.6858811856141668,0.18036024305555556,0.26067708333333334,0.6783360919490271,0.19205729166666666,0,0,0
float32-round-even-staged,fx-ov-grain,2.1,True,True,0.1341192361111041,0.2992404513888889,0.658278812901645,0.12562934027777778,0.3096788194444444,0.6658274731320231,0.1375,0.2992404513888889,0.658278812901645,0.12562934027777778,0,0,0
float32-round-even-staged,fx-ov-vhs,0.3,True,True,0.08947169704859448,0.16028645833333333,0.33672342220296947,0.1154513888888889,0.17552083333333332,0.30655598652380395,0.08133680555555556,0.1665581597222222,0.3273464519021924,0.0935546875,0,0,0
float32-round-even-staged,fx-ov-vhs,0.9,True,True,0.1536622135416792,0.24186197916666666,0.30602676191065814,0.16195746527777777,0.18561197916666666,0.2880943068135291,0.15279947916666667,0.16560329861111112,0.30196453160092085,0.13778211805555557,0,0,0
float32-round-even-staged,fx-ov-vhs,1.5,True,True,0.09501021701387913,0.18561197916666666,0.2250637480182591,0.11564670138888888,0.14672309027777777,0.20704413839959485,0.08817274305555556,0.16043836805555556,0.21261865633383137,0.10197482638888888,0,0,0
float32-round-even-staged,fx-ov-vhs,2.1,True,True,0.062089318576369124,0.11312934027777778,0.19284930341147286,0.06356336805555556,0.11393229166666667,0.18390102364294275,0.060286458333333334,0.12078993055555555,0.2015601801952005,0.07560763888888888,0,0,0
float32-round-even-staged,fx-ov-paper,0.3,True,True,0.02060746093748378,0.06134982638888889,0.047222643440915875,0.03990885416666667,0.04325086805555556,0.027831463792080794,0.017252604166666668,0.035590277777777776,0.03256280582864509,0.002994791666666667,0,0,0
float32-round-even-staged,fx-ov-paper,0.9,True,True,0.0233382465277856,0.07174479166666667,0.0527505660859576,0.04765625,0.03999565972222222,0.02727977540007723,0.019639756944444444,0.03263888888888889,0.028358846735876724,0.011631944444444445,0,0,0
float32-round-even-staged,fx-ov-paper,1.5,True,True,0.016891302083351434,0.06590711805555556,0.04715130090584107,0.03951822916666667,0.03723958333333333,0.02569258040866684,0.012586805555555556,0.033702256944444446,0.02788721018882491,0.007096354166666667,0,0,0
float32-round-even-staged,fx-ov-paper,2.1,True,True,0.02283021701389032,0.0662109375,0.04875797497592165,0.04233940972222222,0.0388671875,0.027720691236119706,0.019596354166666666,0.02966579861111111,0.0299660757111455,0.0025824652777777777,0,0,0
float32-round-even-staged,fx-ov-burnt-edges,0.3,True,True,0.04657885850694754,0.065234375,0.045655500638423496,0.03802083333333333,0.07406684027777778,0.05540674634687859,0.05392795138888889,0.026106770833333334,0.026071667830709844,0.0010199652777777778,0,0,0
float32-round-even-staged,fx-ov-burnt-edges,0.9,True,True,0.045096831597220444,0.06059027777777778,0.04693650436631078,0.03784722222222222,0.076953125,0.05345175418080143,0.05238715277777778,0.02894965277777778,0.02922408174075691,0.005772569444444445,0,0,0
float32-round-even-staged,fx-ov-burnt-edges,1.5,True,True,0.03820167968750354,0.05881076388888889,0.04270693774317093,0.027994791666666668,0.06924913194444444,0.0483461039155849,0.04520399305555556,0.022547743055555555,0.021543329840762973,0.0011067708333333333,0,0,0
float32-round-even-staged,fx-ov-burnt-edges,2.1,True,True,0.042688654513909796,0.05846354166666667,0.044831952265245674,0.041796875,0.07645399305555556,0.0514470829728495,0.04798177083333333,0.028125,0.027083873492961975,0.007118055555555555,0,0,0
float32-round-even-staged,fx-ov-leak-green,0.3,True,True,0.02276457031248924,0.022395833333333334,0.023912898563398163,0.006597222222222222,0.03532986111111111,0.034157439002446534,0.028385416666666666,0.02211371527777778,0.02587592307938155,0.014691840277777778,0,0,0
float32-round-even-staged,fx-ov-leak-green,0.9,True,True,0.02335564236109633,0.023480902777777778,0.026610008142793278,0.0078125,0.0349609375,0.035101788849343854,0.028537326388888888,0.023350694444444445,0.02986600861987205,0.017795138888888888,0,0,0
float32-round-even-staged,fx-ov-leak-green,1.5,True,True,0.02999611111111733,0.021006944444444446,0.02815211030262502,0.015017361111111112,0.040928819444444445,0.04159150310246924,0.03532986111111111,0.02578125,0.029014671485623984,0.021267361111111112,0,0,0
float32-round-even-staged,fx-ov-leak-green,2.1,True,True,0.030251328125018517,0.02328559027777778,0.02553707959222079,0.0057074652777777775,0.04618055555555556,0.04573745942813164,0.03875868055555556,0.026236979166666667,0.02619463928465047,0.018250868055555557,0,0,0
float32-round-even-staged,fx-ov-leak-purple,0.3,True,True,0.01835346354165779,0.02654079861111111,0.029066144811341198,0.017339409722222223,0.027083333333333334,0.02532242854006993,0.018446180555555556,0.0333984375,0.033241377388249,0.020421006944444445,0,0,0
float32-round-even-staged,fx-ov-leak-purple,0.9,True,True,0.018026215277785695,0.028602430555555555,0.033749598462813585,0.018359375,0.025629340277777777,0.02613574626285116,0.017122395833333335,0.03624131944444445,0.03649558576200624,0.02599826388888889,0,0,0
float32-round-even-staged,fx-ov-leak-purple,1.5,True,True,0.021834453125009645,0.02947048611111111,0.03487434267713157,0.023220486111111112,0.026888020833333335,0.025558265644841472,0.020594618055555555,0.04088541666666667,0.04113621262216449,0.030034722222222223,0,0,0
float32-round-even-staged,fx-ov-leak-purple,2.1,True,True,0.01936902343749125,0.03550347222222222,0.04005736933388932,0.025607638888888888,0.025282118055555556,0.023162613157711443,0.016080729166666665,0.04268663194444444,0.04295835048690446,0.03357204861111111,0,0,0
float32-round-even-staged,fx-ov-leak-red,0.3,True,True,0.016898268229169844,0.025694444444444443,0.02906536684508021,0.014105902777777778,0.027083333333333334,0.02532242854006993,0.018446180555555556,0.021549479166666666,0.02375948583840309,0.009787326388888889,0,0,0
float32-round-even-staged,fx-ov-leak-red,0.9,True,True,0.01773545572916646,0.03504774305555555,0.03668977728330806,0.02406684027777778,0.025629340277777777,0.02613574626285116,0.017122395833333335,0.021267361111111112,0.022509921390840053,0.005164930555555555,0,0,0
float32-round-even-staged,fx-ov-leak-red,1.5,True,True,0.021927495659710416,0.037196180555555555,0.045936916347797306,0.03012152777777778,0.026888020833333335,0.025558265644841472,0.020594618055555555,0.021158854166666668,0.024568027783113826,0.011002604166666667,0,0,0
float32-round-even-staged,fx-ov-leak-red,2.1,True,True,0.0183997786458292,0.034092881944444445,0.04178541867064984,0.027408854166666666,0.025282118055555556,0.023162613157711443,0.016080729166666665,0.028125,0.026089833672871324,0.01484375,0,0,0
float32-round-even-staged,fx-ov-lightning,0.3,True,True,0.001491345486115847,0.03771701388888889,0.020019831792521908,0.002690972222222222,0.028884548611111113,0.018028718540196827,0.001540798611111111,0.04370659722222222,0.03804261121079656,0.027994791666666668,0,0,0
float32-round-even-staged,fx-ov-lightning,0.9,True,True,0.012803849826411806,0.05970052083333333,0.026744842239538515,0.0035807291666666665,0.02736545138888889,0.01942096245791999,0.015690104166666666,0.034765625,0.025902586863921752,0.011371527777777777,0,0,0
float32-round-even-staged,fx-ov-lightning,1.5,True,True,0.013460125868064665,0.06095920138888889,0.022579885056829063,0.002018229166666667,0.03324652777777778,0.020655101447028694,0.01740451388888889,0.03546006944444444,0.025452645522848892,0.019965277777777776,0,0,0
float32-round-even-staged,fx-ov-lightning,2.1,True,True,0.01132126302081815,0.06940104166666666,0.02508784958357086,0.0006944444444444445,0.030837673611111113,0.01830305463425718,0.014214409722222222,0.03713107638888889,0.021794350341744272,0.013953993055555556,0,0,0
float32-round-even-staged,fx-ov-bokeh-blue,0.3,True,True,0.003940000000014265,0.02421875,0.020693452164883223,0.007465277777777778,0.01740451388888889,0.016150665608400987,0.006553819444444445,0.03155381944444444,0.03562757631559299,0.011631944444444445,0,0,0
float32-round-even-staged,fx-ov-bokeh-blue,0.9,True,True,0.00034877170139679947,0.026085069444444445,0.019044399262048827,0.013194444444444444,0.01950954861111111,0.01785553327353266,0.0030598958333333333,0.03383246527777778,0.034057060312398996,0.0037109375,0,0,0
float32-round-even-staged,fx-ov-bokeh-blue,1.5,True,True,0.0032507725694443934,0.026692708333333332,0.020797051671458098,0.010460069444444444,0.019075520833333335,0.016473947304556223,0.0064453125,0.030338541666666666,0.03176384098675453,0.011979166666666667,0,0,0
float32-round-even-staged,fx-ov-bokeh-blue,2.1,True,True,0.0026690017361090668,0.028537326388888888,0.01874566626095755,0.007921006944444444,0.017447916666666667,0.0164449904904345,0.0052517361111111115,0.030837673611111113,0.030087525213949428,0.008268229166666667,0,0,0
float32-round-even-staged,fx-ov-bokeh-rainbow,0.3,True,True,0.0064110937500032605,0.02421875,0.020693452164883223,0.007465277777777778,0.02109375,0.02263901318242155,0.009982638888888888,0.03342013888888889,0.03533084088753965,0.01189236111111111,0,0,0
float32-round-even-staged,fx-ov-bokeh-rainbow,0.9,True,True,0.0023350607638832344,0.026085069444444445,0.019044399262048827,0.013194444444444444,0.022743055555555555,0.022031222436921395,0.0067708333333333336,0.03159722222222222,0.0315199353551275,0.004123263888888889,0,0,0
float32-round-even-staged,fx-ov-bokeh-rainbow,1.5,True,True,0.0058597829861071205,0.026692708333333332,0.020797051671458098,0.010460069444444444,0.025303819444444445,0.02312166996894078,0.01032986111111111,0.02890625,0.02823828175082511,0.009635416666666667,0,0,0
float32-round-even-staged,fx-ov-bokeh-rainbow,2.1,True,True,0.006434262152779979,0.028537326388888888,0.01874566626095755,0.007921006944444444,0.023871527777777776,0.02372392212139088,0.010069444444444445,0.029058159722222223,0.03273413897984707,0.0126953125,0,0,0
float32-round-even-staged,fx-ov-sparkle-pink,0.3,True,True,0.00761916232639237,0.025629340277777777,0.01713358943411644,0.010134548611111112,0.019444444444444445,0.011344499001169255,0.006076388888888889,0.022265625,0.018861342502384016,0.015494791666666667,0,0,0
float32-round-even-staged,fx-ov-sparkle-pink,0.9,True,True,0.007953064236112084,0.019422743055555556,0.01670087554960038,0.0060546875,0.019205729166666668,0.012442756330595476,0.007530381944444445,0.02406684027777778,0.01991199283266616,0.01773003472222222,0,0,0
float32-round-even-staged,fx-ov-sparkle-pink,1.5,True,True,0.007920060763893844,0.015559895833333334,0.013326582432129934,0.004839409722222222,0.01935763888888889,0.010728761844106375,0.008029513888888888,0.025065104166666668,0.01907551254456651,0.015907118055555555,0,0,0
float32-round-even-staged,fx-ov-sparkle-pink,2.1,True,True,0.01027466145832534,0.017621527777777778,0.015926809338311452,0.009244791666666667,0.020833333333333332,0.01361671978485668,0.01032986111111111,0.02890625,0.02001868697724794,0.012760416666666666,0,0,0
float32-round-even-staged,fx-ov-sparkle-blue,0.3,True,True,0.007802569444436358,0.025607638888888888,0.01781447908692533,0.012196180555555556,0.019314236111111112,0.0117787163638566,0.005772569444444445,0.02426215277777778,0.01904277354589046,0.014973958333333334,0,0,0
float32-round-even-staged,fx-ov-sparkle-blue,0.9,True,True,0.00691947482638966,0.018315972222222223,0.01458188249166989,0.007552083333333333,0.019118923611111113,0.012024984537133899,0.005881076388888889,0.02345920138888889,0.020662917404584806,0.015342881944444444,0,0,0
float32-round-even-staged,fx-ov-sparkle-blue,1.5,True,True,0.0076721006944495684,0.01642795138888889,0.013235154366706227,0.005750868055555556,0.018619791666666666,0.010851867199061147,0.007552083333333333,0.024544270833333333,0.01965333601302475,0.014518229166666667,0,0,0
float32-round-even-staged,fx-ov-sparkle-blue,2.1,True,True,0.009810052083338405,0.018294270833333334,0.014381655317576993,0.0107421875,0.021983506944444446,0.013634340553465725,0.0095703125,0.02719184027777778,0.019757513757709542,0.009440104166666666,0,0,0
float32-round-even-staged,fx-ov-hearts-red,0.3,True,True,0.18226027343749251,0.42506510416666665,0.9427108085019998,0.3539279513888889,0.1437717013888889,0.25525290294691205,0.1331814236111111,0.17868923611111112,0.2942681430416543,0.16293402777777777,0,0,0
float32-round-even-staged,fx-ov-hearts-red,0.9,True,True,0.10019425347222466,0.4044921875,1.1192245574204516,0.3951171875,0.05607638888888889,0.25709984928504614,0.014887152777777777,0.08747829861111112,0.3415688147435562,0.07680121527777778,0,0,0
float32-round-even-staged,fx-ov-hearts-red,1.5,True,True,0.16685904513887806,0.5617838541666667,1.007078385221696,0.5558810763888888,0.10227864583333333,0.27959319989173037,0.05366753472222222,0.1910373263888889,0.31479054749277147,0.14259982638888888,0,0,0
float32-round-even-staged,fx-ov-hearts-red,2.1,True,True,0.12287377170137859,0.2238498263888889,0.6053771736086584,0.21968315972222222,0.10062934027777778,0.24314591712489336,0.09142795138888889,0.15,0.2548125285191217,0.14930555555555555,0,0,0
float32-round-even-staged,fx-ov-fog-pink,0.3,True,True,0.039155920138881584,0.07313368055555555,0.05956226979758095,0.04973958333333333,0.07348090277777777,0.048668963881557156,0.035633680555555554,0.07144097222222222,0.05417932288017422,0.042881944444444445,0,0,0
float32-round-even-staged,fx-ov-fog-pink,0.9,True,True,0.040819973958349465,0.07376302083333333,0.05638056777629468,0.05193142361111111,0.06605902777777778,0.04871161413445057,0.03802083333333333,0.06790364583333333,0.050506056636225566,0.03582899305555556,0,0,0
float32-round-even-staged,fx-ov-fog-pink,1.5,True,True,0.04523531250001156,0.07358940972222222,0.05461278118899639,0.04424913194444444,0.06786024305555556,0.0525850818881982,0.04576822916666667,0.06655815972222222,0.05071667829936074,0.04286024305555555,0,0,0
float32-round-even-staged,fx-ov-fog-pink,2.1,True,True,0.04084032986114039,0.07677951388888889,0.05908418699242356,0.046961805555555555,0.06584201388888888,0.04508280714023242,0.038411458333333336,0.0609375,0.052518556900684736,0.046875,0,0,0
float32-round-even-staged,fx-ov-fog-blue,0.3,True,True,0.03448453125000128,0.06812065972222223,0.056746997518511796,0.04689670138888889,0.0681640625,0.04393362677041054,0.029796006944444446,0.06764322916666667,0.0520452206476486,0.044379340277777776,0,0,0
float32-round-even-staged,fx-ov-fog-blue,0.9,True,True,0.040253220486107466,0.07682291666666667,0.053507310096355204,0.04353298611111111,0.07217881944444444,0.047525477041073946,0.03967013888888889,0.06462673611111111,0.04802599557445103,0.03637152777777778,0,0,0
float32-round-even-staged,fx-ov-fog-blue,1.5,True,True,0.04245297309026341,0.07243923611111111,0.055442783253637155,0.047135416666666666,0.06664496527777777,0.044707531276934845,0.04055989583333333,0.0656467013888889,0.05436066611896608,0.047417534722222224,0,0,0
float32-round-even-staged,fx-ov-fog-blue,2.1,True,True,0.04229006510414024,0.06608072916666667,0.058154630895760125,0.04871961805555555,0.06304253472222222,0.046701458657219835,0.04008246527777778,0.056553819444444445,0.05258247509292646,0.04522569444444444,0,0,0
