storage,id,failedTimes,R_maxMAE8,R_maxP99_8,G_maxMAE8,G_maxP99_8,B_maxMAE8,B_maxP99_8,A_maxMAE8,A_maxP99_8
float32-sized,fx-bad-tv,"0.3,0.9,1.5,2.1",7.231032986111111,25,7.260980902777778,21,7.270355902777778,25,0,0
float32-sized,fx-balloons,,0.052018229166666666,0,0.046440972222222224,4,0.056206597222222224,0,0,0
float32-sized,fx-beads,,0.06130642361111111,0,0.053233506944444446,4,0.04822048611111111,0,0,0
float32-sized,fx-beat-zoom,,0.07706163194444444,0,0.07369791666666667,4,0.072265625,0,0,0
float32-sized,fx-blink,0.9,0.23396267361111112,8,0.25145399305555555,4,0.26783854166666665,9,0,0
float32-sized,fx-bloom,,0.10813802083333333,8,0.128515625,4,0.11117621527777778,8,0,0
float32-sized,fx-blur,,0.08650173611111112,8,0.0759548611111111,4,0.05572916666666667,0,0,0
float32-sized,fx-blur-in,,0.11187065972222222,8,0.10217013888888889,4,0.08802083333333334,8,0,0
float32-sized,fx-blur-out,,0.1025390625,8,0.09867621527777778,4,0.08489583333333334,8,0,0
float32-sized,fx-bokeh,,0.09748263888888889,8,0.09283854166666666,4,0.09125434027777778,8,0,0
float32-sized,fx-bounce,,0.09691840277777777,8,0.09411892361111111,4,0.09292534722222222,8,0,0
float32-sized,fx-bubbles,,0.07634548611111111,0,0.06981336805555556,4,0.0661892361111111,0,0,0
float32-sized,fx-camera-focus,,0.08511284722222222,8,0.0720486111111111,4,0.06642795138888889,0,0,0
float32-sized,fx-camera-shake,,0.15716145833333334,8,0.15106336805555556,4,0.13977864583333333,8,0,0
float32-sized,fx-carousel,"0.3,0.9,1.5,2.1",0.9611762152777777,9,0.9320095486111111,12,0.9260416666666667,9,0,0
float32-sized,fx-cc-bg-copies,,0.23830295138888888,8,0.20438368055555556,4,0.16375868055555556,8,0,0
float32-sized,fx-cc-black-flash,,0.098828125,8,0.0884765625,4,0.07706163194444444,0,0,0
float32-sized,fx-cc-border-current,,0.071875,0,0.065625,4,0.06796875,0,0,0
float32-sized,fx-cc-butterfly,,0.11063368055555556,8,0.08949652777777778,4,0.09854600694444444,8,0,0
float32-sized,fx-cc-butterfly-dream,,0.08687065972222222,8,0.07098524305555555,4,0.0763671875,0,0,0
float32-sized,fx-cc-bw-slider,,0.11703559027777778,8,0.13059895833333332,4,0.11371527777777778,8,0,0
float32-sized,fx-cc-camera-punch,,0.09822048611111112,8,0.09563802083333334,4,0.09105902777777777,8,0,0
float32-sized,fx-cc-chromatic,,0.1150390625,8,0.11799045138888889,4,0.3712022569444444,8,0,0
float32-sized,fx-cc-color-pixel,"0.3,0.9",0.3646918402777778,9,0.2853949652777778,4,0.2913628472222222,8,0,0
float32-sized,fx-cc-cut-twist,,0.131640625,8,0.12378472222222223,4,0.11701388888888889,8,0,0
float32-sized,fx-cc-damaged-vignette,,0.04826388888888889,0,0.07256944444444445,4,0.03532986111111111,0,0,0
float32-sized,fx-cc-dance-flash,,0.3546875,8,0.2472873263888889,4,0.2777777777777778,8,0,0
float32-sized,fx-cc-diamond-zoom,,0.12684461805555555,8,0.1334201388888889,4,0.1304253472222222,8,0,0
float32-sized,fx-cc-dynamic-blur,,0.08337673611111111,8,0.07838541666666667,4,0.08168402777777778,0,0,0
float32-sized,fx-cc-exploding-love,"0.3,0.9,2.1",8.513237847222221,140,4.1546006944444445,69,3.8818359375,58,0,0
float32-sized,fx-cc-falling-petals,,0.09251302083333333,0,0.07610677083333334,4,0.0661892361111111,0,0,0
float32-sized,fx-cc-feverish,0.9,6.622677951388889,17,18.372135416666666,29,14.506727430555555,25,0,0
float32-sized,fx-cc-film-wave,,0.14396701388888888,8,0.13585069444444445,4,0.1265842013888889,8,0,0
float32-sized,fx-cc-firefly,"0.3,0.9,1.5,2.1",6.901540798611111,107,6.025651041666666,97,2.9912977430555556,49,0,0
float32-sized,fx-cc-handheld,,0.11360677083333333,8,0.10392795138888888,4,0.09010416666666667,8,0,0
float32-sized,fx-cc-heart-ascent,"0.3,0.9,1.5,2.1",1.7548177083333334,41,0.9597873263888889,45,1.0801432291666666,25,0,0
float32-sized,fx-cc-hex-split,"0.3,0.9,1.5,2.1",7.8083984375,99,7.203689236111111,93,6.4599609375,82,0,0
float32-sized,fx-cc-ink-spill,,0.10416666666666667,8,0.09839409722222223,4,0.10416666666666667,8,0,0
float32-sized,fx-cc-leak-neon,,0.0812717013888889,0,0.0793185763888889,4,0.0671875,0,0,0
float32-sized,fx-cc-leak-warm,,0.11295572916666667,8,0.10065104166666666,4,0.10388454861111111,8,0,0
float32-sized,fx-cc-misty-tint,,0.10863715277777777,8,0.1138671875,4,0.11046006944444445,8,0,0
float32-sized,fx-cc-move-cloud,,0.08630642361111111,8,0.07256944444444445,4,0.07727864583333334,0,0,0
float32-sized,fx-cc-pixel-art,,0.3586371527777778,8,0.35147569444444443,4,0.28129340277777776,8,0,0
float32-sized,fx-cc-pixel-blocks,,0.13270399305555555,8,0.12215711805555556,4,0.10088975694444445,8,0,0
float32-sized,fx-cc-pixel-mutant,0.9,3.7524522569444443,107,3.8164496527777776,117,3.8577256944444445,107,0,0
float32-sized,fx-cc-pixel-universe,,0.07274305555555556,0,0.05785590277777778,4,0.0513671875,0,0,0
float32-sized,fx-cc-rain,,0.08641493055555556,8,0.07328559027777778,4,0.09086371527777778,8,0,0
float32-sized,fx-cc-rebound-swing,,0.1325954861111111,8,0.12272135416666667,4,0.10909288194444444,8,0,0
float32-sized,fx-cc-retro-flicker,"0.3,0.9,1.5,2.1",11.470638020833333,41,10.924652777777778,40,10.27734375,33,0,0
float32-sized,fx-cc-ripple,,0.14945746527777778,8,0.14348958333333334,4,0.1320095486111111,8,0,0
float32-sized,fx-cc-rose-bloom,"0.3,0.9,1.5,2.1",2.9012803819444444,123,1.342165798611111,57,0.9673177083333333,32,0,0
float32-sized,fx-cc-sepia-cool,"0.3,0.9,1.5,2.1",3.630121527777778,16,3.6303602430555557,12,3.654665798611111,16,0,0
float32-sized,fx-cc-shimmer-360,,0.10907118055555555,8,0.09800347222222222,4,0.07437065972222222,0,0,0
float32-sized,fx-cc-shiny-stack,"0.3,0.9,1.5,2.1",17.422048611111112,148,18.309852430555555,150,18.39125434027778,156,0,0
float32-sized,fx-cc-slash-reveal,"0.3,2.1",5.774348958333333,148,5.701692708333334,142,5.711436631944444,148,0,0
float32-sized,fx-cc-smoky-focus,,0.07211371527777778,0,0.07029079861111111,4,0.064453125,0,0,0
float32-sized,fx-cc-snow-night,,0.15421006944444443,8,0.10334201388888889,4,0.11451822916666667,8,0,0
float32-sized,fx-cc-sparkle-shine,,0.07194010416666667,0,0.06453993055555556,4,0.058333333333333334,0,0,0
float32-sized,fx-cc-stellar,,0.13704427083333334,8,0.11098090277777778,4,0.10657552083333334,8,0,0
float32-sized,fx-cc-vignette-rose,,0.09097222222222222,8,0.07417534722222222,4,0.0681423611111111,0,0,0
float32-sized,fx-cc-vintage-film,"0.3,0.9,1.5,2.1",11.765190972222221,42,10.981684027777778,41,9.804991319444444,33,0,0
float32-sized,fx-cc-wiggle-flicker,"0.3,0.9,1.5,2.1",32.926974826388886,156,33.05201822916667,170,33.53608940972222,189,0,0
float32-sized,fx-cc-wobbly-flash,,0.11247829861111111,8,0.10271267361111111,4,0.08448350694444444,8,0,0
float32-sized,fx-chalkboard,,0.2657335069444444,8,0.26705729166666664,4,0.2711588541666667,8,0,0
float32-sized,fx-chroma-wave,,0.16710069444444445,8,0.0984375,4,0.1677734375,8,0,0
float32-sized,fx-cinema,,0.08580729166666666,8,0.05980902777777778,4,0.104296875,8,0,0
float32-sized,fx-club-lights,,0.07647569444444445,0,0.0802734375,4,0.06456163194444445,0,0,0
float32-sized,fx-cmyk-print,"0.3,0.9,1.5,2.1",0.6306857638888889,9,2.1123914930555556,45,2.108420138888889,49,0,0
float32-sized,fx-colorize,,0.09435763888888889,8,0.07758246527777778,4,0.054036458333333336,0,0,0
float32-sized,fx-colour-cycle,,0.15013020833333332,8,0.13289930555555557,4,0.14561631944444445,8,0,0
float32-sized,fx-comic-print,,0.15755208333333334,8,0.1733940972222222,4,0.16705729166666666,8,0,0
float32-sized,fx-confetti,,0.05733506944444444,0,0.05295138888888889,4,0.052734375,0,0,0
float32-sized,fx-confetti-burst,"0.3,0.9,1.5,2.1",2.6965928819444445,107,2.4594401041666667,77,2.3826171875,83,0,0
float32-sized,fx-cr-anamorphic,,0.08309461805555556,8,0.09242621527777778,4,0.07901475694444444,0,0,0
float32-sized,fx-cr-aurora,,0.09874131944444445,8,0.10735677083333334,4,0.08502604166666666,8,0,0
float32-sized,fx-cr-camcorder,,0.11605902777777778,8,0.11121961805555555,4,0.10657552083333334,8,0,0
float32-sized,fx-cr-comic-pop,,0.24166666666666667,8,0.23272569444444444,4,0.18257378472222222,8,0,0
float32-sized,fx-cr-dreamy,,0.08235677083333333,8,0.08307291666666666,4,0.07955729166666667,0,0,0
float32-sized,fx-cr-flash-cut,,0.20184461805555556,8,0.18993055555555555,4,0.20381944444444444,8,0,0
float32-sized,fx-cr-glitter-rain,,0.08289930555555555,0,0.06994357638888889,4,0.05779079861111111,0,0,0
float32-sized,fx-cr-heart-pulse,,0.09724392361111112,8,0.0970703125,4,0.0812717013888889,0,0,0
float32-sized,fx-cr-kaleido-bloom,,0.1407986111111111,8,0.13450520833333332,4,0.1228515625,8,0,0
float32-sized,fx-cr-matrix,,0.07897135416666666,0,0.11755642361111111,4,0.08430989583333333,0,0,0
float32-sized,fx-cr-projector,"0.3,0.9,1.5,2.1",3.0868489583333334,9,2.5116753472222224,8,1.8634765625,9,0,0
float32-sized,fx-cr-rainbow-prism,,0.08107638888888889,0,0.07100694444444444,4,0.06657986111111111,0,0,0
float32-sized,fx-cr-rgb-strobe,,0.04754774305555556,0,0.05857204861111111,4,0.03982204861111111,0,0,0
float32-sized,fx-cr-ring-reveal,,0.06430121527777778,0,0.061263020833333334,4,0.05657552083333333,0,0,0
float32-sized,fx-cr-signal-lost,"0.3,0.9,1.5,2.1",35.80091145833333,132,41.27536892361111,134,45.416232638888886,148,0,0
float32-sized,fx-cr-slice-drift,,0.08253038194444444,8,0.07669270833333333,4,0.094921875,8,0,0
float32-sized,fx-cr-sparkle-burst,"0.3,0.9,1.5,2.1",4.765538194444445,99,4.853949652777778,110,4.330490451388889,107,0,0
float32-sized,fx-cr-tri-split,"0.3,0.9,1.5,2.1",10.701540798611111,58,10.142947048611111,61,9.74453125,74,0,0
float32-sized,fx-cr-twinkle-sky,,0.09915364583333333,8,0.0896267361111111,4,0.09110243055555556,8,0,0
float32-sized,fx-cr-zoom-burst,,0.08049045138888888,0,0.08053385416666667,4,0.07927517361111111,0,0,0
float32-sized,fx-cross-stitch,,0.06276041666666667,0,0.056315104166666664,4,0.09555121527777778,8,0,0
float32-sized,fx-crystal-ball,,0.1332465277777778,8,0.13363715277777777,4,0.12769097222222223,8,0,0
float32-sized,fx-ct-astral,,0.10987413194444444,8,0.10885416666666667,4,0.08600260416666666,8,0,0
float32-sized,fx-ct-background-fit,,0.16918402777777777,8,0.14144965277777777,4,0.10616319444444444,8,0,0
float32-sized,fx-ct-broken-shine,,0.08077256944444444,0,0.07864583333333333,4,0.0802734375,0,0,0
float32-sized,fx-ct-chaotic-heat,"0.3,0.9,1.5,2.1",29.455794270833334,131,35.31319444444444,154,18.31640625,140,0,0
float32-sized,fx-ct-cut-shift,"0.3,1.5",7.162912326388889,91,7.589908854166667,93,8.153732638888888,107,0,0
float32-sized,fx-ct-darken-flash,,0.0724609375,0,0.0767578125,4,0.05755208333333333,0,0,0
float32-sized,fx-ct-delicate-rays,,0.13869357638888888,8,0.1169704861111111,4,0.12482638888888889,8,0,0
float32-sized,fx-ct-dreamy-halo,,0.08283420138888889,8,0.087109375,4,0.09249131944444444,8,0,0
float32-sized,fx-ct-edge-glow,,0.14448784722222222,8,0.11048177083333334,4,0.11280381944444444,8,0,0
float32-sized,fx-ct-effect-mashup,,0.08869357638888889,8,0.08817274305555556,4,0.08179253472222223,0,0,0
float32-sized,fx-ct-error-quake,"0.3,2.1",21.863368055555554,115,17.897092013888887,113,21.985091145833334,140,0,0
float32-sized,fx-ct-explosion,,0.08391927083333334,8,0.06809895833333333,4,0.07133246527777778,0,0,0
float32-sized,fx-ct-fireplace,"0.3,0.9,1.5,2.1",1.914453125,41,1.22890625,28,0.3599826388888889,9,0,0
float32-sized,fx-ct-game-over,,0.05134548611111111,0,0.047417534722222224,4,0.048111979166666666,0,0,0
float32-sized,fx-ct-glass-breaking,"0.3,0.9,1.5,2.1",8.291948784722223,107,7.9387803819444445,105,8.436588541666667,107,0,0
float32-sized,fx-ct-grim-neo,,0.07897135416666666,0,0.0806640625,4,0.07892795138888889,0,0,0
float32-sized,fx-ct-grim-reaper,,0.053211805555555554,0,0.06779513888888888,4,0.06497395833333333,0,0,0
float32-sized,fx-ct-hexagonal-spot,,0.2433810763888889,8,0.08090277777777778,4,0.0640625,0,0,0
float32-sized,fx-ct-lightning-crack,"0.3,1.5",11.745681423611112,148,12.422504340277778,154,13.125043402777777,156,0,0
float32-sized,fx-ct-magical-tome,,0.07710503472222222,0,0.07003038194444444,4,0.05353732638888889,0,0,0
float32-sized,fx-ct-narrow-focus,,0.03268229166666667,0,0.03246527777777778,0,0.03268229166666667,0,0,0
float32-sized,fx-ct-negative,,0.04754774305555556,0,0.045182291666666666,4,0.0396484375,0,0,0
float32-sized,fx-ct-negative-panels,2.1,47.11137152777778,206,50.107769097222224,223,64.93532986111111,247,0,0
float32-sized,fx-ct-neon,,0.09205729166666667,8,0.11610243055555555,4,0.10926649305555555,8,0,0
float32-sized,fx-ct-offset-slice,0.9,7.9469618055555555,148,6.741080729166667,125,6.691818576388889,115,0,0
float32-sized,fx-ct-phone-cube,,0.06414930555555555,0,0.06378038194444445,4,0.06299913194444444,0,0,0
float32-sized,fx-ct-phone-zoom,,0.1478515625,8,0.14487847222222222,4,0.13003472222222223,8,0,0
float32-sized,fx-ct-picture-bumps,,0.10481770833333333,8,0.12057291666666667,4,0.1048828125,8,0,0
float32-sized,fx-ct-scene-cut,"0.3,0.9,1.5,2.1",94.79663628472223,156,96.15219184027778,158,95.73799913194445,157,0,0
float32-sized,fx-ct-sharpen-edges,,0.20245225694444444,8,0.1833767361111111,4,0.1849392361111111,8,0,0
float32-sized,fx-ct-shine-zoom,,0.10286458333333333,8,0.10481770833333333,4,0.09769965277777778,8,0,0
float32-sized,fx-ct-tension-zoom,,0.09800347222222222,8,0.09715711805555556,4,0.09220920138888888,8,0,0
float32-sized,fx-ct-vignette-noir,"0.3,0.9,1.5,2.1",3.9774522569444444,17,3.9902994791666666,12,3.9774522569444444,17,0,0
float32-sized,fx-cube-spin,,0.03962673611111111,0,0.0296875,0,0.031119791666666667,0,0,0
float32-sized,fx-cube-tumble,,0.03478732638888889,0,0.027408854166666666,0,0.02345920138888889,0,0,0
float32-sized,fx-curtain,,0.03973524305555556,0,0.03404947916666667,0,0.04559461805555556,0,0,0
float32-sized,fx-cylinder,,0.09811197916666667,8,0.09509548611111111,4,0.09192708333333334,8,0,0
float32-sized,fx-datamosh,,0.0900390625,0,0.08350694444444444,4,0.08834635416666667,0,0,0
float32-sized,fx-dice-roll,,0.0341796875,0,0.018967013888888887,0,0.020290798611111112,0,0,0
float32-sized,fx-digital-blocks,,0.04754774305555556,0,0.039887152777777775,0,0.05243055555555556,0,0,0
float32-sized,fx-disco,,0.06916232638888889,0,0.06499565972222222,4,0.06697048611111112,0,0,0
float32-sized,fx-dust-scratches,,0.14401041666666667,0,0.14809027777777778,4,0.14429253472222223,0,0,0
float32-sized,fx-earthquake,,0.14463975694444445,8,0.13836805555555556,4,0.1292751736111111,8,0,0
float32-sized,fx-eight-bit,"0.3,0.9,1.5,2.1",9.605360243055555,50,8.998697916666666,49,8.985264756944444,50,0,0
float32-sized,fx-fade-in,,0.13207465277777777,8,0.08381076388888889,4,0.07447916666666667,0,0,0
float32-sized,fx-fade-out,,0.08285590277777778,8,0.08988715277777778,4,0.1013671875,8,0,0
float32-sized,fx-faded-print,,0.12252604166666667,8,0.10462239583333334,4,0.07065972222222222,0,0,0
float32-sized,fx-film-8mm,"0.3,0.9,1.5",11.290603298611112,33,11.380967881944445,32,11.37966579861111,33,0,0
float32-sized,fx-film-burn,,0.0740234375,0,0.08166232638888889,4,0.07209201388888889,0,0,0
float32-sized,fx-film-burn-leak,,0.05546875,0,0.05503472222222222,4,0.0509765625,0,0,0
float32-sized,fx-film-grain,"0.3,0.9,1.5,2.1",9.707508680555556,33,9.79958767361111,32,9.844921875,33,0,0
float32-sized,fx-flash-in,,0.08849826388888889,8,0.06736111111111111,4,0.05314670138888889,0,0,0
float32-sized,fx-flip-card,,0.08042534722222222,0,0.07152777777777777,4,0.07144097222222222,0,0,0
float32-sized,fx-glitch-flash,,0.08747829861111112,8,0.07708333333333334,4,0.08433159722222222,8,0,0
float32-sized,fx-glitch-in,,0.11564670138888888,8,0.06267361111111111,4,0.087109375,8,0,0
float32-sized,fx-globe,,0.078515625,0,0.0812717013888889,4,0.07209201388888889,0,0,0
float32-sized,fx-gold-glitter,,0.07380642361111112,0,0.06215277777777778,4,0.05635850694444444,0,0,0
float32-sized,fx-grid-4,,0.28409288194444443,8,0.23461371527777777,4,0.28409288194444443,8,0,0
float32-sized,fx-grid-9,,0.06258680555555556,0,0.06245659722222222,4,0.05802951388888889,0,0,0
float32-sized,fx-grid-flash,,0.11807725694444444,8,0.083203125,4,0.09040798611111112,8,0,0
float32-sized,fx-hazy,,0.11039496527777778,8,0.088671875,4,0.09772135416666666,8,0,0
float32-sized,fx-heart-rain,,0.0693359375,0,0.05088975694444445,4,0.04607204861111111,0,0,0
float32-sized,fx-heart-reveal,,0.043055555555555555,0,0.04309895833333333,4,0.03875868055555556,0,0,0
float32-sized,fx-heartbeat,,0.10473090277777777,8,0.09435763888888889,4,0.09151475694444444,8,0,0
float32-sized,fx-horizontal-open,,0.07515190972222222,0,0.063671875,4,0.06460503472222222,0,0,0
float32-sized,fx-hyperspace,"0.3,0.9,1.5,2.1",3.68515625,107,3.7873914930555554,114,4.1839409722222225,132,0,0
float32-sized,fx-infinite-zoom,,0.11592881944444444,8,0.1044921875,4,0.10772569444444445,8,0,0
float32-sized,fx-iris-close,,0.06351996527777778,0,0.05384114583333333,4,0.05277777777777778,0,0,0
float32-sized,fx-iris-open,,0.07808159722222222,0,0.07376302083333333,4,0.07536892361111111,0,0,0
float32-sized,fx-kaleido-4,,0.09279513888888889,8,0.07864583333333333,4,0.07873263888888889,0,0,0
float32-sized,fx-kaleido-drill,,0.14559461805555557,8,0.14151475694444443,4,0.12864583333333332,8,0,0
float32-sized,fx-laser-show,,0.070703125,0,0.05967881944444445,4,0.059027777777777776,0,0,0
float32-sized,fx-led-wall,,0.08763020833333333,8,0.08862847222222223,4,0.08656684027777778,8,0,0
float32-sized,fx-lens-flare,,0.11564670138888888,8,0.12196180555555555,4,0.11358506944444445,8,0,0
float32-sized,fx-light-leak,,0.05661892361111111,0,0.055078125,4,0.05199652777777778,0,0,0
float32-sized,fx-low-exposure,,0.06990017361111112,0,0.061046006944444446,4,0.03828125,0,0,0
float32-sized,fx-marker-lines,,0.17838541666666666,8,0.228125,4,0.22072482638888888,8,0,0
float32-sized,fx-mini-zoom,,0.10138888888888889,8,0.09435763888888889,4,0.07981770833333333,0,0,0
float32-sized,fx-mirror-ball,,0.2384982638888889,8,0.2954644097222222,4,0.3069661458333333,8,0,0
float32-sized,fx-mirror-lr,,0.040364583333333336,0,0.04084201388888889,4,0.043793402777777775,0,0,0
float32-sized,fx-mirror-room,,0.08014322916666666,0,0.08120659722222222,4,0.07215711805555555,0,0,0
float32-sized,fx-mirror-tb,,0.07380642361111112,0,0.06631944444444444,4,0.059895833333333336,0,0,0
float32-sized,fx-mosaic-pulse,2.1,1.7195963541666666,49,1.5427734375,40,1.3627387152777777,33,0,0
float32-sized,fx-motion-blur,,0.08621961805555556,8,0.08155381944444444,4,0.0755859375,0,0,0
float32-sized,fx-mt-beat-rotate,,0.10481770833333333,8,0.09813368055555556,4,0.0978732638888889,8,0,0
float32-sized,fx-mt-blur-punch,,0.09227430555555556,8,0.08541666666666667,4,0.06896701388888889,0,0,0
float32-sized,fx-mt-cinematic,,0.131640625,8,0.1203342013888889,4,0.10028211805555555,8,0,0
float32-sized,fx-mt-dutch-tilt,,0.15334201388888888,8,0.1408203125,4,0.13016493055555556,8,0,0
float32-sized,fx-mt-echo-zoom,,0.05221354166666667,0,0.050065104166666666,4,0.04778645833333333,0,0,0
float32-sized,fx-mt-mirror-beat,0.9,0.27133246527777777,8,0.26864149305555557,4,0.2818359375,9,0,0
float32-sized,fx-mt-photo-snap,"0.9,1.5",22.245269097222224,164,22.329296875,166,23.07890625,164,0,0
float32-sized,fx-mt-rgb-punch,,0.09509548611111111,8,0.07866753472222222,4,0.08263888888888889,0,0,0
float32-sized,fx-mt-split-swipe,,0.08608940972222222,8,0.06764322916666667,4,0.049370659722222224,0,0,0
float32-sized,fx-mt-step-zoom,,0.13674045138888888,8,0.13142361111111112,4,0.1154513888888889,8,0,0
float32-sized,fx-mt-velocity,,0.09496527777777777,8,0.095703125,4,0.08619791666666667,8,0,0
float32-sized,fx-mt-zoom-shake,"0.3,1.5,2.1",15.226974826388888,74,14.4259765625,65,13.638411458333334,66,0,0
float32-sized,fx-ne-cyberpunk,,0.13062065972222223,8,0.07122395833333334,4,0.11419270833333334,8,0,0
float32-sized,fx-ne-edges,"0.3,0.9,1.5,2.1",0.3475477430555556,8,0.2975260416666667,4,0.4322048611111111,9,0,0
float32-sized,fx-ne-frame,0.9,1.7324652777777778,17,1.8978515625,17,1.9101779513888888,24,0,0
float32-sized,fx-ne-heart,,0.06692708333333333,0,0.07055121527777777,4,0.052473958333333334,0,0,0
float32-sized,fx-ne-lightning,,0.07298177083333333,0,0.07855902777777778,4,0.06323784722222223,0,0,0
float32-sized,fx-ne-ring,0.9,2.2362630208333334,25,0.5768880208333333,8,1.6487413194444445,24,0,0
float32-sized,fx-ne-scan,,0.11987847222222223,8,0.12608506944444445,4,0.11080729166666667,8,0,0
float32-sized,fx-ne-scribble,,0.06788194444444444,0,0.062890625,4,0.05915798611111111,0,0,0
float32-sized,fx-ne-stars,"0.3,0.9,1.5,2.1",7.281705729166666,115,7.315212673611111,109,8.0595703125,132,0,0
float32-sized,fx-ne-synthwave,,0.13081597222222222,8,0.09483506944444445,4,0.04620225694444444,0,0,0
float32-sized,fx-ne-tunnel,,0.06766493055555556,0,0.11423611111111111,4,0.048046875,0,0,0
float32-sized,fx-neon-edges,,0.3353515625,8,0.3310763888888889,4,0.20805121527777778,8,0,0
float32-sized,fx-neon-stage,,0.0754123263888889,0,0.03203125,0,0.03543836805555556,0,0,0
float32-sized,fx-old-tv,"0.3,0.9,1.5",6.46171875,25,6.508832465277778,21,6.518576388888889,25,0,0
float32-sized,fx-orbit-card,,0.07795138888888889,0,0.06953125,4,0.06226128472222222,0,0,0
float32-sized,fx-ov-bg-3d-shapes,"0.3,0.9,1.5,2.1",13.133485243055556,124,12.945290798611111,126,11.836219618055555,124,0,0
float32-sized,fx-ov-bg-blue-hearts,,0.019097222222222224,0,0.030750868055555554,0,0.07654079861111111,0,0,0
float32-sized,fx-ov-bg-blue-smoke,,0.019032118055555554,0,0.0109375,0,0.022894965277777776,0,0,0
float32-sized,fx-ov-bg-golden-band,,0.008116319444444445,0,0.005772569444444445,0,0.0045138888888888885,0,0,0
float32-sized,fx-ov-bg-light-wall,,0.03292100694444444,0,0.040928819444444445,4,0.042252604166666666,0,0,0
float32-sized,fx-ov-bg-pastel-ink,,0.012000868055555556,0,0.06493055555555556,4,0.04952256944444444,0,0,0
float32-sized,fx-ov-bg-pink-bokeh,,0.05416666666666667,0,0.019835069444444443,0,0.04216579861111111,0,0,0
float32-sized,fx-ov-bg-pink-gradient,,0.0020833333333333333,0,0.017990451388888887,0,0.0681640625,0,0,0
float32-sized,fx-ov-bg-purple-smoke,,0.025802951388888887,0,0.008485243055555555,0,0.04353298611111111,0,0,0
float32-sized,fx-ov-bg-red-hearts,,0.02183159722222222,0,0.00078125,0,0.0007161458333333333,0,0,0
float32-sized,fx-ov-bg-soft-gradient,,0.06134982638888889,0,0,0,0.016145833333333335,0,0,0
float32-sized,fx-ov-bokeh-blue,,0.03767361111111111,0,0.03704427083333333,0,0.05970052083333333,0,0,0
float32-sized,fx-ov-bokeh-gold,,0.057703993055555555,0,0.04939236111111111,4,0.05112847222222222,0,0,0
float32-sized,fx-ov-bokeh-pink,,0.04869791666666667,0,0.030230034722222222,0,0.05757378472222222,0,0,0
float32-sized,fx-ov-bokeh-rainbow,,0.03767361111111111,0,0.0453125,4,0.05659722222222222,0,0,0
float32-sized,fx-ov-bubbles,,0.033919270833333334,0,0.021809895833333332,0,0.035590277777777776,0,0,0
float32-sized,fx-ov-burnt-edges,,0.10212673611111112,8,0.1166015625,4,0.05572916666666667,0,0,0
float32-sized,fx-ov-confetti,,0.08283420138888889,8,0.06890190972222222,4,0.05607638888888889,0,0,0
float32-sized,fx-ov-el-lightning,0.9,3.0803602430555554,66,2.922482638888889,69,3.2069661458333334,75,0,0
float32-sized,fx-ov-el-moon,,0.051106770833333336,0,0.05138888888888889,4,0.05227864583333333,0,0,0
float32-sized,fx-ov-el-scan-line,,0.04010416666666667,0,0.049305555555555554,4,0.04631076388888889,0,0,0
float32-sized,fx-ov-el-smoke-puff,,0.13407118055555556,8,0.12000868055555555,4,0.08396267361111111,8,0,0
float32-sized,fx-ov-el-speed-lines,,0.05490451388888889,0,0.05373263888888889,4,0.05490451388888889,0,0,0
float32-sized,fx-ov-el-stars-rating,,0.07660590277777778,0,0.06328125,4,0.051323784722222224,0,0,0
float32-sized,fx-ov-embers,,0.1451171875,8,0.12263454861111112,4,0.10572916666666667,8,0,0
float32-sized,fx-ov-film-dust,"0.3,0.9,1.5,2.1",5.514908854166666,17,5.60390625,17,5.550325520833334,17,0,0
float32-sized,fx-ov-fireflies,,0.18463541666666666,8,0.12196180555555555,4,0.0802951388888889,0,0,0
float32-sized,fx-ov-flare-blue,,0.16419270833333333,8,0.1567925347222222,4,0.13838975694444444,8,0,0
float32-sized,fx-ov-flare-gold,,0.15425347222222222,8,0.1275390625,4,0.09246961805555555,8,0,0
float32-sized,fx-ov-fog-blue,,0.141015625,8,0.12797309027777778,4,0.11974826388888889,8,0,0
float32-sized,fx-ov-fog-pink,,0.13235677083333333,8,0.12838541666666667,4,0.1193359375,8,0,0
float32-sized,fx-ov-fog-white,,0.07354600694444445,0,0.06940104166666666,4,0.07534722222222222,0,0,0
float32-sized,fx-ov-frame-film,,0.06204427083333333,0,0.051844618055555555,4,0.05297309027777778,0,0,0
float32-sized,fx-ov-frame-grid,,0.08053385416666667,0,0.06631944444444444,4,0.05262586805555555,0,0,0
float32-sized,fx-ov-frame-neon-blue,,0.15503472222222223,8,0.13841145833333332,4,0.14212239583333333,8,0,0
float32-sized,fx-ov-frame-neon-gold,,0.1383029513888889,8,0.11087239583333333,4,0.07953559027777778,0,0,0
float32-sized,fx-ov-frame-neon-green,,0.048980034722222225,0,0.09162326388888889,4,0.08276909722222223,8,0,0
float32-sized,fx-ov-frame-neon-pink,,0.06052517361111111,0,0.07413194444444444,4,0.07259114583333333,0,0,0
float32-sized,fx-ov-frame-polaroid,,0.07586805555555555,0,0.05457899305555555,4,0.06664496527777777,0,0,0
float32-sized,fx-ov-frame-rec,,0.032378472222222225,0,0.019422743055555556,0,0.03359375,0,0,0
float32-sized,fx-ov-frame-vignette,,0.09891493055555556,8,0.09338107638888889,4,0.09116753472222222,8,0,0
float32-sized,fx-ov-galaxy,,0.05238715277777778,0,0.046484375,4,0.048003472222222225,0,0,0
float32-sized,fx-ov-glitter,,0.07228732638888889,0,0.05583767361111111,4,0.05180121527777778,0,0,0
float32-sized,fx-ov-glitter-rain,,0.1567925347222222,8,0.13559027777777777,4,0.14871961805555556,8,0,0
float32-sized,fx-ov-gold-dust,,0.040364583333333336,0,0.037651909722222224,0,0.0396484375,0,0,0
float32-sized,fx-ov-grain,"0.3,0.9,1.5,2.1",19.094683159722223,58,19.170399305555556,56,19.094683159722223,58,0,0
float32-sized,fx-ov-halftone,,0.04600694444444445,0,0.029253472222222222,0,0.037934027777777775,0,0,0
float32-sized,fx-ov-hearts-pink,"0.3,0.9,1.5,2.1",1.9763237847222221,90,0.5134114583333333,20,1.2639105902777779,74,0,0
float32-sized,fx-ov-hearts-red,"0.3,0.9,1.5,2.1",1.9763237847222221,90,0.5447265625,20,0.6171657986111111,25,0,0
float32-sized,fx-ov-leak-blue,,0.09351128472222223,8,0.08838975694444444,4,0.08884548611111111,8,0,0
float32-sized,fx-ov-leak-green,,0.056163194444444446,0,0.07013888888888889,4,0.05559895833333333,0,0,0
float32-sized,fx-ov-leak-pink,,0.12337239583333333,8,0.13828125,4,0.13470052083333334,8,0,0
float32-sized,fx-ov-leak-purple,,0.06449652777777778,0,0.05703125,4,0.0685546875,0,0,0
float32-sized,fx-ov-leak-red,,0.06417100694444444,0,0.05703125,4,0.05568576388888889,0,0,0
float32-sized,fx-ov-leak-warm,,0.10314670138888889,8,0.09108072916666667,4,0.07428385416666666,0,0,0
float32-sized,fx-ov-light-streaks,"0.3,0.9,1.5,2.1",4.349565972222222,107,5.733138020833334,134,7.1978515625,173,0,0
float32-sized,fx-ov-lightning,,0.07938368055555556,0,0.06551649305555556,4,0.08059895833333333,0,0,0
float32-sized,fx-ov-magic-dust,,0.05462239583333333,0,0.046158854166666666,4,0.09144965277777778,8,0,0
float32-sized,fx-ov-neon-hearts,,0.04027777777777778,0,0.03589409722222222,0,0.03517795138888889,0,0,0
float32-sized,fx-ov-neon-ring,,0.04008246527777778,0,0.04021267361111111,0,0.039952256944444445,0,0,0
float32-sized,fx-ov-paper,,0.12534722222222222,8,0.08977864583333334,4,0.07764756944444444,0,0,0
float32-sized,fx-ov-prism-flare,,0.11731770833333334,8,0.10412326388888889,4,0.075,0,0,0
float32-sized,fx-ov-rain,,0.15440538194444445,8,0.16549479166666667,4,0.20831163194444444,8,0,0
float32-sized,fx-ov-rainbow,,0.11128472222222222,8,0.11399739583333333,4,0.07936197916666667,0,0,0
float32-sized,fx-ov-sc-aurora,,0.006553819444444445,0,0.01955295138888889,0,0.019813368055555555,0,0,0
float32-sized,fx-ov-sc-clouds,,0.024348958333333334,0,0.035416666666666666,0,0.0857204861111111,8,0,0
float32-sized,fx-ov-sc-milky-way,,0.01838107638888889,0,0.0126953125,0,0.018836805555555555,0,0,0
float32-sized,fx-ov-sc-moon-dunes,,0.010677083333333334,0,0.0115234375,0,0.0181640625,0,0,0
float32-sized,fx-ov-sc-ocean,,0.037369791666666666,0,0.06432291666666666,4,0.053276909722222224,0,0,0
float32-sized,fx-ov-sc-shooting-stars,,0.39622395833333335,8,0.4073350694444444,4,0.4258029513888889,8,0,0
float32-sized,fx-ov-sc-snowy-night,,0.04876302083333333,0,0.03767361111111111,0,0.06189236111111111,0,0,0
float32-sized,fx-ov-sc-sunset-sea,,0.031684027777777776,0,0.028732638888888887,0,0.02894965277777778,0,0,0
float32-sized,fx-ov-smoke,,0.0609375,0,0.058441840277777775,4,0.058333333333333334,0,0,0
float32-sized,fx-ov-snow,,0.03871527777777778,0,0.03274739583333333,0,0.030360243055555555,0,0,0
float32-sized,fx-ov-sparkle-blue,,0.03498263888888889,0,0.033854166666666664,0,0.0435546875,0,0,0
float32-sized,fx-ov-sparkle-pink,,0.037434895833333336,0,0.03220486111111111,0,0.04370659722222222,0,0,0
float32-sized,fx-ov-sparkle-white,,0.08263888888888889,0,0.06573350694444445,4,0.0654296875,0,0,0
float32-sized,fx-ov-sparks,,0.06861979166666667,0,0.0689453125,4,0.05618489583333333,0,0,0
float32-sized,fx-ov-spotlight,,0.08350694444444444,0,0.07185329861111112,4,0.0818142361111111,8,0,0
float32-sized,fx-ov-stage-lights,,0.041102430555555555,0,0.03947482638888889,0,0.03962673611111111,0,0,0
float32-sized,fx-ov-stars,,0.08888888888888889,0,0.08519965277777777,0,0.08298611111111111,0,0,0
float32-sized,fx-ov-sun-rays,,0.11427951388888889,8,0.10753038194444445,4,0.10857204861111111,8,0,0
float32-sized,fx-ov-swirl,,0.03713107638888889,0,0.035481770833333336,0,0.037434895833333336,0,0,0
float32-sized,fx-ov-tr-colour-wipe,,0.0876736111111111,8,0.0849609375,4,0.08240017361111111,0,0,0
float32-sized,fx-ov-tr-diamond,,0.06872829861111111,0,0.05759548611111111,4,0.06345486111111111,0,0,0
float32-sized,fx-ov-tr-fire-wipe,,0.052473958333333334,0,0.05036892361111111,4,0.040538194444444446,0,0,0
float32-sized,fx-ov-tr-glow-blob,,0.007335069444444444,0,0.009526909722222223,0,0.010503472222222223,0,0,0
float32-sized,fx-ov-tr-ink,,0.01953125,0,0.015538194444444445,0,0.010525173611111112,0,0,0
float32-sized,fx-ov-tr-iris,,0.07938368055555556,0,0.05759548611111111,4,0.06345486111111111,0,0,0
float32-sized,fx-ov-tr-light-burst,"0.3,0.9,1.5,2.1",9.340581597222222,107,8.353407118055555,93,8.408333333333333,91,0,0
float32-sized,fx-ov-tr-scribble,"0.3,0.9,1.5,2.1",21.122526041666667,222,7.49296875,73,14.561197916666666,164,0,0
float32-sized,fx-ov-tr-shape-pop,,0.06529947916666666,0,0.0521484375,4,0.050520833333333334,0,0,0
float32-sized,fx-ov-tr-stripes,,0.08131510416666667,0,0.07903645833333334,4,0.07191840277777778,0,0,0
float32-sized,fx-ov-vhs,"0.3,0.9,1.5,2.1",6.563411458333333,24,6.5671875,20,6.587087673611111,24,0,0
float32-sized,fx-ov-wash-gold,,0.10425347222222223,8,0.08541666666666667,4,0.06228298611111111,0,0,0
float32-sized,fx-ov-wash-neon,,0.10594618055555556,8,0.08732638888888888,4,0.06315104166666667,0,0,0
float32-sized,fx-ov-wash-ocean,,0.1017795138888889,8,0.07667100694444444,4,0.15132378472222222,8,0,0
float32-sized,fx-ov-wash-rose,,0.10447048611111111,8,0.08276909722222223,4,0.07131076388888889,0,0,0
float32-sized,fx-ov-wash-sunset,,0.10447048611111111,8,0.08639322916666667,4,0.06228298611111111,0,0,0
float32-sized,fx-pb-bead-art,,0.11202256944444444,0,0.10850694444444445,4,0.09442274305555555,0,0,0
float32-sized,fx-pb-flip-phone,,0.06388888888888888,0,0.04689670138888889,4,0.0482421875,0,0,0
float32-sized,fx-pb-game-boy,,0.040364583333333336,0,0.06801215277777778,4,0.028059895833333334,0,0,0
float32-sized,fx-pb-losing-hp,,0.09574652777777778,8,0.08444010416666667,4,0.0927734375,8,0,0
float32-sized,fx-pb-misty-tint,,0.07766927083333333,0,0.0798611111111111,4,0.07621527777777778,0,0,0
float32-sized,fx-pb-pixel-breakdown,,0.25581597222222224,0,0.2623480902777778,4,0.2569444444444444,0,0,0
float32-sized,fx-pb-pixel-creation,1.5,1.5740885416666666,49,1.5000651041666666,45,1.3892361111111111,41,0,0
float32-sized,fx-pb-pixel-dissolve,,0.12315538194444445,8,0.10262586805555556,4,0.10225694444444444,8,0,0
float32-sized,fx-pb-pixel-rain,,0.13773871527777778,8,0.13174913194444443,4,0.13038194444444445,8,0,0
float32-sized,fx-pb-pixel-scan,,0.06401909722222222,0,0.059092881944444446,4,0.058094618055555554,0,0,0
float32-sized,fx-pb-popping-bow,,0.09463975694444444,8,0.13589409722222223,4,0.04375,0,0,0
float32-sized,fx-pb-sweet-party,"0.3,0.9,1.5,2.1",5.695421006944445,165,3.5781901041666666,137,3.530403645833333,124,0,0
float32-sized,fx-pencil-sketch,,0.2946831597222222,8,0.29424913194444446,4,0.3003472222222222,8,0,0
float32-sized,fx-petals,,0.06942274305555556,0,0.049891493055555555,4,0.04934895833333333,0,0,0
float32-sized,fx-phone-spin,,0.043858506944444445,0,0.03517795138888889,0,0.02892795138888889,0,0,0
float32-sized,fx-pixel-breakdown,,0.1771918402777778,8,0.19919704861111112,4,0.20336371527777777,8,0,0
float32-sized,fx-pixel-glitch,,0.09351128472222223,8,0.08374565972222223,4,0.08133680555555556,0,0,0
float32-sized,fx-pixel-scan,,0.0884765625,8,0.08370225694444444,4,0.08617621527777777,8,0,0
float32-sized,fx-pixel-sort,,0.1956814236111111,8,0.18422309027777778,4,0.20436197916666668,8,0,0
float32-sized,fx-pixelate,,0.09880642361111111,8,0.10453559027777778,4,0.09778645833333334,8,0,0
float32-sized,fx-rainbow-leak,,0.0619140625,0,0.059071180555555554,4,0.052083333333333336,0,0,0
float32-sized,fx-rgb-panes,,0.20509982638888888,8,0.28606770833333334,4,0.26953125,8,0,0
float32-sized,fx-rgb-split,,0.13969184027777778,8,0.07046440972222222,4,0.08943142361111112,8,0,0
float32-sized,fx-scanline-jitter,,0.09893663194444445,8,0.09340277777777778,4,0.09973958333333334,8,0,0
float32-sized,fx-scribble-frame,,0.08118489583333334,0,0.07805989583333334,4,0.07174479166666667,0,0,0
float32-sized,fx-sepia-flicker,,0.1232638888888889,8,0.10540364583333334,4,0.08168402777777778,0,0,0
float32-sized,fx-seventies,"0.3,0.9,1.5",4.868098958333333,17,5.144986979166666,16,5.206814236111111,17,0,0
float32-sized,fx-shake,"0.3,1.5,2.1",7.134288194444444,65,7.0271484375,65,7.201909722222222,74,0,0
float32-sized,fx-shutter,,0.06675347222222222,0,0.060698784722222225,4,0.05559895833333333,0,0,0
float32-sized,fx-signal-loss,"0.9,2.1",14.636827256944445,148,14.598567708333333,150,14.628428819444444,148,0,0
float32-sized,fx-slide-reveal,,0.1654730902777778,8,0.13246527777777778,4,0.09431423611111112,8,0,0
float32-sized,fx-snowfall,"0.3,0.9,1.5,2.1",1.7237196180555556,50,1.8647786458333333,57,2.0658203125,65,0,0
float32-sized,fx-sparkler,,0.12647569444444445,8,0.12180989583333333,4,0.13023003472222222,8,0,0
float32-sized,fx-spin,,0.10088975694444445,8,0.09212239583333333,4,0.07760416666666667,0,0,0
float32-sized,fx-spin-blur,,0.09292534722222222,8,0.08506944444444445,4,0.07300347222222223,0,0,0
float32-sized,fx-spin-card,,0.10149739583333334,8,0.09320746527777778,4,0.09016927083333333,8,0,0
float32-sized,fx-spiral-tunnel,,0.10583767361111111,8,0.09782986111111111,4,0.08732638888888888,8,0,0
float32-sized,fx-split-2,,0.07348090277777777,0,0.06475694444444445,4,0.07222222222222222,0,0,0
float32-sized,fx-split-3,,0.09680989583333334,8,0.08795572916666666,4,0.08776041666666666,8,0,0
float32-sized,fx-spray-neon,,0.2492404513888889,8,0.15342881944444445,4,0.11343315972222222,8,0,0
float32-sized,fx-st-billboard,,0.03806423611111111,0,0.03452690972222222,0,0.03630642361111111,0,0,0
float32-sized,fx-st-card-deck,,0.07239583333333334,0,0.07243923611111111,4,0.06399739583333333,0,0,0
float32-sized,fx-st-fanned-cards,,0.06174045138888889,0,0.05295138888888889,4,0.04435763888888889,0,0,0
float32-sized,fx-st-film-strip,"0.9,1.5,2.1",1.3596354166666667,17,1.1774956597222221,12,0.8879991319444445,9,0,0
float32-sized,fx-st-glass-card,,0.081640625,0,0.080078125,4,0.06558159722222222,0,0,0
float32-sized,fx-st-phone-3d,,0.06260850694444445,0,0.06030815972222222,4,0.056966145833333336,0,0,0
float32-sized,fx-st-polaroid,,0.09303385416666667,8,0.08489583333333334,4,0.07348090277777777,0,0,0
float32-sized,fx-st-retro-tv,1.5,0.3975694444444444,9,0.3724609375,4,0.3052517361111111,8,0,0
float32-sized,fx-stack-2,,0.087109375,8,0.08042534722222222,4,0.07799479166666666,0,0,0
float32-sized,fx-star-pop,,0.0806640625,0,0.07282986111111112,4,0.05538194444444444,0,0,0
float32-sized,fx-star-rush,"0.3,0.9,1.5,2.1",6.746050347222222,148,7.463346354166666,166,8.17267795138889,181,0,0
float32-sized,fx-starburst,,0.09173177083333334,8,0.08561197916666667,4,0.0755859375,0,0,0
float32-sized,fx-sunbeam,,0.07332899305555556,0,0.0646701388888889,4,0.0736328125,0,0,0
float32-sized,fx-swing,,0.1044921875,8,0.09008246527777777,4,0.07819010416666666,0,0,0
float32-sized,fx-swing-card,,0.10991753472222222,8,0.09893663194444445,4,0.09848090277777778,8,0,0
float32-sized,fx-swirl,,0.14244791666666667,8,0.14249131944444443,4,0.12990451388888888,8,0,0
float32-sized,fx-the-end,,0.05677083333333333,0,0.04997829861111111,4,0.048567708333333334,0,0,0
float32-sized,fx-tilt-shift,,0.11165364583333333,8,0.11382378472222222,4,0.09164496527777778,8,0,0
float32-sized,fx-tiny-planet,,0.14765625,8,0.13713107638888888,4,0.12899305555555557,8,0,0
float32-sized,fx-to-colour,,0.12150607638888888,8,0.11762152777777778,4,0.10542534722222222,8,0,0
float32-sized,fx-torn-reveal,,0.07808159722222222,0,0.07376302083333333,4,0.06879340277777778,0,0,0
float32-sized,fx-toy-bricks,,0.1150173611111111,8,0.10366753472222222,4,0.08739149305555556,8,0,0
float32-sized,fx-tr-black-fade,,0.19485677083333333,8,0.22068142361111112,4,0.23561197916666668,8,0,0
float32-sized,fx-tr-blinds,,0.07957899305555556,0,0.06729600694444444,4,0.06134982638888889,0,0,0
float32-sized,fx-tr-blink,,0.10062934027777778,8,0.10299479166666667,4,0.102734375,8,0,0
float32-sized,fx-tr-blur,,0.09372829861111111,8,0.08348524305555556,4,0.07697482638888889,0,0,0
float32-sized,fx-tr-circle,,0.04982638888888889,0,0.04136284722222222,4,0.04789496527777778,0,0,0
float32-sized,fx-tr-clock,,0.09448784722222223,8,0.09826388888888889,4,0.09898003472222222,8,0,0
float32-sized,fx-tr-cutout-scan,,0.10279947916666667,8,0.10171440972222222,4,0.09244791666666667,8,0,0
float32-sized,fx-tr-diamond,,0.048111979166666666,0,0.0421875,4,0.045811631944444445,0,0,0
float32-sized,fx-tr-doors,,0.04544270833333333,0,0.043467881944444446,4,0.04544270833333333,0,0,0
float32-sized,fx-tr-fake-zoom,,0.1410590277777778,8,0.13101128472222223,4,0.14055989583333334,8,0,0
float32-sized,fx-tr-film-burn,,0.05015190972222222,0,0.04496527777777778,4,0.04299045138888889,0,0,0
float32-sized,fx-tr-flare,,0.29672309027777777,8,0.11091579861111112,4,0.10186631944444445,8,0,0
float32-sized,fx-tr-flash-zoom,,0.17465277777777777,8,0.13676215277777778,4,0.14659288194444445,8,0,0
float32-sized,fx-tr-glare,,0.066796875,0,0.06312934027777778,4,0.06032986111111111,0,0,0
float32-sized,fx-tr-glitch,,0.12740885416666667,8,0.07131076388888889,4,0.09479166666666666,8,0,0
float32-sized,fx-tr-heart,,0.09470486111111111,8,0.09422743055555556,4,0.09301215277777777,8,0,0
float32-sized,fx-tr-heat-flicks,,0.07059461805555556,0,0.0521484375,4,0.04576822916666667,0,0,0
float32-sized,fx-tr-heatwave-flash,,0.16408420138888888,8,0.14819878472222223,4,0.13480902777777778,8,0,0
float32-sized,fx-tr-kaleido,,0.1736545138888889,8,0.18255208333333334,4,0.1882595486111111,8,0,0
float32-sized,fx-tr-mix,,0.09188368055555556,8,0.07452256944444445,4,0.08359375,8,0,0
float32-sized,fx-tr-panel-clasp,,0.09448784722222223,8,0.09819878472222222,4,0.09915364583333333,8,0,0
float32-sized,fx-tr-pixelate,,0.08602430555555556,8,0.07964409722222222,4,0.10125868055555555,8,0,0
float32-sized,fx-tr-pull-in,,0.16015625,8,0.13133680555555555,4,0.13589409722222223,8,0,0
float32-sized,fx-tr-pull-out,,0.09444444444444444,8,0.08196614583333334,4,0.08120659722222222,0,0,0
float32-sized,fx-tr-rgb-split,,0.1685763888888889,8,0.14351128472222222,4,0.10933159722222222,8,0,0
float32-sized,fx-tr-ripple,,0.15983072916666666,8,0.161328125,4,0.1706814236111111,8,0,0
float32-sized,fx-tr-rotate-ccw,,0.11299913194444444,8,0.07176649305555556,4,0.08057725694444444,0,0,0
float32-sized,fx-tr-rotate-cw,,0.1583767361111111,8,0.13283420138888888,4,0.10616319444444444,8,0,0
float32-sized,fx-tr-shake,,0.1513671875,8,0.12048611111111111,4,0.10538194444444444,8,0,0
float32-sized,fx-tr-slam-merge,,0.15112847222222223,8,0.14635416666666667,4,0.11341145833333334,8,0,0
float32-sized,fx-tr-slide-down,,0.142578125,8,0.12875434027777777,4,0.1107421875,8,0,0
float32-sized,fx-tr-slide-left,,0.19036458333333334,8,0.17903645833333334,4,0.16529947916666668,8,0,0
float32-sized,fx-tr-slide-right,,0.11764322916666667,8,0.227734375,4,0.11764322916666667,8,0,0
float32-sized,fx-tr-slide-up,,0.16536458333333334,8,0.16809895833333333,4,0.1447482638888889,8,0,0
float32-sized,fx-tr-squeeze,,0.06545138888888889,0,0.062413194444444445,4,0.06712239583333333,0,0,0
float32-sized,fx-tr-star,,0.05635850694444444,0,0.05700954861111111,4,0.06221788194444444,0,0,0
float32-sized,fx-tr-stripes,,0.04526909722222222,0,0.04338107638888889,4,0.04526909722222222,0,0,0
float32-sized,fx-tr-swirl,,0.11193576388888889,8,0.101171875,4,0.10553385416666666,8,0,0
float32-sized,fx-tr-vertical-blur,,0.07669270833333333,0,0.07562934027777778,4,0.07341579861111111,0,0,0
float32-sized,fx-tr-whip-down,,0.1486328125,8,0.14242621527777777,4,0.14242621527777777,8,0,0
float32-sized,fx-tr-whip-left,,0.1642578125,8,0.15635850694444445,4,0.16319444444444445,8,0,0
float32-sized,fx-tr-whip-right,,0.1257595486111111,8,0.10069444444444445,4,0.11536458333333334,8,0,0
float32-sized,fx-tr-whip-up,,0.19301215277777778,8,0.20655381944444445,4,0.19301215277777778,8,0,0
float32-sized,fx-tr-white-flash,,0.1681640625,8,0.055577256944444445,4,0.0652126736111111,0,0,0
float32-sized,fx-tr-zoom-spin,,0.10015190972222222,8,0.10705295138888889,4,0.10277777777777777,8,0,0
float32-sized,fx-tr-zoom-swipe,,0.1130859375,8,0.09919704861111112,4,0.09696180555555556,8,0,0
float32-sized,fx-tunnel,,0.12369791666666667,8,0.1300564236111111,4,0.10757378472222222,8,0,0
float32-sized,fx-vertical-open,,0.06675347222222222,0,0.060698784722222225,4,0.05559895833333333,0,0,0
float32-sized,fx-vhs,"0.3,0.9,1.5,2.1",4.585373263888889,17,4.598394097222222,13,4.601540798611111,17,0,0
float32-sized,fx-vhs-rewind,"0.3,0.9,1.5",6.374262152777778,17,6.4146484375,17,6.412087673611111,17,0,0
float32-sized,fx-vignette,"0.3,0.9,1.5,2.1",9.32341579861111,25,9.385590277777778,29,9.297330729166667,25,0,0
float32-sized,fx-white-flash,,0.08665364583333333,8,0.10171440972222222,4,0.0572265625,0,0,0
float32-sized,fx-zoom-intro,,0.144140625,8,0.13891059027777777,4,0.13289930555555557,8,0,0
float32-sized,fx-zoom-lens,,0.09418402777777778,8,0.08980034722222222,4,0.08819444444444445,8,0,0
float32-sized,fx-zoom-pulse,,0.14793836805555555,8,0.14466145833333333,4,0.13231336805555555,8,0,0
float16,fx-bad-tv,"0.3,0.9,1.5,2.1",7.234700520833333,25,7.261176215277778,21,7.266796875,25,0,0
float16,fx-balloons,,0.0451171875,0,0.04266493055555556,4,0.05440538194444444,0,0,0
float16,fx-beads,,0.04576822916666667,0,0.040690104166666664,4,0.03830295138888889,0,0,0
float16,fx-beat-zoom,,0.06631944444444444,0,0.06545138888888889,4,0.06733940972222222,0,0,0
float16,fx-blink,,0.05078125,0,0.04314236111111111,4,0.04038628472222222,0,0,0
float16,fx-bloom,,0.0958984375,8,0.11564670138888888,4,0.1042751736111111,8,0,0
float16,fx-blur,,0.04516059027777778,0,0.041493055555555554,4,0.03767361111111111,0,0,0
float16,fx-blur-in,,0.09001736111111111,8,0.08415798611111111,4,0.07530381944444445,0,0,0
float16,fx-blur-out,,0.07317708333333334,0,0.07235243055555556,4,0.061197916666666664,0,0,0
float16,fx-bokeh,,0.08524305555555556,8,0.084375,4,0.08734809027777778,8,0,0
float16,fx-bounce,,0.07779947916666667,0,0.07376302083333333,4,0.07489149305555555,0,0,0
float16,fx-bubbles,,0.07256944444444445,0,0.06681857638888888,4,0.06345486111111111,0,0,0
float16,fx-camera-focus,,0.06529947916666666,0,0.056206597222222224,4,0.05499131944444444,0,0,0
float16,fx-camera-shake,,0.14329427083333332,8,0.13871527777777778,4,0.13079427083333334,8,0,0
float16,fx-carousel,"0.3,0.9,1.5,2.1",0.9595269097222222,9,0.9326388888888889,12,0.9216579861111112,9,0,0
float16,fx-cc-bg-copies,,0.22161458333333334,8,0.19010416666666666,4,0.1533203125,0,0,0
float16,fx-cc-black-flash,,0.07721354166666666,0,0.07415364583333334,4,0.06395399305555556,0,0,0
float16,fx-cc-border-current,,0.055989583333333336,0,0.04609375,4,0.04396701388888889,0,0,0
float16,fx-cc-butterfly,,0.09405381944444445,8,0.07628038194444445,4,0.0847439236111111,0,0,0
float16,fx-cc-butterfly-dream,,0.053862847222222225,0,0.04592013888888889,4,0.0515625,0,0,0
float16,fx-cc-bw-slider,,0.0923828125,8,0.09444444444444444,4,0.09036458333333333,8,0,0
float16,fx-cc-camera-punch,,0.07330729166666666,0,0.07109375,4,0.0715060763888889,0,0,0
float16,fx-cc-chromatic,,0.06375868055555556,0,0.059027777777777776,4,0.07884114583333333,0,0,0
float16,fx-cc-color-pixel,,0.25603298611111114,0,0.16675347222222223,0,0.11775173611111112,0,0,0
float16,fx-cc-cut-twist,,0.11651475694444445,8,0.09874131944444445,4,0.10562065972222222,8,0,0
float16,fx-cc-damaged-vignette,,0.045008680555555555,0,0.0390625,0,0.03285590277777778,0,0,0
float16,fx-cc-dance-flash,,0.3491753472222222,8,0.24650607638888888,4,0.2752821180555556,8,0,0
float16,fx-cc-diamond-zoom,,0.10381944444444445,8,0.10203993055555556,4,0.09027777777777778,8,0,0
float16,fx-cc-dynamic-blur,,0.057530381944444445,0,0.05499131944444444,4,0.060069444444444446,0,0,0
float16,fx-cc-exploding-love,"0.3,0.9,2.1",8.511349826388889,140,4.1546875,69,3.880620659722222,58,0,0
float16,fx-cc-falling-petals,,0.089453125,0,0.07445746527777777,4,0.06495225694444444,0,0,0
float16,fx-cc-feverish,0.9,6.577604166666666,17,18.32890625,29,14.484830729166667,25,0,0
float16,fx-cc-film-wave,,0.12916666666666668,8,0.11953125,4,0.11903211805555555,8,0,0
float16,fx-cc-firefly,"0.3,0.9,1.5,2.1",6.898459201388889,107,6.017426215277778,97,2.9879774305555555,49,0,0
float16,fx-cc-handheld,,0.09644097222222223,8,0.08836805555555556,4,0.08036024305555556,0,0,0
float16,fx-cc-heart-ascent,"0.3,0.9,1.5,2.1",1.725217013888889,41,0.9361328125,45,1.0589409722222223,25,0,0
float16,fx-cc-hex-split,"0.3,0.9,1.5,2.1",7.7942925347222225,99,7.186197916666667,93,6.449739583333334,82,0,0
float16,fx-cc-ink-spill,,0.06577690972222222,0,0.0650390625,4,0.06560329861111111,0,0,0
float16,fx-cc-leak-neon,,0.05177951388888889,0,0.04390190972222222,4,0.04594184027777778,0,0,0
float16,fx-cc-leak-warm,,0.04171006944444444,0,0.06375868055555556,4,0.0830078125,8,0,0
float16,fx-cc-misty-tint,,0.08081597222222223,0,0.08285590277777778,4,0.08296440972222222,8,0,0
float16,fx-cc-move-cloud,,0.04982638888888889,0,0.0421875,4,0.031749131944444446,0,0,0
float16,fx-cc-pixel-art,,0.08604600694444445,0,0.14069010416666666,0,0.0695529513888889,0,0,0
float16,fx-cc-pixel-blocks,,0.11590711805555555,8,0.10802951388888889,4,0.09409722222222222,8,0,0
float16,fx-cc-pixel-mutant,0.9,3.700065104166667,107,3.760177951388889,117,3.810807291666667,107,0,0
float16,fx-cc-pixel-universe,,0.047417534722222224,0,0.04314236111111111,4,0.041341145833333336,0,0,0
float16,fx-cc-rain,,0.05203993055555556,0,0.045421006944444446,4,0.05611979166666667,0,0,0
float16,fx-cc-rebound-swing,,0.10379774305555556,8,0.09776475694444445,4,0.08804253472222222,8,0,0
float16,fx-cc-retro-flicker,"0.3,0.9,1.5,2.1",11.482964409722221,41,10.932161458333333,40,10.279796006944444,33,0,0
float16,fx-cc-ripple,,0.13843315972222223,8,0.12764756944444444,4,0.12369791666666667,8,0,0
float16,fx-cc-rose-bloom,"0.3,0.9,1.5,2.1",2.869748263888889,123,1.313650173611111,57,0.9447265625,32,0,0
float16,fx-cc-sepia-cool,"0.3,0.9,1.5,2.1",3.6274739583333333,16,3.6276258680555555,12,3.6497178819444445,16,0,0
float16,fx-cc-shimmer-360,,0.0769314236111111,0,0.07124565972222222,4,0.059657118055555555,0,0,0
float16,fx-cc-shiny-stack,"0.3,0.9,1.5,2.1",17.41579861111111,148,18.310850694444444,150,18.393793402777778,156,0,0
float16,fx-cc-slash-reveal,"0.3,2.1",5.759830729166667,148,5.684505208333333,142,5.697200520833333,148,0,0
float16,fx-cc-smoky-focus,,0.05447048611111111,0,0.047591145833333334,4,0.048328993055555554,0,0,0
float16,fx-cc-snow-night,,0.08821614583333333,8,0.09392361111111111,4,0.09765625,8,0,0
float16,fx-cc-sparkle-shine,,0.06807725694444444,0,0.062022569444444446,4,0.05635850694444444,0,0,0
float16,fx-cc-stellar,,0.10078125,8,0.10464409722222222,4,0.10353732638888889,8,0,0
float16,fx-cc-vignette-rose,,0.055121527777777776,0,0.04652777777777778,4,0.047526041666666664,0,0,0
float16,fx-cc-vintage-film,"0.3,0.9,1.5,2.1",11.780338541666667,42,10.993033854166667,41,9.807356770833334,33,0,0
float16,fx-cc-wiggle-flicker,"0.3,0.9,1.5,2.1",32.904058159722226,156,33.03359375,170,33.51256510416667,189,0,0
float16,fx-cc-wobbly-flash,,0.07562934027777778,0,0.06922743055555555,4,0.0662109375,0,0,0
float16,fx-chalkboard,,0.2474392361111111,8,0.24507378472222222,4,0.2554470486111111,8,0,0
float16,fx-chroma-wave,,0.1521701388888889,8,0.0984375,4,0.1527777777777778,8,0,0
float16,fx-cinema,,0.08580729166666666,8,0.05980902777777778,4,0.06968315972222222,0,0,0
float16,fx-club-lights,,0.04880642361111111,0,0.053233506944444446,4,0.04388020833333333,0,0,0
float16,fx-cmyk-print,"0.3,0.9,1.5,2.1",0.5033203125,9,2.1125,45,2.108528645833333,49,0,0
float16,fx-colorize,,0.06553819444444445,0,0.05010850694444444,4,0.04108072916666667,0,0,0
float16,fx-colour-cycle,,0.13083767361111112,8,0.11299913194444444,4,0.118359375,8,0,0
float16,fx-comic-print,,0.0521484375,0,0.05525173611111111,0,0.05108506944444444,0,0,0
float16,fx-confetti,,0.05256076388888889,0,0.048177083333333336,4,0.04852430555555556,0,0,0
float16,fx-confetti-burst,"0.3,0.9,1.5,2.1",2.6901475694444446,107,2.449848090277778,77,2.374262152777778,83,0,0
float16,fx-cr-anamorphic,,0.06794704861111112,0,0.07328559027777778,4,0.06907552083333333,0,0,0
float16,fx-cr-aurora,,0.08125,0,0.07934027777777777,4,0.07369791666666667,0,0,0
float16,fx-cr-camcorder,,0.09142795138888889,8,0.08791232638888889,4,0.08645833333333333,8,0,0
float16,fx-cr-comic-pop,,0.1755859375,8,0.1583984375,4,0.10299479166666667,8,0,0
float16,fx-cr-dreamy,,0.05180121527777778,0,0.051106770833333336,4,0.05123697916666667,0,0,0
float16,fx-cr-flash-cut,,0.1968967013888889,8,0.18502604166666667,4,0.1986111111111111,8,0,0
float16,fx-cr-glitter-rain,,0.08111979166666666,0,0.06864149305555556,4,0.05625,0,0,0
float16,fx-cr-heart-pulse,,0.07680121527777778,0,0.07777777777777778,4,0.06551649305555556,0,0,0
float16,fx-cr-kaleido-bloom,,0.12649739583333333,8,0.1220703125,4,0.1189236111111111,8,0,0
float16,fx-cr-matrix,,0.07795138888888889,0,0.09971788194444445,4,0.08272569444444444,0,0,0
float16,fx-cr-projector,"0.3,0.9,1.5,2.1",3.1203993055555554,9,2.5393446180555554,8,1.8753038194444445,9,0,0
float16,fx-cr-rainbow-prism,,0.04956597222222222,0,0.045182291666666666,4,0.0419921875,0,0,0
float16,fx-cr-rgb-strobe,,0.04754774305555556,0,0.05284288194444445,4,0.03982204861111111,0,0,0
float16,fx-cr-ring-reveal,,0.06410590277777778,0,0.060698784722222225,4,0.05559895833333333,0,0,0
float16,fx-cr-signal-lost,"0.3,0.9,1.5,2.1",35.73077256944445,132,41.2279296875,134,45.35824652777778,140,0,0
float16,fx-cr-slice-drift,,0.066015625,0,0.06330295138888889,4,0.07456597222222222,0,0,0
float16,fx-cr-sparkle-burst,"0.3,0.9,1.5,2.1",4.761197916666666,99,4.851497395833333,110,4.327951388888889,107,0,0
float16,fx-cr-tri-split,"0.3,0.9,1.5,2.1",10.709049479166667,58,10.144097222222221,61,9.737456597222222,74,0,0
float16,fx-cr-twinkle-sky,,0.09448784722222223,8,0.08893229166666666,4,0.08684895833333334,8,0,0
float16,fx-cr-zoom-burst,,0.05112847222222222,0,0.05499131944444444,4,0.05579427083333333,0,0,0
float16,fx-cross-stitch,,0.04435763888888889,0,0.0408203125,4,0.0392578125,0,0,0
float16,fx-crystal-ball,,0.11566840277777778,8,0.11341145833333334,4,0.10913628472222223,8,0,0
float16,fx-ct-astral,,0.08374565972222223,8,0.06560329861111111,4,0.06388888888888888,0,0,0
float16,fx-ct-background-fit,,0.11979166666666667,8,0.1083984375,4,0.0832248263888889,8,0,0
float16,fx-ct-broken-shine,,0.05158420138888889,0,0.04917534722222222,4,0.05173611111111111,0,0,0
float16,fx-ct-chaotic-heat,"0.3,0.9,1.5,2.1",29.430186631944444,131,35.3060546875,154,18.30544704861111,140,0,0
float16,fx-ct-cut-shift,"0.3,1.5",7.150390625,91,7.577973090277778,93,8.136458333333334,107,0,0
float16,fx-ct-darken-flash,,0.04626736111111111,0,0.04845920138888889,4,0.04789496527777778,0,0,0
float16,fx-ct-delicate-rays,,0.11091579861111112,8,0.0988498263888889,4,0.10486111111111111,8,0,0
float16,fx-ct-dreamy-halo,,0.060004340277777776,0,0.06117621527777778,4,0.0734375,0,0,0
float16,fx-ct-edge-glow,,0.06920572916666666,0,0.08693576388888889,4,0.09932725694444444,8,0,0
float16,fx-ct-effect-mashup,,0.05653211805555555,0,0.04848090277777778,4,0.044769965277777775,0,0,0
float16,fx-ct-error-quake,"0.3,2.1",21.858506944444443,115,17.895789930555555,113,21.980772569444444,140,0,0
float16,fx-ct-explosion,,0.056727430555555555,0,0.04837239583333333,4,0.037651909722222224,0,0,0
float16,fx-ct-fireplace,"0.3,0.9,1.5,2.1",1.9013888888888888,41,1.2117621527777778,28,0.34713541666666664,9,0,0
float16,fx-ct-game-over,,0.03283420138888889,0,0.028971354166666668,0,0.032660590277777776,0,0,0
float16,fx-ct-glass-breaking,"0.3,0.9,1.5,2.1",8.287413194444444,107,7.930989583333333,105,8.432486979166667,107,0,0
float16,fx-ct-grim-neo,,0.04993489583333333,0,0.050390625,4,0.0501953125,0,0,0
float16,fx-ct-grim-reaper,,0.03459201388888889,0,0.039322916666666666,0,0.03721788194444445,0,0,0
float16,fx-ct-hexagonal-spot,,0.031032986111111112,0,0.03012152777777778,0,0.025499131944444444,0,0,0
float16,fx-ct-lightning-crack,"0.3,1.5",11.737282986111111,148,12.413563368055556,154,13.114670138888888,156,0,0
float16,fx-ct-magical-tome,,0.04596354166666667,0,0.04314236111111111,4,0.03708767361111111,0,0,0
float16,fx-ct-narrow-focus,,0.029752604166666665,0,0.030967881944444445,0,0.029752604166666665,0,0,0
float16,fx-ct-negative,,0.04754774305555556,0,0.045182291666666666,4,0.0396484375,0,0,0
float16,fx-ct-negative-panels,2.1,47.03671875,206,50.107769097222224,223,64.88758680555556,247,0,0
float16,fx-ct-neon,,0.08819444444444445,8,0.11358506944444445,4,0.10564236111111111,8,0,0
float16,fx-ct-offset-slice,0.9,7.946701388888889,148,6.739084201388889,125,6.690407986111111,115,0,0
float16,fx-ct-phone-cube,,0.04685329861111111,0,0.04266493055555556,4,0.04470486111111111,0,0,0
float16,fx-ct-phone-zoom,,0.12766927083333332,8,0.12925347222222222,4,0.12003038194444444,8,0,0
float16,fx-ct-picture-bumps,,0.08055555555555556,0,0.08502604166666666,4,0.07111545138888889,0,0,0
float16,fx-ct-scene-cut,"0.3,0.9,1.5,2.1",94.72265625,156,96.07834201388889,158,95.67198350694444,157,0,0
float16,fx-ct-sharpen-edges,,0.1841362847222222,8,0.17180989583333334,4,0.1669921875,8,0,0
float16,fx-ct-shine-zoom,,0.07269965277777778,0,0.06603732638888889,4,0.06280381944444445,0,0,0
float16,fx-ct-tension-zoom,,0.07766927083333333,0,0.07289496527777778,4,0.07191840277777778,0,0,0
float16,fx-ct-vignette-noir,"0.3,0.9,1.5,2.1",3.978125,17,3.9920138888888888,12,3.978125,17,0,0
float16,fx-cube-spin,,0.023741319444444443,0,0.021788194444444443,0,0.023741319444444443,0,0,0
float16,fx-cube-tumble,,0.01723090277777778,0,0.016384548611111112,0,0.014040798611111112,0,0,0
float16,fx-curtain,,0.03973524305555556,0,0.03404947916666667,0,0.04559461805555556,0,0,0
float16,fx-cylinder,,0.08878038194444444,8,0.08342013888888888,4,0.07990451388888889,0,0,0
float16,fx-datamosh,,0.08923611111111111,0,0.08289930555555555,4,0.08851996527777778,0,0,0
float16,fx-dice-roll,,0.01521267361111111,0,0.011002604166666667,0,0.01130642361111111,0,0,0
float16,fx-digital-blocks,,0.04453125,0,0.037890625,0,0.05017361111111111,0,0,0
float16,fx-disco,,0.04038628472222222,0,0.037022569444444445,0,0.03836805555555556,0,0,0
float16,fx-dust-scratches,,0.14401041666666667,0,0.14809027777777778,4,0.14429253472222223,0,0,0
float16,fx-earthquake,,0.12779947916666667,8,0.12350260416666667,4,0.12068142361111112,8,0,0
float16,fx-eight-bit,"0.3,0.9,1.5,2.1",9.554622395833333,50,8.982986111111112,49,8.970811631944445,50,0,0
float16,fx-fade-in,,0.10230034722222223,8,0.08381076388888889,4,0.06684027777777778,0,0,0
float16,fx-fade-out,,0.08036024305555556,0,0.07434895833333334,4,0.06299913194444444,0,0,0
float16,fx-faded-print,,0.06315104166666667,0,0.06840277777777778,4,0.07065972222222222,0,0,0
float16,fx-film-8mm,"0.3,0.9,1.5",11.293229166666666,33,11.375868055555555,32,11.374891493055555,33,0,0
float16,fx-film-burn,,0.0740234375,0,0.06948784722222222,4,0.07209201388888889,0,0,0
float16,fx-film-burn-leak,,0.05245225694444444,0,0.04906684027777778,4,0.04327256944444444,0,0,0
float16,fx-film-grain,"0.3,0.9,1.5,2.1",9.706336805555555,33,9.795073784722222,32,9.841493055555556,33,0,0
float16,fx-flash-in,,0.05499131944444444,0,0.051909722222222225,4,0.04203559027777778,0,0,0
float16,fx-flip-card,,0.06009114583333333,0,0.053624131944444445,4,0.0548828125,0,0,0
float16,fx-glitch-flash,,0.07000868055555555,0,0.06729600694444444,4,0.07749565972222222,0,0,0
float16,fx-glitch-in,,0.06174045138888889,0,0.05217013888888889,4,0.0630859375,0,0,0
float16,fx-globe,,0.0623046875,0,0.06295572916666667,4,0.053797743055555555,0,0,0
float16,fx-gold-glitter,,0.06853298611111111,0,0.05668402777777778,4,0.05279947916666667,0,0,0
float16,fx-grid-4,,0.05757378472222222,0,0.05373263888888889,4,0.05757378472222222,0,0,0
float16,fx-grid-9,,0.062413194444444445,0,0.05985243055555556,4,0.05705295138888889,0,0,0
float16,fx-grid-flash,,0.06963975694444445,0,0.063671875,4,0.05750868055555555,0,0,0
float16,fx-hazy,,0.07756076388888888,0,0.07662760416666667,4,0.06710069444444444,0,0,0
float16,fx-heart-rain,,0.06312934027777778,0,0.04819878472222222,4,0.04503038194444445,0,0,0
float16,fx-heart-reveal,,0.042881944444444445,0,0.04153645833333333,4,0.037369791666666666,0,0,0
float16,fx-heartbeat,,0.07881944444444444,0,0.07272135416666667,4,0.0705078125,0,0,0
float16,fx-horizontal-open,,0.07515190972222222,0,0.063671875,4,0.06460503472222222,0,0,0
float16,fx-hyperspace,"0.3,0.9,1.5,2.1",3.673220486111111,107,3.7794921875,114,4.180642361111111,132,0,0
float16,fx-infinite-zoom,,0.05980902777777778,0,0.0478515625,4,0.057183159722222224,0,0,0
float16,fx-iris-close,,0.06351996527777778,0,0.05384114583333333,4,0.05277777777777778,0,0,0
float16,fx-iris-open,,0.07808159722222222,0,0.07376302083333333,4,0.07536892361111111,0,0,0
float16,fx-kaleido-4,,0.09279513888888889,8,0.07864583333333333,4,0.07873263888888889,0,0,0
float16,fx-kaleido-drill,,0.12591145833333334,8,0.12248263888888888,4,0.11983506944444444,8,0,0
float16,fx-laser-show,,0.03958333333333333,0,0.03413628472222222,0,0.03185763888888889,0,0,0
float16,fx-led-wall,,0.07977430555555555,0,0.08023003472222222,4,0.07970920138888889,0,0,0
float16,fx-lens-flare,,0.09010416666666667,8,0.09151475694444444,4,0.08960503472222223,8,0,0
float16,fx-light-leak,,0.04722222222222222,0,0.046050347222222225,4,0.04405381944444445,0,0,0
float16,fx-low-exposure,,0.046549479166666664,0,0.046723090277777775,4,0.03828125,0,0,0
float16,fx-marker-lines,,0.1769748263888889,8,0.16790364583333334,4,0.21903211805555556,8,0,0
float16,fx-mini-zoom,,0.07894965277777778,0,0.07393663194444444,4,0.06731770833333334,0,0,0
float16,fx-mirror-ball,,0.2349175347222222,8,0.2682074652777778,4,0.30375434027777776,8,0,0
float16,fx-mirror-lr,,0.040364583333333336,0,0.04084201388888889,4,0.043793402777777775,0,0,0
float16,fx-mirror-room,,0.06783854166666667,0,0.061024305555555554,4,0.05692274305555556,0,0,0
float16,fx-mirror-tb,,0.07380642361111112,0,0.06631944444444444,4,0.059895833333333336,0,0,0
float16,fx-mosaic-pulse,2.1,1.6842447916666667,49,1.5165798611111112,40,1.3497612847222222,33,0,0
float16,fx-motion-blur,,0.0710720486111111,0,0.06681857638888888,4,0.06686197916666667,0,0,0
float16,fx-mt-beat-rotate,,0.08706597222222222,8,0.07358940972222222,4,0.07862413194444444,0,0,0
float16,fx-mt-blur-punch,,0.06844618055555556,0,0.06043836805555555,4,0.05407986111111111,0,0,0
float16,fx-mt-cinematic,,0.1164279513888889,8,0.11061197916666667,4,0.09622395833333333,8,0,0
float16,fx-mt-dutch-tilt,,0.13580729166666666,8,0.12888454861111112,4,0.12003038194444444,8,0,0
float16,fx-mt-echo-zoom,,0.051258680555555554,0,0.04822048611111111,4,0.047417534722222224,0,0,0
float16,fx-mt-mirror-beat,,0.0650390625,0,0.06302083333333333,4,0.06134982638888889,0,0,0
float16,fx-mt-photo-snap,"0.9,1.5",22.236979166666668,164,22.3111328125,166,23.070008680555556,164,0,0
float16,fx-mt-rgb-punch,,0.07391493055555555,0,0.05588107638888889,4,0.06790364583333333,0,0,0
float16,fx-mt-split-swipe,,0.06590711805555556,0,0.055924479166666666,4,0.048980034722222225,0,0,0
float16,fx-mt-step-zoom,,0.10592447916666667,8,0.1001953125,4,0.09444444444444444,8,0,0
float16,fx-mt-velocity,,0.07482638888888889,0,0.06868489583333333,4,0.06773003472222222,0,0,0
float16,fx-mt-zoom-shake,"0.3,1.5,2.1",15.221831597222222,74,14.422938368055556,65,13.6392578125,66,0,0
float16,fx-ne-cyberpunk,,0.11343315972222222,8,0.0560546875,4,0.10002170138888888,8,0,0
float16,fx-ne-edges,"0.3,0.9,1.5,2.1",0.34073350694444443,8,0.2872395833333333,4,0.4318576388888889,9,0,0
float16,fx-ne-frame,0.9,1.7065755208333333,17,1.8620876736111112,17,1.8766276041666667,24,0,0
float16,fx-ne-heart,,0.045746527777777775,0,0.044769965277777775,4,0.040863715277777775,0,0,0
float16,fx-ne-lightning,,0.05115017361111111,0,0.04680989583333333,4,0.041514756944444446,0,0,0
float16,fx-ne-ring,0.9,2.2062065972222222,25,0.5538194444444444,8,1.6307291666666666,24,0,0
float16,fx-ne-scan,,0.08997395833333334,8,0.09921875,4,0.08919270833333333,8,0,0
float16,fx-ne-scribble,,0.04950086805555556,0,0.047135416666666666,4,0.045182291666666666,0,0,0
float16,fx-ne-stars,"0.3,0.9,1.5,2.1",7.278472222222222,115,7.2981987847222225,109,8.052408854166666,132,0,0
float16,fx-ne-synthwave,,0.11338975694444445,8,0.0810546875,4,0.0359375,0,0,0
float16,fx-ne-tunnel,,0.04348958333333333,0,0.04498697916666667,4,0.0373046875,0,0,0
float16,fx-neon-edges,,0.33687065972222224,8,0.3268229166666667,4,0.20015190972222222,8,0,0
float16,fx-neon-stage,,0.030707465277777776,0,0.023741319444444443,0,0.026844618055555554,0,0,0
float16,fx-old-tv,"0.3,0.9,1.5",6.4603515625,25,6.508224826388889,21,6.519986979166666,25,0,0
float16,fx-orbit-card,,0.05625,0,0.05546875,4,0.04819878472222222,0,0,0
float16,fx-ov-bg-3d-shapes,"0.3,0.9,1.5,2.1",13.08474392361111,124,12.8642578125,126,11.817621527777778,124,0,0
float16,fx-ov-bg-blue-hearts,,0.005967881944444444,0,0.006336805555555556,0,0.003125,0,0,0
float16,fx-ov-bg-blue-smoke,,0.013237847222222222,0,0.009288194444444444,0,0.0169921875,0,0,0
float16,fx-ov-bg-golden-band,,0.0014539930555555556,0,0.0015190972222222222,0,0.0005425347222222222,0,0,0
float16,fx-ov-bg-light-wall,,0.0012586805555555556,0,0.001171875,0,0.0012369791666666666,0,0,0
float16,fx-ov-bg-pastel-ink,,0.004861111111111111,0,0.0026041666666666665,0,0.005772569444444445,0,0,0
float16,fx-ov-bg-pink-bokeh,,0.009526909722222223,0,0.017795138888888888,0,0.01597222222222222,0,0,0
float16,fx-ov-bg-pink-gradient,,0.0005425347222222222,0,0.0008680555555555555,0,0.0009114583333333333,0,0,0
float16,fx-ov-bg-purple-smoke,,0.008550347222222223,0,0.0036024305555555558,0,0.010373263888888888,0,0,0
float16,fx-ov-bg-red-hearts,,0.0016493055555555556,0,0.00078125,0,0.0007378472222222222,0,0,0
float16,fx-ov-bg-soft-gradient,,0,0,0,0,0,0,0,0
float16,fx-ov-bokeh-blue,,0.035069444444444445,0,0.03224826388888889,0,0.04869791666666667,0,0,0
float16,fx-ov-bokeh-gold,,0.051171875,0,0.043120659722222225,4,0.03795572916666667,0,0,0
float16,fx-ov-bokeh-pink,,0.044097222222222225,0,0.02361111111111111,0,0.04544270833333333,0,0,0
float16,fx-ov-bokeh-rainbow,,0.035069444444444445,0,0.03624131944444445,0,0.0423828125,0,0,0
float16,fx-ov-bubbles,,0.03263888888888889,0,0.020594618055555555,0,0.03441840277777778,0,0,0
float16,fx-ov-burnt-edges,,0.09574652777777778,8,0.08819444444444445,4,0.04806857638888889,0,0,0
float16,fx-ov-confetti,,0.08235677083333333,0,0.06803385416666667,4,0.05486111111111111,0,0,0
float16,fx-ov-el-lightning,0.9,3.0805338541666667,66,2.9213541666666667,69,3.204513888888889,75,0,0
float16,fx-ov-el-moon,,0.037999131944444445,0,0.033463541666666666,0,0.03795572916666667,0,0,0
float16,fx-ov-el-scan-line,,0.03454861111111111,0,0.032877604166666664,0,0.037760416666666664,0,0,0
float16,fx-ov-el-smoke-puff,,0.09613715277777778,8,0.08758680555555555,4,0.06365017361111111,0,0,0
float16,fx-ov-el-speed-lines,,0.05490451388888889,0,0.053559027777777775,4,0.05490451388888889,0,0,0
float16,fx-ov-el-stars-rating,,0.07643229166666667,0,0.06310763888888889,4,0.05041232638888889,0,0,0
float16,fx-ov-embers,,0.10193142361111111,8,0.09051649305555555,4,0.07907986111111111,0,0,0
float16,fx-ov-film-dust,"0.3,0.9,1.5,2.1",5.511610243055555,17,5.599674479166667,17,5.548611111111111,17,0,0
float16,fx-ov-fireflies,,0.05060763888888889,0,0.04791666666666667,4,0.04782986111111111,0,0,0
float16,fx-ov-flare-blue,,0.11694878472222223,8,0.1115451388888889,4,0.09984809027777777,8,0,0
float16,fx-ov-flare-gold,,0.10798611111111112,8,0.09138454861111112,4,0.07923177083333334,0,0,0
float16,fx-ov-fog-blue,,0.11030815972222222,8,0.10149739583333334,4,0.09398871527777777,8,0,0
float16,fx-ov-fog-pink,,0.10310329861111112,8,0.10251736111111111,4,0.09585503472222222,8,0,0
float16,fx-ov-fog-white,,0.050130208333333336,0,0.04756944444444444,4,0.049609375,0,0,0
float16,fx-ov-frame-film,,0.0609375,0,0.04750434027777778,4,0.047591145833333334,0,0,0
float16,fx-ov-frame-grid,,0.08053385416666667,0,0.06631944444444444,4,0.05262586805555555,0,0,0
float16,fx-ov-frame-neon-blue,,0.11705729166666666,8,0.10290798611111111,4,0.09505208333333333,8,0,0
float16,fx-ov-frame-neon-gold,,0.04889322916666667,0,0.045008680555555555,4,0.04416232638888889,0,0,0
float16,fx-ov-frame-neon-green,,0.038237847222222225,0,0.02306857638888889,0,0.04055989583333333,0,0,0
float16,fx-ov-frame-neon-pink,,0.03480902777777778,0,0.03671875,0,0.03984375,0,0,0
float16,fx-ov-frame-polaroid,,0.07118055555555555,0,0.05266927083333333,4,0.05813802083333333,0,0,0
float16,fx-ov-frame-rec,,0.03029513888888889,0,0.0193359375,0,0.03359375,0,0,0
float16,fx-ov-frame-vignette,,0.050868055555555555,0,0.05336371527777778,4,0.05377604166666667,0,0,0
float16,fx-ov-galaxy,,0.043467881944444446,0,0.035004340277777775,0,0.043294270833333336,0,0,0
float16,fx-ov-glitter,,0.07191840277777778,0,0.05529513888888889,4,0.05180121527777778,0,0,0
float16,fx-ov-glitter-rain,,0.1166015625,8,0.10444878472222222,4,0.11729600694444445,8,0,0
float16,fx-ov-gold-dust,,0.03441840277777778,0,0.027473958333333333,0,0.03257378472222222,0,0,0
float16,fx-ov-grain,"0.3,0.9,1.5,2.1",19.09450954861111,58,19.169053819444443,56,19.09450954861111,58,0,0
float16,fx-ov-halftone,,0.04600694444444445,0,0.02795138888888889,0,0.037934027777777775,0,0,0
float16,fx-ov-hearts-pink,"0.3,0.9,1.5,2.1",1.9763237847222221,90,0.5102864583333333,20,1.2631944444444445,74,0,0
float16,fx-ov-hearts-red,"0.3,0.9,1.5,2.1",1.9763237847222221,90,0.5421223958333333,20,0.6171657986111111,25,0,0
float16,fx-ov-leak-blue,,0.05177951388888889,0,0.046723090277777775,4,0.04858940972222222,0,0,0
float16,fx-ov-leak-green,,0.04205729166666667,0,0.04286024305555555,4,0.03697916666666667,0,0,0
float16,fx-ov-leak-pink,,0.08582899305555555,8,0.10171440972222222,4,0.09281684027777778,8,0,0
float16,fx-ov-leak-purple,,0.04845920138888889,0,0.03786892361111111,0,0.04416232638888889,0,0,0
float16,fx-ov-leak-red,,0.047200520833333336,0,0.03786892361111111,0,0.0404296875,0,0,0
float16,fx-ov-leak-warm,,0.06538628472222222,0,0.06193576388888889,4,0.06330295138888889,0,0,0
float16,fx-ov-light-streaks,"0.3,0.9,1.5,2.1",4.348111979166666,107,5.730750868055556,134,7.192925347222222,173,0,0
float16,fx-ov-lightning,,0.07938368055555556,0,0.06551649305555556,4,0.08059895833333333,0,0,0
float16,fx-ov-magic-dust,,0.04079861111111111,0,0.021983506944444446,0,0.04027777777777778,0,0,0
float16,fx-ov-neon-hearts,,0.022395833333333334,0,0.022200520833333334,0,0.022743055555555555,0,0,0
float16,fx-ov-neon-ring,,0.020985243055555554,0,0.024370659722222222,0,0.02131076388888889,0,0,0
float16,fx-ov-paper,,0.09372829861111111,8,0.07042100694444445,4,0.06462673611111111,0,0,0
float16,fx-ov-prism-flare,,0.08628472222222222,8,0.07432725694444445,4,0.06247829861111111,0,0,0
float16,fx-ov-rain,,0.1066623263888889,8,0.11245659722222222,4,0.10640190972222222,8,0,0
float16,fx-ov-rainbow,,0.09032118055555556,8,0.08617621527777777,4,0.07098524305555555,0,0,0
float16,fx-ov-sc-aurora,,0.001953125,0,0.005208333333333333,0,0.005121527777777778,0,0,0
float16,fx-ov-sc-clouds,,0.019205729166666668,0,0.013064236111111112,0,0.0019965277777777776,0,0,0
float16,fx-ov-sc-milky-way,,0.0078125,0,0.007790798611111111,0,0.008767361111111111,0,0,0
float16,fx-ov-sc-moon-dunes,,0.0007378472222222222,0,0.00034722222222222224,0,0.0007378472222222222,0,0,0
float16,fx-ov-sc-ocean,,0.0005208333333333333,0,0.0008029513888888889,0,0.001388888888888889,0,0,0
float16,fx-ov-sc-shooting-stars,,0.3958767361111111,8,0.406640625,4,0.42434895833333336,8,0,0
float16,fx-ov-sc-snowy-night,,0.005815972222222222,0,0.0052517361111111115,0,0.004644097222222222,0,0,0
float16,fx-ov-sc-sunset-sea,,0.001584201388888889,0,0.0016493055555555556,0,0.0006944444444444445,0,0,0
float16,fx-ov-smoke,,0.04869791666666667,0,0.04396701388888889,4,0.04698350694444445,0,0,0
float16,fx-ov-snow,,0.03630642361111111,0,0.02931857638888889,0,0.02717013888888889,0,0,0
float16,fx-ov-sparkle-blue,,0.033680555555555554,0,0.033203125,0,0.04251302083333333,0,0,0
float16,fx-ov-sparkle-pink,,0.03615451388888889,0,0.031749131944444446,0,0.04244791666666667,0,0,0
float16,fx-ov-sparkle-white,,0.08064236111111112,0,0.064453125,4,0.06473524305555556,0,0,0
float16,fx-ov-sparks,,0.054210069444444446,0,0.052821180555555555,4,0.045421006944444446,0,0,0
float16,fx-ov-spotlight,,0.05310329861111111,0,0.05440538194444444,4,0.05197482638888889,0,0,0
float16,fx-ov-stage-lights,,0.025629340277777777,0,0.024826388888888887,0,0.022265625,0,0,0
float16,fx-ov-stars,,0.0890625,0,0.08530815972222222,0,0.08315972222222222,0,0,0
float16,fx-ov-sun-rays,,0.057183159722222224,0,0.055186631944444446,4,0.0548828125,0,0,0
float16,fx-ov-swirl,,0.027430555555555555,0,0.024479166666666666,0,0.023155381944444445,0,0,0
float16,fx-ov-tr-colour-wipe,,0.0876736111111111,8,0.0849609375,4,0.08240017361111111,0,0,0
float16,fx-ov-tr-diamond,,0.06872829861111111,0,0.05759548611111111,4,0.06345486111111111,0,0,0
float16,fx-ov-tr-fire-wipe,,0.04266493055555556,0,0.02992621527777778,0,0.03285590277777778,0,0,0
float16,fx-ov-tr-glow-blob,,0.005013020833333334,0,0.0015625,0,0.0033203125,0,0,0
float16,fx-ov-tr-ink,,0.0177734375,0,0.014344618055555555,0,0.010199652777777778,0,0,0
float16,fx-ov-tr-iris,,0.07938368055555556,0,0.05759548611111111,4,0.06345486111111111,0,0,0
float16,fx-ov-tr-light-burst,"0.3,0.9,1.5,2.1",9.337434895833333,107,8.346006944444444,93,8.402300347222223,91,0,0
float16,fx-ov-tr-scribble,"0.3,0.9,1.5,2.1",21.12261284722222,222,7.493272569444445,73,14.561783854166666,164,0,0
float16,fx-ov-tr-shape-pop,,0.06529947916666666,0,0.0521484375,4,0.050520833333333334,0,0,0
float16,fx-ov-tr-stripes,,0.08131510416666667,0,0.07903645833333334,4,0.07191840277777778,0,0,0
float16,fx-ov-vhs,"0.3,0.9,1.5,2.1",6.557834201388889,24,6.563541666666667,20,6.584743923611111,24,0,0
float16,fx-ov-wash-gold,,0.0466796875,0,0.040364583333333336,0,0.05568576388888889,0,0,0
float16,fx-ov-wash-neon,,0.05138888888888889,0,0.05633680555555556,4,0.03910590277777778,0,0,0
float16,fx-ov-wash-ocean,,0.06447482638888889,0,0.04911024305555556,4,0.035872395833333334,0,0,0
float16,fx-ov-wash-rose,,0.04266493055555556,0,0.0546875,4,0.04884982638888889,0,0,0
float16,fx-ov-wash-sunset,,0.04266493055555556,0,0.04728732638888889,4,0.05568576388888889,0,0,0
float16,fx-pb-bead-art,,0.081640625,0,0.08174913194444444,0,0.0712890625,0,0,0
float16,fx-pb-flip-phone,,0.030013020833333334,0,0.024891493055555554,0,0.026888020833333335,0,0,0
float16,fx-pb-game-boy,,0.040364583333333336,0,0.03901909722222222,0,0.028059895833333334,0,0,0
float16,fx-pb-losing-hp,,0.08333333333333333,8,0.06655815972222222,4,0.06408420138888889,0,0,0
float16,fx-pb-misty-tint,,0.05462239583333333,0,0.056141493055555554,4,0.053211805555555554,0,0,0
float16,fx-pb-pixel-breakdown,,0.24578993055555556,0,0.24789496527777777,4,0.24856770833333333,0,0,0
float16,fx-pb-pixel-creation,1.5,1.5343098958333334,49,1.4762586805555555,45,1.3666015625,41,0,0
float16,fx-pb-pixel-dissolve,,0.0890842013888889,8,0.07482638888888889,4,0.08096788194444444,0,0,0
float16,fx-pb-pixel-rain,,0.10907118055555555,8,0.1033203125,4,0.10460069444444445,8,0,0
float16,fx-pb-pixel-scan,,0.05171440972222222,0,0.04876302083333333,4,0.04924045138888889,0,0,0
float16,fx-pb-popping-bow,,0.06909722222222223,0,0.051671006944444445,4,0.039322916666666666,0,0,0
float16,fx-pb-sweet-party,"0.3,0.9,1.5,2.1",5.5969835069444445,165,3.5723741319444446,137,3.5210069444444443,124,0,0
float16,fx-pencil-sketch,,0.2610894097222222,8,0.2570746527777778,4,0.2642578125,8,0,0
float16,fx-petals,,0.05789930555555556,0,0.04945746527777778,4,0.04635416666666667,0,0,0
float16,fx-phone-spin,,0.02504340277777778,0,0.023546006944444444,0,0.019205729166666668,0,0,0
float16,fx-pixel-breakdown,,0.15963541666666667,8,0.17628038194444445,4,0.16089409722222223,8,0,0
float16,fx-pixel-glitch,,0.06447482638888889,0,0.060004340277777776,4,0.06278211805555556,0,0,0
float16,fx-pixel-scan,,0.08559027777777778,8,0.08079427083333333,4,0.08422309027777777,8,0,0
float16,fx-pixel-sort,,0.18157552083333334,8,0.1703125,4,0.19016927083333332,8,0,0
float16,fx-pixelate,,0.0763888888888889,0,0.07478298611111112,4,0.0759765625,0,0,0
float16,fx-rainbow-leak,,0.04869791666666667,0,0.0458984375,4,0.04602864583333333,0,0,0
float16,fx-rgb-panes,,0.038585069444444446,0,0.05049913194444444,4,0.04405381944444445,0,0,0
float16,fx-rgb-split,,0.1123046875,8,0.07046440972222222,4,0.08606770833333334,8,0,0
float16,fx-scanline-jitter,,0.037934027777777775,0,0.03435329861111111,0,0.034331597222222225,0,0,0
float16,fx-scribble-frame,,0.07141927083333334,0,0.06859809027777777,4,0.06427951388888889,0,0,0
float16,fx-sepia-flicker,,0.08292100694444444,0,0.07161458333333333,4,0.05904947916666667,0,0,0
float16,fx-seventies,"0.3,0.9,1.5",4.866927083333334,17,5.140625,16,5.207161458333333,17,0,0
float16,fx-shake,"0.3,1.5,2.1",7.130034722222222,65,7.026106770833334,65,7.203450520833333,74,0,0
float16,fx-shutter,,0.06675347222222222,0,0.060698784722222225,4,0.05559895833333333,0,0,0
float16,fx-signal-loss,"0.9,2.1",14.633051215277778,148,14.597005208333334,150,14.625889756944444,148,0,0
float16,fx-slide-reveal,,0.11981336805555555,8,0.10305989583333333,4,0.07712673611111111,0,0,0
float16,fx-snowfall,"0.3,0.9,1.5,2.1",1.7206814236111112,50,1.8611762152777778,57,2.0619791666666667,65,0,0
float16,fx-sparkler,,0.09976128472222222,8,0.095703125,4,0.09887152777777777,8,0,0
float16,fx-spin,,0.08107638888888889,0,0.06987847222222222,4,0.06395399305555556,0,0,0
float16,fx-spin-blur,,0.0700954861111111,0,0.06456163194444445,4,0.06345486111111111,0,0,0
float16,fx-spin-card,,0.08357204861111112,8,0.08200954861111111,4,0.07934027777777777,0,0,0
float16,fx-spiral-tunnel,,0.08168402777777778,0,0.07944878472222222,4,0.07228732638888889,0,0,0
float16,fx-split-2,,0.07348090277777777,0,0.06475694444444445,4,0.07222222222222222,0,0,0
float16,fx-split-3,,0.09680989583333334,8,0.08795572916666666,4,0.08776041666666666,8,0,0
float16,fx-spray-neon,,0.23797743055555556,8,0.1490451388888889,4,0.08051215277777778,0,0,0
float16,fx-st-billboard,,0.0251953125,0,0.021223958333333334,0,0.02087673611111111,0,0,0
float16,fx-st-card-deck,,0.04370659722222222,0,0.0408203125,4,0.03526475694444445,0,0,0
float16,fx-st-fanned-cards,,0.03127170138888889,0,0.027994791666666668,0,0.02426215277777778,0,0,0
float16,fx-st-film-strip,"0.9,1.5,2.1",1.354665798611111,17,1.1723958333333333,12,0.8833333333333333,9,0,0
float16,fx-st-glass-card,,0.05952690972222222,0,0.05978732638888889,4,0.05266927083333333,0,0,0
float16,fx-st-phone-3d,,0.04309895833333333,0,0.04129774305555556,4,0.042426215277777776,0,0,0
float16,fx-st-polaroid,,0.06276041666666667,0,0.05911458333333333,4,0.05262586805555555,0,0,0
float16,fx-st-retro-tv,1.5,0.38799913194444446,9,0.35855034722222223,4,0.29852430555555554,8,0,0
float16,fx-stack-2,,0.087109375,8,0.08042534722222222,4,0.07799479166666666,0,0,0
float16,fx-star-pop,,0.07957899305555556,0,0.06892361111111112,4,0.055013020833333336,0,0,0
float16,fx-star-rush,"0.3,0.9,1.5,2.1",6.728342013888889,148,7.443120659722222,166,8.158745659722221,181,0,0
float16,fx-starburst,,0.0603515625,0,0.052473958333333334,4,0.05169270833333333,0,0,0
float16,fx-sunbeam,,0.04761284722222222,0,0.043055555555555555,4,0.04756944444444444,0,0,0
float16,fx-swing,,0.08001302083333334,0,0.06968315972222222,4,0.06495225694444444,0,0,0
float16,fx-swing-card,,0.09366319444444444,8,0.08650173611111112,4,0.08871527777777778,8,0,0
float16,fx-swirl,,0.12758246527777778,8,0.12897135416666666,4,0.12111545138888889,8,0,0
float16,fx-the-end,,0.05677083333333333,0,0.04997829861111111,4,0.048567708333333334,0,0,0
float16,fx-tilt-shift,,0.08858506944444444,8,0.08786892361111111,4,0.08194444444444444,0,0,0
float16,fx-tiny-planet,,0.11482204861111112,8,0.10766059027777777,4,0.10251736111111111,8,0,0
float16,fx-to-colour,,0.09372829861111111,8,0.09151475694444444,4,0.0892578125,8,0,0
float16,fx-torn-reveal,,0.07808159722222222,0,0.07376302083333333,4,0.06879340277777778,0,0,0
float16,fx-toy-bricks,,0.09268663194444444,8,0.08428819444444445,4,0.07630208333333334,0,0,0
float16,fx-tr-black-fade,,0.13541666666666666,8,0.13211805555555556,4,0.12881944444444443,8,0,0
float16,fx-tr-blinds,,0.07957899305555556,0,0.06729600694444444,4,0.06134982638888889,0,0,0
float16,fx-tr-blink,,0.10062934027777778,8,0.10299479166666667,4,0.102734375,8,0,0
float16,fx-tr-blur,,0.04924045138888889,0,0.04505208333333333,4,0.04685329861111111,0,0,0
float16,fx-tr-circle,,0.04982638888888889,0,0.04136284722222222,4,0.04789496527777778,0,0,0
float16,fx-tr-clock,,0.09448784722222223,8,0.09826388888888889,4,0.09898003472222222,8,0,0
float16,fx-tr-cutout-scan,,0.10262586805555556,8,0.09967447916666666,4,0.09192708333333334,8,0,0
float16,fx-tr-diamond,,0.048111979166666666,0,0.0421875,4,0.045811631944444445,0,0,0
float16,fx-tr-doors,,0.04544270833333333,0,0.043467881944444446,4,0.04544270833333333,0,0,0
float16,fx-tr-fake-zoom,,0.09147135416666667,8,0.08958333333333333,4,0.0884765625,8,0,0
float16,fx-tr-film-burn,,0.04396701388888889,0,0.04210069444444445,4,0.04299045138888889,0,0,0
float16,fx-tr-flare,,0.07684461805555555,0,0.0548828125,4,0.06256510416666666,0,0,0
float16,fx-tr-flash-zoom,,0.11729600694444445,8,0.10099826388888888,4,0.09123263888888888,8,0,0
float16,fx-tr-glare,,0.05047743055555556,0,0.03786892361111111,0,0.04533420138888889,0,0,0
float16,fx-tr-glitch,,0.09055989583333333,8,0.05935329861111111,4,0.07411024305555555,0,0,0
float16,fx-tr-heart,,0.09470486111111111,8,0.09422743055555556,4,0.09301215277777777,8,0,0
float16,fx-tr-heat-flicks,,0.07024739583333334,0,0.05049913194444444,4,0.04576822916666667,0,0,0
float16,fx-tr-heatwave-flash,,0.11788194444444444,8,0.11000434027777778,4,0.08138020833333333,0,0,0
float16,fx-tr-kaleido,,0.1525173611111111,8,0.15826822916666666,4,0.15887586805555556,8,0,0
float16,fx-tr-mix,,0.05486111111111111,0,0.04474826388888889,4,0.04900173611111111,0,0,0
float16,fx-tr-panel-clasp,,0.09448784722222223,8,0.09819878472222222,4,0.09915364583333333,8,0,0
float16,fx-tr-pixelate,,0.07630208333333334,0,0.06180555555555556,4,0.07747395833333333,0,0,0
float16,fx-tr-pull-in,,0.10924479166666666,8,0.09518229166666667,4,0.08213975694444445,0,0,0
float16,fx-tr-pull-out,,0.05583767361111111,0,0.054839409722222225,4,0.055512152777777775,0,0,0
float16,fx-tr-rgb-split,,0.13919270833333333,8,0.0881076388888889,4,0.09850260416666666,8,0,0
float16,fx-tr-ripple,,0.14461805555555557,8,0.14796006944444445,4,0.15390625,8,0,0
float16,fx-tr-rotate-ccw,,0.06048177083333333,0,0.05310329861111111,4,0.06519097222222223,0,0,0
float16,fx-tr-rotate-cw,,0.111328125,8,0.10245225694444444,4,0.09207899305555556,8,0,0
float16,fx-tr-shake,,0.07530381944444445,0,0.07664930555555556,4,0.07628038194444445,0,0,0
float16,fx-tr-slam-merge,,0.12059461805555556,8,0.12369791666666667,4,0.1032986111111111,8,0,0
float16,fx-tr-slide-down,,0.10694444444444444,8,0.09921875,4,0.09657118055555555,8,0,0
float16,fx-tr-slide-left,,0.13272569444444443,8,0.12973090277777777,4,0.09813368055555556,8,0,0
float16,fx-tr-slide-right,,0.07502170138888889,0,0.09370659722222222,4,0.07502170138888889,0,0,0
float16,fx-tr-slide-up,,0.10475260416666667,8,0.10121527777777778,4,0.10405815972222222,8,0,0
float16,fx-tr-squeeze,,0.06443142361111111,0,0.05475260416666667,4,0.0615234375,0,0,0
float16,fx-tr-star,,0.05635850694444444,0,0.05700954861111111,4,0.06221788194444444,0,0,0
float16,fx-tr-stripes,,0.04526909722222222,0,0.04338107638888889,4,0.04526909722222222,0,0,0
float16,fx-tr-swirl,,0.07196180555555555,0,0.06888020833333333,4,0.07588975694444444,0,0,0
float16,fx-tr-vertical-blur,,0.0695529513888889,0,0.053385416666666664,4,0.06315104166666667,0,0,0
float16,fx-tr-whip-down,,0.13233506944444445,8,0.1294487847222222,4,0.1236328125,8,0,0
float16,fx-tr-whip-left,,0.1418185763888889,8,0.137109375,4,0.14290364583333334,8,0,0
float16,fx-tr-whip-right,,0.07165798611111111,0,0.08229166666666667,4,0.10073784722222222,8,0,0
float16,fx-tr-whip-up,,0.09279513888888889,8,0.06705729166666667,4,0.06176215277777778,0,0,0
float16,fx-tr-white-flash,,0.10167100694444445,8,0.055577256944444445,4,0.0650390625,0,0,0
float16,fx-tr-zoom-spin,,0.07599826388888889,0,0.0779079861111111,4,0.07970920138888889,0,0,0
float16,fx-tr-zoom-swipe,,0.06304253472222222,0,0.06043836805555555,4,0.06304253472222222,0,0,0
float16,fx-tunnel,,0.10900607638888889,8,0.11519097222222222,4,0.10444878472222222,8,0,0
float16,fx-vertical-open,,0.06675347222222222,0,0.060698784722222225,4,0.05559895833333333,0,0,0
float16,fx-vhs,"0.3,0.9,1.5,2.1",4.5873046875,17,4.597677951388889,13,4.600629340277778,17,0,0
float16,fx-vhs-rewind,"0.3,0.9,1.5",6.371180555555555,17,6.413042534722222,17,6.412521701388889,17,0,0
float16,fx-vignette,"0.3,0.9,1.5,2.1",9.318402777777777,25,9.380989583333333,29,9.297135416666666,25,0,0
float16,fx-white-flash,,0.06009114583333333,0,0.045182291666666666,4,0.0458984375,0,0,0
float16,fx-zoom-intro,,0.13016493055555556,8,0.12504340277777778,4,0.12280815972222223,8,0,0
float16,fx-zoom-lens,,0.07033420138888889,0,0.06547309027777778,4,0.07141927083333334,0,0,0
float16,fx-zoom-pulse,,0.13374565972222222,8,0.12884114583333334,4,0.12109375,8,0,0
float32-round-even,fx-bad-tv,"0.3,0.9,1.5,2.1",7.231032986111111,25,7.260980902777778,21,7.270355902777778,25,0,0
float32-round-even,fx-balloons,,0.052018229166666666,0,0.046440972222222224,4,0.056206597222222224,0,0,0
float32-round-even,fx-beads,,0.06130642361111111,0,0.053233506944444446,4,0.04822048611111111,0,0,0
float32-round-even,fx-beat-zoom,,0.07706163194444444,0,0.07369791666666667,4,0.072265625,0,0,0
float32-round-even,fx-blink,0.9,0.23396267361111112,8,0.25145399305555555,4,0.26783854166666665,9,0,0
float32-round-even,fx-bloom,,0.10813802083333333,8,0.128515625,4,0.11117621527777778,8,0,0
float32-round-even,fx-blur,,0.08650173611111112,8,0.0759548611111111,4,0.05572916666666667,0,0,0
float32-round-even,fx-blur-in,,0.11187065972222222,8,0.10217013888888889,4,0.08802083333333334,8,0,0
float32-round-even,fx-blur-out,,0.1025390625,8,0.09867621527777778,4,0.08489583333333334,8,0,0
float32-round-even,fx-bokeh,,0.09748263888888889,8,0.09283854166666666,4,0.09125434027777778,8,0,0
float32-round-even,fx-bounce,,0.09691840277777777,8,0.09411892361111111,4,0.09292534722222222,8,0,0
float32-round-even,fx-bubbles,,0.07634548611111111,0,0.06981336805555556,4,0.0661892361111111,0,0,0
float32-round-even,fx-camera-focus,,0.08511284722222222,8,0.0720486111111111,4,0.06642795138888889,0,0,0
float32-round-even,fx-camera-shake,,0.15716145833333334,8,0.15106336805555556,4,0.13977864583333333,8,0,0
float32-round-even,fx-carousel,"0.3,0.9,1.5,2.1",0.9611762152777777,9,0.9320095486111111,12,0.9260416666666667,9,0,0
float32-round-even,fx-cc-bg-copies,,0.23830295138888888,8,0.20438368055555556,4,0.16375868055555556,8,0,0
float32-round-even,fx-cc-black-flash,,0.098828125,8,0.0884765625,4,0.07706163194444444,0,0,0
float32-round-even,fx-cc-border-current,,0.071875,0,0.065625,4,0.06796875,0,0,0
float32-round-even,fx-cc-butterfly,,0.11063368055555556,8,0.08949652777777778,4,0.09854600694444444,8,0,0
float32-round-even,fx-cc-butterfly-dream,,0.08687065972222222,8,0.07098524305555555,4,0.0763671875,0,0,0
float32-round-even,fx-cc-bw-slider,,0.11703559027777778,8,0.13059895833333332,4,0.11371527777777778,8,0,0
float32-round-even,fx-cc-camera-punch,,0.09822048611111112,8,0.09555121527777778,4,0.09088541666666666,8,0,0
float32-round-even,fx-cc-chromatic,,0.1150390625,8,0.11799045138888889,4,0.3712022569444444,8,0,0
float32-round-even,fx-cc-color-pixel,,0.3374565972222222,8,0.28140190972222223,4,0.28658854166666664,8,0,0
float32-round-even,fx-cc-cut-twist,,0.131640625,8,0.12378472222222223,4,0.11701388888888889,8,0,0
float32-round-even,fx-cc-damaged-vignette,,0.04826388888888889,0,0.06657986111111111,4,0.03532986111111111,0,0,0
float32-round-even,fx-cc-dance-flash,,0.3546875,8,0.24720052083333333,4,0.2777777777777778,8,0,0
float32-round-even,fx-cc-diamond-zoom,,0.12684461805555555,8,0.1334201388888889,4,0.1304253472222222,8,0,0
float32-round-even,fx-cc-dynamic-blur,,0.08337673611111111,8,0.07838541666666667,4,0.08168402777777778,0,0,0
float32-round-even,fx-cc-exploding-love,"0.3,0.9,2.1",8.513237847222221,140,4.1546006944444445,69,3.8818359375,58,0,0
float32-round-even,fx-cc-falling-petals,,0.09142795138888889,0,0.07610677083333334,4,0.0661892361111111,0,0,0
float32-round-even,fx-cc-feverish,0.9,6.622482638888889,17,18.372135416666666,29,14.506727430555555,25,0,0
float32-round-even,fx-cc-film-wave,,0.14396701388888888,8,0.13585069444444445,4,0.1265842013888889,8,0,0
float32-round-even,fx-cc-firefly,"0.3,0.9,1.5,2.1",6.901540798611111,107,6.025651041666666,97,2.9912977430555556,49,0,0
float32-round-even,fx-cc-handheld,,0.11378038194444444,8,0.10392795138888888,4,0.09010416666666667,8,0,0
float32-round-even,fx-cc-heart-ascent,"0.3,0.9,1.5,2.1",1.7548177083333334,41,0.9597005208333333,45,1.0801432291666666,25,0,0
float32-round-even,fx-cc-hex-split,"0.3,0.9,1.5,2.1",7.8083984375,99,7.203689236111111,93,6.459787326388889,82,0,0
float32-round-even,fx-cc-ink-spill,,0.10416666666666667,8,0.09839409722222223,4,0.10416666666666667,8,0,0
float32-round-even,fx-cc-leak-neon,,0.0812717013888889,0,0.0793185763888889,4,0.0671875,0,0,0
float32-round-even,fx-cc-leak-warm,,0.10112847222222222,8,0.10065104166666666,4,0.10388454861111111,8,0,0
float32-round-even,fx-cc-misty-tint,,0.10863715277777777,8,0.11378038194444444,4,0.11046006944444445,8,0,0
float32-round-even,fx-cc-move-cloud,,0.08370225694444444,8,0.071875,4,0.07727864583333334,0,0,0
float32-round-even,fx-cc-pixel-art,,0.3400607638888889,8,0.3109375,4,0.2762586805555556,8,0,0
float32-round-even,fx-cc-pixel-blocks,,0.13253038194444444,8,0.12111545138888889,4,0.10088975694444445,8,0,0
float32-round-even,fx-cc-pixel-mutant,0.9,3.742556423611111,107,3.8073350694444446,117,3.8466362847222224,107,0,0
float32-round-even,fx-cc-pixel-universe,,0.07274305555555556,0,0.05785590277777778,4,0.0513671875,0,0,0
float32-round-even,fx-cc-rain,,0.0857204861111111,8,0.07328559027777778,4,0.09086371527777778,8,0,0
float32-round-even,fx-cc-rebound-swing,,0.1325954861111111,8,0.12272135416666667,4,0.10909288194444444,8,0,0
float32-round-even,fx-cc-retro-flicker,"0.3,0.9,1.5,2.1",11.470638020833333,41,10.924652777777778,40,10.27734375,33,0,0
float32-round-even,fx-cc-ripple,,0.14945746527777778,8,0.14348958333333334,4,0.1320095486111111,8,0,0
float32-round-even,fx-cc-rose-bloom,"0.3,0.9,1.5,2.1",2.9012803819444444,123,1.342165798611111,57,0.9673177083333333,32,0,0
float32-round-even,fx-cc-sepia-cool,"0.3,0.9,1.5,2.1",3.630121527777778,16,3.6303602430555557,12,3.654665798611111,16,0,0
float32-round-even,fx-cc-shimmer-360,,0.10907118055555555,8,0.09782986111111111,4,0.07437065972222222,0,0,0
float32-round-even,fx-cc-shiny-stack,"0.3,0.9,1.5,2.1",17.422048611111112,148,18.309852430555555,150,18.39125434027778,156,0,0
float32-round-even,fx-cc-slash-reveal,"0.3,2.1",5.774348958333333,148,5.701605902777778,142,5.711436631944444,148,0,0
float32-round-even,fx-cc-smoky-focus,,0.07211371527777778,0,0.07029079861111111,4,0.064453125,0,0,0
float32-round-even,fx-cc-snow-night,,0.15421006944444443,8,0.10334201388888889,4,0.11451822916666667,8,0,0
float32-round-even,fx-cc-sparkle-shine,,0.07194010416666667,0,0.06453993055555556,4,0.058333333333333334,0,0,0
float32-round-even,fx-cc-stellar,,0.13704427083333334,8,0.11098090277777778,4,0.10657552083333334,8,0,0
float32-round-even,fx-cc-vignette-rose,,0.09097222222222222,8,0.07417534722222222,4,0.0681423611111111,0,0,0
float32-round-even,fx-cc-vintage-film,"0.3,0.9,1.5,2.1",11.765364583333334,42,10.981684027777778,41,9.804991319444444,33,0,0
float32-round-even,fx-cc-wiggle-flicker,"0.3,0.9,1.5,2.1",32.926974826388886,156,33.05201822916667,170,33.53608940972222,189,0,0
float32-round-even,fx-cc-wobbly-flash,,0.11247829861111111,8,0.10271267361111111,4,0.08430989583333333,8,0,0
float32-round-even,fx-chalkboard,,0.2657335069444444,8,0.26705729166666664,4,0.2711588541666667,8,0,0
float32-round-even,fx-chroma-wave,,0.16710069444444445,8,0.0984375,4,0.1677734375,8,0,0
float32-round-even,fx-cinema,,0.08580729166666666,8,0.05980902777777778,4,0.104296875,8,0,0
float32-round-even,fx-club-lights,,0.07647569444444445,0,0.0802734375,4,0.06456163194444445,0,0,0
float32-round-even,fx-cmyk-print,"0.3,0.9,1.5,2.1",0.6306857638888889,9,2.1123914930555556,45,2.108420138888889,49,0,0
float32-round-even,fx-colorize,,0.09435763888888889,8,0.07758246527777778,4,0.054036458333333336,0,0,0
float32-round-even,fx-colour-cycle,,0.15013020833333332,8,0.13289930555555557,4,0.14561631944444445,8,0,0
float32-round-even,fx-comic-print,,0.15755208333333334,8,0.13198784722222223,4,0.16705729166666666,8,0,0
float32-round-even,fx-confetti,,0.055338541666666664,0,0.050520833333333334,4,0.04991319444444445,0,0,0
float32-round-even,fx-confetti-burst,"0.3,0.9,1.5,2.1",2.693142361111111,107,2.4567274305555555,77,2.3784505208333333,83,0,0
float32-round-even,fx-cr-anamorphic,,0.08309461805555556,8,0.09242621527777778,4,0.07901475694444444,0,0,0
float32-round-even,fx-cr-aurora,,0.09874131944444445,8,0.10735677083333334,4,0.08502604166666666,8,0,0
float32-round-even,fx-cr-camcorder,,0.11605902777777778,8,0.11121961805555555,4,0.10657552083333334,8,0,0
float32-round-even,fx-cr-comic-pop,,0.24166666666666667,8,0.23272569444444444,4,0.18257378472222222,8,0,0
float32-round-even,fx-cr-dreamy,,0.08235677083333333,8,0.08307291666666666,4,0.07955729166666667,0,0,0
float32-round-even,fx-cr-flash-cut,,0.20184461805555556,8,0.18993055555555555,4,0.20381944444444444,8,0,0
float32-round-even,fx-cr-glitter-rain,,0.08289930555555555,0,0.06994357638888889,4,0.05779079861111111,0,0,0
float32-round-even,fx-cr-heart-pulse,,0.09724392361111112,8,0.0970703125,4,0.0812717013888889,0,0,0
float32-round-even,fx-cr-kaleido-bloom,,0.1404513888888889,8,0.1341579861111111,4,0.1228515625,8,0,0
float32-round-even,fx-cr-matrix,,0.07897135416666666,0,0.11755642361111111,4,0.08430989583333333,0,0,0
float32-round-even,fx-cr-projector,"0.3,0.9,1.5,2.1",3.0868489583333334,9,2.5116753472222224,8,1.8634765625,9,0,0
float32-round-even,fx-cr-rainbow-prism,,0.08107638888888889,0,0.07100694444444444,4,0.06657986111111111,0,0,0
float32-round-even,fx-cr-rgb-strobe,,0.04754774305555556,0,0.05284288194444445,4,0.03982204861111111,0,0,0
float32-round-even,fx-cr-ring-reveal,,0.06430121527777778,0,0.061263020833333334,4,0.05657552083333333,0,0,0
float32-round-even,fx-cr-signal-lost,"0.3,0.9,1.5,2.1",35.80091145833333,132,41.27536892361111,134,45.416232638888886,148,0,0
float32-round-even,fx-cr-slice-drift,,0.08253038194444444,8,0.07669270833333333,4,0.094921875,8,0,0
float32-round-even,fx-cr-sparkle-burst,"0.3,0.9,1.5,2.1",4.765538194444445,99,4.853949652777778,110,4.330490451388889,107,0,0
float32-round-even,fx-cr-tri-split,"0.3,0.9,1.5,2.1",10.70681423611111,58,10.141731770833333,61,9.747764756944445,74,0,0
float32-round-even,fx-cr-twinkle-sky,,0.09915364583333333,8,0.0896267361111111,4,0.09110243055555556,8,0,0
float32-round-even,fx-cr-zoom-burst,,0.08049045138888888,0,0.08053385416666667,4,0.07927517361111111,0,0,0
float32-round-even,fx-cross-stitch,,0.06276041666666667,0,0.05601128472222222,4,0.09555121527777778,8,0,0
float32-round-even,fx-crystal-ball,,0.1332465277777778,8,0.13363715277777777,4,0.12769097222222223,8,0,0
float32-round-even,fx-ct-astral,,0.10987413194444444,8,0.10885416666666667,4,0.08600260416666666,8,0,0
float32-round-even,fx-ct-background-fit,,0.16918402777777777,8,0.14144965277777777,4,0.10616319444444444,8,0,0
float32-round-even,fx-ct-broken-shine,,0.08077256944444444,0,0.07864583333333333,4,0.0802734375,0,0,0
float32-round-even,fx-ct-chaotic-heat,"0.3,0.9,1.5,2.1",29.455794270833334,131,35.31319444444444,154,18.31640625,140,0,0
float32-round-even,fx-ct-cut-shift,"0.3,1.5",7.162912326388889,91,7.589908854166667,93,8.153732638888888,107,0,0
float32-round-even,fx-ct-darken-flash,,0.0724609375,0,0.0767578125,4,0.05755208333333333,0,0,0
float32-round-even,fx-ct-delicate-rays,,0.13869357638888888,8,0.1169704861111111,4,0.12482638888888889,8,0,0
float32-round-even,fx-ct-dreamy-halo,,0.08283420138888889,8,0.087109375,4,0.09249131944444444,8,0,0
float32-round-even,fx-ct-edge-glow,,0.14448784722222222,8,0.11048177083333334,4,0.11280381944444444,8,0,0
float32-round-even,fx-ct-effect-mashup,,0.08869357638888889,8,0.08817274305555556,4,0.08179253472222223,0,0,0
float32-round-even,fx-ct-error-quake,"0.3,2.1",21.863368055555554,115,17.897092013888887,113,21.985091145833334,140,0,0
float32-round-even,fx-ct-explosion,,0.08391927083333334,8,0.06809895833333333,4,0.07133246527777778,0,0,0
float32-round-even,fx-ct-fireplace,"0.3,0.9,1.5,2.1",1.914453125,41,1.22890625,28,0.3599826388888889,9,0,0
float32-round-even,fx-ct-game-over,,0.05134548611111111,0,0.047417534722222224,4,0.048111979166666666,0,0,0
float32-round-even,fx-ct-glass-breaking,"0.3,0.9,1.5,2.1",8.291948784722223,107,7.9387803819444445,105,8.436588541666667,107,0,0
float32-round-even,fx-ct-grim-neo,,0.07897135416666666,0,0.0806640625,4,0.07892795138888889,0,0,0
float32-round-even,fx-ct-grim-reaper,,0.053211805555555554,0,0.06779513888888888,4,0.06497395833333333,0,0,0
float32-round-even,fx-ct-hexagonal-spot,,0.2433810763888889,8,0.08090277777777778,4,0.0640625,0,0,0
float32-round-even,fx-ct-lightning-crack,"0.3,1.5",11.745681423611112,148,12.422504340277778,154,13.125043402777777,156,0,0
float32-round-even,fx-ct-magical-tome,,0.07710503472222222,0,0.07003038194444444,4,0.05353732638888889,0,0,0
float32-round-even,fx-ct-narrow-focus,,0.03268229166666667,0,0.03246527777777778,0,0.03268229166666667,0,0,0
float32-round-even,fx-ct-negative,,0.04754774305555556,0,0.045182291666666666,4,0.0396484375,0,0,0
float32-round-even,fx-ct-negative-panels,2.1,47.11137152777778,206,50.107769097222224,223,64.93532986111111,247,0,0
float32-round-even,fx-ct-neon,,0.09205729166666667,8,0.11610243055555555,4,0.10926649305555555,8,0,0
float32-round-even,fx-ct-offset-slice,0.9,7.9469618055555555,148,6.741080729166667,125,6.691818576388889,115,0,0
float32-round-even,fx-ct-phone-cube,,0.06380208333333333,0,0.06351996527777778,4,0.06091579861111111,0,0,0
float32-round-even,fx-ct-phone-zoom,,0.1478515625,8,0.14487847222222222,4,0.13003472222222223,8,0,0
float32-round-even,fx-ct-picture-bumps,,0.10481770833333333,8,0.12057291666666667,4,0.1048828125,8,0,0
float32-round-even,fx-ct-scene-cut,"0.3,0.9,1.5,2.1",94.79646267361112,156,96.15219184027778,158,95.73799913194445,157,0,0
float32-round-even,fx-ct-sharpen-edges,,0.20245225694444444,8,0.1833767361111111,4,0.1849392361111111,8,0,0
float32-round-even,fx-ct-shine-zoom,,0.10286458333333333,8,0.10481770833333333,4,0.09769965277777778,8,0,0
float32-round-even,fx-ct-tension-zoom,,0.09800347222222222,8,0.09715711805555556,4,0.09220920138888888,8,0,0
float32-round-even,fx-ct-vignette-noir,"0.3,0.9,1.5,2.1",3.9774522569444444,17,3.9902994791666666,12,3.9774522569444444,17,0,0
float32-round-even,fx-cube-spin,,0.03962673611111111,0,0.0296875,0,0.031119791666666667,0,0,0
float32-round-even,fx-cube-tumble,,0.03478732638888889,0,0.027408854166666666,0,0.02345920138888889,0,0,0
float32-round-even,fx-curtain,,0.03973524305555556,0,0.03404947916666667,0,0.04559461805555556,0,0,0
float32-round-even,fx-cylinder,,0.09811197916666667,8,0.09509548611111111,4,0.09192708333333334,8,0,0
float32-round-even,fx-datamosh,,0.0900390625,0,0.08350694444444444,4,0.08834635416666667,0,0,0
float32-round-even,fx-dice-roll,,0.0341796875,0,0.018967013888888887,0,0.020290798611111112,0,0,0
float32-round-even,fx-digital-blocks,,0.04754774305555556,0,0.039887152777777775,0,0.05243055555555556,0,0,0
float32-round-even,fx-disco,,0.06916232638888889,0,0.06499565972222222,4,0.06697048611111112,0,0,0
float32-round-even,fx-dust-scratches,,0.14401041666666667,0,0.14809027777777778,4,0.14429253472222223,0,0,0
float32-round-even,fx-earthquake,,0.14463975694444445,8,0.13836805555555556,4,0.1292751736111111,8,0,0
float32-round-even,fx-eight-bit,"0.3,0.9,1.5,2.1",9.604839409722222,50,8.998177083333333,49,8.985264756944444,50,0,0
float32-round-even,fx-fade-in,,0.13207465277777777,8,0.08381076388888889,4,0.07447916666666667,0,0,0
float32-round-even,fx-fade-out,,0.08285590277777778,8,0.08988715277777778,4,0.1013671875,8,0,0
float32-round-even,fx-faded-print,,0.12252604166666667,8,0.10462239583333334,4,0.07065972222222222,0,0,0
float32-round-even,fx-film-8mm,"0.3,0.9,1.5",11.290603298611112,33,11.380967881944445,32,11.37966579861111,33,0,0
float32-round-even,fx-film-burn,,0.0740234375,0,0.08166232638888889,4,0.07209201388888889,0,0,0
float32-round-even,fx-film-burn-leak,,0.05546875,0,0.05503472222222222,4,0.0509765625,0,0,0
float32-round-even,fx-film-grain,"0.3,0.9,1.5,2.1",9.707508680555556,33,9.79958767361111,32,9.844921875,33,0,0
float32-round-even,fx-flash-in,,0.08849826388888889,8,0.06736111111111111,4,0.05314670138888889,0,0,0
float32-round-even,fx-flip-card,,0.08042534722222222,0,0.07152777777777777,4,0.07144097222222222,0,0,0
float32-round-even,fx-glitch-flash,,0.08747829861111112,8,0.07708333333333334,4,0.08433159722222222,8,0,0
float32-round-even,fx-glitch-in,,0.11564670138888888,8,0.06267361111111111,4,0.087109375,8,0,0
float32-round-even,fx-globe,,0.078515625,0,0.0812717013888889,4,0.07209201388888889,0,0,0
float32-round-even,fx-gold-glitter,,0.07380642361111112,0,0.06215277777777778,4,0.05635850694444444,0,0,0
float32-round-even,fx-grid-4,,0.28409288194444443,8,0.23461371527777777,4,0.28409288194444443,8,0,0
float32-round-even,fx-grid-9,,0.06258680555555556,0,0.06245659722222222,4,0.05802951388888889,0,0,0
float32-round-even,fx-grid-flash,,0.11807725694444444,8,0.078515625,4,0.09040798611111112,8,0,0
float32-round-even,fx-hazy,,0.11039496527777778,8,0.088671875,4,0.09772135416666666,8,0,0
float32-round-even,fx-heart-rain,,0.06707899305555555,0,0.05088975694444445,4,0.04607204861111111,0,0,0
float32-round-even,fx-heart-reveal,,0.043055555555555555,0,0.04309895833333333,4,0.03875868055555556,0,0,0
float32-round-even,fx-heartbeat,,0.10473090277777777,8,0.09435763888888889,4,0.09151475694444444,8,0,0
float32-round-even,fx-horizontal-open,,0.07515190972222222,0,0.063671875,4,0.06460503472222222,0,0,0
float32-round-even,fx-hyperspace,"0.3,0.9,1.5,2.1",3.68515625,107,3.7873914930555554,114,4.1839409722222225,132,0,0
float32-round-even,fx-infinite-zoom,,0.11592881944444444,8,0.1044921875,4,0.10772569444444445,8,0,0
float32-round-even,fx-iris-close,,0.06351996527777778,0,0.05384114583333333,4,0.05277777777777778,0,0,0
float32-round-even,fx-iris-open,,0.07808159722222222,0,0.07376302083333333,4,0.07536892361111111,0,0,0
float32-round-even,fx-kaleido-4,,0.09279513888888889,8,0.07864583333333333,4,0.07873263888888889,0,0,0
float32-round-even,fx-kaleido-drill,,0.14559461805555557,8,0.14151475694444443,4,0.12864583333333332,8,0,0
float32-round-even,fx-laser-show,,0.070703125,0,0.05967881944444445,4,0.059027777777777776,0,0,0
float32-round-even,fx-led-wall,,0.08745659722222222,8,0.08862847222222223,4,0.08656684027777778,8,0,0
float32-round-even,fx-lens-flare,,0.11564670138888888,8,0.12196180555555555,4,0.11358506944444445,8,0,0
float32-round-even,fx-light-leak,,0.05661892361111111,0,0.055078125,4,0.05199652777777778,0,0,0
float32-round-even,fx-low-exposure,,0.06990017361111112,0,0.061046006944444446,4,0.03828125,0,0,0
float32-round-even,fx-marker-lines,,0.17821180555555555,8,0.228125,4,0.22072482638888888,8,0,0
float32-round-even,fx-mini-zoom,,0.10138888888888889,8,0.09435763888888889,4,0.07981770833333333,0,0,0
float32-round-even,fx-mirror-ball,,0.2384982638888889,8,0.2954644097222222,4,0.3069661458333333,8,0,0
float32-round-even,fx-mirror-lr,,0.040364583333333336,0,0.04084201388888889,4,0.043793402777777775,0,0,0
float32-round-even,fx-mirror-room,,0.08014322916666666,0,0.08120659722222222,4,0.07215711805555555,0,0,0
float32-round-even,fx-mirror-tb,,0.07380642361111112,0,0.06631944444444444,4,0.059895833333333336,0,0,0
float32-round-even,fx-mosaic-pulse,2.1,1.7172526041666667,49,1.5399956597222222,40,1.3618706597222223,33,0,0
float32-round-even,fx-motion-blur,,0.08621961805555556,8,0.08146701388888888,4,0.0755859375,0,0,0
float32-round-even,fx-mt-beat-rotate,,0.10481770833333333,8,0.09813368055555556,4,0.0978732638888889,8,0,0
float32-round-even,fx-mt-blur-punch,,0.09227430555555556,8,0.08541666666666667,4,0.06896701388888889,0,0,0
float32-round-even,fx-mt-cinematic,,0.131640625,8,0.1203342013888889,4,0.10028211805555555,8,0,0
float32-round-even,fx-mt-dutch-tilt,,0.15334201388888888,8,0.1408203125,4,0.13016493055555556,8,0,0
float32-round-even,fx-mt-echo-zoom,,0.05221354166666667,0,0.050065104166666666,4,0.04778645833333333,0,0,0
float32-round-even,fx-mt-mirror-beat,,0.15703125,8,0.18878038194444444,4,0.21104600694444445,8,0,0
float32-round-even,fx-mt-photo-snap,"0.9,1.5",22.245269097222224,164,22.329296875,166,23.07890625,164,0,0
float32-round-even,fx-mt-rgb-punch,,0.09509548611111111,8,0.07866753472222222,4,0.08263888888888889,0,0,0
float32-round-even,fx-mt-split-swipe,,0.08608940972222222,8,0.06764322916666667,4,0.049370659722222224,0,0,0
float32-round-even,fx-mt-step-zoom,,0.13674045138888888,8,0.13142361111111112,4,0.1154513888888889,8,0,0
float32-round-even,fx-mt-velocity,,0.09496527777777777,8,0.095703125,4,0.08619791666666667,8,0,0
float32-round-even,fx-mt-zoom-shake,"0.3,1.5,2.1",15.226974826388888,74,14.4259765625,65,13.638411458333334,66,0,0
float32-round-even,fx-ne-cyberpunk,,0.13062065972222223,8,0.07122395833333334,4,0.11419270833333334,8,0,0
float32-round-even,fx-ne-edges,"0.3,0.9,1.5,2.1",0.3475477430555556,8,0.2975260416666667,4,0.4322048611111111,9,0,0
float32-round-even,fx-ne-frame,0.9,1.7324652777777778,17,1.8978515625,17,1.9101779513888888,24,0,0
float32-round-even,fx-ne-heart,,0.06692708333333333,0,0.07055121527777777,4,0.052473958333333334,0,0,0
float32-round-even,fx-ne-lightning,,0.07298177083333333,0,0.07855902777777778,4,0.06323784722222223,0,0,0
float32-round-even,fx-ne-ring,0.9,2.2362630208333334,25,0.5768880208333333,8,1.6487413194444445,24,0,0
float32-round-even,fx-ne-scan,,0.11987847222222223,8,0.12608506944444445,4,0.11080729166666667,8,0,0
float32-round-even,fx-ne-scribble,,0.06788194444444444,0,0.062890625,4,0.05915798611111111,0,0,0
float32-round-even,fx-ne-stars,"0.3,0.9,1.5,2.1",7.281705729166666,115,7.315212673611111,109,8.0595703125,132,0,0
float32-round-even,fx-ne-synthwave,,0.13081597222222222,8,0.09483506944444445,4,0.04620225694444444,0,0,0
float32-round-even,fx-ne-tunnel,,0.06749131944444445,0,0.11397569444444444,4,0.048046875,0,0,0
float32-round-even,fx-neon-edges,,0.3353515625,8,0.3310763888888889,4,0.20805121527777778,8,0,0
float32-round-even,fx-neon-stage,,0.0754123263888889,0,0.03203125,0,0.03543836805555556,0,0,0
float32-round-even,fx-old-tv,"0.3,0.9,1.5",6.46171875,25,6.508832465277778,21,6.518576388888889,25,0,0
float32-round-even,fx-orbit-card,,0.07795138888888889,0,0.06953125,4,0.06226128472222222,0,0,0
float32-round-even,fx-ov-bg-3d-shapes,"0.3,0.9,1.5,2.1",13.133485243055556,124,12.945290798611111,126,11.836219618055555,124,0,0
float32-round-even,fx-ov-bg-blue-hearts,,0.019097222222222224,0,0.030750868055555554,0,0.07654079861111111,0,0,0
float32-round-even,fx-ov-bg-blue-smoke,,0.019032118055555554,0,0.0109375,0,0.022894965277777776,0,0,0
float32-round-even,fx-ov-bg-golden-band,,0.008116319444444445,0,0.005772569444444445,0,0.0045138888888888885,0,0,0
float32-round-even,fx-ov-bg-light-wall,,0.03292100694444444,0,0.040928819444444445,4,0.042252604166666666,0,0,0
float32-round-even,fx-ov-bg-pastel-ink,,0.012000868055555556,0,0.06493055555555556,4,0.04952256944444444,0,0,0
float32-round-even,fx-ov-bg-pink-bokeh,,0.05416666666666667,0,0.019835069444444443,0,0.04216579861111111,0,0,0
float32-round-even,fx-ov-bg-pink-gradient,,0.0020833333333333333,0,0.017990451388888887,0,0.0681640625,0,0,0
float32-round-even,fx-ov-bg-purple-smoke,,0.025802951388888887,0,0.008485243055555555,0,0.04353298611111111,0,0,0
float32-round-even,fx-ov-bg-red-hearts,,0.02183159722222222,0,0.00078125,0,0.0007161458333333333,0,0,0
float32-round-even,fx-ov-bg-soft-gradient,,0.06134982638888889,0,0,0,0.016145833333333335,0,0,0
float32-round-even,fx-ov-bokeh-blue,,0.03767361111111111,0,0.03704427083333333,0,0.05970052083333333,0,0,0
float32-round-even,fx-ov-bokeh-gold,,0.057703993055555555,0,0.04939236111111111,4,0.05112847222222222,0,0,0
float32-round-even,fx-ov-bokeh-pink,,0.04869791666666667,0,0.030230034722222222,0,0.05757378472222222,0,0,0
float32-round-even,fx-ov-bokeh-rainbow,,0.03767361111111111,0,0.0453125,4,0.05659722222222222,0,0,0
float32-round-even,fx-ov-bubbles,,0.033919270833333334,0,0.021809895833333332,0,0.035590277777777776,0,0,0
float32-round-even,fx-ov-burnt-edges,,0.10212673611111112,8,0.1166015625,4,0.05572916666666667,0,0,0
float32-round-even,fx-ov-confetti,,0.08283420138888889,8,0.06872829861111111,4,0.05520833333333333,0,0,0
float32-round-even,fx-ov-el-lightning,0.9,3.0803602430555554,66,2.922482638888889,69,3.2069661458333334,75,0,0
float32-round-even,fx-ov-el-moon,,0.051106770833333336,0,0.05138888888888889,4,0.05227864583333333,0,0,0
float32-round-even,fx-ov-el-scan-line,,0.04010416666666667,0,0.049305555555555554,4,0.04631076388888889,0,0,0
float32-round-even,fx-ov-el-smoke-puff,,0.13407118055555556,8,0.12000868055555555,4,0.08396267361111111,8,0,0
float32-round-even,fx-ov-el-speed-lines,,0.05490451388888889,0,0.05364583333333333,4,0.05490451388888889,0,0,0
float32-round-even,fx-ov-el-stars-rating,,0.07660590277777778,0,0.06328125,4,0.051323784722222224,0,0,0
float32-round-even,fx-ov-embers,,0.1451171875,8,0.12263454861111112,4,0.10572916666666667,8,0,0
float32-round-even,fx-ov-film-dust,"0.3,0.9,1.5,2.1",5.514908854166666,17,5.60390625,17,5.550325520833334,17,0,0
float32-round-even,fx-ov-fireflies,,0.18463541666666666,8,0.12196180555555555,4,0.0802951388888889,0,0,0
float32-round-even,fx-ov-flare-blue,,0.16419270833333333,8,0.1567925347222222,4,0.13838975694444444,8,0,0
float32-round-even,fx-ov-flare-gold,,0.15425347222222222,8,0.1275390625,4,0.09246961805555555,8,0,0
float32-round-even,fx-ov-fog-blue,,0.141015625,8,0.12797309027777778,4,0.11974826388888889,8,0,0
float32-round-even,fx-ov-fog-pink,,0.13235677083333333,8,0.12838541666666667,4,0.1193359375,8,0,0
float32-round-even,fx-ov-fog-white,,0.07354600694444445,0,0.06940104166666666,4,0.07534722222222222,0,0,0
float32-round-even,fx-ov-frame-film,,0.06204427083333333,0,0.051844618055555555,4,0.05297309027777778,0,0,0
float32-round-even,fx-ov-frame-grid,,0.08053385416666667,0,0.06631944444444444,4,0.05262586805555555,0,0,0
float32-round-even,fx-ov-frame-neon-blue,,0.15503472222222223,8,0.13841145833333332,4,0.14212239583333333,8,0,0
float32-round-even,fx-ov-frame-neon-gold,,0.1383029513888889,8,0.11087239583333333,4,0.07953559027777778,0,0,0
float32-round-even,fx-ov-frame-neon-green,,0.048980034722222225,0,0.09162326388888889,4,0.08276909722222223,8,0,0
float32-round-even,fx-ov-frame-neon-pink,,0.06052517361111111,0,0.07413194444444444,4,0.07259114583333333,0,0,0
float32-round-even,fx-ov-frame-polaroid,,0.07586805555555555,0,0.05457899305555555,4,0.06664496527777777,0,0,0
float32-round-even,fx-ov-frame-rec,,0.032378472222222225,0,0.0193359375,0,0.03359375,0,0,0
float32-round-even,fx-ov-frame-vignette,,0.09891493055555556,8,0.09338107638888889,4,0.09116753472222222,8,0,0
float32-round-even,fx-ov-galaxy,,0.05238715277777778,0,0.046484375,4,0.048003472222222225,0,0,0
float32-round-even,fx-ov-glitter,,0.07228732638888889,0,0.05583767361111111,4,0.05180121527777778,0,0,0
float32-round-even,fx-ov-glitter-rain,,0.1567925347222222,8,0.13559027777777777,4,0.14871961805555556,8,0,0
float32-round-even,fx-ov-gold-dust,,0.040364583333333336,0,0.037651909722222224,0,0.0396484375,0,0,0
float32-round-even,fx-ov-grain,"0.3,0.9,1.5,2.1",19.094683159722223,58,19.170399305555556,56,19.094683159722223,58,0,0
float32-round-even,fx-ov-halftone,,0.04600694444444445,0,0.029253472222222222,0,0.037934027777777775,0,0,0
float32-round-even,fx-ov-hearts-pink,"0.3,0.9,1.5,2.1",1.9763237847222221,90,0.5134114583333333,20,1.2639105902777779,74,0,0
float32-round-even,fx-ov-hearts-red,"0.3,0.9,1.5,2.1",1.9763237847222221,90,0.5447265625,20,0.6171657986111111,25,0,0
float32-round-even,fx-ov-leak-blue,,0.09351128472222223,8,0.08838975694444444,4,0.08884548611111111,8,0,0
float32-round-even,fx-ov-leak-green,,0.056163194444444446,0,0.07013888888888889,4,0.05559895833333333,0,0,0
float32-round-even,fx-ov-leak-pink,,0.12337239583333333,8,0.13828125,4,0.13470052083333334,8,0,0
float32-round-even,fx-ov-leak-purple,,0.06449652777777778,0,0.05703125,4,0.0685546875,0,0,0
float32-round-even,fx-ov-leak-red,,0.06417100694444444,0,0.05703125,4,0.05568576388888889,0,0,0
float32-round-even,fx-ov-leak-warm,,0.10314670138888889,8,0.09108072916666667,4,0.07428385416666666,0,0,0
float32-round-even,fx-ov-light-streaks,"0.3,0.9,1.5,2.1",4.349565972222222,107,5.733138020833334,134,7.1978515625,173,0,0
float32-round-even,fx-ov-lightning,,0.07938368055555556,0,0.06551649305555556,4,0.08059895833333333,0,0,0
float32-round-even,fx-ov-magic-dust,,0.05462239583333333,0,0.046158854166666666,4,0.09144965277777778,8,0,0
float32-round-even,fx-ov-neon-hearts,,0.04027777777777778,0,0.03589409722222222,0,0.03517795138888889,0,0,0
float32-round-even,fx-ov-neon-ring,,0.04008246527777778,0,0.04021267361111111,0,0.039952256944444445,0,0,0
float32-round-even,fx-ov-paper,,0.12534722222222222,8,0.08977864583333334,4,0.07764756944444444,0,0,0
float32-round-even,fx-ov-prism-flare,,0.11731770833333334,8,0.10412326388888889,4,0.075,0,0,0
float32-round-even,fx-ov-rain,,0.15440538194444445,8,0.16549479166666667,4,0.20831163194444444,8,0,0
float32-round-even,fx-ov-rainbow,,0.11128472222222222,8,0.11399739583333333,4,0.07936197916666667,0,0,0
float32-round-even,fx-ov-sc-aurora,,0.006553819444444445,0,0.01955295138888889,0,0.019813368055555555,0,0,0
float32-round-even,fx-ov-sc-clouds,,0.024348958333333334,0,0.035416666666666666,0,0.0857204861111111,8,0,0
float32-round-even,fx-ov-sc-milky-way,,0.01838107638888889,0,0.0126953125,0,0.018836805555555555,0,0,0
float32-round-even,fx-ov-sc-moon-dunes,,0.010677083333333334,0,0.0115234375,0,0.0181640625,0,0,0
float32-round-even,fx-ov-sc-ocean,,0.037369791666666666,0,0.06432291666666666,4,0.053276909722222224,0,0,0
float32-round-even,fx-ov-sc-shooting-stars,,0.39622395833333335,8,0.4073350694444444,4,0.4258029513888889,8,0,0
float32-round-even,fx-ov-sc-snowy-night,,0.04876302083333333,0,0.03767361111111111,0,0.06189236111111111,0,0,0
float32-round-even,fx-ov-sc-sunset-sea,,0.031684027777777776,0,0.028732638888888887,0,0.02894965277777778,0,0,0
float32-round-even,fx-ov-smoke,,0.0609375,0,0.058441840277777775,4,0.058333333333333334,0,0,0
float32-round-even,fx-ov-snow,,0.03871527777777778,0,0.03274739583333333,0,0.030360243055555555,0,0,0
float32-round-even,fx-ov-sparkle-blue,,0.03498263888888889,0,0.033854166666666664,0,0.0435546875,0,0,0
float32-round-even,fx-ov-sparkle-pink,,0.037434895833333336,0,0.03220486111111111,0,0.04370659722222222,0,0,0
float32-round-even,fx-ov-sparkle-white,,0.08263888888888889,0,0.06573350694444445,4,0.0654296875,0,0,0
float32-round-even,fx-ov-sparks,,0.06861979166666667,0,0.0689453125,4,0.05618489583333333,0,0,0
float32-round-even,fx-ov-spotlight,,0.08350694444444444,0,0.07185329861111112,4,0.0818142361111111,8,0,0
float32-round-even,fx-ov-stage-lights,,0.041102430555555555,0,0.03947482638888889,0,0.03962673611111111,0,0,0
float32-round-even,fx-ov-stars,,0.08888888888888889,0,0.08519965277777777,0,0.08298611111111111,0,0,0
float32-round-even,fx-ov-sun-rays,,0.11427951388888889,8,0.10753038194444445,4,0.10857204861111111,8,0,0
float32-round-even,fx-ov-swirl,,0.03713107638888889,0,0.035481770833333336,0,0.037434895833333336,0,0,0
float32-round-even,fx-ov-tr-colour-wipe,,0.0876736111111111,8,0.0849609375,4,0.08240017361111111,0,0,0
float32-round-even,fx-ov-tr-diamond,,0.06872829861111111,0,0.05759548611111111,4,0.06345486111111111,0,0,0
float32-round-even,fx-ov-tr-fire-wipe,,0.052473958333333334,0,0.05036892361111111,4,0.040538194444444446,0,0,0
float32-round-even,fx-ov-tr-glow-blob,,0.007335069444444444,0,0.009526909722222223,0,0.010503472222222223,0,0,0
float32-round-even,fx-ov-tr-ink,,0.01953125,0,0.015538194444444445,0,0.010525173611111112,0,0,0
float32-round-even,fx-ov-tr-iris,,0.07938368055555556,0,0.05759548611111111,4,0.06345486111111111,0,0,0
float32-round-even,fx-ov-tr-light-burst,"0.3,0.9,1.5,2.1",9.340581597222222,107,8.353407118055555,93,8.408333333333333,91,0,0
float32-round-even,fx-ov-tr-scribble,"0.3,0.9,1.5,2.1",21.122526041666667,222,7.49296875,73,14.561197916666666,164,0,0
float32-round-even,fx-ov-tr-shape-pop,,0.06529947916666666,0,0.0521484375,4,0.050520833333333334,0,0,0
float32-round-even,fx-ov-tr-stripes,,0.08131510416666667,0,0.07903645833333334,4,0.07191840277777778,0,0,0
float32-round-even,fx-ov-vhs,"0.3,0.9,1.5,2.1",6.563411458333333,24,6.5671875,20,6.587087673611111,24,0,0
float32-round-even,fx-ov-wash-gold,,0.10425347222222223,8,0.08541666666666667,4,0.06228298611111111,0,0,0
float32-round-even,fx-ov-wash-neon,,0.10594618055555556,8,0.08732638888888888,4,0.06315104166666667,0,0,0
float32-round-even,fx-ov-wash-ocean,,0.1017795138888889,8,0.07667100694444444,4,0.15132378472222222,8,0,0
float32-round-even,fx-ov-wash-rose,,0.10447048611111111,8,0.08276909722222223,4,0.07131076388888889,0,0,0
float32-round-even,fx-ov-wash-sunset,,0.10447048611111111,8,0.08639322916666667,4,0.06228298611111111,0,0,0
float32-round-even,fx-pb-bead-art,,0.11202256944444444,0,0.10850694444444445,4,0.09442274305555555,0,0,0
float32-round-even,fx-pb-flip-phone,,0.06388888888888888,0,0.046375868055555554,4,0.04789496527777778,0,0,0
float32-round-even,fx-pb-game-boy,,0.040364583333333336,0,0.06801215277777778,4,0.028059895833333334,0,0,0
float32-round-even,fx-pb-losing-hp,,0.09574652777777778,8,0.08444010416666667,4,0.0927734375,8,0,0
float32-round-even,fx-pb-misty-tint,,0.07766927083333333,0,0.0798611111111111,4,0.07621527777777778,0,0,0
float32-round-even,fx-pb-pixel-breakdown,,0.25581597222222224,0,0.2623480902777778,4,0.2569444444444444,0,0,0
float32-round-even,fx-pb-pixel-creation,1.5,1.5737413194444445,49,1.4989366319444444,45,1.3894097222222221,41,0,0
float32-round-even,fx-pb-pixel-dissolve,,0.11812065972222222,8,0.09611545138888888,4,0.1,8,0,0
float32-round-even,fx-pb-pixel-rain,,0.13305121527777777,8,0.13174913194444443,4,0.13038194444444445,8,0,0
float32-round-even,fx-pb-pixel-scan,,0.06401909722222222,0,0.059092881944444446,4,0.058094618055555554,0,0,0
float32-round-even,fx-pb-popping-bow,,0.09463975694444444,8,0.13589409722222223,4,0.043055555555555555,0,0,0
float32-round-even,fx-pb-sweet-party,"0.3,0.9,1.5,2.1",5.695421006944445,165,3.5781901041666666,137,3.530403645833333,124,0,0
float32-round-even,fx-pencil-sketch,,0.2946831597222222,8,0.29424913194444446,4,0.3003472222222222,8,0,0
float32-round-even,fx-petals,,0.06414930555555555,0,0.049891493055555555,4,0.04934895833333333,0,0,0
float32-round-even,fx-phone-spin,,0.043858506944444445,0,0.03517795138888889,0,0.02892795138888889,0,0,0
float32-round-even,fx-pixel-breakdown,,0.1763237847222222,8,0.19242621527777778,4,0.18444010416666667,8,0,0
float32-round-even,fx-pixel-glitch,,0.08795572916666666,8,0.0833984375,4,0.07543402777777777,0,0,0
float32-round-even,fx-pixel-scan,,0.0884765625,8,0.08370225694444444,4,0.08617621527777777,8,0,0
float32-round-even,fx-pixel-sort,,0.1956814236111111,8,0.18422309027777778,4,0.20436197916666668,8,0,0
float32-round-even,fx-pixelate,,0.09828559027777778,8,0.10418836805555555,4,0.09388020833333334,8,0,0
float32-round-even,fx-rainbow-leak,,0.0619140625,0,0.059071180555555554,4,0.052083333333333336,0,0,0
float32-round-even,fx-rgb-panes,,0.20217013888888888,8,0.2766927083333333,4,0.26953125,8,0,0
float32-round-even,fx-rgb-split,,0.13969184027777778,8,0.07046440972222222,4,0.08943142361111112,8,0,0
float32-round-even,fx-scanline-jitter,,0.09893663194444445,8,0.09340277777777778,4,0.09973958333333334,8,0,0
float32-round-even,fx-scribble-frame,,0.08118489583333334,0,0.07797309027777778,4,0.07174479166666667,0,0,0
float32-round-even,fx-sepia-flicker,,0.1232638888888889,8,0.10540364583333334,4,0.08168402777777778,0,0,0
float32-round-even,fx-seventies,"0.3,0.9,1.5",4.868098958333333,17,5.144986979166666,16,5.206814236111111,17,0,0
float32-round-even,fx-shake,"0.3,1.5,2.1",7.134288194444444,65,7.027061631944444,65,7.201736111111111,74,0,0
float32-round-even,fx-shutter,,0.06675347222222222,0,0.060698784722222225,4,0.05559895833333333,0,0,0
float32-round-even,fx-signal-loss,"0.9,2.1",14.636827256944445,148,14.598567708333333,150,14.628428819444444,148,0,0
float32-round-even,fx-slide-reveal,,0.1654730902777778,8,0.13246527777777778,4,0.09431423611111112,8,0,0
float32-round-even,fx-snowfall,"0.3,0.9,1.5,2.1",1.7237196180555556,50,1.8646918402777777,57,2.0658203125,65,0,0
float32-round-even,fx-sparkler,,0.12647569444444445,8,0.12180989583333333,4,0.1300564236111111,8,0,0
float32-round-even,fx-spin,,0.10088975694444445,8,0.09212239583333333,4,0.07760416666666667,0,0,0
float32-round-even,fx-spin-blur,,0.09292534722222222,8,0.08489583333333334,4,0.07300347222222223,0,0,0
float32-round-even,fx-spin-card,,0.10149739583333334,8,0.09320746527777778,4,0.09016927083333333,8,0,0
float32-round-even,fx-spiral-tunnel,,0.10583767361111111,8,0.09782986111111111,4,0.08732638888888888,8,0,0
float32-round-even,fx-split-2,,0.07348090277777777,0,0.06475694444444445,4,0.07222222222222222,0,0,0
float32-round-even,fx-split-3,,0.09680989583333334,8,0.08795572916666666,4,0.08776041666666666,8,0,0
float32-round-even,fx-spray-neon,,0.2492404513888889,8,0.15342881944444445,4,0.11343315972222222,8,0,0
float32-round-even,fx-st-billboard,,0.03806423611111111,0,0.03435329861111111,0,0.03630642361111111,0,0,0
float32-round-even,fx-st-card-deck,,0.07081163194444444,0,0.07152777777777777,4,0.06312934027777778,0,0,0
float32-round-even,fx-st-fanned-cards,,0.06156684027777778,0,0.05251736111111111,4,0.04435763888888889,0,0,0
float32-round-even,fx-st-film-strip,"0.9,1.5,2.1",1.3596354166666667,17,1.1774956597222221,12,0.8879991319444445,9,0,0
float32-round-even,fx-st-glass-card,,0.081640625,0,0.07999131944444444,4,0.06540798611111111,0,0,0
float32-round-even,fx-st-phone-3d,,0.06260850694444445,0,0.06030815972222222,4,0.056966145833333336,0,0,0
float32-round-even,fx-st-polaroid,,0.09303385416666667,8,0.08489583333333334,4,0.07348090277777777,0,0,0
float32-round-even,fx-st-retro-tv,1.5,0.3975694444444444,9,0.3724609375,4,0.3052517361111111,8,0,0
float32-round-even,fx-stack-2,,0.087109375,8,0.08042534722222222,4,0.07799479166666666,0,0,0
float32-round-even,fx-star-pop,,0.0806640625,0,0.07282986111111112,4,0.05538194444444444,0,0,0
float32-round-even,fx-star-rush,"0.3,0.9,1.5,2.1",6.746050347222222,148,7.463346354166666,166,8.17267795138889,181,0,0
float32-round-even,fx-starburst,,0.09173177083333334,8,0.08561197916666667,4,0.0755859375,0,0,0
float32-round-even,fx-sunbeam,,0.07332899305555556,0,0.0646701388888889,4,0.0736328125,0,0,0
float32-round-even,fx-swing,,0.1044921875,8,0.09008246527777777,4,0.07819010416666666,0,0,0
float32-round-even,fx-swing-card,,0.10991753472222222,8,0.09893663194444445,4,0.09848090277777778,8,0,0
float32-round-even,fx-swirl,,0.14244791666666667,8,0.14249131944444443,4,0.12990451388888888,8,0,0
float32-round-even,fx-the-end,,0.05677083333333333,0,0.04997829861111111,4,0.048567708333333334,0,0,0
float32-round-even,fx-tilt-shift,,0.11165364583333333,8,0.11009114583333333,4,0.09164496527777778,8,0,0
float32-round-even,fx-tiny-planet,,0.14765625,8,0.13713107638888888,4,0.12899305555555557,8,0,0
float32-round-even,fx-to-colour,,0.12150607638888888,8,0.11762152777777778,4,0.10542534722222222,8,0,0
float32-round-even,fx-torn-reveal,,0.07808159722222222,0,0.07376302083333333,4,0.06879340277777778,0,0,0
float32-round-even,fx-toy-bricks,,0.1150173611111111,8,0.10366753472222222,4,0.08739149305555556,8,0,0
float32-round-even,fx-tr-black-fade,,0.19485677083333333,8,0.22068142361111112,4,0.23561197916666668,8,0,0
float32-round-even,fx-tr-blinds,,0.07957899305555556,0,0.06729600694444444,4,0.06134982638888889,0,0,0
float32-round-even,fx-tr-blink,,0.10062934027777778,8,0.10299479166666667,4,0.102734375,8,0,0
float32-round-even,fx-tr-blur,,0.09372829861111111,8,0.08348524305555556,4,0.07697482638888889,0,0,0
float32-round-even,fx-tr-circle,,0.04982638888888889,0,0.04136284722222222,4,0.04789496527777778,0,0,0
float32-round-even,fx-tr-clock,,0.09448784722222223,8,0.09826388888888889,4,0.09898003472222222,8,0,0
float32-round-even,fx-tr-cutout-scan,,0.10279947916666667,8,0.10171440972222222,4,0.09244791666666667,8,0,0
float32-round-even,fx-tr-diamond,,0.048111979166666666,0,0.0421875,4,0.045811631944444445,0,0,0
float32-round-even,fx-tr-doors,,0.04544270833333333,0,0.043467881944444446,4,0.04544270833333333,0,0,0
float32-round-even,fx-tr-fake-zoom,,0.1410590277777778,8,0.13101128472222223,4,0.14055989583333334,8,0,0
float32-round-even,fx-tr-film-burn,,0.05015190972222222,0,0.04496527777777778,4,0.04299045138888889,0,0,0
float32-round-even,fx-tr-flare,,0.29672309027777777,8,0.11091579861111112,4,0.10186631944444445,8,0,0
float32-round-even,fx-tr-flash-zoom,,0.17465277777777777,8,0.13676215277777778,4,0.14659288194444445,8,0,0
float32-round-even,fx-tr-glare,,0.066796875,0,0.06312934027777778,4,0.06032986111111111,0,0,0
float32-round-even,fx-tr-glitch,,0.12740885416666667,8,0.07131076388888889,4,0.09479166666666666,8,0,0
float32-round-even,fx-tr-heart,,0.09470486111111111,8,0.09422743055555556,4,0.09301215277777777,8,0,0
float32-round-even,fx-tr-heat-flicks,,0.07059461805555556,0,0.0521484375,4,0.04576822916666667,0,0,0
float32-round-even,fx-tr-heatwave-flash,,0.16408420138888888,8,0.14819878472222223,4,0.13480902777777778,8,0,0
float32-round-even,fx-tr-kaleido,,0.1736545138888889,8,0.18255208333333334,4,0.1882595486111111,8,0,0
float32-round-even,fx-tr-mix,,0.09188368055555556,8,0.07452256944444445,4,0.0833984375,8,0,0
float32-round-even,fx-tr-panel-clasp,,0.09448784722222223,8,0.09819878472222222,4,0.09915364583333333,8,0,0
float32-round-even,fx-tr-pixelate,,0.08602430555555556,8,0.07964409722222222,4,0.10125868055555555,8,0,0
float32-round-even,fx-tr-pull-in,,0.16015625,8,0.13090277777777778,4,0.13517795138888888,8,0,0
float32-round-even,fx-tr-pull-out,,0.09444444444444444,8,0.08187934027777778,4,0.08068576388888889,0,0,0
float32-round-even,fx-tr-rgb-split,,0.1685763888888889,8,0.14351128472222222,4,0.10933159722222222,8,0,0
float32-round-even,fx-tr-ripple,,0.15983072916666666,8,0.161328125,4,0.1706814236111111,8,0,0
float32-round-even,fx-tr-rotate-ccw,,0.11299913194444444,8,0.07176649305555556,4,0.08057725694444444,0,0,0
float32-round-even,fx-tr-rotate-cw,,0.1583767361111111,8,0.13274739583333334,4,0.10616319444444444,8,0,0
float32-round-even,fx-tr-shake,,0.1513671875,8,0.12048611111111111,4,0.10538194444444444,8,0,0
float32-round-even,fx-tr-slam-merge,,0.15112847222222223,8,0.14635416666666667,4,0.11341145833333334,8,0,0
float32-round-even,fx-tr-slide-down,,0.142578125,8,0.12875434027777777,4,0.1107421875,8,0,0
float32-round-even,fx-tr-slide-left,,0.19036458333333334,8,0.17903645833333334,4,0.16529947916666668,8,0,0
float32-round-even,fx-tr-slide-right,,0.11764322916666667,8,0.227734375,4,0.11764322916666667,8,0,0
float32-round-even,fx-tr-slide-up,,0.16536458333333334,8,0.16809895833333333,4,0.1447482638888889,8,0,0
float32-round-even,fx-tr-squeeze,,0.06545138888888889,0,0.062413194444444445,4,0.06712239583333333,0,0,0
float32-round-even,fx-tr-star,,0.05635850694444444,0,0.05700954861111111,4,0.06221788194444444,0,0,0
float32-round-even,fx-tr-stripes,,0.04526909722222222,0,0.04338107638888889,4,0.04526909722222222,0,0,0
float32-round-even,fx-tr-swirl,,0.11193576388888889,8,0.101171875,4,0.10553385416666666,8,0,0
float32-round-even,fx-tr-vertical-blur,,0.07669270833333333,0,0.07562934027777778,4,0.07341579861111111,0,0,0
float32-round-even,fx-tr-whip-down,,0.1486328125,8,0.14242621527777777,4,0.14242621527777777,8,0,0
float32-round-even,fx-tr-whip-left,,0.1642578125,8,0.15635850694444445,4,0.16319444444444445,8,0,0
float32-round-even,fx-tr-whip-right,,0.1257595486111111,8,0.10069444444444445,4,0.11536458333333334,8,0,0
float32-round-even,fx-tr-whip-up,,0.19301215277777778,8,0.20655381944444445,4,0.19301215277777778,8,0,0
float32-round-even,fx-tr-white-flash,,0.1681640625,8,0.055577256944444445,4,0.0652126736111111,0,0,0
float32-round-even,fx-tr-zoom-spin,,0.09997829861111111,8,0.10687934027777778,4,0.10277777777777777,8,0,0
float32-round-even,fx-tr-zoom-swipe,,0.1125217013888889,8,0.09850260416666666,4,0.09678819444444445,8,0,0
float32-round-even,fx-tunnel,,0.12369791666666667,8,0.1300564236111111,4,0.10757378472222222,8,0,0
float32-round-even,fx-vertical-open,,0.06675347222222222,0,0.060698784722222225,4,0.05559895833333333,0,0,0
float32-round-even,fx-vhs,"0.3,0.9,1.5,2.1",4.585373263888889,17,4.598394097222222,13,4.601540798611111,17,0,0
float32-round-even,fx-vhs-rewind,"0.3,0.9,1.5",6.374262152777778,17,6.4146484375,17,6.412087673611111,17,0,0
float32-round-even,fx-vignette,"0.3,0.9,1.5,2.1",9.32341579861111,25,9.385590277777778,29,9.297330729166667,25,0,0
float32-round-even,fx-white-flash,,0.08665364583333333,8,0.10171440972222222,4,0.0572265625,0,0,0
float32-round-even,fx-zoom-intro,,0.144140625,8,0.13891059027777777,4,0.13289930555555557,8,0,0
float32-round-even,fx-zoom-lens,,0.09401041666666667,8,0.08980034722222222,4,0.08802083333333334,8,0,0
float32-round-even,fx-zoom-pulse,,0.14793836805555555,8,0.14466145833333333,4,0.13231336805555555,8,0,0
float32-round-even-staged,fx-bad-tv,"0.3,0.9,1.5,2.1",7.231032986111111,25,7.260980902777778,21,7.270355902777778,25,0,0
float32-round-even-staged,fx-balloons,,0.052018229166666666,0,0.046440972222222224,4,0.056206597222222224,0,0,0
float32-round-even-staged,fx-beads,,0.06130642361111111,0,0.053233506944444446,4,0.04822048611111111,0,0,0
float32-round-even-staged,fx-beat-zoom,,0.07706163194444444,0,0.07369791666666667,4,0.072265625,0,0,0
float32-round-even-staged,fx-blink,,0.09513888888888888,8,0.04314236111111111,4,0.1154513888888889,8,0,0
float32-round-even-staged,fx-bloom,,0.10813802083333333,8,0.128515625,4,0.11117621527777778,8,0,0
float32-round-even-staged,fx-blur,,0.08650173611111112,8,0.0759548611111111,4,0.05572916666666667,0,0,0
float32-round-even-staged,fx-blur-in,,0.11187065972222222,8,0.10217013888888889,4,0.08802083333333334,8,0,0
float32-round-even-staged,fx-blur-out,,0.1025390625,8,0.09867621527777778,4,0.08489583333333334,8,0,0
float32-round-even-staged,fx-bokeh,,0.09748263888888889,8,0.09283854166666666,4,0.09125434027777778,8,0,0
float32-round-even-staged,fx-bounce,,0.09691840277777777,8,0.09411892361111111,4,0.09292534722222222,8,0,0
float32-round-even-staged,fx-bubbles,,0.07634548611111111,0,0.06981336805555556,4,0.0661892361111111,0,0,0
float32-round-even-staged,fx-camera-focus,,0.08511284722222222,8,0.0720486111111111,4,0.06642795138888889,0,0,0
float32-round-even-staged,fx-camera-shake,,0.15716145833333334,8,0.15106336805555556,4,0.13977864583333333,8,0,0
float32-round-even-staged,fx-carousel,"0.3,0.9,1.5,2.1",0.9611762152777777,9,0.9320095486111111,12,0.9256510416666667,9,0,0
float32-round-even-staged,fx-cc-bg-copies,,0.23830295138888888,8,0.20438368055555556,4,0.16375868055555556,8,0,0
float32-round-even-staged,fx-cc-black-flash,,0.098828125,8,0.0884765625,4,0.07706163194444444,0,0,0
float32-round-even-staged,fx-cc-border-current,,0.071875,0,0.065625,4,0.06796875,0,0,0
float32-round-even-staged,fx-cc-butterfly,,0.11063368055555556,8,0.08949652777777778,4,0.09854600694444444,8,0,0
float32-round-even-staged,fx-cc-butterfly-dream,,0.08687065972222222,8,0.07098524305555555,4,0.0763671875,0,0,0
float32-round-even-staged,fx-cc-bw-slider,,0.11703559027777778,8,0.13059895833333332,4,0.11371527777777778,8,0,0
float32-round-even-staged,fx-cc-camera-punch,,0.09822048611111112,8,0.09546440972222223,4,0.09105902777777777,8,0,0
float32-round-even-staged,fx-cc-chromatic,,0.1150390625,8,0.11799045138888889,4,0.3712022569444444,8,0,0
float32-round-even-staged,fx-cc-color-pixel,0.3,0.3397352430555556,9,0.2224609375,4,0.23891059027777778,8,0,0
float32-round-even-staged,fx-cc-cut-twist,,0.131640625,8,0.12378472222222223,4,0.11701388888888889,8,0,0
float32-round-even-staged,fx-cc-damaged-vignette,,0.04826388888888889,0,0.06597222222222222,4,0.03532986111111111,0,0,0
float32-round-even-staged,fx-cc-dance-flash,,0.3546875,8,0.24720052083333333,4,0.2777777777777778,8,0,0
float32-round-even-staged,fx-cc-diamond-zoom,,0.12684461805555555,8,0.1334201388888889,4,0.1304253472222222,8,0,0
float32-round-even-staged,fx-cc-dynamic-blur,,0.08337673611111111,8,0.07838541666666667,4,0.08168402777777778,0,0,0
float32-round-even-staged,fx-cc-exploding-love,"0.3,0.9,2.1",8.513237847222221,140,4.1546006944444445,69,3.8818359375,58,0,0
float32-round-even-staged,fx-cc-falling-petals,,0.09251302083333333,0,0.07610677083333334,4,0.0661892361111111,0,0,0
float32-round-even-staged,fx-cc-feverish,0.9,6.622482638888889,17,18.372135416666666,29,14.506727430555555,25,0,0
float32-round-even-staged,fx-cc-film-wave,,0.14396701388888888,8,0.13585069444444445,4,0.1265842013888889,8,0,0
float32-round-even-staged,fx-cc-firefly,"0.3,0.9,1.5,2.1",6.901540798611111,107,6.025651041666666,97,2.9912977430555556,49,0,0
float32-round-even-staged,fx-cc-handheld,,0.11343315972222222,8,0.10375434027777777,4,0.08973524305555555,8,0,0
float32-round-even-staged,fx-cc-heart-ascent,"0.3,0.9,1.5,2.1",1.7548177083333334,41,0.9597005208333333,45,1.0801432291666666,25,0,0
float32-round-even-staged,fx-cc-hex-split,"0.3,0.9,1.5,2.1",7.8083984375,99,7.203689236111111,93,6.4599609375,82,0,0
float32-round-even-staged,fx-cc-ink-spill,,0.10416666666666667,8,0.09839409722222223,4,0.10416666666666667,8,0,0
float32-round-even-staged,fx-cc-leak-neon,,0.0812717013888889,0,0.0793185763888889,4,0.0671875,0,0,0
float32-round-even-staged,fx-cc-leak-warm,,0.11295572916666667,8,0.10065104166666666,4,0.10388454861111111,8,0,0
float32-round-even-staged,fx-cc-misty-tint,,0.10863715277777777,8,0.1138671875,4,0.11046006944444445,8,0,0
float32-round-even-staged,fx-cc-move-cloud,,0.08370225694444444,8,0.071875,4,0.07727864583333334,0,0,0
float32-round-even-staged,fx-cc-pixel-art,,0.22660590277777778,8,0.26360677083333334,4,0.14144965277777777,8,0,0
float32-round-even-staged,fx-cc-pixel-blocks,,0.13036024305555555,8,0.11842447916666667,4,0.09754774305555555,8,0,0
float32-round-even-staged,fx-cc-pixel-mutant,0.9,3.7373480902777776,107,3.792751736111111,117,3.833029513888889,107,0,0
float32-round-even-staged,fx-cc-pixel-universe,,0.07274305555555556,0,0.05785590277777778,4,0.0513671875,0,0,0
float32-round-even-staged,fx-cc-rain,,0.08641493055555556,8,0.07328559027777778,4,0.09086371527777778,8,0,0
float32-round-even-staged,fx-cc-rebound-swing,,0.1325954861111111,8,0.12272135416666667,4,0.10909288194444444,8,0,0
float32-round-even-staged,fx-cc-retro-flicker,"0.3,0.9,1.5,2.1",11.470638020833333,41,10.924652777777778,40,10.27734375,33,0,0
float32-round-even-staged,fx-cc-ripple,,0.14945746527777778,8,0.14348958333333334,4,0.1320095486111111,8,0,0
float32-round-even-staged,fx-cc-rose-bloom,"0.3,0.9,1.5,2.1",2.9012803819444444,123,1.342165798611111,57,0.9673177083333333,32,0,0
float32-round-even-staged,fx-cc-sepia-cool,"0.3,0.9,1.5,2.1",3.630121527777778,16,3.6303602430555557,12,3.654665798611111,16,0,0
float32-round-even-staged,fx-cc-shimmer-360,,0.10907118055555555,8,0.09765625,4,0.07437065972222222,0,0,0
float32-round-even-staged,fx-cc-shiny-stack,"0.3,0.9,1.5,2.1",17.422048611111112,148,18.309852430555555,150,18.39125434027778,156,0,0
float32-round-even-staged,fx-cc-slash-reveal,"0.3,2.1",5.774348958333333,148,5.701692708333334,142,5.711436631944444,148,0,0
float32-round-even-staged,fx-cc-smoky-focus,,0.07211371527777778,0,0.07029079861111111,4,0.064453125,0,0,0
float32-round-even-staged,fx-cc-snow-night,,0.15421006944444443,8,0.10334201388888889,4,0.11451822916666667,8,0,0
float32-round-even-staged,fx-cc-sparkle-shine,,0.07194010416666667,0,0.06453993055555556,4,0.058333333333333334,0,0,0
float32-round-even-staged,fx-cc-stellar,,0.13704427083333334,8,0.11098090277777778,4,0.10657552083333334,8,0,0
float32-round-even-staged,fx-cc-vignette-rose,,0.09097222222222222,8,0.07417534722222222,4,0.0681423611111111,0,0,0
float32-round-even-staged,fx-cc-vintage-film,"0.3,0.9,1.5,2.1",11.765169270833333,42,10.981684027777778,41,9.804991319444444,33,0,0
float32-round-even-staged,fx-cc-wiggle-flicker,"0.3,0.9,1.5,2.1",32.926974826388886,156,33.05201822916667,170,33.53608940972222,189,0,0
float32-round-even-staged,fx-cc-wobbly-flash,,0.11247829861111111,8,0.10271267361111111,4,0.08448350694444444,8,0,0
float32-round-even-staged,fx-chalkboard,,0.2657335069444444,8,0.26705729166666664,4,0.2711588541666667,8,0,0
float32-round-even-staged,fx-chroma-wave,,0.16710069444444445,8,0.0984375,4,0.1677734375,8,0,0
float32-round-even-staged,fx-cinema,,0.08580729166666666,8,0.05980902777777778,4,0.07651909722222222,0,0,0
float32-round-even-staged,fx-club-lights,,0.07647569444444445,0,0.0802734375,4,0.06456163194444445,0,0,0
float32-round-even-staged,fx-cmyk-print,"0.3,0.9,1.5,2.1",0.6306857638888889,9,2.1123914930555556,45,2.108420138888889,49,0,0
float32-round-even-staged,fx-colorize,,0.09435763888888889,8,0.07758246527777778,4,0.054036458333333336,0,0,0
float32-round-even-staged,fx-colour-cycle,,0.15013020833333332,8,0.13289930555555557,4,0.14561631944444445,8,0,0
float32-round-even-staged,fx-comic-print,,0.12092013888888889,8,0.14967447916666668,4,0.10023871527777778,0,0,0
float32-round-even-staged,fx-confetti,,0.05733506944444444,0,0.050520833333333334,4,0.052734375,0,0,0
float32-round-even-staged,fx-confetti-burst,"0.3,0.9,1.5,2.1",2.6965928819444445,107,2.4567274305555555,77,2.3826171875,83,0,0
float32-round-even-staged,fx-cr-anamorphic,,0.08309461805555556,8,0.09242621527777778,4,0.07901475694444444,0,0,0
float32-round-even-staged,fx-cr-aurora,,0.09874131944444445,8,0.10735677083333334,4,0.08502604166666666,8,0,0
float32-round-even-staged,fx-cr-camcorder,,0.11605902777777778,8,0.11121961805555555,4,0.10657552083333334,8,0,0
float32-round-even-staged,fx-cr-comic-pop,,0.21384548611111112,8,0.17821180555555555,4,0.13470052083333334,8,0,0
float32-round-even-staged,fx-cr-dreamy,,0.08235677083333333,8,0.08307291666666666,4,0.07955729166666667,0,0,0
float32-round-even-staged,fx-cr-flash-cut,,0.20184461805555556,8,0.18993055555555555,4,0.20381944444444444,8,0,0
float32-round-even-staged,fx-cr-glitter-rain,,0.08289930555555555,0,0.06994357638888889,4,0.05779079861111111,0,0,0
float32-round-even-staged,fx-cr-heart-pulse,,0.09724392361111112,8,0.0970703125,4,0.0812717013888889,0,0,0
float32-round-even-staged,fx-cr-kaleido-bloom,,0.14010416666666667,8,0.13430989583333333,4,0.12230902777777777,8,0,0
float32-round-even-staged,fx-cr-matrix,,0.07897135416666666,0,0.10236545138888889,4,0.08430989583333333,0,0,0
float32-round-even-staged,fx-cr-projector,"0.3,0.9,1.5,2.1",3.0868489583333334,9,2.5116753472222224,8,1.8634765625,9,0,0
float32-round-even-staged,fx-cr-rainbow-prism,,0.08107638888888889,0,0.07100694444444444,4,0.06640625,0,0,0
float32-round-even-staged,fx-cr-rgb-strobe,,0.04754774305555556,0,0.05284288194444445,4,0.03982204861111111,0,0,0
float32-round-even-staged,fx-cr-ring-reveal,,0.06430121527777778,0,0.061263020833333334,4,0.05657552083333333,0,0,0
float32-round-even-staged,fx-cr-signal-lost,"0.3,0.9,1.5,2.1",35.80091145833333,132,41.27536892361111,134,45.416232638888886,148,0,0
float32-round-even-staged,fx-cr-slice-drift,,0.08253038194444444,8,0.07669270833333333,4,0.094921875,8,0,0
float32-round-even-staged,fx-cr-sparkle-burst,"0.3,0.9,1.5,2.1",4.765538194444445,99,4.853949652777778,110,4.330490451388889,107,0,0
float32-round-even-staged,fx-cr-tri-split,"0.3,0.9,1.5,2.1",10.698893229166666,58,10.136588541666667,61,9.741449652777778,74,0,0
float32-round-even-staged,fx-cr-twinkle-sky,,0.09915364583333333,8,0.0896267361111111,4,0.09110243055555556,8,0,0
float32-round-even-staged,fx-cr-zoom-burst,,0.08049045138888888,0,0.08053385416666667,4,0.07927517361111111,0,0,0
float32-round-even-staged,fx-cross-stitch,,0.06276041666666667,0,0.056315104166666664,4,0.09555121527777778,8,0,0
float32-round-even-staged,fx-crystal-ball,,0.1332465277777778,8,0.13363715277777777,4,0.12769097222222223,8,0,0
float32-round-even-staged,fx-ct-astral,,0.10987413194444444,8,0.10885416666666667,4,0.08600260416666666,8,0,0
float32-round-even-staged,fx-ct-background-fit,,0.16918402777777777,8,0.14144965277777777,4,0.10616319444444444,8,0,0
float32-round-even-staged,fx-ct-broken-shine,,0.07120225694444444,0,0.07864583333333333,4,0.07109375,0,0,0
float32-round-even-staged,fx-ct-chaotic-heat,"0.3,0.9,1.5,2.1",29.455794270833334,131,35.31319444444444,154,18.31640625,140,0,0
float32-round-even-staged,fx-ct-cut-shift,"0.3,1.5",7.162912326388889,91,7.589908854166667,93,8.153732638888888,107,0,0
float32-round-even-staged,fx-ct-darken-flash,,0.0724609375,0,0.0730251736111111,4,0.05755208333333333,0,0,0
float32-round-even-staged,fx-ct-delicate-rays,,0.13869357638888888,8,0.1169704861111111,4,0.12482638888888889,8,0,0
float32-round-even-staged,fx-ct-dreamy-halo,,0.08283420138888889,8,0.087109375,4,0.09249131944444444,8,0,0
float32-round-even-staged,fx-ct-edge-glow,,0.14448784722222222,8,0.11048177083333334,4,0.11280381944444444,8,0,0
float32-round-even-staged,fx-ct-effect-mashup,,0.08869357638888889,8,0.08817274305555556,4,0.08179253472222223,0,0,0
float32-round-even-staged,fx-ct-error-quake,"0.3,2.1",21.863368055555554,115,17.897092013888887,113,21.985091145833334,140,0,0
float32-round-even-staged,fx-ct-explosion,,0.08391927083333334,8,0.06809895833333333,4,0.07133246527777778,0,0,0
float32-round-even-staged,fx-ct-fireplace,"0.3,0.9,1.5,2.1",1.914453125,41,1.22890625,28,0.3599826388888889,9,0,0
float32-round-even-staged,fx-ct-game-over,,0.05134548611111111,0,0.047417534722222224,4,0.048111979166666666,0,0,0
float32-round-even-staged,fx-ct-glass-breaking,"0.3,0.9,1.5,2.1",8.291948784722223,107,7.9387803819444445,105,8.436588541666667,107,0,0
float32-round-even-staged,fx-ct-grim-neo,,0.07897135416666666,0,0.0806640625,4,0.07892795138888889,0,0,0
float32-round-even-staged,fx-ct-grim-reaper,,0.053211805555555554,0,0.06779513888888888,4,0.06497395833333333,0,0,0
float32-round-even-staged,fx-ct-hexagonal-spot,,0.2433810763888889,8,0.08090277777777778,4,0.0640625,0,0,0
float32-round-even-staged,fx-ct-lightning-crack,"0.3,1.5",11.745681423611112,148,12.422504340277778,154,13.125043402777777,156,0,0
float32-round-even-staged,fx-ct-magical-tome,,0.07710503472222222,0,0.07003038194444444,4,0.05353732638888889,0,0,0
float32-round-even-staged,fx-ct-narrow-focus,,0.03268229166666667,0,0.03246527777777778,0,0.03268229166666667,0,0,0
float32-round-even-staged,fx-ct-negative,,0.04754774305555556,0,0.045182291666666666,4,0.0396484375,0,0,0
float32-round-even-staged,fx-ct-negative-panels,2.1,47.11137152777778,206,50.107769097222224,223,64.93532986111111,247,0,0
float32-round-even-staged,fx-ct-neon,,0.09205729166666667,8,0.11610243055555555,4,0.10926649305555555,8,0,0
float32-round-even-staged,fx-ct-offset-slice,0.9,7.9469618055555555,148,6.741080729166667,125,6.691818576388889,115,0,0
float32-round-even-staged,fx-ct-phone-cube,,0.06397569444444444,0,0.0632595486111111,4,0.06299913194444444,0,0,0
float32-round-even-staged,fx-ct-phone-zoom,,0.1478515625,8,0.14487847222222222,4,0.13003472222222223,8,0,0
float32-round-even-staged,fx-ct-picture-bumps,,0.10464409722222222,8,0.12057291666666667,4,0.1048828125,8,0,0
float32-round-even-staged,fx-ct-scene-cut,"0.3,0.9,1.5,2.1",94.79646267361112,156,96.15219184027778,158,95.73799913194445,157,0,0
float32-round-even-staged,fx-ct-sharpen-edges,,0.20245225694444444,8,0.1833767361111111,4,0.1849392361111111,8,0,0
float32-round-even-staged,fx-ct-shine-zoom,,0.10286458333333333,8,0.10481770833333333,4,0.09769965277777778,8,0,0
float32-round-even-staged,fx-ct-tension-zoom,,0.09800347222222222,8,0.09715711805555556,4,0.09220920138888888,8,0,0
float32-round-even-staged,fx-ct-vignette-noir,"0.3,0.9,1.5,2.1",3.9774522569444444,17,3.9902994791666666,12,3.9774522569444444,17,0,0
float32-round-even-staged,fx-cube-spin,,0.03962673611111111,0,0.0296875,0,0.031119791666666667,0,0,0
float32-round-even-staged,fx-cube-tumble,,0.034613715277777776,0,0.027408854166666666,0,0.02345920138888889,0,0,0
float32-round-even-staged,fx-curtain,,0.03973524305555556,0,0.03404947916666667,0,0.04559461805555556,0,0,0
float32-round-even-staged,fx-cylinder,,0.09811197916666667,8,0.09509548611111111,4,0.09192708333333334,8,0,0
float32-round-even-staged,fx-datamosh,,0.0900390625,0,0.08350694444444444,4,0.08834635416666667,0,0,0
float32-round-even-staged,fx-dice-roll,,0.0341796875,0,0.018967013888888887,0,0.020290798611111112,0,0,0
float32-round-even-staged,fx-digital-blocks,,0.04754774305555556,0,0.039887152777777775,0,0.05243055555555556,0,0,0
float32-round-even-staged,fx-disco,,0.06916232638888889,0,0.06499565972222222,4,0.06697048611111112,0,0,0
float32-round-even-staged,fx-dust-scratches,,0.14401041666666667,0,0.14809027777777778,4,0.14429253472222223,0,0,0
float32-round-even-staged,fx-earthquake,,0.14463975694444445,8,0.13836805555555556,4,0.1292751736111111,8,0,0
float32-round-even-staged,fx-eight-bit,"0.3,0.9,1.5,2.1",9.60275607638889,50,8.994965277777778,49,8.972960069444444,50,0,0
float32-round-even-staged,fx-fade-in,,0.13207465277777777,8,0.08381076388888889,4,0.07447916666666667,0,0,0
float32-round-even-staged,fx-fade-out,,0.08285590277777778,8,0.08988715277777778,4,0.1013671875,8,0,0
float32-round-even-staged,fx-faded-print,,0.12252604166666667,8,0.10462239583333334,4,0.07065972222222222,0,0,0
float32-round-even-staged,fx-film-8mm,"0.3,0.9,1.5",11.290603298611112,33,11.380967881944445,32,11.37966579861111,33,0,0
float32-round-even-staged,fx-film-burn,,0.0740234375,0,0.08166232638888889,4,0.07209201388888889,0,0,0
float32-round-even-staged,fx-film-burn-leak,,0.05546875,0,0.05503472222222222,4,0.0509765625,0,0,0
float32-round-even-staged,fx-film-grain,"0.3,0.9,1.5,2.1",9.707508680555556,33,9.79958767361111,32,9.844921875,33,0,0
float32-round-even-staged,fx-flash-in,,0.08849826388888889,8,0.06736111111111111,4,0.05314670138888889,0,0,0
float32-round-even-staged,fx-flip-card,,0.08042534722222222,0,0.07152777777777777,4,0.07144097222222222,0,0,0
float32-round-even-staged,fx-glitch-flash,,0.08747829861111112,8,0.07708333333333334,4,0.08433159722222222,8,0,0
float32-round-even-staged,fx-glitch-in,,0.11564670138888888,8,0.06267361111111111,4,0.087109375,8,0,0
float32-round-even-staged,fx-globe,,0.078515625,0,0.0812717013888889,4,0.07209201388888889,0,0,0
float32-round-even-staged,fx-gold-glitter,,0.07380642361111112,0,0.06215277777777778,4,0.05635850694444444,0,0,0
float32-round-even-staged,fx-grid-4,,0.28409288194444443,8,0.23461371527777777,4,0.28409288194444443,8,0,0
float32-round-even-staged,fx-grid-9,,0.06258680555555556,0,0.06245659722222222,4,0.05802951388888889,0,0,0
float32-round-even-staged,fx-grid-flash,,0.11807725694444444,8,0.07356770833333333,4,0.09040798611111112,8,0,0
float32-round-even-staged,fx-hazy,,0.11039496527777778,8,0.088671875,4,0.09772135416666666,8,0,0
float32-round-even-staged,fx-heart-rain,,0.0693359375,0,0.05088975694444445,4,0.04607204861111111,0,0,0
float32-round-even-staged,fx-heart-reveal,,0.043055555555555555,0,0.04309895833333333,4,0.03875868055555556,0,0,0
float32-round-even-staged,fx-heartbeat,,0.10473090277777777,8,0.09435763888888889,4,0.09151475694444444,8,0,0
float32-round-even-staged,fx-horizontal-open,,0.07515190972222222,0,0.063671875,4,0.06460503472222222,0,0,0
float32-round-even-staged,fx-hyperspace,"0.3,0.9,1.5,2.1",3.68515625,107,3.7873914930555554,114,4.1839409722222225,132,0,0
float32-round-even-staged,fx-infinite-zoom,,0.11592881944444444,8,0.1044921875,4,0.10772569444444445,8,0,0
float32-round-even-staged,fx-iris-close,,0.06351996527777778,0,0.05384114583333333,4,0.05277777777777778,0,0,0
float32-round-even-staged,fx-iris-open,,0.07808159722222222,0,0.07376302083333333,4,0.07536892361111111,0,0,0
float32-round-even-staged,fx-kaleido-4,,0.09279513888888889,8,0.07864583333333333,4,0.07873263888888889,0,0,0
float32-round-even-staged,fx-kaleido-drill,,0.14559461805555557,8,0.14151475694444443,4,0.12864583333333332,8,0,0
float32-round-even-staged,fx-laser-show,,0.070703125,0,0.05959201388888889,4,0.059027777777777776,0,0,0
float32-round-even-staged,fx-led-wall,,0.08745659722222222,8,0.08862847222222223,4,0.08656684027777778,8,0,0
float32-round-even-staged,fx-lens-flare,,0.11564670138888888,8,0.12196180555555555,4,0.11358506944444445,8,0,0
float32-round-even-staged,fx-light-leak,,0.05661892361111111,0,0.055078125,4,0.05199652777777778,0,0,0
float32-round-even-staged,fx-low-exposure,,0.06990017361111112,0,0.061046006944444446,4,0.03828125,0,0,0
float32-round-even-staged,fx-marker-lines,,0.17838541666666666,8,0.17526041666666667,4,0.22072482638888888,8,0,0
float32-round-even-staged,fx-mini-zoom,,0.10138888888888889,8,0.09435763888888889,4,0.07981770833333333,0,0,0
float32-round-even-staged,fx-mirror-ball,,0.2384982638888889,8,0.2807074652777778,4,0.3069661458333333,8,0,0
float32-round-even-staged,fx-mirror-lr,,0.040364583333333336,0,0.04084201388888889,4,0.043793402777777775,0,0,0
float32-round-even-staged,fx-mirror-room,,0.08014322916666666,0,0.08120659722222222,4,0.07215711805555555,0,0,0
float32-round-even-staged,fx-mirror-tb,,0.07380642361111112,0,0.06631944444444444,4,0.059895833333333336,0,0,0
float32-round-even-staged,fx-mosaic-pulse,2.1,1.715625,49,1.5378255208333333,40,1.3600260416666667,33,0,0
float32-round-even-staged,fx-motion-blur,,0.08621961805555556,8,0.08155381944444444,4,0.0755859375,0,0,0
float32-round-even-staged,fx-mt-beat-rotate,,0.10481770833333333,8,0.09813368055555556,4,0.0978732638888889,8,0,0
float32-round-even-staged,fx-mt-blur-punch,,0.09227430555555556,8,0.08541666666666667,4,0.06896701388888889,0,0,0
float32-round-even-staged,fx-mt-cinematic,,0.131640625,8,0.1203342013888889,4,0.10010850694444444,8,0,0
float32-round-even-staged,fx-mt-dutch-tilt,,0.15334201388888888,8,0.1408203125,4,0.13016493055555556,8,0,0
float32-round-even-staged,fx-mt-echo-zoom,,0.05221354166666667,0,0.050065104166666666,4,0.04778645833333333,0,0,0
float32-round-even-staged,fx-mt-mirror-beat,0.9,0.2634765625,8,0.26640625,4,0.2684244791666667,9,0,0
float32-round-even-staged,fx-mt-photo-snap,"0.9,1.5",22.245269097222224,164,22.329296875,166,23.07890625,164,0,0
float32-round-even-staged,fx-mt-rgb-punch,,0.09509548611111111,8,0.07866753472222222,4,0.08263888888888889,0,0,0
float32-round-even-staged,fx-mt-split-swipe,,0.08608940972222222,8,0.06764322916666667,4,0.049370659722222224,0,0,0
float32-round-even-staged,fx-mt-step-zoom,,0.13674045138888888,8,0.13142361111111112,4,0.1154513888888889,8,0,0
float32-round-even-staged,fx-mt-velocity,,0.09496527777777777,8,0.09544270833333333,4,0.08619791666666667,8,0,0
float32-round-even-staged,fx-mt-zoom-shake,"0.3,1.5,2.1",15.226974826388888,74,14.4259765625,65,13.638411458333334,66,0,0
float32-round-even-staged,fx-ne-cyberpunk,,0.13062065972222223,8,0.07122395833333334,4,0.11419270833333334,8,0,0
float32-round-even-staged,fx-ne-edges,"0.3,0.9,1.5,2.1",0.3475477430555556,8,0.2975260416666667,4,0.4322048611111111,9,0,0
float32-round-even-staged,fx-ne-frame,0.9,1.7324652777777778,17,1.8978515625,17,1.9101779513888888,24,0,0
float32-round-even-staged,fx-ne-heart,,0.06692708333333333,0,0.07055121527777777,4,0.052473958333333334,0,0,0
float32-round-even-staged,fx-ne-lightning,,0.07298177083333333,0,0.07855902777777778,4,0.06323784722222223,0,0,0
float32-round-even-staged,fx-ne-ring,0.9,2.2362630208333334,25,0.5768880208333333,8,1.6487413194444445,24,0,0
float32-round-even-staged,fx-ne-scan,,0.11987847222222223,8,0.12608506944444445,4,0.11080729166666667,8,0,0
float32-round-even-staged,fx-ne-scribble,,0.06788194444444444,0,0.062890625,4,0.05915798611111111,0,0,0
float32-round-even-staged,fx-ne-stars,"0.3,0.9,1.5,2.1",7.281705729166666,115,7.315212673611111,109,8.0595703125,132,0,0
float32-round-even-staged,fx-ne-synthwave,,0.13081597222222222,8,0.09483506944444445,4,0.04620225694444444,0,0,0
float32-round-even-staged,fx-ne-tunnel,,0.06749131944444445,0,0.11354166666666667,4,0.047526041666666664,0,0,0
float32-round-even-staged,fx-neon-edges,,0.3353515625,8,0.3310763888888889,4,0.20805121527777778,8,0,0
float32-round-even-staged,fx-neon-stage,,0.0754123263888889,0,0.03203125,0,0.03543836805555556,0,0,0
float32-round-even-staged,fx-old-tv,"0.3,0.9,1.5",6.46171875,25,6.508832465277778,21,6.518576388888889,25,0,0
float32-round-even-staged,fx-orbit-card,,0.07795138888888889,0,0.06953125,4,0.06226128472222222,0,0,0
float32-round-even-staged,fx-ov-bg-3d-shapes,"0.3,0.9,1.5,2.1",13.133485243055556,124,12.945290798611111,126,11.836219618055555,124,0,0
float32-round-even-staged,fx-ov-bg-blue-hearts,,0.019097222222222224,0,0.030750868055555554,0,0.07654079861111111,0,0,0
float32-round-even-staged,fx-ov-bg-blue-smoke,,0.019032118055555554,0,0.0109375,0,0.022894965277777776,0,0,0
float32-round-even-staged,fx-ov-bg-golden-band,,0.008116319444444445,0,0.005772569444444445,0,0.0045138888888888885,0,0,0
float32-round-even-staged,fx-ov-bg-light-wall,,0.03292100694444444,0,0.040928819444444445,4,0.042252604166666666,0,0,0
float32-round-even-staged,fx-ov-bg-pastel-ink,,0.012000868055555556,0,0.06493055555555556,4,0.04952256944444444,0,0,0
float32-round-even-staged,fx-ov-bg-pink-bokeh,,0.05416666666666667,0,0.019835069444444443,0,0.04216579861111111,0,0,0
float32-round-even-staged,fx-ov-bg-pink-gradient,,0.0020833333333333333,0,0.017990451388888887,0,0.0681640625,0,0,0
float32-round-even-staged,fx-ov-bg-purple-smoke,,0.025802951388888887,0,0.008485243055555555,0,0.04353298611111111,0,0,0
float32-round-even-staged,fx-ov-bg-red-hearts,,0.02183159722222222,0,0.00078125,0,0.0007161458333333333,0,0,0
float32-round-even-staged,fx-ov-bg-soft-gradient,,0.06134982638888889,0,0,0,0.016145833333333335,0,0,0
float32-round-even-staged,fx-ov-bokeh-blue,,0.03767361111111111,0,0.03704427083333333,0,0.05970052083333333,0,0,0
float32-round-even-staged,fx-ov-bokeh-gold,,0.057703993055555555,0,0.04939236111111111,4,0.05112847222222222,0,0,0
float32-round-even-staged,fx-ov-bokeh-pink,,0.04869791666666667,0,0.030230034722222222,0,0.05757378472222222,0,0,0
float32-round-even-staged,fx-ov-bokeh-rainbow,,0.03767361111111111,0,0.0453125,4,0.05659722222222222,0,0,0
float32-round-even-staged,fx-ov-bubbles,,0.033919270833333334,0,0.021809895833333332,0,0.035590277777777776,0,0,0
float32-round-even-staged,fx-ov-burnt-edges,,0.10212673611111112,8,0.1166015625,4,0.05572916666666667,0,0,0
float32-round-even-staged,fx-ov-confetti,,0.08283420138888889,8,0.06872829861111111,4,0.05520833333333333,0,0,0
float32-round-even-staged,fx-ov-el-lightning,0.9,3.0803602430555554,66,2.922482638888889,69,3.2069661458333334,75,0,0
float32-round-even-staged,fx-ov-el-moon,,0.051106770833333336,0,0.05138888888888889,4,0.05227864583333333,0,0,0
float32-round-even-staged,fx-ov-el-scan-line,,0.04010416666666667,0,0.049305555555555554,4,0.04631076388888889,0,0,0
float32-round-even-staged,fx-ov-el-smoke-puff,,0.13407118055555556,8,0.12000868055555555,4,0.08396267361111111,8,0,0
float32-round-even-staged,fx-ov-el-speed-lines,,0.05490451388888889,0,0.05364583333333333,4,0.05490451388888889,0,0,0
float32-round-even-staged,fx-ov-el-stars-rating,,0.07660590277777778,0,0.06328125,4,0.051323784722222224,0,0,0
float32-round-even-staged,fx-ov-embers,,0.1451171875,8,0.12263454861111112,4,0.10572916666666667,8,0,0
float32-round-even-staged,fx-ov-film-dust,"0.3,0.9,1.5,2.1",5.514908854166666,17,5.60390625,17,5.550325520833334,17,0,0
float32-round-even-staged,fx-ov-fireflies,,0.18463541666666666,8,0.11961805555555556,4,0.0802951388888889,0,0,0
float32-round-even-staged,fx-ov-flare-blue,,0.16419270833333333,8,0.1567925347222222,4,0.13838975694444444,8,0,0
float32-round-even-staged,fx-ov-flare-gold,,0.15425347222222222,8,0.1275390625,4,0.09246961805555555,8,0,0
float32-round-even-staged,fx-ov-fog-blue,,0.141015625,8,0.12797309027777778,4,0.11974826388888889,8,0,0
float32-round-even-staged,fx-ov-fog-pink,,0.13235677083333333,8,0.12838541666666667,4,0.1193359375,8,0,0
float32-round-even-staged,fx-ov-fog-white,,0.07354600694444445,0,0.06940104166666666,4,0.07534722222222222,0,0,0
float32-round-even-staged,fx-ov-frame-film,,0.06204427083333333,0,0.051844618055555555,4,0.05297309027777778,0,0,0
float32-round-even-staged,fx-ov-frame-grid,,0.08053385416666667,0,0.06631944444444444,4,0.05262586805555555,0,0,0
float32-round-even-staged,fx-ov-frame-neon-blue,,0.15503472222222223,8,0.13841145833333332,4,0.14212239583333333,8,0,0
float32-round-even-staged,fx-ov-frame-neon-gold,,0.1383029513888889,8,0.11087239583333333,4,0.07953559027777778,0,0,0
float32-round-even-staged,fx-ov-frame-neon-green,,0.048980034722222225,0,0.09162326388888889,4,0.08276909722222223,8,0,0
float32-round-even-staged,fx-ov-frame-neon-pink,,0.06052517361111111,0,0.07413194444444444,4,0.07259114583333333,0,0,0
float32-round-even-staged,fx-ov-frame-polaroid,,0.07586805555555555,0,0.05457899305555555,4,0.06664496527777777,0,0,0
float32-round-even-staged,fx-ov-frame-rec,,0.032378472222222225,0,0.0193359375,0,0.03359375,0,0,0
float32-round-even-staged,fx-ov-frame-vignette,,0.09891493055555556,8,0.09338107638888889,4,0.09116753472222222,8,0,0
float32-round-even-staged,fx-ov-galaxy,,0.05238715277777778,0,0.046484375,4,0.048003472222222225,0,0,0
float32-round-even-staged,fx-ov-glitter,,0.07228732638888889,0,0.05583767361111111,4,0.05180121527777778,0,0,0
float32-round-even-staged,fx-ov-glitter-rain,,0.15620659722222222,8,0.13559027777777777,4,0.14798177083333333,8,0,0
float32-round-even-staged,fx-ov-gold-dust,,0.040364583333333336,0,0.0357421875,0,0.0396484375,0,0,0
float32-round-even-staged,fx-ov-grain,"0.3,0.9,1.5,2.1",19.094683159722223,58,19.170399305555556,56,19.094683159722223,58,0,0
float32-round-even-staged,fx-ov-halftone,,0.04600694444444445,0,0.029253472222222222,0,0.037934027777777775,0,0,0
float32-round-even-staged,fx-ov-hearts-pink,"0.3,0.9,1.5,2.1",1.9763237847222221,90,0.5134114583333333,20,1.2639105902777779,74,0,0
float32-round-even-staged,fx-ov-hearts-red,"0.3,0.9,1.5,2.1",1.9763237847222221,90,0.5447265625,20,0.6171657986111111,25,0,0
float32-round-even-staged,fx-ov-leak-blue,,0.09351128472222223,8,0.08838975694444444,4,0.08884548611111111,8,0,0
float32-round-even-staged,fx-ov-leak-green,,0.056163194444444446,0,0.07013888888888889,4,0.05559895833333333,0,0,0
float32-round-even-staged,fx-ov-leak-pink,,0.12337239583333333,8,0.13828125,4,0.13470052083333334,8,0,0
float32-round-even-staged,fx-ov-leak-purple,,0.06449652777777778,0,0.05703125,4,0.0685546875,0,0,0
float32-round-even-staged,fx-ov-leak-red,,0.06417100694444444,0,0.05703125,4,0.05568576388888889,0,0,0
float32-round-even-staged,fx-ov-leak-warm,,0.10314670138888889,8,0.09108072916666667,4,0.07428385416666666,0,0,0
float32-round-even-staged,fx-ov-light-streaks,"0.3,0.9,1.5,2.1",4.349565972222222,107,5.732964409722222,134,7.1978515625,173,0,0
float32-round-even-staged,fx-ov-lightning,,0.07938368055555556,0,0.06551649305555556,4,0.08059895833333333,0,0,0
float32-round-even-staged,fx-ov-magic-dust,,0.05462239583333333,0,0.046158854166666666,4,0.09144965277777778,8,0,0
float32-round-even-staged,fx-ov-neon-hearts,,0.04027777777777778,0,0.03589409722222222,0,0.03517795138888889,0,0,0
float32-round-even-staged,fx-ov-neon-ring,,0.04008246527777778,0,0.04021267361111111,0,0.039952256944444445,0,0,0
float32-round-even-staged,fx-ov-paper,,0.12534722222222222,8,0.08977864583333334,4,0.07764756944444444,0,0,0
float32-round-even-staged,fx-ov-prism-flare,,0.11731770833333334,8,0.10412326388888889,4,0.075,0,0,0
float32-round-even-staged,fx-ov-rain,,0.15440538194444445,8,0.16549479166666667,4,0.20831163194444444,8,0,0
float32-round-even-staged,fx-ov-rainbow,,0.11128472222222222,8,0.11399739583333333,4,0.07936197916666667,0,0,0
float32-round-even-staged,fx-ov-sc-aurora,,0.006553819444444445,0,0.01955295138888889,0,0.019813368055555555,0,0,0
float32-round-even-staged,fx-ov-sc-clouds,,0.024348958333333334,0,0.035416666666666666,0,0.0857204861111111,8,0,0
float32-round-even-staged,fx-ov-sc-milky-way,,0.01838107638888889,0,0.0126953125,0,0.018836805555555555,0,0,0
float32-round-even-staged,fx-ov-sc-moon-dunes,,0.010677083333333334,0,0.0115234375,0,0.0181640625,0,0,0
float32-round-even-staged,fx-ov-sc-ocean,,0.037369791666666666,0,0.06432291666666666,4,0.053276909722222224,0,0,0
float32-round-even-staged,fx-ov-sc-shooting-stars,,0.39622395833333335,8,0.4073350694444444,4,0.4258029513888889,8,0,0
float32-round-even-staged,fx-ov-sc-snowy-night,,0.04876302083333333,0,0.03767361111111111,0,0.06189236111111111,0,0,0
float32-round-even-staged,fx-ov-sc-sunset-sea,,0.031684027777777776,0,0.028732638888888887,0,0.02894965277777778,0,0,0
float32-round-even-staged,fx-ov-smoke,,0.0609375,0,0.058441840277777775,4,0.058333333333333334,0,0,0
float32-round-even-staged,fx-ov-snow,,0.03871527777777778,0,0.03274739583333333,0,0.030360243055555555,0,0,0
float32-round-even-staged,fx-ov-sparkle-blue,,0.03498263888888889,0,0.033854166666666664,0,0.0435546875,0,0,0
float32-round-even-staged,fx-ov-sparkle-pink,,0.037434895833333336,0,0.03220486111111111,0,0.04370659722222222,0,0,0
float32-round-even-staged,fx-ov-sparkle-white,,0.08263888888888889,0,0.06573350694444445,4,0.0654296875,0,0,0
float32-round-even-staged,fx-ov-sparks,,0.06861979166666667,0,0.0689453125,4,0.05618489583333333,0,0,0
float32-round-even-staged,fx-ov-spotlight,,0.08350694444444444,0,0.07185329861111112,4,0.0818142361111111,8,0,0
float32-round-even-staged,fx-ov-stage-lights,,0.041102430555555555,0,0.03947482638888889,0,0.03962673611111111,0,0,0
float32-round-even-staged,fx-ov-stars,,0.08888888888888889,0,0.08519965277777777,0,0.08298611111111111,0,0,0
float32-round-even-staged,fx-ov-sun-rays,,0.11427951388888889,8,0.10753038194444445,4,0.10857204861111111,8,0,0
float32-round-even-staged,fx-ov-swirl,,0.03713107638888889,0,0.035481770833333336,0,0.037434895833333336,0,0,0
float32-round-even-staged,fx-ov-tr-colour-wipe,,0.0876736111111111,8,0.0849609375,4,0.08240017361111111,0,0,0
float32-round-even-staged,fx-ov-tr-diamond,,0.06872829861111111,0,0.05759548611111111,4,0.06345486111111111,0,0,0
float32-round-even-staged,fx-ov-tr-fire-wipe,,0.052473958333333334,0,0.05036892361111111,4,0.040538194444444446,0,0,0
float32-round-even-staged,fx-ov-tr-glow-blob,,0.007335069444444444,0,0.009526909722222223,0,0.010503472222222223,0,0,0
float32-round-even-staged,fx-ov-tr-ink,,0.01953125,0,0.015538194444444445,0,0.010525173611111112,0,0,0
float32-round-even-staged,fx-ov-tr-iris,,0.07938368055555556,0,0.05759548611111111,4,0.06345486111111111,0,0,0
float32-round-even-staged,fx-ov-tr-light-burst,"0.3,0.9,1.5,2.1",9.340581597222222,107,8.353407118055555,93,8.408333333333333,91,0,0
float32-round-even-staged,fx-ov-tr-scribble,"0.3,0.9,1.5,2.1",21.122526041666667,222,7.49296875,73,14.561197916666666,164,0,0
float32-round-even-staged,fx-ov-tr-shape-pop,,0.06529947916666666,0,0.0521484375,4,0.050520833333333334,0,0,0
float32-round-even-staged,fx-ov-tr-stripes,,0.08131510416666667,0,0.07903645833333334,4,0.07191840277777778,0,0,0
float32-round-even-staged,fx-ov-vhs,"0.3,0.9,1.5,2.1",6.563411458333333,24,6.5671875,20,6.587087673611111,24,0,0
float32-round-even-staged,fx-ov-wash-gold,,0.10425347222222223,8,0.08541666666666667,4,0.06228298611111111,0,0,0
float32-round-even-staged,fx-ov-wash-neon,,0.10594618055555556,8,0.08732638888888888,4,0.06315104166666667,0,0,0
float32-round-even-staged,fx-ov-wash-ocean,,0.1017795138888889,8,0.07667100694444444,4,0.15132378472222222,8,0,0
float32-round-even-staged,fx-ov-wash-rose,,0.10447048611111111,8,0.08276909722222223,4,0.07131076388888889,0,0,0
float32-round-even-staged,fx-ov-wash-sunset,,0.10447048611111111,8,0.08639322916666667,4,0.06228298611111111,0,0,0
float32-round-even-staged,fx-pb-bead-art,,0.11202256944444444,0,0.10850694444444445,4,0.09442274305555555,0,0,0
float32-round-even-staged,fx-pb-flip-phone,,0.06388888888888888,0,0.046375868055555554,4,0.04806857638888889,0,0,0
float32-round-even-staged,fx-pb-game-boy,,0.040364583333333336,0,0.06801215277777778,4,0.028059895833333334,0,0,0
float32-round-even-staged,fx-pb-losing-hp,,0.09574652777777778,8,0.08444010416666667,4,0.0927734375,8,0,0
float32-round-even-staged,fx-pb-misty-tint,,0.07766927083333333,0,0.0798611111111111,4,0.07621527777777778,0,0,0
float32-round-even-staged,fx-pb-pixel-breakdown,,0.25581597222222224,0,0.2622612847222222,4,0.2569444444444444,0,0,0
float32-round-even-staged,fx-pb-pixel-creation,1.5,1.5728081597222223,49,1.4985460069444445,45,1.3873697916666667,41,0,0
float32-round-even-staged,fx-pb-pixel-dissolve,,0.1115451388888889,8,0.09375,4,0.09069010416666666,8,0,0
float32-round-even-staged,fx-pb-pixel-rain,,0.13773871527777778,8,0.13174913194444443,4,0.13038194444444445,8,0,0
float32-round-even-staged,fx-pb-pixel-scan,,0.06401909722222222,0,0.059092881944444446,4,0.058094618055555554,0,0,0
float32-round-even-staged,fx-pb-popping-bow,,0.09463975694444444,8,0.13589409722222223,4,0.04375,0,0,0
float32-round-even-staged,fx-pb-sweet-party,"0.3,0.9,1.5,2.1",5.695421006944445,165,3.5781901041666666,137,3.530403645833333,124,0,0
float32-round-even-staged,fx-pencil-sketch,,0.2946831597222222,8,0.29424913194444446,4,0.3003472222222222,8,0,0
float32-round-even-staged,fx-petals,,0.06942274305555556,0,0.049891493055555555,4,0.04934895833333333,0,0,0
float32-round-even-staged,fx-phone-spin,,0.043858506944444445,0,0.03517795138888889,0,0.02892795138888889,0,0,0
float32-round-even-staged,fx-pixel-breakdown,,0.1771918402777778,8,0.1958984375,4,0.20336371527777777,8,0,0
float32-round-even-staged,fx-pixel-glitch,,0.09351128472222223,8,0.08348524305555556,4,0.08133680555555556,0,0,0
float32-round-even-staged,fx-pixel-scan,,0.0884765625,8,0.08370225694444444,4,0.08617621527777777,8,0,0
float32-round-even-staged,fx-pixel-sort,,0.1956814236111111,8,0.18422309027777778,4,0.20436197916666668,8,0,0
float32-round-even-staged,fx-pixelate,,0.0984375,8,0.10290798611111111,4,0.09724392361111112,8,0,0
float32-round-even-staged,fx-rainbow-leak,,0.0619140625,0,0.059071180555555554,4,0.052083333333333336,0,0,0
float32-round-even-staged,fx-rgb-panes,,0.11640625,8,0.21011284722222223,4,0.25731336805555555,8,0,0
float32-round-even-staged,fx-rgb-split,,0.13969184027777778,8,0.07046440972222222,4,0.08943142361111112,8,0,0
float32-round-even-staged,fx-scanline-jitter,,0.09893663194444445,8,0.09340277777777778,4,0.09973958333333334,8,0,0
float32-round-even-staged,fx-scribble-frame,,0.08118489583333334,0,0.07797309027777778,4,0.07174479166666667,0,0,0
float32-round-even-staged,fx-sepia-flicker,,0.1232638888888889,8,0.10540364583333334,4,0.08168402777777778,0,0,0
float32-round-even-staged,fx-seventies,"0.3,0.9,1.5",4.868098958333333,17,5.144986979166666,16,5.206814236111111,17,0,0
float32-round-even-staged,fx-shake,"0.3,1.5,2.1",7.134483506944444,65,7.027061631944444,65,7.202105034722222,74,0,0
float32-round-even-staged,fx-shutter,,0.06675347222222222,0,0.060698784722222225,4,0.05559895833333333,0,0,0
float32-round-even-staged,fx-signal-loss,"0.9,2.1",14.636827256944445,148,14.598567708333333,150,14.628428819444444,148,0,0
float32-round-even-staged,fx-slide-reveal,,0.1654730902777778,8,0.13246527777777778,4,0.09431423611111112,8,0,0
float32-round-even-staged,fx-snowfall,"0.3,0.9,1.5,2.1",1.7237196180555556,50,1.8646918402777777,57,2.0658203125,65,0,0
float32-round-even-staged,fx-sparkler,,0.12647569444444445,8,0.12180989583333333,4,0.13023003472222222,8,0,0
float32-round-even-staged,fx-spin,,0.10088975694444445,8,0.09212239583333333,4,0.07760416666666667,0,0,0
float32-round-even-staged,fx-spin-blur,,0.09292534722222222,8,0.08506944444444445,4,0.07300347222222223,0,0,0
float32-round-even-staged,fx-spin-card,,0.10149739583333334,8,0.09320746527777778,4,0.09016927083333333,8,0,0
float32-round-even-staged,fx-spiral-tunnel,,0.10583767361111111,8,0.09782986111111111,4,0.08732638888888888,8,0,0
float32-round-even-staged,fx-split-2,,0.07348090277777777,0,0.06475694444444445,4,0.07222222222222222,0,0,0
float32-round-even-staged,fx-split-3,,0.09680989583333334,8,0.08795572916666666,4,0.08776041666666666,8,0,0
float32-round-even-staged,fx-spray-neon,,0.2492404513888889,8,0.15143229166666666,4,0.11343315972222222,8,0,0
float32-round-even-staged,fx-st-billboard,,0.03806423611111111,0,0.034440104166666666,0,0.03630642361111111,0,0,0
float32-round-even-staged,fx-st-card-deck,,0.0710720486111111,0,0.07026909722222222,4,0.06232638888888889,0,0,0
float32-round-even-staged,fx-st-fanned-cards,,0.060221354166666664,0,0.05182291666666667,4,0.0416015625,0,0,0
float32-round-even-staged,fx-st-film-strip,"0.9,1.5,2.1",1.3596354166666667,17,1.1774956597222221,12,0.8879991319444445,9,0,0
float32-round-even-staged,fx-st-glass-card,,0.081640625,0,0.080078125,4,0.0652126736111111,0,0,0
float32-round-even-staged,fx-st-phone-3d,,0.06260850694444445,0,0.06030815972222222,4,0.056966145833333336,0,0,0
float32-round-even-staged,fx-st-polaroid,,0.09303385416666667,8,0.08489583333333334,4,0.07348090277777777,0,0,0
float32-round-even-staged,fx-st-retro-tv,1.5,0.3975694444444444,9,0.37254774305555555,4,0.3052517361111111,8,0,0
float32-round-even-staged,fx-stack-2,,0.087109375,8,0.08042534722222222,4,0.07799479166666666,0,0,0
float32-round-even-staged,fx-star-pop,,0.0806640625,0,0.07282986111111112,4,0.05538194444444444,0,0,0
float32-round-even-staged,fx-star-rush,"0.3,0.9,1.5,2.1",6.746050347222222,148,7.463346354166666,166,8.17267795138889,181,0,0
float32-round-even-staged,fx-starburst,,0.09173177083333334,8,0.08561197916666667,4,0.0755859375,0,0,0
float32-round-even-staged,fx-sunbeam,,0.07332899305555556,0,0.0646701388888889,4,0.0736328125,0,0,0
float32-round-even-staged,fx-swing,,0.1044921875,8,0.09008246527777777,4,0.07819010416666666,0,0,0
float32-round-even-staged,fx-swing-card,,0.10991753472222222,8,0.09893663194444445,4,0.09848090277777778,8,0,0
float32-round-even-staged,fx-swirl,,0.14244791666666667,8,0.14249131944444443,4,0.12990451388888888,8,0,0
float32-round-even-staged,fx-the-end,,0.05677083333333333,0,0.04997829861111111,4,0.048567708333333334,0,0,0
float32-round-even-staged,fx-tilt-shift,,0.11165364583333333,8,0.11009114583333333,4,0.09164496527777778,8,0,0
float32-round-even-staged,fx-tiny-planet,,0.14765625,8,0.13713107638888888,4,0.12899305555555557,8,0,0
float32-round-even-staged,fx-to-colour,,0.12150607638888888,8,0.11762152777777778,4,0.10542534722222222,8,0,0
float32-round-even-staged,fx-torn-reveal,,0.07808159722222222,0,0.07376302083333333,4,0.06879340277777778,0,0,0
float32-round-even-staged,fx-toy-bricks,,0.1150173611111111,8,0.10366753472222222,4,0.08739149305555556,8,0,0
float32-round-even-staged,fx-tr-black-fade,,0.19485677083333333,8,0.22068142361111112,4,0.23561197916666668,8,0,0
float32-round-even-staged,fx-tr-blinds,,0.07957899305555556,0,0.06729600694444444,4,0.06134982638888889,0,0,0
float32-round-even-staged,fx-tr-blink,,0.10062934027777778,8,0.10299479166666667,4,0.102734375,8,0,0
float32-round-even-staged,fx-tr-blur,,0.09372829861111111,8,0.08348524305555556,4,0.07697482638888889,0,0,0
float32-round-even-staged,fx-tr-circle,,0.04982638888888889,0,0.04136284722222222,4,0.04789496527777778,0,0,0
float32-round-even-staged,fx-tr-clock,,0.09448784722222223,8,0.09826388888888889,4,0.09898003472222222,8,0,0
float32-round-even-staged,fx-tr-cutout-scan,,0.10279947916666667,8,0.10171440972222222,4,0.09244791666666667,8,0,0
float32-round-even-staged,fx-tr-diamond,,0.048111979166666666,0,0.0421875,4,0.045811631944444445,0,0,0
float32-round-even-staged,fx-tr-doors,,0.04544270833333333,0,0.043467881944444446,4,0.04544270833333333,0,0,0
float32-round-even-staged,fx-tr-fake-zoom,,0.1410590277777778,8,0.13101128472222223,4,0.14055989583333334,8,0,0
float32-round-even-staged,fx-tr-film-burn,,0.05015190972222222,0,0.04496527777777778,4,0.04299045138888889,0,0,0
float32-round-even-staged,fx-tr-flare,,0.29672309027777777,8,0.11091579861111112,4,0.10186631944444445,8,0,0
float32-round-even-staged,fx-tr-flash-zoom,,0.17465277777777777,8,0.13676215277777778,4,0.14659288194444445,8,0,0
float32-round-even-staged,fx-tr-glare,,0.0666015625,0,0.06312934027777778,4,0.06032986111111111,0,0,0
float32-round-even-staged,fx-tr-glitch,,0.12740885416666667,8,0.07131076388888889,4,0.09479166666666666,8,0,0
float32-round-even-staged,fx-tr-heart,,0.09470486111111111,8,0.09422743055555556,4,0.09301215277777777,8,0,0
float32-round-even-staged,fx-tr-heat-flicks,,0.07059461805555556,0,0.0521484375,4,0.04576822916666667,0,0,0
float32-round-even-staged,fx-tr-heatwave-flash,,0.16408420138888888,8,0.14819878472222223,4,0.13480902777777778,8,0,0
float32-round-even-staged,fx-tr-kaleido,,0.1736545138888889,8,0.18255208333333334,4,0.1882595486111111,8,0,0
float32-round-even-staged,fx-tr-mix,,0.09188368055555556,8,0.07452256944444445,4,0.0833984375,8,0,0
float32-round-even-staged,fx-tr-panel-clasp,,0.09448784722222223,8,0.09819878472222222,4,0.09915364583333333,8,0,0
float32-round-even-staged,fx-tr-pixelate,,0.08602430555555556,8,0.07964409722222222,4,0.10125868055555555,8,0,0
float32-round-even-staged,fx-tr-pull-in,,0.16015625,8,0.1310763888888889,4,0.1353515625,8,0,0
float32-round-even-staged,fx-tr-pull-out,,0.09444444444444444,8,0.08205295138888889,4,0.08103298611111111,0,0,0
float32-round-even-staged,fx-tr-rgb-split,,0.1685763888888889,8,0.14351128472222222,4,0.10933159722222222,8,0,0
float32-round-even-staged,fx-tr-ripple,,0.15983072916666666,8,0.161328125,4,0.1706814236111111,8,0,0
float32-round-even-staged,fx-tr-rotate-ccw,,0.11299913194444444,8,0.07176649305555556,4,0.08057725694444444,0,0,0
float32-round-even-staged,fx-tr-rotate-cw,,0.1583767361111111,8,0.13283420138888888,4,0.10616319444444444,8,0,0
float32-round-even-staged,fx-tr-shake,,0.1513671875,8,0.12048611111111111,4,0.10538194444444444,8,0,0
float32-round-even-staged,fx-tr-slam-merge,,0.15112847222222223,8,0.14635416666666667,4,0.11341145833333334,8,0,0
float32-round-even-staged,fx-tr-slide-down,,0.142578125,8,0.12875434027777777,4,0.1107421875,8,0,0
float32-round-even-staged,fx-tr-slide-left,,0.19036458333333334,8,0.17903645833333334,4,0.16529947916666668,8,0,0
float32-round-even-staged,fx-tr-slide-right,,0.11764322916666667,8,0.12415364583333334,4,0.11764322916666667,8,0,0
float32-round-even-staged,fx-tr-slide-up,,0.16536458333333334,8,0.16809895833333333,4,0.1447482638888889,8,0,0
float32-round-even-staged,fx-tr-squeeze,,0.06545138888888889,0,0.062413194444444445,4,0.06712239583333333,0,0,0
float32-round-even-staged,fx-tr-star,,0.05635850694444444,0,0.05700954861111111,4,0.06221788194444444,0,0,0
float32-round-even-staged,fx-tr-stripes,,0.04526909722222222,0,0.04338107638888889,4,0.04526909722222222,0,0,0
float32-round-even-staged,fx-tr-swirl,,0.11193576388888889,8,0.101171875,4,0.10553385416666666,8,0,0
float32-round-even-staged,fx-tr-vertical-blur,,0.07669270833333333,0,0.07562934027777778,4,0.07341579861111111,0,0,0
float32-round-even-staged,fx-tr-whip-down,,0.1486328125,8,0.14242621527777777,4,0.14242621527777777,8,0,0
float32-round-even-staged,fx-tr-whip-left,,0.1642578125,8,0.15635850694444445,4,0.16319444444444445,8,0,0
float32-round-even-staged,fx-tr-whip-right,,0.1257595486111111,8,0.10069444444444445,4,0.11536458333333334,8,0,0
float32-round-even-staged,fx-tr-whip-up,,0.19301215277777778,8,0.20655381944444445,4,0.19301215277777778,8,0,0
float32-round-even-staged,fx-tr-white-flash,,0.1681640625,8,0.055577256944444445,4,0.0652126736111111,0,0,0
float32-round-even-staged,fx-tr-zoom-spin,,0.10015190972222222,8,0.10705295138888889,4,0.10260416666666666,8,0,0
float32-round-even-staged,fx-tr-zoom-swipe,,0.1126953125,8,0.09850260416666666,4,0.09678819444444445,8,0,0
float32-round-even-staged,fx-tunnel,,0.12369791666666667,8,0.1300564236111111,4,0.10757378472222222,8,0,0
float32-round-even-staged,fx-vertical-open,,0.06675347222222222,0,0.060698784722222225,4,0.05559895833333333,0,0,0
float32-round-even-staged,fx-vhs,"0.3,0.9,1.5,2.1",4.585373263888889,17,4.598394097222222,13,4.601540798611111,17,0,0
float32-round-even-staged,fx-vhs-rewind,"0.3,0.9,1.5",6.374262152777778,17,6.4146484375,17,6.412087673611111,17,0,0
float32-round-even-staged,fx-vignette,"0.3,0.9,1.5,2.1",9.32341579861111,25,9.385590277777778,29,9.297330729166667,25,0,0
float32-round-even-staged,fx-white-flash,,0.08665364583333333,8,0.10171440972222222,4,0.0572265625,0,0,0
float32-round-even-staged,fx-zoom-intro,,0.144140625,8,0.13891059027777777,4,0.13289930555555557,8,0,0
float32-round-even-staged,fx-zoom-lens,,0.09401041666666667,8,0.08969184027777778,4,0.08821614583333333,8,0,0
float32-round-even-staged,fx-zoom-pulse,,0.14793836805555555,8,0.14466145833333333,4,0.13231336805555555,8,0,0
